14:15:33 [OK] PX4 connected udp:127.0.0.1:14540 SYS=1 COMP=1
14:15:33 [OK] Origin NED=(0.922254741191864, 0.6176279783248901, -0.435303270816803); Local-NED stream 10 Hz started
14:15:33.316367 [TRACE] timestamp=7259.289 mode=AUTO.LAND actual=(0.922,0.618,-0.435) actual_velocity=(-0.001,-0.001,0.001) final_target=(0.922,0.618,-0.435) command_position=(0.922,0.618,-0.435) command_velocity=(0.000,0.000,0.000)
14:15:33.420887 [TRACE] timestamp=7259.393 mode=AUTO.LAND actual=(0.922,0.618,-0.435) actual_velocity=(-0.001,-0.001,0.001) final_target=(0.922,0.618,-0.435) command_position=(0.922,0.618,-0.435) command_velocity=(0.000,0.000,0.000)
14:15:33.525756 [TRACE] timestamp=7259.498 mode=AUTO.LAND actual=(0.922,0.618,-0.435) actual_velocity=(-0.001,-0.000,0.001) final_target=(0.922,0.618,-0.435) command_position=(0.922,0.618,-0.435) command_velocity=(0.000,0.000,0.000)
14:15:33.633949 [TRACE] timestamp=7259.606 mode=AUTO.LAND actual=(0.922,0.618,-0.435) actual_velocity=(-0.001,-0.000,0.001) final_target=(0.922,0.618,-0.435) command_position=(0.922,0.618,-0.435) command_velocity=(0.000,0.000,0.000)
14:15:33.736895 [TRACE] timestamp=7259.709 mode=AUTO.LAND actual=(0.922,0.618,-0.435) actual_velocity=(-0.001,-0.000,0.001) final_target=(0.922,0.618,-0.435) command_position=(0.922,0.618,-0.435) command_velocity=(0.000,0.000,0.000)
14:15:33.840269 [TRACE] timestamp=7259.813 mode=AUTO.LAND actual=(0.922,0.618,-0.435) actual_velocity=(-0.001,-0.001,0.001) final_target=(0.922,0.618,-0.435) command_position=(0.922,0.618,-0.435) command_velocity=(0.000,0.000,0.000)
14:15:33.947185 [TRACE] timestamp=7259.919 mode=AUTO.LAND actual=(0.922,0.618,-0.435) actual_velocity=(-0.001,-0.000,0.001) final_target=(0.922,0.618,-0.435) command_position=(0.922,0.618,-0.435) command_velocity=(0.000,0.000,0.000)
14:15:34.050569 [TRACE] timestamp=7260.023 mode=AUTO.LAND actual=(0.922,0.618,-0.435) actual_velocity=(-0.001,-0.000,0.001) final_target=(0.922,0.618,-0.435) command_position=(0.922,0.618,-0.435) command_velocity=(0.000,0.000,0.000)
14:15:34.152111 [TRACE] timestamp=7260.125 mode=AUTO.LAND actual=(0.922,0.618,-0.435) actual_velocity=(-0.001,-0.000,0.001) final_target=(0.922,0.618,-0.435) command_position=(0.922,0.618,-0.435) command_velocity=(0.000,0.000,0.000)
14:15:34.255069 [TRACE] timestamp=7260.228 mode=AUTO.LAND actual=(0.922,0.618,-0.435) actual_velocity=(-0.001,-0.000,0.001) final_target=(0.922,0.618,-0.435) command_position=(0.922,0.618,-0.435) command_velocity=(0.000,0.000,0.000)
14:15:34.358578 [TRACE] timestamp=7260.331 mode=AUTO.LAND actual=(0.922,0.618,-0.435) actual_velocity=(-0.001,-0.000,0.001) final_target=(0.922,0.618,-0.435) command_position=(0.922,0.618,-0.435) command_velocity=(0.000,0.000,0.000)
14:15:34.458646 [TRACE] timestamp=7260.431 mode=AUTO.LAND actual=(0.922,0.618,-0.435) actual_velocity=(-0.001,-0.000,0.001) final_target=(0.922,0.618,-0.435) command_position=(0.922,0.618,-0.435) command_velocity=(0.000,0.000,0.000)
14:15:34.561507 [TRACE] timestamp=7260.534 mode=AUTO.LAND actual=(0.922,0.618,-0.435) actual_velocity=(-0.001,-0.000,0.001) final_target=(0.922,0.618,-0.435) command_position=(0.922,0.618,-0.435) command_velocity=(0.000,0.000,0.000)
14:15:34.664814 [TRACE] timestamp=7260.637 mode=AUTO.LAND actual=(0.922,0.618,-0.435) actual_velocity=(-0.001,-0.000,0.001) final_target=(0.922,0.618,-0.435) command_position=(0.922,0.618,-0.435) command_velocity=(0.000,0.000,0.000)
14:15:34.769140 [TRACE] timestamp=7260.742 mode=AUTO.LAND actual=(0.922,0.618,-0.435) actual_velocity=(-0.001,-0.000,0.001) final_target=(0.922,0.618,-0.435) command_position=(0.922,0.618,-0.435) command_velocity=(0.000,0.000,0.000)
14:15:34.869796 [TRACE] timestamp=7260.842 mode=AUTO.LAND actual=(0.922,0.618,-0.435) actual_velocity=(-0.000,-0.000,0.001) final_target=(0.922,0.618,-0.435) command_position=(0.922,0.618,-0.435) command_velocity=(0.000,0.000,0.000)
14:15:34.973435 [TRACE] timestamp=7260.946 mode=AUTO.LAND actual=(0.922,0.618,-0.435) actual_velocity=(-0.000,-0.000,0.001) final_target=(0.922,0.618,-0.435) command_position=(0.922,0.618,-0.435) command_velocity=(0.000,0.000,0.000)
14:15:35.077408 [TRACE] timestamp=7261.050 mode=AUTO.LAND actual=(0.922,0.618,-0.435) actual_velocity=(-0.000,-0.000,0.001) final_target=(0.922,0.618,-0.435) command_position=(0.922,0.618,-0.435) command_velocity=(0.000,0.000,0.000)
14:15:35.179784 [TRACE] timestamp=7261.152 mode=AUTO.LAND actual=(0.922,0.618,-0.435) actual_velocity=(-0.000,-0.000,0.001) final_target=(0.922,0.618,-0.435) command_position=(0.922,0.618,-0.435) command_velocity=(0.000,0.000,0.000)
14:15:35.283831 [TRACE] timestamp=7261.256 mode=AUTO.LAND actual=(0.922,0.618,-0.435) actual_velocity=(0.000,-0.000,0.001) final_target=(0.922,0.618,-0.435) command_position=(0.922,0.618,-0.435) command_velocity=(0.000,0.000,0.000)
14:15:35.387207 [TRACE] timestamp=7261.360 mode=AUTO.LAND actual=(0.922,0.618,-0.435) actual_velocity=(0.000,-0.000,0.001) final_target=(0.922,0.618,-0.435) command_position=(0.922,0.618,-0.435) command_velocity=(0.000,0.000,0.000)
14:15:35.490436 [TRACE] timestamp=7261.463 mode=AUTO.LAND actual=(0.922,0.618,-0.435) actual_velocity=(0.000,-0.000,0.001) final_target=(0.922,0.618,-0.435) command_position=(0.922,0.618,-0.435) command_velocity=(0.000,0.000,0.000)
14:15:35.591198 [TRACE] timestamp=7261.564 mode=AUTO.LAND actual=(0.923,0.618,-0.435) actual_velocity=(0.000,-0.000,0.001) final_target=(0.923,0.618,-0.435) command_position=(0.923,0.618,-0.435) command_velocity=(0.000,0.000,0.000)
14:15:35.696462 [TRACE] timestamp=7261.668 mode=AUTO.LAND actual=(0.923,0.618,-0.435) actual_velocity=(0.000,-0.000,0.001) final_target=(0.923,0.618,-0.435) command_position=(0.923,0.618,-0.435) command_velocity=(0.000,0.000,0.000)
14:15:35.797145 [TRACE] timestamp=7261.770 mode=AUTO.LAND actual=(0.923,0.618,-0.435) actual_velocity=(0.000,-0.000,0.001) final_target=(0.923,0.618,-0.435) command_position=(0.923,0.618,-0.435) command_velocity=(0.000,0.000,0.000)
14:15:35.899826 [TRACE] timestamp=7261.871 mode=AUTO.LAND actual=(0.923,0.618,-0.435) actual_velocity=(0.000,-0.000,0.001) final_target=(0.923,0.618,-0.435) command_position=(0.923,0.618,-0.435) command_velocity=(0.000,0.000,0.000)
14:15:36.002980 [TRACE] timestamp=7261.975 mode=AUTO.LAND actual=(0.923,0.618,-0.435) actual_velocity=(0.000,-0.000,0.001) final_target=(0.923,0.618,-0.435) command_position=(0.923,0.618,-0.435) command_velocity=(0.000,0.000,0.000)
14:15:36.104950 [TRACE] timestamp=7262.077 mode=AUTO.LAND actual=(0.923,0.618,-0.435) actual_velocity=(0.000,-0.000,0.001) final_target=(0.923,0.618,-0.435) command_position=(0.923,0.618,-0.435) command_velocity=(0.000,0.000,0.000)
14:15:36.211685 [TRACE] timestamp=7262.184 mode=AUTO.LAND actual=(0.923,0.618,-0.435) actual_velocity=(0.000,-0.000,0.001) final_target=(0.923,0.618,-0.435) command_position=(0.923,0.618,-0.435) command_velocity=(0.000,0.000,0.000)
14:15:36.316077 [TRACE] timestamp=7262.289 mode=AUTO.LAND actual=(0.923,0.618,-0.435) actual_velocity=(0.000,-0.000,0.001) final_target=(0.923,0.618,-0.435) command_position=(0.923,0.618,-0.435) command_velocity=(0.000,0.000,0.000)
14:15:36.419150 [TRACE] timestamp=7262.392 mode=AUTO.LAND actual=(0.923,0.618,-0.435) actual_velocity=(0.000,-0.000,0.001) final_target=(0.923,0.618,-0.435) command_position=(0.923,0.618,-0.435) command_velocity=(0.000,0.000,0.000)
14:15:36.523081 [TRACE] timestamp=7262.495 mode=AUTO.LAND actual=(0.923,0.618,-0.435) actual_velocity=(0.000,-0.000,0.001) final_target=(0.923,0.618,-0.435) command_position=(0.923,0.618,-0.435) command_velocity=(0.000,0.000,0.000)
14:15:36.623294 [TRACE] timestamp=7262.596 mode=AUTO.LAND actual=(0.923,0.618,-0.435) actual_velocity=(0.000,-0.001,0.001) final_target=(0.923,0.618,-0.435) command_position=(0.923,0.618,-0.435) command_velocity=(0.000,0.000,0.000)
14:15:36.723409 [TRACE] timestamp=7262.696 mode=AUTO.LAND actual=(0.923,0.618,-0.435) actual_velocity=(0.000,-0.000,0.001) final_target=(0.923,0.618,-0.435) command_position=(0.923,0.618,-0.435) command_velocity=(0.000,0.000,0.000)
14:15:36.826522 [TRACE] timestamp=7262.799 mode=AUTO.LAND actual=(0.923,0.618,-0.435) actual_velocity=(0.000,-0.000,0.001) final_target=(0.923,0.618,-0.435) command_position=(0.923,0.618,-0.435) command_velocity=(0.000,0.000,0.000)
14:15:36.930919 [TRACE] timestamp=7262.903 mode=AUTO.LAND actual=(0.923,0.618,-0.435) actual_velocity=(0.000,-0.000,0.001) final_target=(0.923,0.618,-0.435) command_position=(0.923,0.618,-0.435) command_velocity=(0.000,0.000,0.000)
14:15:37.031619 [TRACE] timestamp=7263.004 mode=AUTO.LAND actual=(0.923,0.618,-0.435) actual_velocity=(0.000,-0.000,0.001) final_target=(0.923,0.618,-0.435) command_position=(0.923,0.618,-0.435) command_velocity=(0.000,0.000,0.000)
14:15:37.131684 [TRACE] timestamp=7263.104 mode=AUTO.LAND actual=(0.923,0.618,-0.435) actual_velocity=(0.000,-0.000,0.001) final_target=(0.923,0.618,-0.435) command_position=(0.923,0.618,-0.435) command_velocity=(0.000,0.000,0.000)
14:15:37.236921 [TRACE] timestamp=7263.209 mode=AUTO.LAND actual=(0.923,0.618,-0.435) actual_velocity=(0.000,-0.000,0.001) final_target=(0.923,0.618,-0.435) command_position=(0.923,0.618,-0.435) command_velocity=(0.000,0.000,0.000)
14:15:37.338296 [TRACE] timestamp=7263.311 mode=AUTO.LAND actual=(0.923,0.618,-0.435) actual_velocity=(0.000,-0.000,0.001) final_target=(0.923,0.618,-0.435) command_position=(0.923,0.618,-0.435) command_velocity=(0.000,0.000,0.000)
14:15:37.441368 [TRACE] timestamp=7263.414 mode=AUTO.LAND actual=(0.923,0.618,-0.435) actual_velocity=(-0.000,-0.000,0.001) final_target=(0.923,0.618,-0.435) command_position=(0.923,0.618,-0.435) command_velocity=(0.000,0.000,0.000)
14:15:37.544794 [TRACE] timestamp=7263.517 mode=AUTO.LAND actual=(0.923,0.618,-0.435) actual_velocity=(-0.000,-0.000,0.001) final_target=(0.923,0.618,-0.435) command_position=(0.923,0.618,-0.435) command_velocity=(0.000,0.000,0.000)
14:15:37.649118 [TRACE] timestamp=7263.621 mode=AUTO.LAND actual=(0.923,0.618,-0.435) actual_velocity=(-0.000,-0.000,0.001) final_target=(0.923,0.618,-0.435) command_position=(0.923,0.618,-0.435) command_velocity=(0.000,0.000,0.000)
14:15:37.752350 [TRACE] timestamp=7263.725 mode=AUTO.LAND actual=(0.923,0.618,-0.435) actual_velocity=(-0.000,-0.000,0.001) final_target=(0.923,0.618,-0.435) command_position=(0.923,0.618,-0.435) command_velocity=(0.000,0.000,0.000)
14:15:37.855673 [TRACE] timestamp=7263.828 mode=AUTO.LAND actual=(0.923,0.618,-0.435) actual_velocity=(-0.000,-0.000,0.001) final_target=(0.923,0.618,-0.435) command_position=(0.923,0.618,-0.435) command_velocity=(0.000,0.000,0.000)
14:15:37.960451 [TRACE] timestamp=7263.933 mode=AUTO.LAND actual=(0.923,0.618,-0.435) actual_velocity=(-0.000,-0.000,0.001) final_target=(0.923,0.618,-0.435) command_position=(0.923,0.618,-0.435) command_velocity=(0.000,0.000,0.000)
14:15:38.064352 [TRACE] timestamp=7264.037 mode=OFFBOARD actual=(0.923,0.618,-0.435) actual_velocity=(-0.000,-0.000,0.001) final_target=(0.923,0.618,-0.435) command_position=(0.923,0.618,-0.435) command_velocity=(0.000,0.000,0.000)
14:15:38 [MODE] OFFBOARD entered; final target and command setpoint locked to current Local-NED
14:15:38.165298 [TRACE] timestamp=7264.138 mode=OFFBOARD actual=(0.923,0.618,-0.435) actual_velocity=(-0.000,0.000,0.001) final_target=(0.923,0.618,-0.435) command_position=(0.923,0.618,-0.435) command_velocity=(0.000,0.000,0.000)
14:15:38.269135 [TRACE] timestamp=7264.242 mode=OFFBOARD actual=(0.923,0.618,-0.435) actual_velocity=(-0.000,0.000,0.001) final_target=(0.923,0.618,-0.435) command_position=(0.923,0.618,-0.435) command_velocity=(0.000,0.000,0.000)
14:15:38.371176 [TRACE] timestamp=7264.343 mode=OFFBOARD actual=(0.923,0.618,-0.435) actual_velocity=(-0.000,0.000,0.001) final_target=(0.923,0.618,-0.435) command_position=(0.923,0.618,-0.435) command_velocity=(0.000,0.000,0.000)
14:15:38.474832 [TRACE] timestamp=7264.447 mode=OFFBOARD actual=(0.923,0.618,-0.435) actual_velocity=(-0.000,0.000,0.001) final_target=(0.923,0.618,-0.435) command_position=(0.923,0.618,-0.435) command_velocity=(0.000,0.000,0.000)
14:15:38.579999 [TRACE] timestamp=7264.552 mode=OFFBOARD actual=(0.923,0.618,-0.435) actual_velocity=(-0.000,0.000,0.001) final_target=(0.923,0.618,-0.435) command_position=(0.923,0.618,-0.435) command_velocity=(0.000,0.000,0.000)
14:15:38.683251 [TRACE] timestamp=7264.656 mode=OFFBOARD actual=(0.923,0.618,-0.435) actual_velocity=(-0.000,0.000,0.001) final_target=(0.923,0.618,-0.435) command_position=(0.923,0.618,-0.435) command_velocity=(0.000,0.000,0.000)
14:15:38.786474 [TRACE] timestamp=7264.759 mode=OFFBOARD actual=(0.923,0.618,-0.435) actual_velocity=(-0.000,0.000,0.001) final_target=(0.923,0.618,-0.435) command_position=(0.923,0.618,-0.435) command_velocity=(0.000,0.000,0.000)
14:15:38.887235 [TRACE] timestamp=7264.860 mode=OFFBOARD actual=(0.923,0.618,-0.435) actual_velocity=(-0.000,0.000,0.001) final_target=(0.923,0.618,-0.435) command_position=(0.923,0.618,-0.435) command_velocity=(0.000,0.000,0.000)
14:15:38.991949 [TRACE] timestamp=7264.964 mode=OFFBOARD actual=(0.923,0.618,-0.435) actual_velocity=(-0.000,0.000,0.001) final_target=(0.923,0.618,-0.435) command_position=(0.923,0.618,-0.435) command_velocity=(0.000,0.000,0.000)
14:15:39.095552 [TRACE] timestamp=7265.068 mode=OFFBOARD actual=(0.923,0.618,-0.435) actual_velocity=(-0.000,0.000,0.001) final_target=(0.923,0.618,-0.435) command_position=(0.923,0.618,-0.435) command_velocity=(0.000,0.000,0.000)
14:15:39.200533 [TRACE] timestamp=7265.173 mode=OFFBOARD actual=(0.923,0.618,-0.435) actual_velocity=(-0.000,-0.000,0.000) final_target=(0.923,0.618,-0.435) command_position=(0.923,0.618,-0.435) command_velocity=(0.000,0.000,0.000)
14:15:39.304059 [TRACE] timestamp=7265.276 mode=OFFBOARD actual=(0.923,0.618,-0.435) actual_velocity=(-0.000,-0.000,0.000) final_target=(0.923,0.618,-0.435) command_position=(0.923,0.618,-0.435) command_velocity=(0.000,0.000,0.000)
14:15:39.403923 [TRACE] timestamp=7265.376 mode=OFFBOARD actual=(0.923,0.618,-0.435) actual_velocity=(-0.000,-0.000,0.000) final_target=(0.923,0.618,-0.435) command_position=(0.923,0.618,-0.435) command_velocity=(0.000,0.000,0.000)
14:15:39.508311 [TRACE] timestamp=7265.481 mode=OFFBOARD actual=(0.923,0.618,-0.435) actual_velocity=(-0.000,-0.000,0.000) final_target=(0.923,0.618,-0.435) command_position=(0.923,0.618,-0.435) command_velocity=(0.000,0.000,0.000)
14:15:39.611635 [TRACE] timestamp=7265.584 mode=OFFBOARD actual=(0.923,0.618,-0.435) actual_velocity=(-0.000,-0.000,0.000) final_target=(0.923,0.618,-0.435) command_position=(0.923,0.618,-0.435) command_velocity=(0.000,0.000,0.000)
14:15:39.714538 [TRACE] timestamp=7265.687 mode=OFFBOARD actual=(0.923,0.618,-0.435) actual_velocity=(-0.000,-0.000,0.000) final_target=(0.923,0.618,-0.435) command_position=(0.923,0.618,-0.435) command_velocity=(0.000,0.000,0.000)
14:15:39.818945 [TRACE] timestamp=7265.791 mode=OFFBOARD actual=(0.923,0.618,-0.435) actual_velocity=(-0.000,-0.000,0.000) final_target=(0.923,0.618,-0.435) command_position=(0.923,0.618,-0.435) command_velocity=(0.000,0.000,0.000)
14:15:39.919681 [TRACE] timestamp=7265.892 mode=OFFBOARD actual=(0.923,0.618,-0.435) actual_velocity=(-0.000,-0.000,0.000) final_target=(0.923,0.618,-0.435) command_position=(0.923,0.618,-0.435) command_velocity=(0.000,0.000,0.000)
14:15:40.022552 [TRACE] timestamp=7265.995 mode=OFFBOARD actual=(0.923,0.618,-0.435) actual_velocity=(-0.000,-0.000,0.000) final_target=(0.923,0.618,-0.435) command_position=(0.923,0.618,-0.435) command_velocity=(0.000,0.000,0.000)
14:15:40.124707 [TRACE] timestamp=7266.097 mode=OFFBOARD actual=(0.923,0.618,-0.435) actual_velocity=(-0.000,-0.000,0.000) final_target=(0.923,0.618,-0.435) command_position=(0.923,0.618,-0.435) command_velocity=(0.000,0.000,0.000)
14:15:40.228835 [TRACE] timestamp=7266.201 mode=OFFBOARD actual=(0.923,0.618,-0.435) actual_velocity=(-0.000,-0.000,0.000) final_target=(0.923,0.618,-0.435) command_position=(0.923,0.618,-0.435) command_velocity=(0.000,0.000,0.000)
14:15:40 [INPUT] TAKEOFF pressed once
14:15:40 [TARGET] old final target: N=0.923 E=0.618 D=-0.435
14:15:40 [TARGET] new final target: N=0.923 E=0.618 D=-1.435
14:15:40.332753 [TRACE] timestamp=7266.305 mode=OFFBOARD actual=(0.923,0.618,-0.435) actual_velocity=(-0.000,-0.000,0.000) final_target=(0.923,0.618,-1.435) command_position=(0.923,0.618,-0.438) command_velocity=(0.000,0.000,-0.031)
14:15:40.436285 [TRACE] timestamp=7266.409 mode=OFFBOARD actual=(0.923,0.618,-0.435) actual_velocity=(-0.000,-0.000,0.000) final_target=(0.923,0.618,-1.435) command_position=(0.923,0.618,-0.445) command_velocity=(0.000,0.000,-0.062)
14:15:40.537601 [TRACE] timestamp=7266.510 mode=OFFBOARD actual=(0.923,0.618,-0.435) actual_velocity=(-0.000,0.000,0.000) final_target=(0.923,0.618,-1.435) command_position=(0.923,0.618,-0.454) command_velocity=(0.000,0.000,-0.093)
14:15:40.640810 [TRACE] timestamp=7266.613 mode=OFFBOARD actual=(0.923,0.618,-0.435) actual_velocity=(-0.000,0.000,0.000) final_target=(0.923,0.618,-1.435) command_position=(0.923,0.618,-0.467) command_velocity=(0.000,0.000,-0.124)
14:15:40.744621 [TRACE] timestamp=7266.717 mode=OFFBOARD actual=(0.923,0.618,-0.435) actual_velocity=(-0.000,0.000,0.000) final_target=(0.923,0.618,-1.435) command_position=(0.923,0.618,-0.483) command_velocity=(0.000,0.000,-0.155)
14:15:40.850909 [TRACE] timestamp=7266.823 mode=OFFBOARD actual=(0.923,0.618,-0.435) actual_velocity=(-0.000,0.000,0.000) final_target=(0.923,0.618,-1.435) command_position=(0.923,0.618,-0.503) command_velocity=(0.000,0.000,-0.187)
14:15:40.953911 [TRACE] timestamp=7266.926 mode=OFFBOARD actual=(0.923,0.618,-0.435) actual_velocity=(-0.000,0.000,0.000) final_target=(0.923,0.618,-1.435) command_position=(0.923,0.618,-0.525) command_velocity=(0.000,0.000,-0.218)
14:15:41.054116 [TRACE] timestamp=7267.027 mode=OFFBOARD actual=(0.923,0.618,-0.435) actual_velocity=(-0.000,0.000,0.000) final_target=(0.923,0.618,-1.435) command_position=(0.923,0.618,-0.550) command_velocity=(0.000,0.000,-0.248)
14:15:41.159271 [TRACE] timestamp=7267.132 mode=OFFBOARD actual=(0.923,0.618,-0.435) actual_velocity=(-0.000,-0.000,0.000) final_target=(0.923,0.618,-1.435) command_position=(0.923,0.618,-0.579) command_velocity=(0.000,0.000,-0.279)
14:15:41.263073 [TRACE] timestamp=7267.235 mode=OFFBOARD actual=(0.923,0.618,-0.435) actual_velocity=(-0.000,-0.000,0.000) final_target=(0.923,0.618,-1.435) command_position=(0.923,0.618,-0.610) command_velocity=(0.000,0.000,-0.300)
14:15:41.363138 [TRACE] timestamp=7267.336 mode=OFFBOARD actual=(0.923,0.618,-0.436) actual_velocity=(-0.000,-0.000,0.000) final_target=(0.923,0.618,-1.435) command_position=(0.923,0.618,-0.640) command_velocity=(0.000,0.000,-0.300)
14:15:41.464830 [TRACE] timestamp=7267.437 mode=OFFBOARD actual=(0.923,0.618,-0.436) actual_velocity=(-0.000,-0.000,0.000) final_target=(0.923,0.618,-1.435) command_position=(0.923,0.618,-0.671) command_velocity=(0.000,0.000,-0.300)
14:15:41.565832 [TRACE] timestamp=7267.538 mode=OFFBOARD actual=(0.923,0.618,-0.436) actual_velocity=(-0.000,-0.000,0.000) final_target=(0.923,0.618,-1.435) command_position=(0.923,0.618,-0.701) command_velocity=(0.000,0.000,-0.300)
14:15:41.666178 [TRACE] timestamp=7267.639 mode=OFFBOARD actual=(0.923,0.618,-0.436) actual_velocity=(-0.000,-0.000,0.000) final_target=(0.923,0.618,-1.435) command_position=(0.923,0.618,-0.731) command_velocity=(0.000,0.000,-0.300)
14:15:41.770611 [TRACE] timestamp=7267.743 mode=OFFBOARD actual=(0.923,0.618,-0.436) actual_velocity=(-0.000,0.000,0.000) final_target=(0.923,0.618,-1.435) command_position=(0.923,0.618,-0.763) command_velocity=(0.000,0.000,-0.300)
14:15:41.874683 [TRACE] timestamp=7267.847 mode=OFFBOARD actual=(0.923,0.618,-0.436) actual_velocity=(-0.000,0.000,0.000) final_target=(0.923,0.618,-1.435) command_position=(0.923,0.618,-0.794) command_velocity=(0.000,0.000,-0.300)
14:15:41.979601 [TRACE] timestamp=7267.952 mode=OFFBOARD actual=(0.923,0.618,-0.436) actual_velocity=(-0.000,0.000,0.000) final_target=(0.923,0.618,-1.435) command_position=(0.923,0.618,-0.825) command_velocity=(0.000,0.000,-0.300)
14:15:42.080147 [TRACE] timestamp=7268.053 mode=OFFBOARD actual=(0.923,0.618,-0.436) actual_velocity=(-0.000,0.000,0.000) final_target=(0.923,0.618,-1.435) command_position=(0.923,0.618,-0.856) command_velocity=(0.000,0.000,-0.300)
14:15:42.181185 [TRACE] timestamp=7268.154 mode=OFFBOARD actual=(0.923,0.618,-0.436) actual_velocity=(-0.000,-0.000,0.000) final_target=(0.923,0.618,-1.435) command_position=(0.923,0.618,-0.886) command_velocity=(0.000,0.000,-0.300)
14:15:42.282154 [TRACE] timestamp=7268.255 mode=OFFBOARD actual=(0.923,0.618,-0.436) actual_velocity=(-0.000,-0.000,0.000) final_target=(0.923,0.618,-1.435) command_position=(0.923,0.618,-0.916) command_velocity=(0.000,0.000,-0.300)
14:15:42.385162 [TRACE] timestamp=7268.358 mode=OFFBOARD actual=(0.923,0.618,-0.436) actual_velocity=(-0.000,-0.000,0.000) final_target=(0.923,0.618,-1.435) command_position=(0.923,0.618,-0.947) command_velocity=(0.000,0.000,-0.300)
14:15:42.488851 [TRACE] timestamp=7268.461 mode=OFFBOARD actual=(0.923,0.618,-0.436) actual_velocity=(-0.000,-0.000,0.000) final_target=(0.923,0.618,-1.435) command_position=(0.923,0.618,-0.978) command_velocity=(0.000,0.000,-0.300)
14:15:42.592997 [TRACE] timestamp=7268.565 mode=OFFBOARD actual=(0.923,0.618,-0.436) actual_velocity=(-0.000,-0.000,0.000) final_target=(0.923,0.618,-1.435) command_position=(0.923,0.618,-1.009) command_velocity=(0.000,0.000,-0.300)
14:15:42.697639 [TRACE] timestamp=7268.670 mode=OFFBOARD actual=(0.923,0.618,-0.436) actual_velocity=(-0.000,-0.000,0.000) final_target=(0.923,0.618,-1.435) command_position=(0.923,0.618,-1.041) command_velocity=(0.000,0.000,-0.300)
14:15:42.798857 [TRACE] timestamp=7268.771 mode=OFFBOARD actual=(0.923,0.618,-0.436) actual_velocity=(-0.000,-0.000,0.000) final_target=(0.923,0.618,-1.435) command_position=(0.923,0.618,-1.071) command_velocity=(0.000,0.000,-0.300)
14:15:42.901135 [TRACE] timestamp=7268.873 mode=OFFBOARD actual=(0.923,0.618,-0.436) actual_velocity=(-0.000,-0.000,0.000) final_target=(0.923,0.618,-1.435) command_position=(0.923,0.618,-1.102) command_velocity=(0.000,0.000,-0.300)
14:15:43.003883 [TRACE] timestamp=7268.976 mode=OFFBOARD actual=(0.923,0.618,-0.436) actual_velocity=(-0.000,-0.000,0.000) final_target=(0.923,0.618,-1.435) command_position=(0.923,0.618,-1.133) command_velocity=(0.000,0.000,-0.300)
14:15:43.108549 [TRACE] timestamp=7269.081 mode=OFFBOARD actual=(0.923,0.618,-0.436) actual_velocity=(-0.000,0.000,0.000) final_target=(0.923,0.618,-1.435) command_position=(0.923,0.618,-1.164) command_velocity=(0.000,0.000,-0.300)
14:15:43.211554 [TRACE] timestamp=7269.184 mode=OFFBOARD actual=(0.923,0.618,-0.436) actual_velocity=(-0.000,0.000,0.000) final_target=(0.923,0.618,-1.435) command_position=(0.923,0.618,-1.195) command_velocity=(0.000,0.000,-0.300)
14:15:43.312870 [TRACE] timestamp=7269.285 mode=OFFBOARD actual=(0.923,0.618,-0.436) actual_velocity=(-0.000,0.000,0.000) final_target=(0.923,0.618,-1.435) command_position=(0.923,0.618,-1.225) command_velocity=(0.000,0.000,-0.300)
14:15:43.413416 [TRACE] timestamp=7269.386 mode=OFFBOARD actual=(0.923,0.618,-0.436) actual_velocity=(-0.000,0.000,0.000) final_target=(0.923,0.618,-1.435) command_position=(0.923,0.618,-1.255) command_velocity=(0.000,0.000,-0.294)
14:15:43.518638 [TRACE] timestamp=7269.491 mode=OFFBOARD actual=(0.923,0.618,-0.436) actual_velocity=(-0.000,0.000,0.000) final_target=(0.923,0.618,-1.435) command_position=(0.923,0.618,-1.283) command_velocity=(0.000,0.000,-0.266)
14:15:43.620891 [TRACE] timestamp=7269.593 mode=OFFBOARD actual=(0.923,0.618,-0.438) actual_velocity=(-0.000,0.000,-0.001) final_target=(0.923,0.618,-1.435) command_position=(0.923,0.618,-1.308) command_velocity=(0.000,0.000,-0.241)
14:15:43.723046 [TRACE] timestamp=7269.695 mode=OFFBOARD actual=(0.923,0.618,-0.438) actual_velocity=(-0.000,0.000,-0.001) final_target=(0.923,0.618,-1.435) command_position=(0.923,0.618,-1.329) command_velocity=(0.000,0.000,-0.215)
14:15:43.825988 [TRACE] timestamp=7269.798 mode=OFFBOARD actual=(0.923,0.618,-0.444) actual_velocity=(-0.000,0.000,-0.007) final_target=(0.923,0.618,-1.435) command_position=(0.923,0.618,-1.349) command_velocity=(0.000,0.000,-0.190)
14:15:43.927770 [TRACE] timestamp=7269.900 mode=OFFBOARD actual=(0.923,0.618,-0.444) actual_velocity=(-0.000,0.000,-0.007) final_target=(0.923,0.618,-1.435) command_position=(0.923,0.618,-1.366) command_velocity=(0.000,0.000,-0.166)
14:15:44.031912 [TRACE] timestamp=7270.004 mode=OFFBOARD actual=(0.923,0.618,-0.449) actual_velocity=(-0.000,0.000,-0.010) final_target=(0.923,0.618,-1.435) command_position=(0.923,0.618,-1.381) command_velocity=(0.000,0.000,-0.141)
14:15:44.136024 [TRACE] timestamp=7270.108 mode=OFFBOARD actual=(0.923,0.618,-0.461) actual_velocity=(0.000,0.000,-0.019) final_target=(0.923,0.618,-1.435) command_position=(0.923,0.618,-1.393) command_velocity=(0.000,0.000,-0.118)
14:15:44.240292 [TRACE] timestamp=7270.213 mode=OFFBOARD actual=(0.923,0.618,-0.461) actual_velocity=(0.000,0.000,-0.019) final_target=(0.923,0.618,-1.435) command_position=(0.923,0.618,-1.403) command_velocity=(0.000,0.000,-0.096)
14:15:44.344859 [TRACE] timestamp=7270.317 mode=OFFBOARD actual=(0.923,0.618,-0.467) actual_velocity=(0.000,0.000,-0.023) final_target=(0.923,0.618,-1.435) command_position=(0.923,0.618,-1.411) command_velocity=(0.000,0.000,-0.076)
14:15:44.448102 [TRACE] timestamp=7270.420 mode=OFFBOARD actual=(0.923,0.618,-0.480) actual_velocity=(0.000,0.000,-0.032) final_target=(0.923,0.618,-1.435) command_position=(0.923,0.618,-1.417) command_velocity=(0.000,0.000,-0.058)
14:15:44.554306 [TRACE] timestamp=7270.527 mode=OFFBOARD actual=(0.923,0.618,-0.486) actual_velocity=(0.000,0.000,-0.036) final_target=(0.923,0.618,-1.435) command_position=(0.923,0.618,-1.421) command_velocity=(0.000,0.000,-0.040)
14:15:44.658730 [TRACE] timestamp=7270.631 mode=OFFBOARD actual=(0.923,0.618,-0.495) actual_velocity=(0.000,0.000,-0.041) final_target=(0.923,0.618,-1.435) command_position=(0.923,0.618,-1.435) command_velocity=(0.000,0.000,0.000)
14:15:44.761174 [TRACE] timestamp=7270.734 mode=OFFBOARD actual=(0.923,0.618,-0.502) actual_velocity=(0.000,0.000,-0.045) final_target=(0.923,0.618,-1.435) command_position=(0.923,0.618,-1.435) command_velocity=(0.000,0.000,0.000)
14:15:44.864496 [TRACE] timestamp=7270.837 mode=OFFBOARD actual=(0.923,0.618,-0.509) actual_velocity=(0.000,0.000,-0.049) final_target=(0.923,0.618,-1.435) command_position=(0.923,0.618,-1.435) command_velocity=(0.000,0.000,0.000)
14:15:44.965993 [TRACE] timestamp=7270.939 mode=OFFBOARD actual=(0.923,0.618,-0.515) actual_velocity=(0.000,0.000,-0.053) final_target=(0.923,0.618,-1.435) command_position=(0.923,0.618,-1.435) command_velocity=(0.000,0.000,0.000)
14:15:45.067406 [TRACE] timestamp=7271.040 mode=OFFBOARD actual=(0.923,0.618,-0.522) actual_velocity=(0.000,0.000,-0.057) final_target=(0.923,0.618,-1.435) command_position=(0.923,0.618,-1.435) command_velocity=(0.000,0.000,0.000)
14:15:45.172044 [TRACE] timestamp=7271.144 mode=OFFBOARD actual=(0.923,0.618,-0.529) actual_velocity=(0.000,0.000,-0.060) final_target=(0.923,0.618,-1.435) command_position=(0.923,0.618,-1.435) command_velocity=(0.000,0.000,0.000)
14:15:45.273956 [TRACE] timestamp=7271.246 mode=OFFBOARD actual=(0.923,0.618,-0.537) actual_velocity=(0.000,0.000,-0.064) final_target=(0.923,0.618,-1.435) command_position=(0.923,0.618,-1.435) command_velocity=(0.000,0.000,0.000)
14:15:45.377372 [TRACE] timestamp=7271.350 mode=OFFBOARD actual=(0.923,0.618,-0.544) actual_velocity=(0.000,0.000,-0.067) final_target=(0.923,0.618,-1.435) command_position=(0.923,0.618,-1.435) command_velocity=(0.000,0.000,0.000)
14:15:45.478706 [TRACE] timestamp=7271.451 mode=OFFBOARD actual=(0.923,0.618,-0.550) actual_velocity=(0.000,0.000,-0.070) final_target=(0.923,0.618,-1.435) command_position=(0.923,0.618,-1.435) command_velocity=(0.000,0.000,0.000)
14:15:45.581108 [TRACE] timestamp=7271.554 mode=OFFBOARD actual=(0.923,0.618,-0.556) actual_velocity=(0.000,0.000,-0.072) final_target=(0.923,0.618,-1.435) command_position=(0.923,0.618,-1.435) command_velocity=(0.000,0.000,0.000)
14:15:45.683439 [TRACE] timestamp=7271.656 mode=OFFBOARD actual=(0.923,0.618,-0.562) actual_velocity=(0.000,0.000,-0.074) final_target=(0.923,0.618,-1.435) command_position=(0.923,0.618,-1.435) command_velocity=(0.000,0.000,0.000)
14:15:45.786718 [TRACE] timestamp=7271.759 mode=OFFBOARD actual=(0.923,0.618,-0.567) actual_velocity=(0.000,0.000,-0.076) final_target=(0.923,0.618,-1.435) command_position=(0.923,0.618,-1.435) command_velocity=(0.000,0.000,0.000)
14:15:45.887988 [TRACE] timestamp=7271.860 mode=OFFBOARD actual=(0.923,0.618,-0.574) actual_velocity=(0.001,0.001,-0.079) final_target=(0.923,0.618,-1.435) command_position=(0.923,0.618,-1.435) command_velocity=(0.000,0.000,0.000)
14:15:45.991298 [TRACE] timestamp=7271.964 mode=OFFBOARD actual=(0.923,0.618,-0.579) actual_velocity=(0.000,0.001,-0.080) final_target=(0.923,0.618,-1.435) command_position=(0.923,0.618,-1.435) command_velocity=(0.000,0.000,0.000)
14:15:46.091744 [TRACE] timestamp=7272.064 mode=OFFBOARD actual=(0.923,0.618,-0.584) actual_velocity=(0.000,0.001,-0.081) final_target=(0.923,0.618,-1.435) command_position=(0.923,0.618,-1.435) command_velocity=(0.000,0.000,0.000)
14:15:46.194315 [TRACE] timestamp=7272.167 mode=OFFBOARD actual=(0.923,0.618,-0.589) actual_velocity=(0.001,0.001,-0.083) final_target=(0.923,0.618,-1.435) command_position=(0.923,0.618,-1.435) command_velocity=(0.000,0.000,0.000)
14:15:46.296496 [TRACE] timestamp=7272.269 mode=OFFBOARD actual=(0.923,0.618,-0.593) actual_velocity=(0.001,0.001,-0.084) final_target=(0.923,0.618,-1.435) command_position=(0.923,0.618,-1.435) command_velocity=(0.000,0.000,0.000)
14:15:46.398254 [TRACE] timestamp=7272.371 mode=OFFBOARD actual=(0.923,0.618,-0.597) actual_velocity=(0.001,0.001,-0.084) final_target=(0.923,0.618,-1.435) command_position=(0.923,0.618,-1.435) command_velocity=(0.000,0.000,0.000)
14:15:46.499829 [TRACE] timestamp=7272.472 mode=OFFBOARD actual=(0.923,0.618,-0.602) actual_velocity=(0.001,0.001,-0.085) final_target=(0.923,0.618,-1.435) command_position=(0.923,0.618,-1.435) command_velocity=(0.000,0.000,0.000)
14:15:46.603071 [TRACE] timestamp=7272.576 mode=OFFBOARD actual=(0.923,0.618,-0.605) actual_velocity=(0.001,0.000,-0.085) final_target=(0.923,0.618,-1.435) command_position=(0.923,0.618,-1.435) command_velocity=(0.000,0.000,0.000)
14:15:46.705867 [TRACE] timestamp=7272.678 mode=OFFBOARD actual=(0.923,0.618,-0.609) actual_velocity=(0.001,0.000,-0.085) final_target=(0.923,0.618,-1.435) command_position=(0.923,0.618,-1.435) command_velocity=(0.000,0.000,0.000)
14:15:46.808530 [TRACE] timestamp=7272.780 mode=OFFBOARD actual=(0.923,0.618,-0.612) actual_velocity=(0.001,0.001,-0.085) final_target=(0.923,0.618,-1.435) command_position=(0.923,0.618,-1.435) command_velocity=(0.000,0.000,0.000)
14:15:46.909668 [TRACE] timestamp=7272.882 mode=OFFBOARD actual=(0.923,0.618,-0.615) actual_velocity=(0.001,0.001,-0.085) final_target=(0.923,0.618,-1.435) command_position=(0.923,0.618,-1.435) command_velocity=(0.000,0.000,0.000)
14:15:47.012450 [TRACE] timestamp=7272.985 mode=OFFBOARD actual=(0.923,0.618,-0.617) actual_velocity=(0.001,0.001,-0.084) final_target=(0.923,0.618,-1.435) command_position=(0.923,0.618,-1.435) command_velocity=(0.000,0.000,0.000)
14:15:47.116630 [TRACE] timestamp=7273.089 mode=OFFBOARD actual=(0.923,0.618,-0.620) actual_velocity=(0.001,0.001,-0.084) final_target=(0.923,0.618,-1.435) command_position=(0.923,0.618,-1.435) command_velocity=(0.000,0.000,0.000)
14:15:47.217781 [TRACE] timestamp=7273.190 mode=OFFBOARD actual=(0.923,0.618,-0.622) actual_velocity=(0.001,0.001,-0.083) final_target=(0.923,0.618,-1.435) command_position=(0.923,0.618,-1.435) command_velocity=(0.000,0.000,0.000)
14:15:47.321391 [TRACE] timestamp=7273.294 mode=OFFBOARD actual=(0.923,0.618,-0.624) actual_velocity=(0.001,0.001,-0.082) final_target=(0.923,0.618,-1.435) command_position=(0.923,0.618,-1.435) command_velocity=(0.000,0.000,0.000)
14:15:47.425178 [TRACE] timestamp=7273.398 mode=OFFBOARD actual=(0.923,0.618,-0.626) actual_velocity=(0.001,0.001,-0.081) final_target=(0.923,0.618,-1.435) command_position=(0.923,0.618,-1.435) command_velocity=(0.000,0.000,0.000)
14:15:47.527529 [TRACE] timestamp=7273.500 mode=OFFBOARD actual=(0.923,0.618,-0.627) actual_velocity=(0.001,0.001,-0.080) final_target=(0.923,0.618,-1.435) command_position=(0.923,0.618,-1.435) command_velocity=(0.000,0.000,0.000)
14:15:47.630365 [TRACE] timestamp=7273.603 mode=OFFBOARD actual=(0.923,0.618,-0.628) actual_velocity=(0.001,0.001,-0.079) final_target=(0.923,0.618,-1.435) command_position=(0.923,0.618,-1.435) command_velocity=(0.000,0.000,0.000)
14:15:47.732843 [TRACE] timestamp=7273.705 mode=OFFBOARD actual=(0.923,0.618,-0.629) actual_velocity=(0.001,0.001,-0.077) final_target=(0.923,0.618,-1.435) command_position=(0.923,0.618,-1.435) command_velocity=(0.000,0.000,0.000)
14:15:47.835089 [TRACE] timestamp=7273.808 mode=OFFBOARD actual=(0.923,0.618,-0.630) actual_velocity=(0.001,0.001,-0.075) final_target=(0.923,0.618,-1.435) command_position=(0.923,0.618,-1.435) command_velocity=(0.000,0.000,0.000)
14:15:47.935423 [TRACE] timestamp=7273.908 mode=OFFBOARD actual=(0.923,0.618,-0.631) actual_velocity=(0.001,0.000,-0.074) final_target=(0.923,0.618,-1.435) command_position=(0.923,0.618,-1.435) command_velocity=(0.000,0.000,0.000)
14:15:48.043719 [TRACE] timestamp=7274.016 mode=OFFBOARD actual=(0.923,0.618,-0.631) actual_velocity=(0.001,0.001,-0.072) final_target=(0.923,0.618,-1.435) command_position=(0.923,0.618,-1.435) command_velocity=(0.000,0.000,0.000)
14:15:48.148371 [TRACE] timestamp=7274.121 mode=OFFBOARD actual=(0.923,0.618,-0.631) actual_velocity=(0.001,0.000,-0.071) final_target=(0.923,0.618,-1.435) command_position=(0.923,0.618,-1.435) command_velocity=(0.000,0.000,0.000)
14:15:48.252295 [TRACE] timestamp=7274.225 mode=OFFBOARD actual=(0.923,0.618,-0.631) actual_velocity=(0.001,0.001,-0.069) final_target=(0.923,0.618,-1.435) command_position=(0.923,0.618,-1.435) command_velocity=(0.000,0.000,0.000)
14:15:48.354477 [TRACE] timestamp=7274.327 mode=OFFBOARD actual=(0.923,0.618,-0.631) actual_velocity=(0.001,0.001,-0.067) final_target=(0.923,0.618,-1.435) command_position=(0.923,0.618,-1.435) command_velocity=(0.000,0.000,0.000)
14:15:48.455052 [TRACE] timestamp=7274.428 mode=OFFBOARD actual=(0.923,0.618,-0.631) actual_velocity=(0.001,0.001,-0.065) final_target=(0.923,0.618,-1.435) command_position=(0.923,0.618,-1.435) command_velocity=(0.000,0.000,0.000)
14:15:48.557907 [TRACE] timestamp=7274.530 mode=OFFBOARD actual=(0.923,0.618,-0.631) actual_velocity=(0.001,0.000,-0.063) final_target=(0.923,0.618,-1.435) command_position=(0.923,0.618,-1.435) command_velocity=(0.000,0.000,0.000)
14:15:48.662395 [TRACE] timestamp=7274.635 mode=OFFBOARD actual=(0.923,0.619,-0.630) actual_velocity=(0.001,0.001,-0.062) final_target=(0.923,0.618,-1.435) command_position=(0.923,0.618,-1.435) command_velocity=(0.000,0.000,0.000)
14:15:48.765988 [TRACE] timestamp=7274.738 mode=OFFBOARD actual=(0.924,0.619,-0.630) actual_velocity=(0.002,0.001,-0.060) final_target=(0.923,0.618,-1.435) command_position=(0.923,0.618,-1.435) command_velocity=(0.000,0.000,0.000)
14:15:48.868882 [TRACE] timestamp=7274.841 mode=OFFBOARD actual=(0.924,0.619,-0.629) actual_velocity=(0.002,0.001,-0.058) final_target=(0.923,0.618,-1.435) command_position=(0.923,0.618,-1.435) command_velocity=(0.000,0.000,0.000)
14:15:48.973822 [TRACE] timestamp=7274.946 mode=OFFBOARD actual=(0.924,0.619,-0.628) actual_velocity=(0.002,0.001,-0.055) final_target=(0.923,0.618,-1.435) command_position=(0.923,0.618,-1.435) command_velocity=(0.000,0.000,0.000)
14:15:49.075970 [TRACE] timestamp=7275.048 mode=OFFBOARD actual=(0.924,0.619,-0.627) actual_velocity=(0.002,0.001,-0.054) final_target=(0.923,0.618,-1.435) command_position=(0.923,0.618,-1.435) command_velocity=(0.000,0.000,0.000)
14:15:49.177003 [TRACE] timestamp=7275.149 mode=OFFBOARD actual=(0.924,0.619,-0.626) actual_velocity=(0.002,0.001,-0.052) final_target=(0.923,0.618,-1.435) command_position=(0.923,0.618,-1.435) command_velocity=(0.000,0.000,0.000)
14:15:49.277731 [TRACE] timestamp=7275.250 mode=OFFBOARD actual=(0.924,0.619,-0.625) actual_velocity=(0.002,0.001,-0.050) final_target=(0.923,0.618,-1.435) command_position=(0.923,0.618,-1.435) command_velocity=(0.000,0.000,0.000)
14:15:49.381218 [TRACE] timestamp=7275.353 mode=OFFBOARD actual=(0.924,0.619,-0.624) actual_velocity=(0.002,0.001,-0.048) final_target=(0.923,0.618,-1.435) command_position=(0.923,0.618,-1.435) command_velocity=(0.000,0.000,0.000)
14:15:49.485551 [TRACE] timestamp=7275.458 mode=OFFBOARD actual=(0.924,0.619,-0.623) actual_velocity=(0.002,0.001,-0.046) final_target=(0.923,0.618,-1.435) command_position=(0.923,0.618,-1.435) command_velocity=(0.000,0.000,0.000)
14:15:49.587104 [TRACE] timestamp=7275.559 mode=OFFBOARD actual=(0.924,0.619,-0.621) actual_velocity=(0.002,0.001,-0.044) final_target=(0.923,0.618,-1.435) command_position=(0.923,0.618,-1.435) command_velocity=(0.000,0.000,0.000)
14:15:49.690197 [TRACE] timestamp=7275.663 mode=OFFBOARD actual=(0.924,0.619,-0.620) actual_velocity=(0.002,0.001,-0.042) final_target=(0.923,0.618,-1.435) command_position=(0.923,0.618,-1.435) command_velocity=(0.000,0.000,0.000)
14:15:49.792451 [TRACE] timestamp=7275.765 mode=OFFBOARD actual=(0.924,0.619,-0.619) actual_velocity=(0.000,-0.000,-0.040) final_target=(0.923,0.618,-1.435) command_position=(0.923,0.618,-1.435) command_velocity=(0.000,0.000,0.000)
14:15:49.892766 [TRACE] timestamp=7275.865 mode=OFFBOARD actual=(0.924,0.619,-0.618) actual_velocity=(0.001,0.000,-0.039) final_target=(0.923,0.618,-1.435) command_position=(0.923,0.618,-1.435) command_velocity=(0.000,0.000,0.000)
14:15:49.995622 [TRACE] timestamp=7275.968 mode=OFFBOARD actual=(0.924,0.619,-0.616) actual_velocity=(0.001,0.000,-0.037) final_target=(0.923,0.618,-1.435) command_position=(0.923,0.618,-1.435) command_velocity=(0.000,0.000,0.000)
14:15:50.097618 [TRACE] timestamp=7276.070 mode=OFFBOARD actual=(0.924,0.619,-0.615) actual_velocity=(0.001,0.000,-0.035) final_target=(0.923,0.618,-1.435) command_position=(0.923,0.618,-1.435) command_velocity=(0.000,0.000,0.000)
14:15:50.199361 [TRACE] timestamp=7276.172 mode=OFFBOARD actual=(0.924,0.619,-0.613) actual_velocity=(0.001,-0.000,-0.033) final_target=(0.923,0.618,-1.435) command_position=(0.923,0.618,-1.435) command_velocity=(0.000,0.000,0.000)
14:15:50.302566 [TRACE] timestamp=7276.275 mode=OFFBOARD actual=(0.924,0.619,-0.612) actual_velocity=(0.001,-0.000,-0.031) final_target=(0.923,0.618,-1.435) command_position=(0.923,0.618,-1.435) command_velocity=(0.000,0.000,0.000)
14:15:50.406241 [TRACE] timestamp=7276.379 mode=OFFBOARD actual=(0.924,0.619,-0.610) actual_velocity=(0.001,-0.000,-0.030) final_target=(0.923,0.618,-1.435) command_position=(0.923,0.618,-1.435) command_velocity=(0.000,0.000,0.000)
14:15:50.508326 [TRACE] timestamp=7276.481 mode=OFFBOARD actual=(0.924,0.619,-0.609) actual_velocity=(0.001,-0.000,-0.028) final_target=(0.923,0.618,-1.435) command_position=(0.923,0.618,-1.435) command_velocity=(0.000,0.000,0.000)
14:15:50.611132 [TRACE] timestamp=7276.584 mode=OFFBOARD actual=(0.924,0.619,-0.607) actual_velocity=(0.001,0.001,-0.027) final_target=(0.923,0.618,-1.435) command_position=(0.923,0.618,-1.435) command_velocity=(0.000,0.000,0.000)
14:15:50.711644 [TRACE] timestamp=7276.684 mode=OFFBOARD actual=(0.924,0.619,-0.606) actual_velocity=(0.001,0.001,-0.027) final_target=(0.923,0.618,-1.435) command_position=(0.923,0.618,-1.435) command_velocity=(0.000,0.000,0.000)
14:15:50.814633 [TRACE] timestamp=7276.787 mode=OFFBOARD actual=(0.924,0.619,-0.605) actual_velocity=(0.000,0.001,-0.031) final_target=(0.923,0.618,-1.435) command_position=(0.923,0.618,-1.435) command_velocity=(0.000,0.000,0.000)
14:15:50.918290 [TRACE] timestamp=7276.891 mode=OFFBOARD actual=(0.924,0.619,-0.603) actual_velocity=(0.000,0.002,-0.036) final_target=(0.923,0.618,-1.435) command_position=(0.923,0.618,-1.435) command_velocity=(0.000,0.000,0.000)
14:15:51.022929 [TRACE] timestamp=7276.995 mode=OFFBOARD actual=(0.924,0.619,-0.603) actual_velocity=(0.000,0.002,-0.042) final_target=(0.923,0.618,-1.435) command_position=(0.923,0.618,-1.435) command_velocity=(0.000,0.000,0.000)
14:15:51.122816 [TRACE] timestamp=7277.095 mode=OFFBOARD actual=(0.924,0.619,-0.602) actual_velocity=(-0.000,0.003,-0.050) final_target=(0.923,0.618,-1.435) command_position=(0.923,0.618,-1.435) command_velocity=(0.000,0.000,0.000)
14:15:51.226526 [TRACE] timestamp=7277.199 mode=OFFBOARD actual=(0.924,0.619,-0.602) actual_velocity=(-0.001,0.004,-0.059) final_target=(0.923,0.618,-1.435) command_position=(0.923,0.618,-1.435) command_velocity=(0.000,0.000,0.000)
14:15:51.331436 [TRACE] timestamp=7277.304 mode=OFFBOARD actual=(0.924,0.619,-0.602) actual_velocity=(-0.001,0.005,-0.069) final_target=(0.923,0.618,-1.435) command_position=(0.923,0.618,-1.435) command_velocity=(0.000,0.000,0.000)
14:15:51.435989 [TRACE] timestamp=7277.408 mode=OFFBOARD actual=(0.924,0.620,-0.603) actual_velocity=(-0.002,0.006,-0.082) final_target=(0.923,0.618,-1.435) command_position=(0.923,0.618,-1.435) command_velocity=(0.000,0.000,0.000)
14:15:51.538212 [TRACE] timestamp=7277.511 mode=OFFBOARD actual=(0.924,0.620,-0.604) actual_velocity=(-0.003,0.007,-0.092) final_target=(0.923,0.618,-1.435) command_position=(0.923,0.618,-1.435) command_velocity=(0.000,0.000,0.000)
14:15:51.642207 [TRACE] timestamp=7277.615 mode=OFFBOARD actual=(0.923,0.620,-0.605) actual_velocity=(-0.004,0.008,-0.103) final_target=(0.923,0.618,-1.435) command_position=(0.923,0.618,-1.435) command_velocity=(0.000,0.000,0.000)
14:15:51.744009 [TRACE] timestamp=7277.716 mode=OFFBOARD actual=(0.923,0.620,-0.607) actual_velocity=(-0.005,0.009,-0.114) final_target=(0.923,0.618,-1.435) command_position=(0.923,0.618,-1.435) command_velocity=(0.000,0.000,0.000)
14:15:51.848415 [TRACE] timestamp=7277.821 mode=OFFBOARD actual=(0.923,0.621,-0.609) actual_velocity=(-0.005,0.010,-0.125) final_target=(0.923,0.618,-1.435) command_position=(0.923,0.618,-1.435) command_velocity=(0.000,0.000,0.000)
14:15:51.951322 [TRACE] timestamp=7277.924 mode=OFFBOARD actual=(0.923,0.621,-0.612) actual_velocity=(-0.006,0.010,-0.135) final_target=(0.923,0.618,-1.435) command_position=(0.923,0.618,-1.435) command_velocity=(0.000,0.000,0.000)
14:15:52.055129 [TRACE] timestamp=7278.027 mode=OFFBOARD actual=(0.923,0.621,-0.616) actual_velocity=(-0.007,0.011,-0.148) final_target=(0.923,0.618,-1.435) command_position=(0.923,0.618,-1.435) command_velocity=(0.000,0.000,0.000)
14:15:52.155179 [TRACE] timestamp=7278.128 mode=OFFBOARD actual=(0.922,0.621,-0.619) actual_velocity=(-0.007,0.011,-0.158) final_target=(0.923,0.618,-1.435) command_position=(0.923,0.618,-1.435) command_velocity=(0.000,0.000,0.000)
14:15:52.259534 [TRACE] timestamp=7278.232 mode=OFFBOARD actual=(0.922,0.622,-0.623) actual_velocity=(-0.007,0.011,-0.168) final_target=(0.923,0.618,-1.435) command_position=(0.923,0.618,-1.435) command_velocity=(0.000,0.000,0.000)
14:15:52.362179 [TRACE] timestamp=7278.335 mode=OFFBOARD actual=(0.922,0.622,-0.627) actual_velocity=(-0.007,0.011,-0.177) final_target=(0.923,0.618,-1.435) command_position=(0.923,0.618,-1.435) command_velocity=(0.000,0.000,0.000)
14:15:52.466240 [TRACE] timestamp=7278.439 mode=OFFBOARD actual=(0.922,0.622,-0.632) actual_velocity=(-0.007,0.010,-0.185) final_target=(0.923,0.618,-1.435) command_position=(0.923,0.618,-1.435) command_velocity=(0.000,0.000,0.000)
14:15:52.568125 [TRACE] timestamp=7278.541 mode=OFFBOARD actual=(0.922,0.622,-0.637) actual_velocity=(-0.007,0.010,-0.193) final_target=(0.923,0.618,-1.435) command_position=(0.923,0.618,-1.435) command_velocity=(0.000,0.000,0.000)
14:15:52.669442 [TRACE] timestamp=7278.642 mode=OFFBOARD actual=(0.922,0.622,-0.643) actual_velocity=(-0.007,0.009,-0.202) final_target=(0.923,0.618,-1.435) command_position=(0.923,0.618,-1.435) command_velocity=(0.000,0.000,0.000)
14:15:52.771821 [TRACE] timestamp=7278.744 mode=OFFBOARD actual=(0.921,0.622,-0.649) actual_velocity=(-0.006,0.009,-0.209) final_target=(0.923,0.618,-1.435) command_position=(0.923,0.618,-1.435) command_velocity=(0.000,0.000,0.000)
14:15:52.874780 [TRACE] timestamp=7278.847 mode=OFFBOARD actual=(0.921,0.622,-0.655) actual_velocity=(-0.006,0.008,-0.216) final_target=(0.923,0.618,-1.435) command_position=(0.923,0.618,-1.435) command_velocity=(0.000,0.000,0.000)
14:15:52.977100 [TRACE] timestamp=7278.950 mode=OFFBOARD actual=(0.921,0.622,-0.661) actual_velocity=(-0.005,0.007,-0.222) final_target=(0.923,0.618,-1.435) command_position=(0.923,0.618,-1.435) command_velocity=(0.000,0.000,0.000)
14:15:53.077600 [TRACE] timestamp=7279.050 mode=OFFBOARD actual=(0.921,0.622,-0.667) actual_velocity=(-0.005,0.007,-0.228) final_target=(0.923,0.618,-1.435) command_position=(0.923,0.618,-1.435) command_velocity=(0.000,0.000,0.000)
14:15:53.178254 [TRACE] timestamp=7279.151 mode=OFFBOARD actual=(0.921,0.622,-0.673) actual_velocity=(-0.004,0.006,-0.232) final_target=(0.923,0.618,-1.435) command_position=(0.923,0.618,-1.435) command_velocity=(0.000,0.000,0.000)
14:15:53.281814 [TRACE] timestamp=7279.254 mode=OFFBOARD actual=(0.921,0.622,-0.682) actual_velocity=(-0.004,0.005,-0.238) final_target=(0.923,0.618,-1.435) command_position=(0.923,0.618,-1.435) command_velocity=(0.000,0.000,0.000)
14:15:53.385721 [TRACE] timestamp=7279.358 mode=OFFBOARD actual=(0.922,0.622,-0.689) actual_velocity=(-0.003,0.004,-0.242) final_target=(0.923,0.618,-1.435) command_position=(0.923,0.618,-1.435) command_velocity=(0.000,0.000,0.000)
14:15:53.488509 [TRACE] timestamp=7279.461 mode=OFFBOARD actual=(0.922,0.622,-0.696) actual_velocity=(-0.003,0.004,-0.246) final_target=(0.923,0.618,-1.435) command_position=(0.923,0.618,-1.435) command_velocity=(0.000,0.000,0.000)
14:15:53.590803 [TRACE] timestamp=7279.563 mode=OFFBOARD actual=(0.922,0.622,-0.703) actual_velocity=(-0.002,0.004,-0.249) final_target=(0.923,0.618,-1.435) command_position=(0.923,0.618,-1.435) command_velocity=(0.000,0.000,0.000)
14:15:53.691066 [TRACE] timestamp=7279.663 mode=OFFBOARD actual=(0.922,0.621,-0.710) actual_velocity=(-0.002,0.003,-0.252) final_target=(0.923,0.618,-1.435) command_position=(0.923,0.618,-1.435) command_velocity=(0.000,0.000,0.000)
14:15:53.794167 [TRACE] timestamp=7279.767 mode=OFFBOARD actual=(0.922,0.621,-0.718) actual_velocity=(-0.001,0.002,-0.254) final_target=(0.923,0.618,-1.435) command_position=(0.923,0.618,-1.435) command_velocity=(0.000,0.000,0.000)
14:15:53.897229 [TRACE] timestamp=7279.870 mode=OFFBOARD actual=(0.922,0.621,-0.727) actual_velocity=(-0.001,0.002,-0.256) final_target=(0.923,0.618,-1.435) command_position=(0.923,0.618,-1.435) command_velocity=(0.000,0.000,0.000)
14:15:53.999265 [TRACE] timestamp=7279.972 mode=OFFBOARD actual=(0.922,0.621,-0.735) actual_velocity=(-0.001,0.002,-0.257) final_target=(0.923,0.618,-1.435) command_position=(0.923,0.618,-1.435) command_velocity=(0.000,0.000,0.000)
14:15:54.103294 [TRACE] timestamp=7280.076 mode=OFFBOARD actual=(0.922,0.621,-0.742) actual_velocity=(-0.001,0.002,-0.259) final_target=(0.923,0.618,-1.435) command_position=(0.923,0.618,-1.435) command_velocity=(0.000,0.000,0.000)
14:15:54.205748 [TRACE] timestamp=7280.178 mode=OFFBOARD actual=(0.922,0.621,-0.758) actual_velocity=(-0.003,0.002,-0.260) final_target=(0.923,0.618,-1.435) command_position=(0.923,0.618,-1.435) command_velocity=(0.000,0.000,0.000)
14:15:54.306021 [TRACE] timestamp=7280.278 mode=OFFBOARD actual=(0.922,0.621,-0.758) actual_velocity=(-0.003,0.002,-0.260) final_target=(0.923,0.618,-1.435) command_position=(0.923,0.618,-1.435) command_velocity=(0.000,0.000,0.000)
14:15:54.406529 [TRACE] timestamp=7280.379 mode=OFFBOARD actual=(0.922,0.621,-0.766) actual_velocity=(-0.004,0.002,-0.260) final_target=(0.923,0.618,-1.435) command_position=(0.923,0.618,-1.435) command_velocity=(0.000,0.000,0.000)
14:15:54.511017 [TRACE] timestamp=7280.483 mode=OFFBOARD actual=(0.920,0.621,-0.776) actual_velocity=(-0.008,0.004,-0.260) final_target=(0.923,0.618,-1.435) command_position=(0.923,0.618,-1.435) command_velocity=(0.000,0.000,0.000)
14:15:54.615038 [TRACE] timestamp=7280.587 mode=OFFBOARD actual=(0.918,0.622,-0.784) actual_velocity=(-0.015,0.007,-0.260) final_target=(0.923,0.618,-1.435) command_position=(0.923,0.618,-1.435) command_velocity=(0.000,0.000,0.000)
14:15:54.719583 [TRACE] timestamp=7280.692 mode=OFFBOARD actual=(0.915,0.623,-0.791) actual_velocity=(-0.022,0.010,-0.259) final_target=(0.923,0.618,-1.435) command_position=(0.923,0.618,-1.435) command_velocity=(0.000,0.000,0.000)
14:15:54.819789 [TRACE] timestamp=7280.792 mode=OFFBOARD actual=(0.907,0.628,-0.805) actual_velocity=(-0.039,0.021,-0.257) final_target=(0.923,0.618,-1.435) command_position=(0.923,0.618,-1.435) command_velocity=(0.000,0.000,0.000)
14:15:54.922002 [TRACE] timestamp=7280.894 mode=OFFBOARD actual=(0.907,0.628,-0.805) actual_velocity=(-0.039,0.021,-0.257) final_target=(0.923,0.618,-1.435) command_position=(0.923,0.618,-1.435) command_velocity=(0.000,0.000,0.000)
14:15:55.024304 [TRACE] timestamp=7280.997 mode=OFFBOARD actual=(0.903,0.631,-0.812) actual_velocity=(-0.048,0.029,-0.255) final_target=(0.923,0.618,-1.435) command_position=(0.923,0.618,-1.435) command_velocity=(0.000,0.000,0.000)
14:15:55.128990 [TRACE] timestamp=7281.101 mode=OFFBOARD actual=(0.896,0.635,-0.821) actual_velocity=(-0.058,0.036,-0.254) final_target=(0.923,0.618,-1.435) command_position=(0.923,0.618,-1.435) command_velocity=(0.000,0.000,0.000)
14:15:55.231682 [TRACE] timestamp=7281.204 mode=OFFBOARD actual=(0.890,0.639,-0.828) actual_velocity=(-0.065,0.041,-0.253) final_target=(0.923,0.618,-1.435) command_position=(0.923,0.618,-1.435) command_velocity=(0.000,0.000,0.000)
14:15:55.333382 [TRACE] timestamp=7281.306 mode=OFFBOARD actual=(0.885,0.644,-0.835) actual_velocity=(-0.070,0.048,-0.252) final_target=(0.923,0.618,-1.435) command_position=(0.923,0.618,-1.435) command_velocity=(0.000,0.000,0.000)
14:15:55.436584 [TRACE] timestamp=7281.409 mode=OFFBOARD actual=(0.872,0.652,-0.850) actual_velocity=(-0.081,0.054,-0.251) final_target=(0.923,0.618,-1.435) command_position=(0.923,0.618,-1.435) command_velocity=(0.000,0.000,0.000)
14:15:55.539887 [TRACE] timestamp=7281.511 mode=OFFBOARD actual=(0.872,0.652,-0.850) actual_velocity=(-0.081,0.054,-0.251) final_target=(0.923,0.618,-1.435) command_position=(0.923,0.618,-1.435) command_velocity=(0.000,0.000,0.000)
14:15:55.643918 [TRACE] timestamp=7281.615 mode=OFFBOARD actual=(0.865,0.656,-0.857) actual_velocity=(-0.087,0.056,-0.250) final_target=(0.923,0.618,-1.435) command_position=(0.923,0.618,-1.435) command_velocity=(0.000,0.000,0.000)
14:15:55.749348 [TRACE] timestamp=7281.722 mode=OFFBOARD actual=(0.849,0.665,-0.874) actual_velocity=(-0.095,0.058,-0.248) final_target=(0.923,0.618,-1.435) command_position=(0.923,0.618,-1.435) command_velocity=(0.000,0.000,0.000)
14:15:55.850698 [TRACE] timestamp=7281.823 mode=OFFBOARD actual=(0.842,0.669,-0.882) actual_velocity=(-0.096,0.057,-0.246) final_target=(0.923,0.618,-1.435) command_position=(0.923,0.618,-1.435) command_velocity=(0.000,0.000,0.000)
14:15:55.953442 [TRACE] timestamp=7281.926 mode=OFFBOARD actual=(0.835,0.672,-0.889) actual_velocity=(-0.097,0.056,-0.245) final_target=(0.923,0.618,-1.435) command_position=(0.923,0.618,-1.435) command_velocity=(0.000,0.000,0.000)
14:15:56.055286 [TRACE] timestamp=7282.028 mode=OFFBOARD actual=(0.828,0.675,-0.897) actual_velocity=(-0.096,0.053,-0.244) final_target=(0.923,0.618,-1.435) command_position=(0.923,0.618,-1.435) command_velocity=(0.000,0.000,0.000)
14:15:56.159077 [TRACE] timestamp=7282.131 mode=OFFBOARD actual=(0.822,0.678,-0.906) actual_velocity=(-0.093,0.049,-0.242) final_target=(0.923,0.618,-1.435) command_position=(0.923,0.618,-1.435) command_velocity=(0.000,0.000,0.000)
14:15:56.262170 [TRACE] timestamp=7282.235 mode=OFFBOARD actual=(0.815,0.681,-0.916) actual_velocity=(-0.087,0.043,-0.240) final_target=(0.923,0.618,-1.435) command_position=(0.923,0.618,-1.435) command_velocity=(0.000,0.000,0.000)
14:15:56.363776 [TRACE] timestamp=7282.336 mode=OFFBOARD actual=(0.811,0.683,-0.924) actual_velocity=(-0.080,0.037,-0.238) final_target=(0.923,0.618,-1.435) command_position=(0.923,0.618,-1.435) command_velocity=(0.000,0.000,0.000)
14:15:56.466201 [TRACE] timestamp=7282.438 mode=OFFBOARD actual=(0.807,0.684,-0.932) actual_velocity=(-0.073,0.031,-0.236) final_target=(0.923,0.618,-1.435) command_position=(0.923,0.618,-1.435) command_velocity=(0.000,0.000,0.000)
14:15:56.568926 [TRACE] timestamp=7282.541 mode=OFFBOARD actual=(0.803,0.685,-0.940) actual_velocity=(-0.065,0.026,-0.234) final_target=(0.923,0.618,-1.435) command_position=(0.923,0.618,-1.435) command_velocity=(0.000,0.000,0.000)
14:15:56.672413 [TRACE] timestamp=7282.645 mode=OFFBOARD actual=(0.799,0.685,-0.948) actual_velocity=(-0.058,0.019,-0.231) final_target=(0.923,0.618,-1.435) command_position=(0.923,0.618,-1.435) command_velocity=(0.000,0.000,0.000)
14:15:56.775159 [TRACE] timestamp=7282.748 mode=OFFBOARD actual=(0.795,0.685,-0.956) actual_velocity=(-0.052,0.010,-0.227) final_target=(0.923,0.618,-1.435) command_position=(0.923,0.618,-1.435) command_velocity=(0.000,0.000,0.000)
14:15:56.877528 [TRACE] timestamp=7282.850 mode=OFFBOARD actual=(0.791,0.684,-0.966) actual_velocity=(-0.044,-0.000,-0.223) final_target=(0.923,0.618,-1.435) command_position=(0.923,0.618,-1.435) command_velocity=(0.000,0.000,0.000)
14:15:56.981782 [TRACE] timestamp=7282.954 mode=OFFBOARD actual=(0.787,0.682,-0.974) actual_velocity=(-0.038,-0.008,-0.220) final_target=(0.923,0.618,-1.435) command_position=(0.923,0.618,-1.435) command_velocity=(0.000,0.000,0.000)
14:15:57.086853 [TRACE] timestamp=7283.059 mode=OFFBOARD actual=(0.785,0.681,-0.982) actual_velocity=(-0.030,-0.015,-0.216) final_target=(0.923,0.618,-1.435) command_position=(0.923,0.618,-1.435) command_velocity=(0.000,0.000,0.000)
14:15:57.189830 [TRACE] timestamp=7283.162 mode=OFFBOARD actual=(0.782,0.679,-0.990) actual_velocity=(-0.024,-0.023,-0.212) final_target=(0.923,0.618,-1.435) command_position=(0.923,0.618,-1.435) command_velocity=(0.000,0.000,0.000)
14:15:57.293386 [TRACE] timestamp=7283.265 mode=OFFBOARD actual=(0.780,0.676,-0.997) actual_velocity=(-0.016,-0.030,-0.209) final_target=(0.923,0.618,-1.435) command_position=(0.923,0.618,-1.435) command_velocity=(0.000,0.000,0.000)
14:15:57.396107 [TRACE] timestamp=7283.369 mode=OFFBOARD actual=(0.778,0.674,-1.004) actual_velocity=(-0.009,-0.037,-0.205) final_target=(0.923,0.618,-1.435) command_position=(0.923,0.618,-1.435) command_velocity=(0.000,0.000,0.000)
14:15:57.500685 [TRACE] timestamp=7283.473 mode=OFFBOARD actual=(0.777,0.671,-1.012) actual_velocity=(-0.001,-0.043,-0.201) final_target=(0.923,0.618,-1.435) command_position=(0.923,0.618,-1.435) command_velocity=(0.000,0.000,0.000)
14:15:57.604193 [TRACE] timestamp=7283.577 mode=OFFBOARD actual=(0.777,0.668,-1.019) actual_velocity=(0.007,-0.048,-0.197) final_target=(0.923,0.618,-1.435) command_position=(0.923,0.618,-1.435) command_velocity=(0.000,0.000,0.000)
14:15:57.707844 [TRACE] timestamp=7283.679 mode=OFFBOARD actual=(0.777,0.666,-1.026) actual_velocity=(0.015,-0.052,-0.194) final_target=(0.923,0.618,-1.435) command_position=(0.923,0.618,-1.435) command_velocity=(0.000,0.000,0.000)
14:15:57.810152 [TRACE] timestamp=7283.783 mode=OFFBOARD actual=(0.777,0.663,-1.034) actual_velocity=(0.026,-0.055,-0.189) final_target=(0.923,0.618,-1.435) command_position=(0.923,0.618,-1.435) command_velocity=(0.000,0.000,0.000)
14:15:57.914722 [TRACE] timestamp=7283.887 mode=OFFBOARD actual=(0.778,0.661,-1.041) actual_velocity=(0.033,-0.057,-0.186) final_target=(0.923,0.618,-1.435) command_position=(0.923,0.618,-1.435) command_velocity=(0.000,0.000,0.000)
14:15:58.017869 [TRACE] timestamp=7283.990 mode=OFFBOARD actual=(0.779,0.659,-1.048) actual_velocity=(0.041,-0.058,-0.182) final_target=(0.923,0.618,-1.435) command_position=(0.923,0.618,-1.435) command_velocity=(0.000,0.000,0.000)
14:15:58.121910 [TRACE] timestamp=7284.094 mode=OFFBOARD actual=(0.780,0.657,-1.055) actual_velocity=(0.048,-0.057,-0.178) final_target=(0.923,0.618,-1.435) command_position=(0.923,0.618,-1.435) command_velocity=(0.000,0.000,0.000)
14:15:58.225727 [TRACE] timestamp=7284.198 mode=OFFBOARD actual=(0.781,0.656,-1.061) actual_velocity=(0.054,-0.056,-0.175) final_target=(0.923,0.618,-1.435) command_position=(0.923,0.618,-1.435) command_velocity=(0.000,0.000,0.000)
14:15:58.328659 [TRACE] timestamp=7284.301 mode=OFFBOARD actual=(0.783,0.655,-1.067) actual_velocity=(0.060,-0.055,-0.171) final_target=(0.923,0.618,-1.435) command_position=(0.923,0.618,-1.435) command_velocity=(0.000,0.000,0.000)
14:15:58.432081 [TRACE] timestamp=7284.405 mode=OFFBOARD actual=(0.787,0.653,-1.081) actual_velocity=(0.071,-0.049,-0.163) final_target=(0.923,0.618,-1.435) command_position=(0.923,0.618,-1.435) command_velocity=(0.000,0.000,0.000)
14:15:58.535022 [TRACE] timestamp=7284.507 mode=OFFBOARD actual=(0.787,0.653,-1.081) actual_velocity=(0.071,-0.049,-0.163) final_target=(0.923,0.618,-1.435) command_position=(0.923,0.618,-1.435) command_velocity=(0.000,0.000,0.000)
14:15:58.637081 [TRACE] timestamp=7284.610 mode=OFFBOARD actual=(0.788,0.653,-1.087) actual_velocity=(0.075,-0.046,-0.160) final_target=(0.923,0.618,-1.435) command_position=(0.923,0.618,-1.435) command_velocity=(0.000,0.000,0.000)
14:15:58.739213 [TRACE] timestamp=7284.712 mode=OFFBOARD actual=(0.792,0.653,-1.099) actual_velocity=(0.081,-0.040,-0.153) final_target=(0.923,0.618,-1.435) command_position=(0.923,0.618,-1.435) command_velocity=(0.000,0.000,0.000)
14:15:58.841941 [TRACE] timestamp=7284.814 mode=OFFBOARD actual=(0.792,0.653,-1.099) actual_velocity=(0.081,-0.040,-0.153) final_target=(0.923,0.618,-1.435) command_position=(0.923,0.618,-1.435) command_velocity=(0.000,0.000,0.000)
14:15:58.945264 [TRACE] timestamp=7284.918 mode=OFFBOARD actual=(0.793,0.654,-1.104) actual_velocity=(0.083,-0.037,-0.150) final_target=(0.923,0.618,-1.435) command_position=(0.923,0.618,-1.435) command_velocity=(0.000,0.000,0.000)
14:15:59.050855 [TRACE] timestamp=7285.023 mode=OFFBOARD actual=(0.796,0.655,-1.117) actual_velocity=(0.085,-0.030,-0.143) final_target=(0.923,0.618,-1.435) command_position=(0.923,0.618,-1.435) command_velocity=(0.000,0.000,0.000)
14:15:59.152037 [TRACE] timestamp=7285.124 mode=OFFBOARD actual=(0.796,0.655,-1.117) actual_velocity=(0.085,-0.030,-0.143) final_target=(0.923,0.618,-1.435) command_position=(0.923,0.618,-1.435) command_velocity=(0.000,0.000,0.000)
14:15:59.256575 [TRACE] timestamp=7285.229 mode=OFFBOARD actual=(0.797,0.655,-1.122) actual_velocity=(0.085,-0.028,-0.140) final_target=(0.923,0.618,-1.435) command_position=(0.923,0.618,-1.435) command_velocity=(0.000,0.000,0.000)
14:15:59.359525 [TRACE] timestamp=7285.332 mode=OFFBOARD actual=(0.802,0.656,-1.131) actual_velocity=(0.091,-0.025,-0.135) final_target=(0.923,0.618,-1.435) command_position=(0.923,0.618,-1.435) command_velocity=(0.000,0.000,0.000)
14:15:59.464585 [TRACE] timestamp=7285.437 mode=OFFBOARD actual=(0.807,0.655,-1.136) actual_velocity=(0.098,-0.026,-0.132) final_target=(0.923,0.618,-1.435) command_position=(0.923,0.618,-1.435) command_velocity=(0.000,0.000,0.000)
14:15:59.565966 [TRACE] timestamp=7285.538 mode=OFFBOARD actual=(0.815,0.653,-1.141) actual_velocity=(0.108,-0.028,-0.128) final_target=(0.923,0.618,-1.435) command_position=(0.923,0.618,-1.435) command_velocity=(0.000,0.000,0.000)
14:15:59.670636 [TRACE] timestamp=7285.643 mode=OFFBOARD actual=(0.823,0.652,-1.145) actual_velocity=(0.118,-0.031,-0.125) final_target=(0.923,0.618,-1.435) command_position=(0.923,0.618,-1.435) command_velocity=(0.000,0.000,0.000)
14:15:59.770968 [TRACE] timestamp=7285.743 mode=OFFBOARD actual=(0.832,0.649,-1.148) actual_velocity=(0.129,-0.034,-0.122) final_target=(0.923,0.618,-1.435) command_position=(0.923,0.618,-1.435) command_velocity=(0.000,0.000,0.000)
14:15:59.873160 [TRACE] timestamp=7285.846 mode=OFFBOARD actual=(0.842,0.647,-1.152) actual_velocity=(0.141,-0.037,-0.120) final_target=(0.923,0.618,-1.435) command_position=(0.923,0.618,-1.435) command_velocity=(0.000,0.000,0.000)
14:15:59.977148 [TRACE] timestamp=7285.950 mode=OFFBOARD actual=(0.853,0.644,-1.155) actual_velocity=(0.152,-0.041,-0.117) final_target=(0.923,0.618,-1.435) command_position=(0.923,0.618,-1.435) command_velocity=(0.000,0.000,0.000)
14:16:00.077657 [TRACE] timestamp=7286.050 mode=OFFBOARD actual=(0.865,0.640,-1.158) actual_velocity=(0.164,-0.045,-0.115) final_target=(0.923,0.618,-1.435) command_position=(0.923,0.618,-1.435) command_velocity=(0.000,0.000,0.000)
14:16:01.473727 [TRACE] timestamp=7286.151 mode=OFFBOARD actual=(0.881,0.636,-1.161) actual_velocity=(0.179,-0.050,-0.113) final_target=(0.923,0.618,-1.435) command_position=(0.923,0.618,-1.435) command_velocity=(0.000,0.000,0.000)
14:16:01.576325 [TRACE] timestamp=7286.254 mode=OFFBOARD actual=(0.895,0.632,-1.164) actual_velocity=(0.189,-0.053,-0.112) final_target=(0.923,0.618,-1.435) command_position=(0.923,0.618,-1.435) command_velocity=(0.000,0.000,0.000)
14:16:01.680061 [TRACE] timestamp=7286.358 mode=OFFBOARD actual=(0.909,0.628,-1.167) actual_velocity=(0.199,-0.057,-0.110) final_target=(0.923,0.618,-1.435) command_position=(0.923,0.618,-1.435) command_velocity=(0.000,0.000,0.000)
14:16:01.782819 [TRACE] timestamp=7286.460 mode=OFFBOARD actual=(0.924,0.623,-1.170) actual_velocity=(0.208,-0.060,-0.110) final_target=(0.923,0.618,-1.435) command_position=(0.923,0.618,-1.435) command_velocity=(0.000,0.000,0.000)
14:16:01.886639 [TRACE] timestamp=7286.564 mode=OFFBOARD actual=(0.939,0.619,-1.173) actual_velocity=(0.216,-0.064,-0.109) final_target=(0.923,0.618,-1.435) command_position=(0.923,0.618,-1.435) command_velocity=(0.000,0.000,0.000)
14:16:01.991520 [TRACE] timestamp=7286.669 mode=OFFBOARD actual=(0.954,0.614,-1.175) actual_velocity=(0.222,-0.066,-0.108) final_target=(0.923,0.618,-1.435) command_position=(0.923,0.618,-1.435) command_velocity=(0.000,0.000,0.000)
14:16:02.095481 [TRACE] timestamp=7286.773 mode=OFFBOARD actual=(0.974,0.608,-1.179) actual_velocity=(0.228,-0.069,-0.108) final_target=(0.923,0.618,-1.435) command_position=(0.923,0.618,-1.435) command_velocity=(0.000,0.000,0.000)
14:16:02.197629 [TRACE] timestamp=7286.875 mode=OFFBOARD actual=(0.989,0.603,-1.182) actual_velocity=(0.231,-0.071,-0.108) final_target=(0.923,0.618,-1.435) command_position=(0.923,0.618,-1.435) command_velocity=(0.000,0.000,0.000)
14:16:02.300500 [TRACE] timestamp=7286.978 mode=OFFBOARD actual=(1.001,0.600,-1.184) actual_velocity=(0.232,-0.072,-0.108) final_target=(0.923,0.618,-1.435) command_position=(0.923,0.618,-1.435) command_velocity=(0.000,0.000,0.000)
14:16:02.402580 [TRACE] timestamp=7287.080 mode=OFFBOARD actual=(1.020,0.594,-1.188) actual_velocity=(0.232,-0.073,-0.108) final_target=(0.923,0.618,-1.435) command_position=(0.923,0.618,-1.435) command_velocity=(0.000,0.000,0.000)
14:16:02.504111 [TRACE] timestamp=7287.182 mode=OFFBOARD actual=(1.035,0.589,-1.191) actual_velocity=(0.231,-0.073,-0.108) final_target=(0.923,0.618,-1.435) command_position=(0.923,0.618,-1.435) command_velocity=(0.000,0.000,0.000)
14:16:02.607955 [TRACE] timestamp=7287.286 mode=OFFBOARD actual=(1.050,0.584,-1.194) actual_velocity=(0.228,-0.073,-0.108) final_target=(0.923,0.618,-1.435) command_position=(0.923,0.618,-1.435) command_velocity=(0.000,0.000,0.000)
14:16:02.712151 [TRACE] timestamp=7287.390 mode=OFFBOARD actual=(1.065,0.579,-1.197) actual_velocity=(0.223,-0.072,-0.108) final_target=(0.923,0.618,-1.435) command_position=(0.923,0.618,-1.435) command_velocity=(0.000,0.000,0.000)
14:16:02.817281 [TRACE] timestamp=7287.495 mode=OFFBOARD actual=(1.080,0.575,-1.201) actual_velocity=(0.218,-0.071,-0.108) final_target=(0.923,0.618,-1.435) command_position=(0.923,0.618,-1.435) command_velocity=(0.000,0.000,0.000)
14:16:02.919602 [TRACE] timestamp=7287.597 mode=OFFBOARD actual=(1.093,0.570,-1.204) actual_velocity=(0.211,-0.069,-0.107) final_target=(0.923,0.618,-1.435) command_position=(0.923,0.618,-1.435) command_velocity=(0.000,0.000,0.000)
14:16:03.022419 [TRACE] timestamp=7287.700 mode=OFFBOARD actual=(1.110,0.565,-1.209) actual_velocity=(0.200,-0.067,-0.107) final_target=(0.923,0.618,-1.435) command_position=(0.923,0.618,-1.435) command_velocity=(0.000,0.000,0.000)
14:16:03.124198 [TRACE] timestamp=7287.802 mode=OFFBOARD actual=(1.122,0.561,-1.212) actual_velocity=(0.191,-0.064,-0.106) final_target=(0.923,0.618,-1.435) command_position=(0.923,0.618,-1.435) command_velocity=(0.000,0.000,0.000)
14:16:03.227575 [TRACE] timestamp=7287.905 mode=OFFBOARD actual=(1.134,0.557,-1.216) actual_velocity=(0.180,-0.061,-0.106) final_target=(0.923,0.618,-1.435) command_position=(0.923,0.618,-1.435) command_velocity=(0.000,0.000,0.000)
14:16:03.331214 [TRACE] timestamp=7288.009 mode=OFFBOARD actual=(1.145,0.554,-1.220) actual_velocity=(0.167,-0.058,-0.105) final_target=(0.923,0.618,-1.435) command_position=(0.923,0.618,-1.435) command_velocity=(0.000,0.000,0.000)
14:16:03.432814 [TRACE] timestamp=7288.110 mode=OFFBOARD actual=(1.155,0.550,-1.223) actual_velocity=(0.155,-0.054,-0.104) final_target=(0.923,0.618,-1.435) command_position=(0.923,0.618,-1.435) command_velocity=(0.000,0.000,0.000)
14:16:03.537284 [TRACE] timestamp=7288.215 mode=OFFBOARD actual=(1.164,0.547,-1.227) actual_velocity=(0.141,-0.050,-0.102) final_target=(0.923,0.618,-1.435) command_position=(0.923,0.618,-1.435) command_velocity=(0.000,0.000,0.000)
14:16:03.639574 [TRACE] timestamp=7288.317 mode=OFFBOARD actual=(1.175,0.543,-1.232) actual_velocity=(0.123,-0.045,-0.100) final_target=(0.923,0.618,-1.435) command_position=(0.923,0.618,-1.435) command_velocity=(0.000,0.000,0.000)
14:16:03.741893 [TRACE] timestamp=7288.419 mode=OFFBOARD actual=(1.183,0.541,-1.236) actual_velocity=(0.107,-0.041,-0.099) final_target=(0.923,0.618,-1.435) command_position=(0.923,0.618,-1.435) command_velocity=(0.000,0.000,0.000)
14:16:03.845894 [TRACE] timestamp=7288.524 mode=OFFBOARD actual=(1.189,0.538,-1.239) actual_velocity=(0.092,-0.036,-0.097) final_target=(0.923,0.618,-1.435) command_position=(0.923,0.618,-1.435) command_velocity=(0.000,0.000,0.000)
14:16:03.947966 [TRACE] timestamp=7288.626 mode=OFFBOARD actual=(1.195,0.536,-1.243) actual_velocity=(0.076,-0.032,-0.095) final_target=(0.923,0.618,-1.435) command_position=(0.923,0.618,-1.435) command_velocity=(0.000,0.000,0.000)
14:16:04.049061 [TRACE] timestamp=7288.727 mode=OFFBOARD actual=(1.200,0.534,-1.247) actual_velocity=(0.059,-0.027,-0.093) final_target=(0.923,0.618,-1.435) command_position=(0.923,0.618,-1.435) command_velocity=(0.000,0.000,0.000)
14:16:04.151395 [TRACE] timestamp=7288.829 mode=OFFBOARD actual=(1.204,0.532,-1.250) actual_velocity=(0.043,-0.023,-0.091) final_target=(0.923,0.618,-1.435) command_position=(0.923,0.618,-1.435) command_velocity=(0.000,0.000,0.000)
14:16:04.255474 [TRACE] timestamp=7288.933 mode=OFFBOARD actual=(1.208,0.530,-1.255) actual_velocity=(0.022,-0.017,-0.089) final_target=(0.923,0.618,-1.435) command_position=(0.923,0.618,-1.435) command_velocity=(0.000,0.000,0.000)
14:16:04.358038 [TRACE] timestamp=7289.036 mode=OFFBOARD actual=(1.211,0.529,-1.258) actual_velocity=(0.005,-0.012,-0.087) final_target=(0.923,0.618,-1.435) command_position=(0.923,0.618,-1.435) command_velocity=(0.000,0.000,0.000)
14:16:04.458920 [TRACE] timestamp=7289.136 mode=OFFBOARD actual=(1.212,0.527,-1.261) actual_velocity=(-0.012,-0.007,-0.084) final_target=(0.923,0.618,-1.435) command_position=(0.923,0.618,-1.435) command_velocity=(0.000,0.000,0.000)
14:16:04.560877 [TRACE] timestamp=7289.239 mode=OFFBOARD actual=(1.212,0.527,-1.265) actual_velocity=(-0.028,-0.002,-0.082) final_target=(0.923,0.618,-1.435) command_position=(0.923,0.618,-1.435) command_velocity=(0.000,0.000,0.000)
14:16:04.665778 [TRACE] timestamp=7289.343 mode=OFFBOARD actual=(1.212,0.526,-1.268) actual_velocity=(-0.045,0.003,-0.080) final_target=(0.923,0.618,-1.435) command_position=(0.923,0.618,-1.435) command_velocity=(0.000,0.000,0.000)
14:16:04.767554 [TRACE] timestamp=7289.445 mode=OFFBOARD actual=(1.211,0.526,-1.271) actual_velocity=(-0.061,0.008,-0.078) final_target=(0.923,0.618,-1.435) command_position=(0.923,0.618,-1.435) command_velocity=(0.000,0.000,0.000)
14:16:04.869386 [TRACE] timestamp=7289.547 mode=OFFBOARD actual=(1.206,0.526,-1.278) actual_velocity=(-0.096,0.019,-0.073) final_target=(0.923,0.618,-1.435) command_position=(0.923,0.618,-1.435) command_velocity=(0.000,0.000,0.000)
14:16:04.972028 [TRACE] timestamp=7289.650 mode=OFFBOARD actual=(1.206,0.526,-1.278) actual_velocity=(-0.096,0.019,-0.073) final_target=(0.923,0.618,-1.435) command_position=(0.923,0.618,-1.435) command_velocity=(0.000,0.000,0.000)
14:16:05.074854 [TRACE] timestamp=7289.752 mode=OFFBOARD actual=(1.202,0.526,-1.281) actual_velocity=(-0.110,0.024,-0.071) final_target=(0.923,0.618,-1.435) command_position=(0.923,0.618,-1.435) command_velocity=(0.000,0.000,0.000)
14:16:05.178269 [TRACE] timestamp=7289.856 mode=OFFBOARD actual=(1.193,0.528,-1.286) actual_velocity=(-0.138,0.033,-0.067) final_target=(0.923,0.618,-1.435) command_position=(0.923,0.618,-1.435) command_velocity=(0.000,0.000,0.000)
14:16:05.281721 [TRACE] timestamp=7289.959 mode=OFFBOARD actual=(1.188,0.529,-1.288) actual_velocity=(-0.151,0.037,-0.065) final_target=(0.923,0.618,-1.435) command_position=(0.923,0.618,-1.435) command_velocity=(0.000,0.000,0.000)
14:16:05.386541 [TRACE] timestamp=7290.064 mode=OFFBOARD actual=(1.188,0.529,-1.288) actual_velocity=(-0.151,0.037,-0.065) final_target=(0.923,0.618,-1.435) command_position=(0.923,0.618,-1.435) command_velocity=(0.000,0.000,0.000)
14:16:05.490557 [TRACE] timestamp=7290.168 mode=OFFBOARD actual=(1.174,0.532,-1.294) actual_velocity=(-0.178,0.047,-0.061) final_target=(0.923,0.618,-1.435) command_position=(0.923,0.618,-1.435) command_velocity=(0.000,0.000,0.000)
14:16:05.592701 [TRACE] timestamp=7290.270 mode=OFFBOARD actual=(1.166,0.534,-1.296) actual_velocity=(-0.189,0.050,-0.060) final_target=(0.923,0.618,-1.435) command_position=(0.923,0.618,-1.435) command_velocity=(0.000,0.000,0.000)
14:16:05.695578 [TRACE] timestamp=7290.373 mode=OFFBOARD actual=(1.159,0.536,-1.298) actual_velocity=(-0.199,0.054,-0.058) final_target=(0.923,0.618,-1.435) command_position=(0.923,0.618,-1.435) command_velocity=(0.000,0.000,0.000)
14:16:05.802490 [TRACE] timestamp=7290.480 mode=OFFBOARD actual=(1.151,0.538,-1.300) actual_velocity=(-0.208,0.057,-0.057) final_target=(0.923,0.618,-1.435) command_position=(0.923,0.618,-1.435) command_velocity=(0.000,0.000,0.000)
14:16:05.904783 [TRACE] timestamp=7290.582 mode=OFFBOARD actual=(1.143,0.540,-1.302) actual_velocity=(-0.216,0.061,-0.055) final_target=(0.923,0.618,-1.435) command_position=(0.923,0.618,-1.435) command_velocity=(0.000,0.000,0.000)
14:16:06.007000 [TRACE] timestamp=7290.684 mode=OFFBOARD actual=(1.132,0.543,-1.305) actual_velocity=(-0.225,0.065,-0.054) final_target=(0.923,0.618,-1.435) command_position=(0.923,0.618,-1.435) command_velocity=(0.000,0.000,0.000)
14:16:06.108960 [TRACE] timestamp=7290.787 mode=OFFBOARD actual=(1.123,0.545,-1.307) actual_velocity=(-0.231,0.067,-0.053) final_target=(0.923,0.618,-1.435) command_position=(0.923,0.618,-1.435) command_velocity=(0.000,0.000,0.000)
14:16:06.210026 [TRACE] timestamp=7290.888 mode=OFFBOARD actual=(1.114,0.548,-1.309) actual_velocity=(-0.237,0.070,-0.052) final_target=(0.923,0.618,-1.435) command_position=(0.923,0.618,-1.435) command_velocity=(0.000,0.000,0.000)
14:16:06.313712 [TRACE] timestamp=7290.991 mode=OFFBOARD actual=(1.104,0.550,-1.311) actual_velocity=(-0.241,0.072,-0.051) final_target=(0.923,0.618,-1.435) command_position=(0.923,0.618,-1.435) command_velocity=(0.000,0.000,0.000)
14:16:06.417618 [TRACE] timestamp=7291.095 mode=OFFBOARD actual=(1.095,0.553,-1.312) actual_velocity=(-0.245,0.074,-0.050) final_target=(0.923,0.618,-1.435) command_position=(0.923,0.618,-1.435) command_velocity=(0.000,0.000,0.000)
14:16:06.520632 [TRACE] timestamp=7291.198 mode=OFFBOARD actual=(1.085,0.556,-1.314) actual_velocity=(-0.248,0.076,-0.049) final_target=(0.923,0.618,-1.435) command_position=(0.923,0.618,-1.435) command_velocity=(0.000,0.000,0.000)
14:16:06.624317 [TRACE] timestamp=7291.302 mode=OFFBOARD actual=(1.073,0.560,-1.316) actual_velocity=(-0.251,0.078,-0.048) final_target=(0.923,0.618,-1.435) command_position=(0.923,0.618,-1.435) command_velocity=(0.000,0.000,0.000)
14:16:06.725183 [TRACE] timestamp=7291.403 mode=OFFBOARD actual=(1.063,0.563,-1.318) actual_velocity=(-0.252,0.080,-0.047) final_target=(0.923,0.618,-1.435) command_position=(0.923,0.618,-1.435) command_velocity=(0.000,0.000,0.000)
14:16:06.829238 [TRACE] timestamp=7291.507 mode=OFFBOARD actual=(1.054,0.566,-1.320) actual_velocity=(-0.252,0.081,-0.046) final_target=(0.923,0.618,-1.435) command_position=(0.923,0.618,-1.435) command_velocity=(0.000,0.000,0.000)
14:16:06.932587 [TRACE] timestamp=7291.610 mode=OFFBOARD actual=(1.044,0.569,-1.321) actual_velocity=(-0.252,0.082,-0.046) final_target=(0.923,0.618,-1.435) command_position=(0.923,0.618,-1.435) command_velocity=(0.000,0.000,0.000)
14:16:07.035027 [TRACE] timestamp=7291.713 mode=OFFBOARD actual=(1.035,0.572,-1.323) actual_velocity=(-0.251,0.083,-0.045) final_target=(0.923,0.618,-1.435) command_position=(0.923,0.618,-1.435) command_velocity=(0.000,0.000,0.000)
14:16:07.138637 [TRACE] timestamp=7291.816 mode=OFFBOARD actual=(1.025,0.576,-1.324) actual_velocity=(-0.249,0.083,-0.045) final_target=(0.923,0.618,-1.435) command_position=(0.923,0.618,-1.435) command_velocity=(0.000,0.000,0.000)
14:16:07.243343 [TRACE] timestamp=7291.921 mode=OFFBOARD actual=(1.014,0.580,-1.326) actual_velocity=(-0.246,0.083,-0.044) final_target=(0.923,0.618,-1.435) command_position=(0.923,0.618,-1.435) command_velocity=(0.000,0.000,0.000)
14:16:07.346548 [TRACE] timestamp=7292.024 mode=OFFBOARD actual=(1.005,0.583,-1.328) actual_velocity=(-0.243,0.083,-0.044) final_target=(0.923,0.618,-1.435) command_position=(0.923,0.618,-1.435) command_velocity=(0.000,0.000,0.000)
14:16:07.446483 [TRACE] timestamp=7292.124 mode=OFFBOARD actual=(0.996,0.586,-1.329) actual_velocity=(-0.239,0.083,-0.043) final_target=(0.923,0.618,-1.435) command_position=(0.923,0.618,-1.435) command_velocity=(0.000,0.000,0.000)
14:16:07.549728 [TRACE] timestamp=7292.227 mode=OFFBOARD actual=(0.987,0.589,-1.330) actual_velocity=(-0.234,0.082,-0.043) final_target=(0.923,0.618,-1.435) command_position=(0.923,0.618,-1.435) command_velocity=(0.000,0.000,0.000)
14:16:07.652366 [TRACE] timestamp=7292.330 mode=OFFBOARD actual=(0.979,0.592,-1.332) actual_velocity=(-0.230,0.081,-0.042) final_target=(0.923,0.618,-1.435) command_position=(0.923,0.618,-1.435) command_velocity=(0.000,0.000,0.000)
14:16:07.754960 [TRACE] timestamp=7292.433 mode=OFFBOARD actual=(0.970,0.596,-1.333) actual_velocity=(-0.224,0.080,-0.042) final_target=(0.923,0.618,-1.435) command_position=(0.923,0.618,-1.435) command_velocity=(0.000,0.000,0.000)
14:16:07.856708 [TRACE] timestamp=7292.534 mode=OFFBOARD actual=(0.960,0.599,-1.335) actual_velocity=(-0.217,0.079,-0.041) final_target=(0.923,0.618,-1.435) command_position=(0.923,0.618,-1.435) command_velocity=(0.000,0.000,0.000)
14:16:07.960566 [TRACE] timestamp=7292.638 mode=OFFBOARD actual=(0.953,0.602,-1.336) actual_velocity=(-0.211,0.077,-0.040) final_target=(0.923,0.618,-1.435) command_position=(0.923,0.618,-1.435) command_velocity=(0.000,0.000,0.000)
14:16:08.064257 [TRACE] timestamp=7292.742 mode=OFFBOARD actual=(0.946,0.605,-1.338) actual_velocity=(-0.204,0.076,-0.040) final_target=(0.923,0.618,-1.435) command_position=(0.923,0.618,-1.435) command_velocity=(0.000,0.000,0.000)
14:16:08.167676 [TRACE] timestamp=7292.845 mode=OFFBOARD actual=(0.939,0.608,-1.339) actual_velocity=(-0.197,0.074,-0.039) final_target=(0.923,0.618,-1.435) command_position=(0.923,0.618,-1.435) command_velocity=(0.000,0.000,0.000)
14:16:08.269993 [TRACE] timestamp=7292.948 mode=OFFBOARD actual=(0.932,0.610,-1.340) actual_velocity=(-0.190,0.072,-0.039) final_target=(0.923,0.618,-1.435) command_position=(0.923,0.618,-1.435) command_velocity=(0.000,0.000,0.000)
14:16:08.372144 [TRACE] timestamp=7293.050 mode=OFFBOARD actual=(0.926,0.613,-1.341) actual_velocity=(-0.182,0.069,-0.038) final_target=(0.923,0.618,-1.435) command_position=(0.923,0.618,-1.435) command_velocity=(0.000,0.000,0.000)
14:16:08.475056 [TRACE] timestamp=7293.153 mode=OFFBOARD actual=(0.918,0.616,-1.343) actual_velocity=(-0.172,0.066,-0.038) final_target=(0.923,0.618,-1.435) command_position=(0.923,0.618,-1.435) command_velocity=(0.000,0.000,0.000)
14:16:08.577983 [TRACE] timestamp=7293.255 mode=OFFBOARD actual=(0.913,0.618,-1.344) actual_velocity=(-0.164,0.064,-0.037) final_target=(0.923,0.618,-1.435) command_position=(0.923,0.618,-1.435) command_velocity=(0.000,0.000,0.000)
14:16:08.680556 [TRACE] timestamp=7293.358 mode=OFFBOARD actual=(0.907,0.620,-1.345) actual_velocity=(-0.156,0.061,-0.037) final_target=(0.923,0.618,-1.435) command_position=(0.923,0.618,-1.435) command_velocity=(0.000,0.000,0.000)
14:16:08.781104 [TRACE] timestamp=7293.459 mode=OFFBOARD actual=(0.902,0.622,-1.346) actual_velocity=(-0.148,0.058,-0.036) final_target=(0.923,0.618,-1.435) command_position=(0.923,0.618,-1.435) command_velocity=(0.000,0.000,0.000)
14:16:08.883754 [TRACE] timestamp=7293.561 mode=OFFBOARD actual=(0.898,0.624,-1.348) actual_velocity=(-0.140,0.056,-0.036) final_target=(0.923,0.618,-1.435) command_position=(0.923,0.618,-1.435) command_velocity=(0.000,0.000,0.000)
14:16:08.985446 [TRACE] timestamp=7293.663 mode=OFFBOARD actual=(0.893,0.626,-1.349) actual_velocity=(-0.132,0.053,-0.036) final_target=(0.923,0.618,-1.435) command_position=(0.923,0.618,-1.435) command_velocity=(0.000,0.000,0.000)
14:16:09.087627 [TRACE] timestamp=7293.765 mode=OFFBOARD actual=(0.888,0.628,-1.350) actual_velocity=(-0.121,0.049,-0.035) final_target=(0.923,0.618,-1.435) command_position=(0.923,0.618,-1.435) command_velocity=(0.000,0.000,0.000)
14:16:09.194571 [TRACE] timestamp=7293.872 mode=OFFBOARD actual=(0.885,0.629,-1.351) actual_velocity=(-0.113,0.046,-0.035) final_target=(0.923,0.618,-1.435) command_position=(0.923,0.618,-1.435) command_velocity=(0.000,0.000,0.000)
14:16:09.296699 [TRACE] timestamp=7293.974 mode=OFFBOARD actual=(0.882,0.630,-1.352) actual_velocity=(-0.105,0.043,-0.034) final_target=(0.923,0.618,-1.435) command_position=(0.923,0.618,-1.435) command_velocity=(0.000,0.000,0.000)
14:16:09.399249 [TRACE] timestamp=7294.077 mode=OFFBOARD actual=(0.879,0.632,-1.353) actual_velocity=(-0.097,0.040,-0.034) final_target=(0.923,0.618,-1.435) command_position=(0.923,0.618,-1.435) command_velocity=(0.000,0.000,0.000)
14:16:09.502416 [TRACE] timestamp=7294.180 mode=OFFBOARD actual=(0.876,0.633,-1.354) actual_velocity=(-0.089,0.037,-0.034) final_target=(0.923,0.618,-1.435) command_position=(0.923,0.618,-1.435) command_velocity=(0.000,0.000,0.000)
14:16:09.606966 [TRACE] timestamp=7294.285 mode=OFFBOARD actual=(0.874,0.634,-1.355) actual_velocity=(-0.081,0.034,-0.033) final_target=(0.923,0.618,-1.435) command_position=(0.923,0.618,-1.435) command_velocity=(0.000,0.000,0.000)
14:16:09.710055 [TRACE] timestamp=7294.388 mode=OFFBOARD actual=(0.871,0.635,-1.356) actual_velocity=(-0.071,0.030,-0.033) final_target=(0.923,0.618,-1.435) command_position=(0.923,0.618,-1.435) command_velocity=(0.000,0.000,0.000)
14:16:09.813393 [TRACE] timestamp=7294.491 mode=OFFBOARD actual=(0.870,0.635,-1.357) actual_velocity=(-0.064,0.027,-0.033) final_target=(0.923,0.618,-1.435) command_position=(0.923,0.618,-1.435) command_velocity=(0.000,0.000,0.000)
14:16:09.916303 [TRACE] timestamp=7294.594 mode=OFFBOARD actual=(0.868,0.636,-1.358) actual_velocity=(-0.057,0.025,-0.032) final_target=(0.923,0.618,-1.435) command_position=(0.923,0.618,-1.435) command_velocity=(0.000,0.000,0.000)
14:16:10.021483 [TRACE] timestamp=7294.698 mode=OFFBOARD actual=(0.867,0.637,-1.359) actual_velocity=(-0.050,0.022,-0.032) final_target=(0.923,0.618,-1.435) command_position=(0.923,0.618,-1.435) command_velocity=(0.000,0.000,0.000)
14:16:10.121401 [TRACE] timestamp=7294.799 mode=OFFBOARD actual=(0.866,0.637,-1.360) actual_velocity=(-0.043,0.019,-0.032) final_target=(0.923,0.618,-1.435) command_position=(0.923,0.618,-1.435) command_velocity=(0.000,0.000,0.000)
14:16:10.221670 [TRACE] timestamp=7294.899 mode=OFFBOARD actual=(0.865,0.638,-1.361) actual_velocity=(-0.036,0.017,-0.031) final_target=(0.923,0.618,-1.435) command_position=(0.923,0.618,-1.435) command_velocity=(0.000,0.000,0.000)
14:16:10.325635 [TRACE] timestamp=7295.003 mode=OFFBOARD actual=(0.865,0.638,-1.362) actual_velocity=(-0.028,0.014,-0.031) final_target=(0.923,0.618,-1.435) command_position=(0.923,0.618,-1.435) command_velocity=(0.000,0.000,0.000)
14:16:10.428295 [TRACE] timestamp=7295.106 mode=OFFBOARD actual=(0.864,0.638,-1.363) actual_velocity=(-0.022,0.011,-0.031) final_target=(0.923,0.618,-1.435) command_position=(0.923,0.618,-1.435) command_velocity=(0.000,0.000,0.000)
14:16:10.530497 [TRACE] timestamp=7295.208 mode=OFFBOARD actual=(0.864,0.638,-1.364) actual_velocity=(-0.017,0.009,-0.030) final_target=(0.923,0.618,-1.435) command_position=(0.923,0.618,-1.435) command_velocity=(0.000,0.000,0.000)
14:16:10.635947 [TRACE] timestamp=7295.313 mode=OFFBOARD actual=(0.864,0.638,-1.365) actual_velocity=(-0.006,0.005,-0.030) final_target=(0.923,0.618,-1.435) command_position=(0.923,0.618,-1.435) command_velocity=(0.000,0.000,0.000)
14:16:10.741007 [TRACE] timestamp=7295.418 mode=OFFBOARD actual=(0.864,0.638,-1.365) actual_velocity=(-0.006,0.005,-0.030) final_target=(0.923,0.618,-1.435) command_position=(0.923,0.618,-1.435) command_velocity=(0.000,0.000,0.000)
14:16:10.840821 [TRACE] timestamp=7295.518 mode=OFFBOARD actual=(0.865,0.638,-1.366) actual_velocity=(-0.001,0.003,-0.029) final_target=(0.923,0.618,-1.435) command_position=(0.923,0.618,-1.435) command_velocity=(0.000,0.000,0.000)
14:16:10.943149 [TRACE] timestamp=7295.621 mode=OFFBOARD actual=(0.866,0.638,-1.368) actual_velocity=(0.009,-0.001,-0.029) final_target=(0.923,0.618,-1.435) command_position=(0.923,0.618,-1.435) command_velocity=(0.000,0.000,0.000)
14:16:11.047711 [TRACE] timestamp=7295.725 mode=OFFBOARD actual=(0.867,0.638,-1.369) actual_velocity=(0.013,-0.003,-0.029) final_target=(0.923,0.618,-1.435) command_position=(0.923,0.618,-1.435) command_velocity=(0.000,0.000,0.000)
14:16:11.149944 [TRACE] timestamp=7295.828 mode=OFFBOARD actual=(0.867,0.638,-1.369) actual_velocity=(0.013,-0.003,-0.029) final_target=(0.923,0.618,-1.435) command_position=(0.923,0.618,-1.435) command_velocity=(0.000,0.000,0.000)
14:16:11.252867 [TRACE] timestamp=7295.930 mode=OFFBOARD actual=(0.869,0.637,-1.370) actual_velocity=(0.020,-0.006,-0.029) final_target=(0.923,0.618,-1.435) command_position=(0.923,0.618,-1.435) command_velocity=(0.000,0.000,0.000)
14:16:11.355152 [TRACE] timestamp=7296.033 mode=OFFBOARD actual=(0.870,0.637,-1.371) actual_velocity=(0.023,-0.008,-0.029) final_target=(0.923,0.618,-1.435) command_position=(0.923,0.618,-1.435) command_velocity=(0.000,0.000,0.000)
14:16:11.457690 [TRACE] timestamp=7296.135 mode=OFFBOARD actual=(0.870,0.637,-1.371) actual_velocity=(0.023,-0.008,-0.029) final_target=(0.923,0.618,-1.435) command_position=(0.923,0.618,-1.435) command_velocity=(0.000,0.000,0.000)
14:16:11.560397 [TRACE] timestamp=7296.238 mode=OFFBOARD actual=(0.872,0.636,-1.373) actual_velocity=(0.029,-0.010,-0.028) final_target=(0.923,0.618,-1.435) command_position=(0.923,0.618,-1.435) command_velocity=(0.000,0.000,0.000)
14:16:11.664827 [TRACE] timestamp=7296.342 mode=OFFBOARD actual=(0.873,0.635,-1.374) actual_velocity=(0.031,-0.012,-0.028) final_target=(0.923,0.618,-1.435) command_position=(0.923,0.618,-1.435) command_velocity=(0.000,0.000,0.000)
14:16:11.767631 [TRACE] timestamp=7296.445 mode=OFFBOARD actual=(0.873,0.635,-1.374) actual_velocity=(0.031,-0.012,-0.028) final_target=(0.923,0.618,-1.435) command_position=(0.923,0.618,-1.435) command_velocity=(0.000,0.000,0.000)
14:16:11.872311 [TRACE] timestamp=7296.550 mode=OFFBOARD actual=(0.875,0.634,-1.375) actual_velocity=(0.034,-0.013,-0.028) final_target=(0.923,0.618,-1.435) command_position=(0.923,0.618,-1.435) command_velocity=(0.000,0.000,0.000)
14:16:11.975137 [TRACE] timestamp=7296.653 mode=OFFBOARD actual=(0.877,0.633,-1.376) actual_velocity=(0.036,-0.014,-0.027) final_target=(0.923,0.618,-1.435) command_position=(0.923,0.618,-1.435) command_velocity=(0.000,0.000,0.000)
14:16:12.075933 [TRACE] timestamp=7296.754 mode=OFFBOARD actual=(0.877,0.633,-1.376) actual_velocity=(0.036,-0.014,-0.027) final_target=(0.923,0.618,-1.435) command_position=(0.923,0.618,-1.435) command_velocity=(0.000,0.000,0.000)
14:16:12.178876 [TRACE] timestamp=7296.856 mode=OFFBOARD actual=(0.879,0.632,-1.378) actual_velocity=(0.039,-0.015,-0.027) final_target=(0.923,0.618,-1.435) command_position=(0.923,0.618,-1.435) command_velocity=(0.000,0.000,0.000)
14:16:12.282381 [TRACE] timestamp=7296.960 mode=OFFBOARD actual=(0.880,0.632,-1.379) actual_velocity=(0.040,-0.016,-0.027) final_target=(0.923,0.618,-1.435) command_position=(0.923,0.618,-1.435) command_velocity=(0.000,0.000,0.000)
14:16:12.384642 [TRACE] timestamp=7297.062 mode=OFFBOARD actual=(0.880,0.632,-1.379) actual_velocity=(0.040,-0.016,-0.027) final_target=(0.923,0.618,-1.435) command_position=(0.923,0.618,-1.435) command_velocity=(0.000,0.000,0.000)
14:16:12.488716 [TRACE] timestamp=7297.166 mode=OFFBOARD actual=(0.883,0.631,-1.380) actual_velocity=(0.041,-0.016,-0.026) final_target=(0.923,0.618,-1.435) command_position=(0.923,0.618,-1.435) command_velocity=(0.000,0.000,0.000)
14:16:12.590887 [TRACE] timestamp=7297.268 mode=OFFBOARD actual=(0.884,0.630,-1.381) actual_velocity=(0.041,-0.016,-0.026) final_target=(0.923,0.618,-1.435) command_position=(0.923,0.618,-1.435) command_velocity=(0.000,0.000,0.000)
14:16:12.691860 [TRACE] timestamp=7297.369 mode=OFFBOARD actual=(0.885,0.629,-1.382) actual_velocity=(0.041,-0.017,-0.025) final_target=(0.923,0.618,-1.435) command_position=(0.923,0.618,-1.435) command_velocity=(0.000,0.000,0.000)
14:16:12.795878 [TRACE] timestamp=7297.473 mode=OFFBOARD actual=(0.886,0.629,-1.383) actual_velocity=(0.041,-0.017,-0.025) final_target=(0.923,0.618,-1.435) command_position=(0.923,0.618,-1.435) command_velocity=(0.000,0.000,0.000)
14:16:12.898610 [TRACE] timestamp=7297.576 mode=OFFBOARD actual=(0.887,0.628,-1.383) actual_velocity=(0.041,-0.017,-0.025) final_target=(0.923,0.618,-1.435) command_position=(0.923,0.618,-1.435) command_velocity=(0.000,0.000,0.000)
14:16:13.003156 [TRACE] timestamp=7297.681 mode=OFFBOARD actual=(0.888,0.628,-1.384) actual_velocity=(0.041,-0.017,-0.025) final_target=(0.923,0.618,-1.435) command_position=(0.923,0.618,-1.435) command_velocity=(0.000,0.000,0.000)
14:16:13.105756 [TRACE] timestamp=7297.783 mode=OFFBOARD actual=(0.889,0.627,-1.385) actual_velocity=(0.040,-0.016,-0.025) final_target=(0.923,0.618,-1.435) command_position=(0.923,0.618,-1.435) command_velocity=(0.000,0.000,0.000)
14:16:13.210683 [TRACE] timestamp=7297.888 mode=OFFBOARD actual=(0.890,0.627,-1.386) actual_velocity=(0.040,-0.016,-0.024) final_target=(0.923,0.618,-1.435) command_position=(0.923,0.618,-1.435) command_velocity=(0.000,0.000,0.000)
14:16:13.313599 [TRACE] timestamp=7297.991 mode=OFFBOARD actual=(0.891,0.626,-1.386) actual_velocity=(0.039,-0.016,-0.024) final_target=(0.923,0.618,-1.435) command_position=(0.923,0.618,-1.435) command_velocity=(0.000,0.000,0.000)
14:16:13.418623 [TRACE] timestamp=7298.096 mode=OFFBOARD actual=(0.892,0.626,-1.387) actual_velocity=(0.039,-0.016,-0.024) final_target=(0.923,0.618,-1.435) command_position=(0.923,0.618,-1.435) command_velocity=(0.000,0.000,0.000)
14:16:13.522478 [TRACE] timestamp=7298.200 mode=OFFBOARD actual=(0.892,0.626,-1.388) actual_velocity=(0.038,-0.015,-0.023) final_target=(0.923,0.618,-1.435) command_position=(0.923,0.618,-1.435) command_velocity=(0.000,0.000,0.000)
14:16:13.625324 [TRACE] timestamp=7298.303 mode=OFFBOARD actual=(0.893,0.625,-1.389) actual_velocity=(0.037,-0.015,-0.023) final_target=(0.923,0.618,-1.435) command_position=(0.923,0.618,-1.435) command_velocity=(0.000,0.000,0.000)
14:16:13.727615 [TRACE] timestamp=7298.405 mode=OFFBOARD actual=(0.894,0.625,-1.389) actual_velocity=(0.036,-0.015,-0.023) final_target=(0.923,0.618,-1.435) command_position=(0.923,0.618,-1.435) command_velocity=(0.000,0.000,0.000)
14:16:13.832728 [TRACE] timestamp=7298.510 mode=OFFBOARD actual=(0.894,0.624,-1.390) actual_velocity=(0.035,-0.014,-0.022) final_target=(0.923,0.618,-1.435) command_position=(0.923,0.618,-1.435) command_velocity=(0.000,0.000,0.000)
14:16:13.935431 [TRACE] timestamp=7298.613 mode=OFFBOARD actual=(0.895,0.624,-1.391) actual_velocity=(0.034,-0.014,-0.022) final_target=(0.923,0.618,-1.435) command_position=(0.923,0.618,-1.435) command_velocity=(0.000,0.000,0.000)
14:16:14.038748 [TRACE] timestamp=7298.716 mode=OFFBOARD actual=(0.895,0.624,-1.392) actual_velocity=(0.033,-0.014,-0.022) final_target=(0.923,0.618,-1.435) command_position=(0.923,0.618,-1.435) command_velocity=(0.000,0.000,0.000)
14:16:14.146479 [TRACE] timestamp=7298.824 mode=OFFBOARD actual=(0.896,0.623,-1.392) actual_velocity=(0.032,-0.013,-0.021) final_target=(0.923,0.618,-1.435) command_position=(0.923,0.618,-1.435) command_velocity=(0.000,0.000,0.000)
14:16:14.250908 [TRACE] timestamp=7298.928 mode=OFFBOARD actual=(0.896,0.623,-1.393) actual_velocity=(0.031,-0.013,-0.021) final_target=(0.923,0.618,-1.435) command_position=(0.923,0.618,-1.435) command_velocity=(0.000,0.000,0.000)
14:16:14.355819 [TRACE] timestamp=7299.033 mode=OFFBOARD actual=(0.896,0.623,-1.393) actual_velocity=(0.030,-0.012,-0.021) final_target=(0.923,0.618,-1.435) command_position=(0.923,0.618,-1.435) command_velocity=(0.000,0.000,0.000)
14:16:14.458955 [TRACE] timestamp=7299.136 mode=OFFBOARD actual=(0.896,0.623,-1.394) actual_velocity=(0.029,-0.012,-0.020) final_target=(0.923,0.618,-1.435) command_position=(0.923,0.618,-1.435) command_velocity=(0.000,0.000,0.000)
14:16:14.563305 [TRACE] timestamp=7299.241 mode=OFFBOARD actual=(0.896,0.622,-1.395) actual_velocity=(0.028,-0.011,-0.020) final_target=(0.923,0.618,-1.435) command_position=(0.923,0.618,-1.435) command_velocity=(0.000,0.000,0.000)
14:16:14.667920 [TRACE] timestamp=7299.346 mode=OFFBOARD actual=(0.896,0.622,-1.396) actual_velocity=(0.027,-0.011,-0.020) final_target=(0.923,0.618,-1.435) command_position=(0.923,0.618,-1.435) command_velocity=(0.000,0.000,0.000)
14:16:14.769601 [TRACE] timestamp=7299.447 mode=OFFBOARD actual=(0.896,0.622,-1.396) actual_velocity=(0.026,-0.011,-0.019) final_target=(0.923,0.618,-1.435) command_position=(0.923,0.618,-1.435) command_velocity=(0.000,0.000,0.000)
14:16:14.873423 [TRACE] timestamp=7299.551 mode=OFFBOARD actual=(0.896,0.622,-1.397) actual_velocity=(0.025,-0.010,-0.019) final_target=(0.923,0.618,-1.435) command_position=(0.923,0.618,-1.435) command_velocity=(0.000,0.000,0.000)
14:16:14.976656 [TRACE] timestamp=7299.654 mode=OFFBOARD actual=(0.896,0.622,-1.397) actual_velocity=(0.024,-0.010,-0.019) final_target=(0.923,0.618,-1.435) command_position=(0.923,0.618,-1.435) command_velocity=(0.000,0.000,0.000)
14:16:15.078726 [TRACE] timestamp=7299.756 mode=OFFBOARD actual=(0.896,0.622,-1.398) actual_velocity=(0.023,-0.009,-0.018) final_target=(0.923,0.618,-1.435) command_position=(0.923,0.618,-1.435) command_velocity=(0.000,0.000,0.000)
14:16:15.181296 [TRACE] timestamp=7299.859 mode=OFFBOARD actual=(0.896,0.622,-1.399) actual_velocity=(0.022,-0.008,-0.018) final_target=(0.923,0.618,-1.435) command_position=(0.923,0.618,-1.435) command_velocity=(0.000,0.000,0.000)
14:16:15.281978 [TRACE] timestamp=7299.960 mode=OFFBOARD actual=(0.896,0.622,-1.399) actual_velocity=(0.022,-0.008,-0.018) final_target=(0.923,0.618,-1.435) command_position=(0.923,0.618,-1.435) command_velocity=(0.000,0.000,0.000)
14:16:15.386721 [TRACE] timestamp=7300.064 mode=OFFBOARD actual=(0.896,0.622,-1.400) actual_velocity=(0.021,-0.008,-0.018) final_target=(0.923,0.618,-1.435) command_position=(0.923,0.618,-1.435) command_velocity=(0.000,0.000,0.000)
14:16:15.488672 [TRACE] timestamp=7300.166 mode=OFFBOARD actual=(0.895,0.622,-1.401) actual_velocity=(0.019,-0.007,-0.017) final_target=(0.923,0.618,-1.435) command_position=(0.923,0.618,-1.435) command_velocity=(0.000,0.000,0.000)
14:16:15.590484 [TRACE] timestamp=7300.268 mode=OFFBOARD actual=(0.895,0.622,-1.402) actual_velocity=(0.019,-0.006,-0.017) final_target=(0.923,0.618,-1.435) command_position=(0.923,0.618,-1.435) command_velocity=(0.000,0.000,0.000)
14:16:15.692043 [TRACE] timestamp=7300.370 mode=OFFBOARD actual=(0.895,0.622,-1.402) actual_velocity=(0.018,-0.006,-0.017) final_target=(0.923,0.618,-1.435) command_position=(0.923,0.618,-1.435) command_velocity=(0.000,0.000,0.000)
14:16:15.796926 [TRACE] timestamp=7300.475 mode=OFFBOARD actual=(0.895,0.622,-1.403) actual_velocity=(0.018,-0.005,-0.016) final_target=(0.923,0.618,-1.435) command_position=(0.923,0.618,-1.435) command_velocity=(0.000,0.000,0.000)
14:16:15.901363 [TRACE] timestamp=7300.579 mode=OFFBOARD actual=(0.894,0.622,-1.403) actual_velocity=(0.017,-0.005,-0.016) final_target=(0.923,0.618,-1.435) command_position=(0.923,0.618,-1.435) command_velocity=(0.000,0.000,0.000)
14:16:16.004314 [TRACE] timestamp=7300.682 mode=OFFBOARD actual=(0.894,0.622,-1.404) actual_velocity=(0.017,-0.004,-0.015) final_target=(0.923,0.618,-1.435) command_position=(0.923,0.618,-1.435) command_velocity=(0.000,0.000,0.000)
14:16:16.106275 [TRACE] timestamp=7300.784 mode=OFFBOARD actual=(0.894,0.622,-1.404) actual_velocity=(0.017,-0.004,-0.015) final_target=(0.923,0.618,-1.435) command_position=(0.923,0.618,-1.435) command_velocity=(0.000,0.000,0.000)
14:16:16.208898 [TRACE] timestamp=7300.887 mode=OFFBOARD actual=(0.893,0.622,-1.405) actual_velocity=(0.017,-0.004,-0.015) final_target=(0.923,0.618,-1.435) command_position=(0.923,0.618,-1.435) command_velocity=(0.000,0.000,0.000)
14:16:16.311466 [TRACE] timestamp=7300.989 mode=OFFBOARD actual=(0.893,0.623,-1.406) actual_velocity=(0.016,-0.003,-0.014) final_target=(0.923,0.618,-1.435) command_position=(0.923,0.618,-1.435) command_velocity=(0.000,0.000,0.000)
14:16:16.413916 [TRACE] timestamp=7301.092 mode=OFFBOARD actual=(0.893,0.623,-1.406) actual_velocity=(0.016,-0.003,-0.014) final_target=(0.923,0.618,-1.435) command_position=(0.923,0.618,-1.435) command_velocity=(0.000,0.000,0.000)
14:16:16.515994 [TRACE] timestamp=7301.194 mode=OFFBOARD actual=(0.893,0.623,-1.407) actual_velocity=(0.016,-0.003,-0.014) final_target=(0.923,0.618,-1.435) command_position=(0.923,0.618,-1.435) command_velocity=(0.000,0.000,0.000)
14:16:16.618787 [TRACE] timestamp=7301.296 mode=OFFBOARD actual=(0.892,0.623,-1.407) actual_velocity=(0.016,-0.003,-0.013) final_target=(0.923,0.618,-1.435) command_position=(0.923,0.618,-1.435) command_velocity=(0.000,0.000,0.000)
14:16:16.723624 [TRACE] timestamp=7301.401 mode=OFFBOARD actual=(0.892,0.623,-1.408) actual_velocity=(0.016,-0.003,-0.013) final_target=(0.923,0.618,-1.435) command_position=(0.923,0.618,-1.435) command_velocity=(0.000,0.000,0.000)
14:16:16.825862 [TRACE] timestamp=7301.504 mode=OFFBOARD actual=(0.892,0.624,-1.408) actual_velocity=(0.016,-0.002,-0.013) final_target=(0.923,0.618,-1.435) command_position=(0.923,0.618,-1.435) command_velocity=(0.000,0.000,0.000)
14:16:16.928465 [TRACE] timestamp=7301.606 mode=OFFBOARD actual=(0.891,0.624,-1.409) actual_velocity=(0.016,-0.002,-0.013) final_target=(0.923,0.618,-1.435) command_position=(0.923,0.618,-1.435) command_velocity=(0.000,0.000,0.000)
14:16:17.031464 [TRACE] timestamp=7301.709 mode=OFFBOARD actual=(0.891,0.624,-1.409) actual_velocity=(0.016,-0.002,-0.012) final_target=(0.923,0.618,-1.435) command_position=(0.923,0.618,-1.435) command_velocity=(0.000,0.000,0.000)
14:16:17.133807 [TRACE] timestamp=7301.811 mode=OFFBOARD actual=(0.891,0.624,-1.409) actual_velocity=(0.016,-0.002,-0.012) final_target=(0.923,0.618,-1.435) command_position=(0.923,0.618,-1.435) command_velocity=(0.000,0.000,0.000)
14:16:17.235555 [TRACE] timestamp=7301.913 mode=OFFBOARD actual=(0.891,0.625,-1.410) actual_velocity=(0.016,-0.002,-0.012) final_target=(0.923,0.618,-1.435) command_position=(0.923,0.618,-1.435) command_velocity=(0.000,0.000,0.000)
14:16:17.336751 [TRACE] timestamp=7302.014 mode=OFFBOARD actual=(0.891,0.625,-1.410) actual_velocity=(0.016,-0.002,-0.012) final_target=(0.923,0.618,-1.435) command_position=(0.923,0.618,-1.435) command_velocity=(0.000,0.000,0.000)
14:16:17.439225 [TRACE] timestamp=7302.117 mode=OFFBOARD actual=(0.890,0.625,-1.411) actual_velocity=(0.016,-0.002,-0.012) final_target=(0.923,0.618,-1.435) command_position=(0.923,0.618,-1.435) command_velocity=(0.000,0.000,0.000)
14:16:17.542139 [TRACE] timestamp=7302.220 mode=OFFBOARD actual=(0.890,0.625,-1.412) actual_velocity=(0.017,-0.002,-0.011) final_target=(0.923,0.618,-1.435) command_position=(0.923,0.618,-1.435) command_velocity=(0.000,0.000,0.000)
14:16:17.643626 [TRACE] timestamp=7302.321 mode=OFFBOARD actual=(0.890,0.625,-1.412) actual_velocity=(0.017,-0.002,-0.011) final_target=(0.923,0.618,-1.435) command_position=(0.923,0.618,-1.435) command_velocity=(0.000,0.000,0.000)
14:16:17.746134 [TRACE] timestamp=7302.424 mode=OFFBOARD actual=(0.890,0.625,-1.412) actual_velocity=(0.017,-0.002,-0.011) final_target=(0.923,0.618,-1.435) command_position=(0.923,0.618,-1.435) command_velocity=(0.000,0.000,0.000)
14:16:17.849061 [TRACE] timestamp=7302.526 mode=OFFBOARD actual=(0.890,0.626,-1.413) actual_velocity=(0.018,-0.002,-0.011) final_target=(0.923,0.618,-1.435) command_position=(0.923,0.618,-1.435) command_velocity=(0.000,0.000,0.000)
14:16:17.951666 [TRACE] timestamp=7302.629 mode=OFFBOARD actual=(0.890,0.626,-1.413) actual_velocity=(0.018,-0.002,-0.010) final_target=(0.923,0.618,-1.435) command_position=(0.923,0.618,-1.435) command_velocity=(0.000,0.000,0.000)
14:16:18.051949 [TRACE] timestamp=7302.730 mode=OFFBOARD actual=(0.890,0.626,-1.414) actual_velocity=(0.018,-0.002,-0.010) final_target=(0.923,0.618,-1.435) command_position=(0.923,0.618,-1.435) command_velocity=(0.000,0.000,0.000)
14:16:18.154720 [TRACE] timestamp=7302.832 mode=OFFBOARD actual=(0.890,0.626,-1.414) actual_velocity=(0.019,-0.002,-0.010) final_target=(0.923,0.618,-1.435) command_position=(0.923,0.618,-1.435) command_velocity=(0.000,0.000,0.000)
14:16:18.256367 [TRACE] timestamp=7302.934 mode=OFFBOARD actual=(0.890,0.626,-1.414) actual_velocity=(0.019,-0.002,-0.010) final_target=(0.923,0.618,-1.435) command_position=(0.923,0.618,-1.435) command_velocity=(0.000,0.000,0.000)
14:16:18.357642 [TRACE] timestamp=7303.035 mode=OFFBOARD actual=(0.890,0.626,-1.415) actual_velocity=(0.019,-0.002,-0.010) final_target=(0.923,0.618,-1.435) command_position=(0.923,0.618,-1.435) command_velocity=(0.000,0.000,0.000)
14:16:18.459198 [TRACE] timestamp=7303.137 mode=OFFBOARD actual=(0.890,0.627,-1.415) actual_velocity=(0.020,-0.003,-0.009) final_target=(0.923,0.618,-1.435) command_position=(0.923,0.618,-1.435) command_velocity=(0.000,0.000,0.000)
14:16:18.560609 [TRACE] timestamp=7303.238 mode=OFFBOARD actual=(0.890,0.627,-1.415) actual_velocity=(0.020,-0.003,-0.009) final_target=(0.923,0.618,-1.435) command_position=(0.923,0.618,-1.435) command_velocity=(0.000,0.000,0.000)
14:16:18.663428 [TRACE] timestamp=7303.341 mode=OFFBOARD actual=(0.890,0.627,-1.416) actual_velocity=(0.020,-0.003,-0.009) final_target=(0.923,0.618,-1.435) command_position=(0.923,0.618,-1.435) command_velocity=(0.000,0.000,0.000)
14:16:18.766475 [TRACE] timestamp=7303.444 mode=OFFBOARD actual=(0.890,0.627,-1.416) actual_velocity=(0.021,-0.003,-0.009) final_target=(0.923,0.618,-1.435) command_position=(0.923,0.618,-1.435) command_velocity=(0.000,0.000,0.000)
14:16:18.873386 [TRACE] timestamp=7303.551 mode=OFFBOARD actual=(0.890,0.627,-1.416) actual_velocity=(0.021,-0.003,-0.009) final_target=(0.923,0.618,-1.435) command_position=(0.923,0.618,-1.435) command_velocity=(0.000,0.000,0.000)
14:16:18.976596 [TRACE] timestamp=7303.654 mode=OFFBOARD actual=(0.891,0.627,-1.417) actual_velocity=(0.021,-0.003,-0.008) final_target=(0.923,0.618,-1.435) command_position=(0.923,0.618,-1.435) command_velocity=(0.000,0.000,0.000)
14:16:19.080122 [TRACE] timestamp=7303.758 mode=OFFBOARD actual=(0.891,0.627,-1.417) actual_velocity=(0.022,-0.004,-0.008) final_target=(0.923,0.618,-1.435) command_position=(0.923,0.618,-1.435) command_velocity=(0.000,0.000,0.000)
14:16:19.183896 [TRACE] timestamp=7303.861 mode=OFFBOARD actual=(0.891,0.627,-1.417) actual_velocity=(0.022,-0.004,-0.008) final_target=(0.923,0.618,-1.435) command_position=(0.923,0.618,-1.435) command_velocity=(0.000,0.000,0.000)
14:16:19.286434 [TRACE] timestamp=7303.964 mode=OFFBOARD actual=(0.892,0.627,-1.418) actual_velocity=(0.023,-0.004,-0.008) final_target=(0.923,0.618,-1.435) command_position=(0.923,0.618,-1.435) command_velocity=(0.000,0.000,0.000)
14:16:19.389723 [TRACE] timestamp=7304.067 mode=OFFBOARD actual=(0.892,0.627,-1.418) actual_velocity=(0.023,-0.004,-0.008) final_target=(0.923,0.618,-1.435) command_position=(0.923,0.618,-1.435) command_velocity=(0.000,0.000,0.000)
14:16:19.494051 [TRACE] timestamp=7304.172 mode=OFFBOARD actual=(0.892,0.627,-1.419) actual_velocity=(0.024,-0.004,-0.008) final_target=(0.923,0.618,-1.435) command_position=(0.923,0.618,-1.435) command_velocity=(0.000,0.000,0.000)
14:16:19.595852 [TRACE] timestamp=7304.273 mode=OFFBOARD actual=(0.893,0.627,-1.419) actual_velocity=(0.024,-0.005,-0.007) final_target=(0.923,0.618,-1.435) command_position=(0.923,0.618,-1.435) command_velocity=(0.000,0.000,0.000)
14:16:19.697033 [TRACE] timestamp=7304.374 mode=OFFBOARD actual=(0.893,0.627,-1.419) actual_velocity=(0.024,-0.005,-0.007) final_target=(0.923,0.618,-1.435) command_position=(0.923,0.618,-1.435) command_velocity=(0.000,0.000,0.000)
14:16:19.801594 [TRACE] timestamp=7304.479 mode=OFFBOARD actual=(0.894,0.627,-1.420) actual_velocity=(0.024,-0.005,-0.007) final_target=(0.923,0.618,-1.435) command_position=(0.923,0.618,-1.435) command_velocity=(0.000,0.000,0.000)
14:16:19.904999 [TRACE] timestamp=7304.583 mode=OFFBOARD actual=(0.894,0.627,-1.420) actual_velocity=(0.024,-0.005,-0.007) final_target=(0.923,0.618,-1.435) command_position=(0.923,0.618,-1.435) command_velocity=(0.000,0.000,0.000)
14:16:20.007802 [TRACE] timestamp=7304.685 mode=OFFBOARD actual=(0.894,0.627,-1.420) actual_velocity=(0.024,-0.005,-0.006) final_target=(0.923,0.618,-1.435) command_position=(0.923,0.618,-1.435) command_velocity=(0.000,0.000,0.000)
14:16:20.110353 [TRACE] timestamp=7304.788 mode=OFFBOARD actual=(0.895,0.627,-1.420) actual_velocity=(0.024,-0.006,-0.006) final_target=(0.923,0.618,-1.435) command_position=(0.923,0.618,-1.435) command_velocity=(0.000,0.000,0.000)
14:16:20.214370 [TRACE] timestamp=7304.892 mode=OFFBOARD actual=(0.895,0.626,-1.421) actual_velocity=(0.025,-0.006,-0.006) final_target=(0.923,0.618,-1.435) command_position=(0.923,0.618,-1.435) command_velocity=(0.000,0.000,0.000)
14:16:20.316103 [TRACE] timestamp=7304.994 mode=OFFBOARD actual=(0.896,0.626,-1.421) actual_velocity=(0.025,-0.006,-0.006) final_target=(0.923,0.618,-1.435) command_position=(0.923,0.618,-1.435) command_velocity=(0.000,0.000,0.000)
14:16:20.418258 [TRACE] timestamp=7305.096 mode=OFFBOARD actual=(0.896,0.626,-1.421) actual_velocity=(0.025,-0.006,-0.006) final_target=(0.923,0.618,-1.435) command_position=(0.923,0.618,-1.435) command_velocity=(0.000,0.000,0.000)
14:16:20.522594 [TRACE] timestamp=7305.200 mode=OFFBOARD actual=(0.897,0.626,-1.421) actual_velocity=(0.025,-0.006,-0.006) final_target=(0.923,0.618,-1.435) command_position=(0.923,0.618,-1.435) command_velocity=(0.000,0.000,0.000)
14:16:20.624383 [TRACE] timestamp=7305.302 mode=OFFBOARD actual=(0.897,0.626,-1.422) actual_velocity=(0.025,-0.007,-0.006) final_target=(0.923,0.618,-1.435) command_position=(0.923,0.618,-1.435) command_velocity=(0.000,0.000,0.000)
14:16:20.726304 [TRACE] timestamp=7305.404 mode=OFFBOARD actual=(0.898,0.626,-1.422) actual_velocity=(0.025,-0.007,-0.006) final_target=(0.923,0.618,-1.435) command_position=(0.923,0.618,-1.435) command_velocity=(0.000,0.000,0.000)
14:16:20.829045 [TRACE] timestamp=7305.507 mode=OFFBOARD actual=(0.898,0.626,-1.422) actual_velocity=(0.025,-0.007,-0.006) final_target=(0.923,0.618,-1.435) command_position=(0.923,0.618,-1.435) command_velocity=(0.000,0.000,0.000)
14:16:20.929691 [TRACE] timestamp=7305.607 mode=OFFBOARD actual=(0.899,0.625,-1.422) actual_velocity=(0.025,-0.007,-0.006) final_target=(0.923,0.618,-1.435) command_position=(0.923,0.618,-1.435) command_velocity=(0.000,0.000,0.000)
14:16:21.032492 [TRACE] timestamp=7305.710 mode=OFFBOARD actual=(0.900,0.625,-1.423) actual_velocity=(0.025,-0.007,-0.005) final_target=(0.923,0.618,-1.435) command_position=(0.923,0.618,-1.435) command_velocity=(0.000,0.000,0.000)
14:16:21.133567 [TRACE] timestamp=7305.811 mode=OFFBOARD actual=(0.900,0.625,-1.423) actual_velocity=(0.025,-0.008,-0.005) final_target=(0.923,0.618,-1.435) command_position=(0.923,0.618,-1.435) command_velocity=(0.000,0.000,0.000)
14:16:21.237720 [TRACE] timestamp=7305.915 mode=OFFBOARD actual=(0.901,0.625,-1.423) actual_velocity=(0.025,-0.008,-0.005) final_target=(0.923,0.618,-1.435) command_position=(0.923,0.618,-1.435) command_velocity=(0.000,0.000,0.000)
14:16:21.339478 [TRACE] timestamp=7306.017 mode=OFFBOARD actual=(0.901,0.624,-1.423) actual_velocity=(0.024,-0.008,-0.005) final_target=(0.923,0.618,-1.435) command_position=(0.923,0.618,-1.435) command_velocity=(0.000,0.000,0.000)
14:16:21.442158 [TRACE] timestamp=7306.120 mode=OFFBOARD actual=(0.902,0.624,-1.423) actual_velocity=(0.024,-0.008,-0.005) final_target=(0.923,0.618,-1.435) command_position=(0.923,0.618,-1.435) command_velocity=(0.000,0.000,0.000)
14:16:21.546908 [TRACE] timestamp=7306.224 mode=OFFBOARD actual=(0.902,0.624,-1.424) actual_velocity=(0.024,-0.008,-0.005) final_target=(0.923,0.618,-1.435) command_position=(0.923,0.618,-1.435) command_velocity=(0.000,0.000,0.000)
14:16:21.648952 [TRACE] timestamp=7306.326 mode=OFFBOARD actual=(0.903,0.624,-1.424) actual_velocity=(0.024,-0.008,-0.005) final_target=(0.923,0.618,-1.435) command_position=(0.923,0.618,-1.435) command_velocity=(0.000,0.000,0.000)
14:16:21.751176 [TRACE] timestamp=7306.429 mode=OFFBOARD actual=(0.903,0.623,-1.424) actual_velocity=(0.024,-0.008,-0.005) final_target=(0.923,0.618,-1.435) command_position=(0.923,0.618,-1.435) command_velocity=(0.000,0.000,0.000)
14:16:21 [INFO] GUI V3 closed
