15:37:27 [激光测距] 已通过 MyLink MAVLink 收到四路距离数据
15:37:27 [电机输出] 已通过 MyLink MAVLink 收到四路电机PWM数据
15:37:27 [贴顶流程] 待机
15:37:29 [成功] PX4已连接：udp:127.0.0.1:14540 系统ID=1 组件ID=1
15:37:29 [离地高度] 已请求3 Hz测距数据流
15:37:29 [成功] 已保存UDP地址：udp:127.0.0.1:14540
15:37:29 [成功] 本地NED坐标原点=(-0.008468764834105968, -0.022434327751398087, -0.15124893188476562)；已启动10 Hz本地位置数据流
15:37:29.511033 [轨迹] 序号=1 单调时间=19904.206466 时间=19904.206 模式=AUTO.LOITER 起飞状态=未执行起飞 水平控制=位置保持 类型掩码=3520 实际位置NED=(-0.008,-0.022,-0.151) 实际速度=(-0.000,-0.000,-0.000) 最终目标=(-0.008,-0.022,-0.151) 指令位置=(-0.008,-0.022,-0.151) 指令速度=(0.000,0.000,0.000) 指令加速度=(0.000,0.000,0.000) 滚转角=-0.07度 俯仰角=-0.09度
15:37:29.613994 [轨迹] 序号=2 单调时间=19904.309590 时间=19904.310 模式=AUTO.LOITER 起飞状态=未执行起飞 水平控制=位置保持 类型掩码=3520 实际位置NED=(-0.008,-0.022,-0.151) 实际速度=(-0.000,-0.000,-0.001) 最终目标=(-0.008,-0.022,-0.151) 指令位置=(-0.008,-0.022,-0.151) 指令速度=(0.000,0.000,0.000) 指令加速度=(0.000,0.000,0.000) 滚转角=-0.07度 俯仰角=-0.09度
15:37:29.716661 [轨迹] 序号=3 单调时间=19904.412140 时间=19904.412 模式=AUTO.LOITER 起飞状态=未执行起飞 水平控制=位置保持 类型掩码=3520 实际位置NED=(-0.009,-0.022,-0.151) 实际速度=(-0.000,-0.000,-0.001) 最终目标=(-0.009,-0.022,-0.151) 指令位置=(-0.009,-0.022,-0.151) 指令速度=(0.000,0.000,0.000) 指令加速度=(0.000,0.000,0.000) 滚转角=-0.07度 俯仰角=-0.09度
15:37:29.819736 [轨迹] 序号=4 单调时间=19904.515168 时间=19904.515 模式=AUTO.LOITER 起飞状态=未执行起飞 水平控制=位置保持 类型掩码=3520 实际位置NED=(-0.009,-0.022,-0.151) 实际速度=(-0.000,-0.000,-0.000) 最终目标=(-0.009,-0.022,-0.151) 指令位置=(-0.009,-0.022,-0.151) 指令速度=(0.000,0.000,0.000) 指令加速度=(0.000,0.000,0.000) 滚转角=-0.07度 俯仰角=-0.09度
15:37:29.922356 [轨迹] 序号=5 单调时间=19904.617910 时间=19904.618 模式=AUTO.LOITER 起飞状态=未执行起飞 水平控制=位置保持 类型掩码=3520 实际位置NED=(-0.009,-0.022,-0.151) 实际速度=(-0.000,-0.000,-0.000) 最终目标=(-0.009,-0.022,-0.151) 指令位置=(-0.009,-0.022,-0.151) 指令速度=(0.000,0.000,0.000) 指令加速度=(0.000,0.000,0.000) 滚转角=-0.07度 俯仰角=-0.09度
15:37:30.024694 [轨迹] 序号=6 单调时间=19904.720284 时间=19904.720 模式=AUTO.LOITER 起飞状态=未执行起飞 水平控制=位置保持 类型掩码=3520 实际位置NED=(-0.009,-0.022,-0.151) 实际速度=(0.000,-0.000,-0.000) 最终目标=(-0.009,-0.022,-0.151) 指令位置=(-0.009,-0.022,-0.151) 指令速度=(0.000,0.000,0.000) 指令加速度=(0.000,0.000,0.000) 滚转角=-0.07度 俯仰角=-0.09度
15:37:30.129059 [轨迹] 序号=7 单调时间=19904.824521 时间=19904.825 模式=AUTO.RTL 起飞状态=未执行起飞 水平控制=位置保持 类型掩码=3520 实际位置NED=(-0.009,-0.022,-0.151) 实际速度=(-0.000,-0.000,-0.000) 最终目标=(-0.009,-0.022,-0.151) 指令位置=(-0.009,-0.022,-0.151) 指令速度=(0.000,0.000,0.000) 指令加速度=(0.000,0.000,0.000) 滚转角=-0.07度 俯仰角=-0.09度
15:37:30.231834 [轨迹] 序号=8 单调时间=19904.927429 时间=19904.927 模式=AUTO.RTL 起飞状态=未执行起飞 水平控制=位置保持 类型掩码=3520 实际位置NED=(-0.009,-0.022,-0.151) 实际速度=(-0.000,-0.000,-0.000) 最终目标=(-0.009,-0.022,-0.151) 指令位置=(-0.009,-0.022,-0.151) 指令速度=(0.000,0.000,0.000) 指令加速度=(0.000,0.000,0.000) 滚转角=-0.07度 俯仰角=-0.09度
15:37:30.335014 [轨迹] 序号=9 单调时间=19905.030521 时间=19905.031 模式=AUTO.RTL 起飞状态=未执行起飞 水平控制=位置保持 类型掩码=3520 实际位置NED=(-0.009,-0.022,-0.151) 实际速度=(-0.000,-0.000,-0.001) 最终目标=(-0.009,-0.022,-0.151) 指令位置=(-0.009,-0.022,-0.151) 指令速度=(0.000,0.000,0.000) 指令加速度=(0.000,0.000,0.000) 滚转角=-0.07度 俯仰角=-0.09度
15:37:30.438038 [轨迹] 序号=10 单调时间=19905.133537 时间=19905.134 模式=AUTO.RTL 起飞状态=未执行起飞 水平控制=位置保持 类型掩码=3520 实际位置NED=(-0.009,-0.022,-0.151) 实际速度=(-0.000,-0.000,-0.001) 最终目标=(-0.009,-0.022,-0.151) 指令位置=(-0.009,-0.022,-0.151) 指令速度=(0.000,0.000,0.000) 指令加速度=(0.000,0.000,0.000) 滚转角=-0.07度 俯仰角=-0.09度
15:37:30.541149 [轨迹] 序号=11 单调时间=19905.236497 时间=19905.236 模式=AUTO.RTL 起飞状态=未执行起飞 水平控制=位置保持 类型掩码=3520 实际位置NED=(-0.009,-0.022,-0.151) 实际速度=(-0.000,-0.000,-0.001) 最终目标=(-0.009,-0.022,-0.151) 指令位置=(-0.009,-0.022,-0.151) 指令速度=(0.000,0.000,0.000) 指令加速度=(0.000,0.000,0.000) 滚转角=-0.07度 俯仰角=-0.09度
15:37:30.643800 [轨迹] 序号=12 单调时间=19905.339314 时间=19905.339 模式=AUTO.RTL 起飞状态=未执行起飞 水平控制=位置保持 类型掩码=3520 实际位置NED=(-0.009,-0.022,-0.151) 实际速度=(-0.000,-0.000,-0.000) 最终目标=(-0.009,-0.022,-0.151) 指令位置=(-0.009,-0.022,-0.151) 指令速度=(0.000,0.000,0.000) 指令加速度=(0.000,0.000,0.000) 滚转角=-0.07度 俯仰角=-0.09度
15:37:30.746387 [轨迹] 序号=13 单调时间=19905.441950 时间=19905.442 模式=AUTO.RTL 起飞状态=未执行起飞 水平控制=位置保持 类型掩码=3520 实际位置NED=(-0.009,-0.022,-0.151) 实际速度=(-0.000,-0.000,-0.001) 最终目标=(-0.009,-0.022,-0.151) 指令位置=(-0.009,-0.022,-0.151) 指令速度=(0.000,0.000,0.000) 指令加速度=(0.000,0.000,0.000) 滚转角=-0.07度 俯仰角=-0.10度
15:37:30.849202 [轨迹] 序号=14 单调时间=19905.544660 时间=19905.545 模式=AUTO.RTL 起飞状态=未执行起飞 水平控制=位置保持 类型掩码=3520 实际位置NED=(-0.009,-0.022,-0.151) 实际速度=(-0.000,-0.000,-0.001) 最终目标=(-0.009,-0.022,-0.151) 指令位置=(-0.009,-0.022,-0.151) 指令速度=(0.000,0.000,0.000) 指令加速度=(0.000,0.000,0.000) 滚转角=-0.07度 俯仰角=-0.10度
15:37:30.953194 [轨迹] 序号=15 单调时间=19905.648670 时间=19905.649 模式=AUTO.RTL 起飞状态=未执行起飞 水平控制=位置保持 类型掩码=3520 实际位置NED=(-0.009,-0.022,-0.151) 实际速度=(-0.000,-0.000,-0.001) 最终目标=(-0.009,-0.022,-0.151) 指令位置=(-0.009,-0.022,-0.151) 指令速度=(0.000,0.000,0.000) 指令加速度=(0.000,0.000,0.000) 滚转角=-0.07度 俯仰角=-0.10度
15:37:31.055975 [轨迹] 序号=16 单调时间=19905.751579 时间=19905.752 模式=AUTO.RTL 起飞状态=未执行起飞 水平控制=位置保持 类型掩码=3520 实际位置NED=(-0.009,-0.022,-0.152) 实际速度=(-0.000,-0.000,-0.001) 最终目标=(-0.009,-0.022,-0.152) 指令位置=(-0.009,-0.022,-0.152) 指令速度=(0.000,0.000,0.000) 指令加速度=(0.000,0.000,0.000) 滚转角=-0.07度 俯仰角=-0.10度
15:37:31.159093 [轨迹] 序号=17 单调时间=19905.854596 时间=19905.855 模式=AUTO.RTL 起飞状态=未执行起飞 水平控制=位置保持 类型掩码=3520 实际位置NED=(-0.009,-0.022,-0.152) 实际速度=(-0.000,-0.000,-0.001) 最终目标=(-0.009,-0.022,-0.152) 指令位置=(-0.009,-0.022,-0.152) 指令速度=(0.000,0.000,0.000) 指令加速度=(0.000,0.000,0.000) 滚转角=-0.07度 俯仰角=-0.10度
15:37:31.261804 [轨迹] 序号=18 单调时间=19905.957297 时间=19905.957 模式=AUTO.RTL 起飞状态=未执行起飞 水平控制=位置保持 类型掩码=3520 实际位置NED=(-0.009,-0.022,-0.152) 实际速度=(-0.000,0.000,-0.001) 最终目标=(-0.009,-0.022,-0.152) 指令位置=(-0.009,-0.022,-0.152) 指令速度=(0.000,0.000,0.000) 指令加速度=(0.000,0.000,0.000) 滚转角=-0.07度 俯仰角=-0.10度
15:37:31.364775 [轨迹] 序号=19 单调时间=19906.060205 时间=19906.060 模式=AUTO.RTL 起飞状态=未执行起飞 水平控制=位置保持 类型掩码=3520 实际位置NED=(-0.009,-0.022,-0.152) 实际速度=(-0.000,-0.000,-0.001) 最终目标=(-0.009,-0.022,-0.152) 指令位置=(-0.009,-0.022,-0.152) 指令速度=(0.000,0.000,0.000) 指令加速度=(0.000,0.000,0.000) 滚转角=-0.07度 俯仰角=-0.09度
15:37:31.467596 [轨迹] 序号=20 单调时间=19906.163026 时间=19906.163 模式=AUTO.RTL 起飞状态=未执行起飞 水平控制=位置保持 类型掩码=3520 实际位置NED=(-0.009,-0.022,-0.152) 实际速度=(-0.000,-0.000,-0.001) 最终目标=(-0.009,-0.022,-0.152) 指令位置=(-0.009,-0.022,-0.152) 指令速度=(0.000,0.000,0.000) 指令加速度=(0.000,0.000,0.000) 滚转角=-0.07度 俯仰角=-0.09度
15:37:31.570897 [轨迹] 序号=21 单调时间=19906.266374 时间=19906.266 模式=AUTO.RTL 起飞状态=未执行起飞 水平控制=位置保持 类型掩码=3520 实际位置NED=(-0.009,-0.022,-0.152) 实际速度=(-0.000,-0.000,-0.001) 最终目标=(-0.009,-0.022,-0.152) 指令位置=(-0.009,-0.022,-0.152) 指令速度=(0.000,0.000,0.000) 指令加速度=(0.000,0.000,0.000) 滚转角=-0.07度 俯仰角=-0.09度
15:37:31.673928 [轨迹] 序号=22 单调时间=19906.369456 时间=19906.369 模式=AUTO.RTL 起飞状态=未执行起飞 水平控制=位置保持 类型掩码=3520 实际位置NED=(-0.009,-0.022,-0.152) 实际速度=(0.000,-0.000,-0.001) 最终目标=(-0.009,-0.022,-0.152) 指令位置=(-0.009,-0.022,-0.152) 指令速度=(0.000,0.000,0.000) 指令加速度=(0.000,0.000,0.000) 滚转角=-0.08度 俯仰角=-0.09度
15:37:31.776529 [轨迹] 序号=23 单调时间=19906.472046 时间=19906.472 模式=AUTO.RTL 起飞状态=未执行起飞 水平控制=位置保持 类型掩码=3520 实际位置NED=(-0.009,-0.022,-0.152) 实际速度=(0.000,-0.000,-0.001) 最终目标=(-0.009,-0.022,-0.152) 指令位置=(-0.009,-0.022,-0.152) 指令速度=(0.000,0.000,0.000) 指令加速度=(0.000,0.000,0.000) 滚转角=-0.08度 俯仰角=-0.09度
15:37:31.879370 [轨迹] 序号=24 单调时间=19906.574627 时间=19906.575 模式=AUTO.RTL 起飞状态=未执行起飞 水平控制=位置保持 类型掩码=3520 实际位置NED=(-0.009,-0.022,-0.152) 实际速度=(-0.000,-0.000,-0.001) 最终目标=(-0.009,-0.022,-0.152) 指令位置=(-0.009,-0.022,-0.152) 指令速度=(0.000,0.000,0.000) 指令加速度=(0.000,0.000,0.000) 滚转角=-0.08度 俯仰角=-0.09度
15:37:31.981774 [轨迹] 序号=25 单调时间=19906.677431 时间=19906.677 模式=AUTO.RTL 起飞状态=未执行起飞 水平控制=位置保持 类型掩码=3520 实际位置NED=(-0.009,-0.022,-0.152) 实际速度=(-0.000,-0.000,-0.001) 最终目标=(-0.009,-0.022,-0.152) 指令位置=(-0.009,-0.022,-0.152) 指令速度=(0.000,0.000,0.000) 指令加速度=(0.000,0.000,0.000) 滚转角=-0.07度 俯仰角=-0.09度
15:37:32.084535 [轨迹] 序号=26 单调时间=19906.780068 时间=19906.780 模式=AUTO.RTL 起飞状态=未执行起飞 水平控制=位置保持 类型掩码=3520 实际位置NED=(-0.008,-0.022,-0.152) 实际速度=(-0.000,-0.000,-0.001) 最终目标=(-0.008,-0.022,-0.152) 指令位置=(-0.008,-0.022,-0.152) 指令速度=(0.000,0.000,0.000) 指令加速度=(0.000,0.000,0.000) 滚转角=-0.07度 俯仰角=-0.09度
15:37:32.187632 [轨迹] 序号=27 单调时间=19906.882972 时间=19906.883 模式=AUTO.RTL 起飞状态=未执行起飞 水平控制=位置保持 类型掩码=3520 实际位置NED=(-0.008,-0.022,-0.152) 实际速度=(0.000,-0.000,-0.001) 最终目标=(-0.008,-0.022,-0.152) 指令位置=(-0.008,-0.022,-0.152) 指令速度=(0.000,0.000,0.000) 指令加速度=(0.000,0.000,0.000) 滚转角=-0.08度 俯仰角=-0.09度
15:37:32.292226 [轨迹] 序号=28 单调时间=19906.987679 时间=19906.988 模式=AUTO.RTL 起飞状态=未执行起飞 水平控制=位置保持 类型掩码=3520 实际位置NED=(-0.008,-0.022,-0.152) 实际速度=(0.000,-0.000,-0.001) 最终目标=(-0.008,-0.022,-0.152) 指令位置=(-0.008,-0.022,-0.152) 指令速度=(0.000,0.000,0.000) 指令加速度=(0.000,0.000,0.000) 滚转角=-0.08度 俯仰角=-0.09度
15:37:32.395806 [轨迹] 序号=29 单调时间=19907.091310 时间=19907.091 模式=AUTO.RTL 起飞状态=未执行起飞 水平控制=位置保持 类型掩码=3520 实际位置NED=(-0.008,-0.022,-0.152) 实际速度=(-0.000,-0.000,-0.001) 最终目标=(-0.008,-0.022,-0.152) 指令位置=(-0.008,-0.022,-0.152) 指令速度=(0.000,0.000,0.000) 指令加速度=(0.000,0.000,0.000) 滚转角=-0.08度 俯仰角=-0.09度
15:37:32.498717 [轨迹] 序号=30 单调时间=19907.194420 时间=19907.194 模式=AUTO.RTL 起飞状态=未执行起飞 水平控制=位置保持 类型掩码=3520 实际位置NED=(-0.008,-0.022,-0.152) 实际速度=(0.000,-0.000,-0.001) 最终目标=(-0.008,-0.022,-0.152) 指令位置=(-0.008,-0.022,-0.152) 指令速度=(0.000,0.000,0.000) 指令加速度=(0.000,0.000,0.000) 滚转角=-0.08度 俯仰角=-0.09度
15:37:32.601913 [轨迹] 序号=31 单调时间=19907.297339 时间=19907.297 模式=AUTO.RTL 起飞状态=未执行起飞 水平控制=位置保持 类型掩码=3520 实际位置NED=(-0.008,-0.022,-0.152) 实际速度=(0.000,-0.000,-0.001) 最终目标=(-0.008,-0.022,-0.152) 指令位置=(-0.008,-0.022,-0.152) 指令速度=(0.000,0.000,0.000) 指令加速度=(0.000,0.000,0.000) 滚转角=-0.08度 俯仰角=-0.09度
15:37:32.704798 [轨迹] 序号=32 单调时间=19907.400082 时间=19907.400 模式=AUTO.RTL 起飞状态=未执行起飞 水平控制=位置保持 类型掩码=3520 实际位置NED=(-0.008,-0.022,-0.152) 实际速度=(0.000,-0.000,-0.001) 最终目标=(-0.008,-0.022,-0.152) 指令位置=(-0.008,-0.022,-0.152) 指令速度=(0.000,0.000,0.000) 指令加速度=(0.000,0.000,0.000) 滚转角=-0.08度 俯仰角=-0.09度
15:37:32.808051 [轨迹] 序号=33 单调时间=19907.503560 时间=19907.504 模式=AUTO.RTL 起飞状态=未执行起飞 水平控制=位置保持 类型掩码=3520 实际位置NED=(-0.008,-0.022,-0.152) 实际速度=(0.000,-0.001,-0.001) 最终目标=(-0.008,-0.022,-0.152) 指令位置=(-0.008,-0.022,-0.152) 指令速度=(0.000,0.000,0.000) 指令加速度=(0.000,0.000,0.000) 滚转角=-0.08度 俯仰角=-0.09度
15:37:32.910618 [轨迹] 序号=34 单调时间=19907.606154 时间=19907.606 模式=AUTO.RTL 起飞状态=未执行起飞 水平控制=位置保持 类型掩码=3520 实际位置NED=(-0.008,-0.022,-0.152) 实际速度=(0.000,-0.000,-0.001) 最终目标=(-0.008,-0.022,-0.152) 指令位置=(-0.008,-0.022,-0.152) 指令速度=(0.000,0.000,0.000) 指令加速度=(0.000,0.000,0.000) 滚转角=-0.08度 俯仰角=-0.09度
15:37:33.013174 [轨迹] 序号=35 单调时间=19907.708671 时间=19907.709 模式=AUTO.RTL 起飞状态=未执行起飞 水平控制=位置保持 类型掩码=3520 实际位置NED=(-0.008,-0.022,-0.152) 实际速度=(0.000,-0.001,-0.001) 最终目标=(-0.008,-0.022,-0.152) 指令位置=(-0.008,-0.022,-0.152) 指令速度=(0.000,0.000,0.000) 指令加速度=(0.000,0.000,0.000) 滚转角=-0.07度 俯仰角=-0.09度
15:37:33.116983 [轨迹] 序号=36 单调时间=19907.812448 时间=19907.812 模式=AUTO.RTL 起飞状态=未执行起飞 水平控制=位置保持 类型掩码=3520 实际位置NED=(-0.008,-0.022,-0.152) 实际速度=(-0.000,-0.001,-0.001) 最终目标=(-0.008,-0.022,-0.152) 指令位置=(-0.008,-0.022,-0.152) 指令速度=(0.000,0.000,0.000) 指令加速度=(0.000,0.000,0.000) 滚转角=-0.08度 俯仰角=-0.09度
15:37:33.219880 [轨迹] 序号=37 单调时间=19907.915239 时间=19907.915 模式=AUTO.RTL 起飞状态=未执行起飞 水平控制=位置保持 类型掩码=3520 实际位置NED=(-0.008,-0.022,-0.152) 实际速度=(-0.000,-0.001,-0.001) 最终目标=(-0.008,-0.022,-0.152) 指令位置=(-0.008,-0.022,-0.152) 指令速度=(0.000,0.000,0.000) 指令加速度=(0.000,0.000,0.000) 滚转角=-0.07度 俯仰角=-0.09度
15:37:33.322942 [轨迹] 序号=38 单调时间=19908.018377 时间=19908.018 模式=AUTO.RTL 起飞状态=未执行起飞 水平控制=位置保持 类型掩码=3520 实际位置NED=(-0.008,-0.022,-0.152) 实际速度=(0.000,-0.001,-0.001) 最终目标=(-0.008,-0.022,-0.152) 指令位置=(-0.008,-0.022,-0.152) 指令速度=(0.000,0.000,0.000) 指令加速度=(0.000,0.000,0.000) 滚转角=-0.07度 俯仰角=-0.09度
15:37:33.425672 [轨迹] 序号=39 单调时间=19908.121145 时间=19908.121 模式=AUTO.RTL 起飞状态=未执行起飞 水平控制=位置保持 类型掩码=3520 实际位置NED=(-0.008,-0.022,-0.152) 实际速度=(0.000,-0.001,-0.001) 最终目标=(-0.008,-0.022,-0.152) 指令位置=(-0.008,-0.022,-0.152) 指令速度=(0.000,0.000,0.000) 指令加速度=(0.000,0.000,0.000) 滚转角=-0.08度 俯仰角=-0.09度
15:37:33.528566 [轨迹] 序号=40 单调时间=19908.223981 时间=19908.224 模式=AUTO.RTL 起飞状态=未执行起飞 水平控制=位置保持 类型掩码=3520 实际位置NED=(-0.008,-0.022,-0.152) 实际速度=(0.000,-0.000,-0.001) 最终目标=(-0.008,-0.022,-0.152) 指令位置=(-0.008,-0.022,-0.152) 指令速度=(0.000,0.000,0.000) 指令加速度=(0.000,0.000,0.000) 滚转角=-0.07度 俯仰角=-0.09度
15:37:33.632956 [轨迹] 序号=41 单调时间=19908.328307 时间=19908.328 模式=AUTO.RTL 起飞状态=未执行起飞 水平控制=位置保持 类型掩码=3520 实际位置NED=(-0.008,-0.022,-0.152) 实际速度=(0.000,-0.001,-0.001) 最终目标=(-0.008,-0.022,-0.152) 指令位置=(-0.008,-0.022,-0.152) 指令速度=(0.000,0.000,0.000) 指令加速度=(0.000,0.000,0.000) 滚转角=-0.07度 俯仰角=-0.09度
15:37:33.735760 [轨迹] 序号=42 单调时间=19908.431308 时间=19908.431 模式=AUTO.RTL 起飞状态=未执行起飞 水平控制=位置保持 类型掩码=3520 实际位置NED=(-0.008,-0.022,-0.152) 实际速度=(0.000,-0.000,-0.000) 最终目标=(-0.008,-0.022,-0.152) 指令位置=(-0.008,-0.022,-0.152) 指令速度=(0.000,0.000,0.000) 指令加速度=(0.000,0.000,0.000) 滚转角=-0.07度 俯仰角=-0.09度
15:37:33.838282 [轨迹] 序号=43 单调时间=19908.533723 时间=19908.534 模式=AUTO.RTL 起飞状态=未执行起飞 水平控制=位置保持 类型掩码=3520 实际位置NED=(-0.008,-0.022,-0.152) 实际速度=(0.000,-0.001,-0.000) 最终目标=(-0.008,-0.022,-0.152) 指令位置=(-0.008,-0.022,-0.152) 指令速度=(0.000,0.000,0.000) 指令加速度=(0.000,0.000,0.000) 滚转角=-0.07度 俯仰角=-0.09度
15:37:33.941219 [轨迹] 序号=44 单调时间=19908.636739 时间=19908.637 模式=AUTO.RTL 起飞状态=未执行起飞 水平控制=位置保持 类型掩码=3520 实际位置NED=(-0.008,-0.022,-0.151) 实际速度=(0.000,-0.001,-0.000) 最终目标=(-0.008,-0.022,-0.151) 指令位置=(-0.008,-0.022,-0.151) 指令速度=(0.000,0.000,0.000) 指令加速度=(0.000,0.000,0.000) 滚转角=-0.07度 俯仰角=-0.09度
15:37:34.044342 [轨迹] 序号=45 单调时间=19908.739739 时间=19908.740 模式=AUTO.RTL 起飞状态=未执行起飞 水平控制=位置保持 类型掩码=3520 实际位置NED=(-0.008,-0.022,-0.151) 实际速度=(0.000,-0.001,-0.000) 最终目标=(-0.008,-0.022,-0.151) 指令位置=(-0.008,-0.022,-0.151) 指令速度=(0.000,0.000,0.000) 指令加速度=(0.000,0.000,0.000) 滚转角=-0.07度 俯仰角=-0.09度
15:37:34.148810 [轨迹] 序号=46 单调时间=19908.844304 时间=19908.844 模式=AUTO.RTL 起飞状态=未执行起飞 水平控制=位置保持 类型掩码=3520 实际位置NED=(-0.008,-0.022,-0.151) 实际速度=(0.000,-0.001,0.000) 最终目标=(-0.008,-0.022,-0.151) 指令位置=(-0.008,-0.022,-0.151) 指令速度=(0.000,0.000,0.000) 指令加速度=(0.000,0.000,0.000) 滚转角=-0.07度 俯仰角=-0.09度
15:37:34.251314 [轨迹] 序号=47 单调时间=19908.946805 时间=19908.947 模式=AUTO.RTL 起飞状态=未执行起飞 水平控制=位置保持 类型掩码=3520 实际位置NED=(-0.008,-0.022,-0.151) 实际速度=(0.000,-0.001,-0.000) 最终目标=(-0.008,-0.022,-0.151) 指令位置=(-0.008,-0.022,-0.151) 指令速度=(0.000,0.000,0.000) 指令加速度=(0.000,0.000,0.000) 滚转角=-0.07度 俯仰角=-0.09度
15:37:34.353788 [轨迹] 序号=48 单调时间=19909.049309 时间=19909.049 模式=AUTO.RTL 起飞状态=未执行起飞 水平控制=位置保持 类型掩码=3520 实际位置NED=(-0.008,-0.022,-0.151) 实际速度=(0.000,-0.001,0.000) 最终目标=(-0.008,-0.022,-0.151) 指令位置=(-0.008,-0.022,-0.151) 指令速度=(0.000,0.000,0.000) 指令加速度=(0.000,0.000,0.000) 滚转角=-0.07度 俯仰角=-0.09度
15:37:34.455943 [轨迹] 序号=49 单调时间=19909.151605 时间=19909.152 模式=AUTO.RTL 起飞状态=未执行起飞 水平控制=位置保持 类型掩码=3520 实际位置NED=(-0.008,-0.022,-0.151) 实际速度=(0.000,-0.001,0.000) 最终目标=(-0.008,-0.022,-0.151) 指令位置=(-0.008,-0.022,-0.151) 指令速度=(0.000,0.000,0.000) 指令加速度=(0.000,0.000,0.000) 滚转角=-0.07度 俯仰角=-0.09度
15:37:34.558604 [轨迹] 序号=50 单调时间=19909.254113 时间=19909.254 模式=AUTO.RTL 起飞状态=未执行起飞 水平控制=位置保持 类型掩码=3520 实际位置NED=(-0.008,-0.022,-0.151) 实际速度=(0.000,-0.001,0.000) 最终目标=(-0.008,-0.022,-0.151) 指令位置=(-0.008,-0.022,-0.151) 指令速度=(0.000,0.000,0.000) 指令加速度=(0.000,0.000,0.000) 滚转角=-0.07度 俯仰角=-0.09度
15:37:34.661128 [轨迹] 序号=51 单调时间=19909.356614 时间=19909.357 模式=AUTO.RTL 起飞状态=未执行起飞 水平控制=位置保持 类型掩码=3520 实际位置NED=(-0.008,-0.022,-0.151) 实际速度=(0.000,-0.001,0.000) 最终目标=(-0.008,-0.022,-0.151) 指令位置=(-0.008,-0.022,-0.151) 指令速度=(0.000,0.000,0.000) 指令加速度=(0.000,0.000,0.000) 滚转角=-0.07度 俯仰角=-0.09度
15:37:34.763607 [轨迹] 序号=52 单调时间=19909.459128 时间=19909.459 模式=AUTO.RTL 起飞状态=未执行起飞 水平控制=位置保持 类型掩码=3520 实际位置NED=(-0.008,-0.022,-0.151) 实际速度=(0.000,-0.001,0.000) 最终目标=(-0.008,-0.022,-0.151) 指令位置=(-0.008,-0.022,-0.151) 指令速度=(0.000,0.000,0.000) 指令加速度=(0.000,0.000,0.000) 滚转角=-0.07度 俯仰角=-0.09度
15:37:34.866265 [轨迹] 序号=53 单调时间=19909.561637 时间=19909.562 模式=AUTO.RTL 起飞状态=未执行起飞 水平控制=位置保持 类型掩码=3520 实际位置NED=(-0.008,-0.022,-0.151) 实际速度=(0.000,-0.000,0.000) 最终目标=(-0.008,-0.022,-0.151) 指令位置=(-0.008,-0.022,-0.151) 指令速度=(0.000,0.000,0.000) 指令加速度=(0.000,0.000,0.000) 滚转角=-0.07度 俯仰角=-0.09度
15:37:34.968991 [轨迹] 序号=54 单调时间=19909.664507 时间=19909.665 模式=AUTO.RTL 起飞状态=未执行起飞 水平控制=位置保持 类型掩码=3520 实际位置NED=(-0.008,-0.022,-0.151) 实际速度=(0.000,-0.000,-0.000) 最终目标=(-0.008,-0.022,-0.151) 指令位置=(-0.008,-0.022,-0.151) 指令速度=(0.000,0.000,0.000) 指令加速度=(0.000,0.000,0.000) 滚转角=-0.08度 俯仰角=-0.09度
15:37:35.072828 [轨迹] 序号=55 单调时间=19909.767695 时间=19909.768 模式=AUTO.RTL 起飞状态=未执行起飞 水平控制=位置保持 类型掩码=3520 实际位置NED=(-0.008,-0.022,-0.151) 实际速度=(0.000,-0.000,0.000) 最终目标=(-0.008,-0.022,-0.151) 指令位置=(-0.008,-0.022,-0.151) 指令速度=(0.000,0.000,0.000) 指令加速度=(0.000,0.000,0.000) 滚转角=-0.08度 俯仰角=-0.09度
15:37:35.176135 [轨迹] 序号=56 单调时间=19909.871313 时间=19909.871 模式=AUTO.RTL 起飞状态=未执行起飞 水平控制=位置保持 类型掩码=3520 实际位置NED=(-0.008,-0.021,-0.151) 实际速度=(0.000,-0.000,0.000) 最终目标=(-0.008,-0.021,-0.151) 指令位置=(-0.008,-0.021,-0.151) 指令速度=(0.000,0.000,0.000) 指令加速度=(0.000,0.000,0.000) 滚转角=-0.08度 俯仰角=-0.09度
15:37:35.277998 [轨迹] 序号=57 单调时间=19909.973420 时间=19909.973 模式=AUTO.RTL 起飞状态=未执行起飞 水平控制=位置保持 类型掩码=3520 实际位置NED=(-0.008,-0.021,-0.151) 实际速度=(0.000,-0.000,0.000) 最终目标=(-0.008,-0.021,-0.151) 指令位置=(-0.008,-0.021,-0.151) 指令速度=(0.000,0.000,0.000) 指令加速度=(0.000,0.000,0.000) 滚转角=-0.08度 俯仰角=-0.09度
15:37:35.381060 [轨迹] 序号=58 单调时间=19910.076528 时间=19910.077 模式=AUTO.RTL 起飞状态=未执行起飞 水平控制=位置保持 类型掩码=3520 实际位置NED=(-0.008,-0.021,-0.151) 实际速度=(0.000,-0.000,0.000) 最终目标=(-0.008,-0.021,-0.151) 指令位置=(-0.008,-0.021,-0.151) 指令速度=(0.000,0.000,0.000) 指令加速度=(0.000,0.000,0.000) 滚转角=-0.08度 俯仰角=-0.09度
15:37:35.483747 [轨迹] 序号=59 单调时间=19910.179207 时间=19910.179 模式=AUTO.RTL 起飞状态=未执行起飞 水平控制=位置保持 类型掩码=3520 实际位置NED=(-0.008,-0.021,-0.151) 实际速度=(-0.000,-0.000,0.000) 最终目标=(-0.008,-0.021,-0.151) 指令位置=(-0.008,-0.021,-0.151) 指令速度=(0.000,0.000,0.000) 指令加速度=(0.000,0.000,0.000) 滚转角=-0.08度 俯仰角=-0.09度
15:37:35.587075 [轨迹] 序号=60 单调时间=19910.282596 时间=19910.283 模式=AUTO.RTL 起飞状态=未执行起飞 水平控制=位置保持 类型掩码=3520 实际位置NED=(-0.008,-0.021,-0.151) 实际速度=(-0.000,-0.000,0.000) 最终目标=(-0.008,-0.021,-0.151) 指令位置=(-0.008,-0.021,-0.151) 指令速度=(0.000,0.000,0.000) 指令加速度=(0.000,0.000,0.000) 滚转角=-0.08度 俯仰角=-0.09度
15:37:35.689403 [轨迹] 序号=61 单调时间=19910.384984 时间=19910.385 模式=AUTO.RTL 起飞状态=未执行起飞 水平控制=位置保持 类型掩码=3520 实际位置NED=(-0.008,-0.021,-0.151) 实际速度=(-0.000,-0.000,0.000) 最终目标=(-0.008,-0.021,-0.151) 指令位置=(-0.008,-0.021,-0.151) 指令速度=(0.000,0.000,0.000) 指令加速度=(0.000,0.000,0.000) 滚转角=-0.08度 俯仰角=-0.09度
15:37:35.792654 [轨迹] 序号=62 单调时间=19910.487983 时间=19910.488 模式=AUTO.RTL 起飞状态=未执行起飞 水平控制=位置保持 类型掩码=3520 实际位置NED=(-0.008,-0.021,-0.151) 实际速度=(-0.000,-0.000,0.000) 最终目标=(-0.008,-0.021,-0.151) 指令位置=(-0.008,-0.021,-0.151) 指令速度=(0.000,0.000,0.000) 指令加速度=(0.000,0.000,0.000) 滚转角=-0.08度 俯仰角=-0.09度
15:37:35.895464 [轨迹] 序号=63 单调时间=19910.590988 时间=19910.591 模式=AUTO.RTL 起飞状态=未执行起飞 水平控制=位置保持 类型掩码=3520 实际位置NED=(-0.008,-0.021,-0.151) 实际速度=(0.000,-0.000,0.000) 最终目标=(-0.008,-0.021,-0.151) 指令位置=(-0.008,-0.021,-0.151) 指令速度=(0.000,0.000,0.000) 指令加速度=(0.000,0.000,0.000) 滚转角=-0.08度 俯仰角=-0.10度
15:37:35.998361 [轨迹] 序号=64 单调时间=19910.693894 时间=19910.694 模式=AUTO.RTL 起飞状态=未执行起飞 水平控制=位置保持 类型掩码=3520 实际位置NED=(-0.008,-0.021,-0.151) 实际速度=(0.000,-0.000,0.000) 最终目标=(-0.008,-0.021,-0.151) 指令位置=(-0.008,-0.021,-0.151) 指令速度=(0.000,0.000,0.000) 指令加速度=(0.000,0.000,0.000) 滚转角=-0.08度 俯仰角=-0.10度
15:37:36.100896 [轨迹] 序号=65 单调时间=19910.796413 时间=19910.796 模式=AUTO.RTL 起飞状态=未执行起飞 水平控制=位置保持 类型掩码=3520 实际位置NED=(-0.008,-0.021,-0.151) 实际速度=(0.000,-0.000,0.000) 最终目标=(-0.008,-0.021,-0.151) 指令位置=(-0.008,-0.021,-0.151) 指令速度=(0.000,0.000,0.000) 指令加速度=(0.000,0.000,0.000) 滚转角=-0.08度 俯仰角=-0.10度
15:37:36.203522 [轨迹] 序号=66 单调时间=19910.899098 时间=19910.899 模式=AUTO.RTL 起飞状态=未执行起飞 水平控制=位置保持 类型掩码=3520 实际位置NED=(-0.008,-0.021,-0.151) 实际速度=(0.000,-0.000,0.000) 最终目标=(-0.008,-0.021,-0.151) 指令位置=(-0.008,-0.021,-0.151) 指令速度=(0.000,0.000,0.000) 指令加速度=(0.000,0.000,0.000) 滚转角=-0.08度 俯仰角=-0.10度
15:37:36.305924 [轨迹] 序号=67 单调时间=19911.001477 时间=19911.001 模式=AUTO.RTL 起飞状态=未执行起飞 水平控制=位置保持 类型掩码=3520 实际位置NED=(-0.008,-0.021,-0.151) 实际速度=(-0.000,-0.000,0.000) 最终目标=(-0.008,-0.021,-0.151) 指令位置=(-0.008,-0.021,-0.151) 指令速度=(0.000,0.000,0.000) 指令加速度=(0.000,0.000,0.000) 滚转角=-0.07度 俯仰角=-0.10度
15:37:36.408543 [轨迹] 序号=68 单调时间=19911.104057 时间=19911.104 模式=AUTO.RTL 起飞状态=未执行起飞 水平控制=位置保持 类型掩码=3520 实际位置NED=(-0.008,-0.021,-0.151) 实际速度=(0.000,-0.000,0.000) 最终目标=(-0.008,-0.021,-0.151) 指令位置=(-0.008,-0.021,-0.151) 指令速度=(0.000,0.000,0.000) 指令加速度=(0.000,0.000,0.000) 滚转角=-0.07度 俯仰角=-0.10度
15:37:36.511482 [轨迹] 序号=69 单调时间=19911.206938 时间=19911.207 模式=AUTO.RTL 起飞状态=未执行起飞 水平控制=位置保持 类型掩码=3520 实际位置NED=(-0.008,-0.021,-0.151) 实际速度=(0.000,-0.000,0.000) 最终目标=(-0.008,-0.021,-0.151) 指令位置=(-0.008,-0.021,-0.151) 指令速度=(0.000,0.000,0.000) 指令加速度=(0.000,0.000,0.000) 滚转角=-0.07度 俯仰角=-0.10度
15:37:36.614029 [轨迹] 序号=70 单调时间=19911.309451 时间=19911.309 模式=AUTO.RTL 起飞状态=未执行起飞 水平控制=位置保持 类型掩码=3520 实际位置NED=(-0.008,-0.021,-0.151) 实际速度=(0.000,-0.000,0.000) 最终目标=(-0.008,-0.021,-0.151) 指令位置=(-0.008,-0.021,-0.151) 指令速度=(0.000,0.000,0.000) 指令加速度=(0.000,0.000,0.000) 滚转角=-0.07度 俯仰角=-0.10度
15:37:36.716370 [轨迹] 序号=71 单调时间=19911.411873 时间=19911.412 模式=AUTO.RTL 起飞状态=未执行起飞 水平控制=位置保持 类型掩码=3520 实际位置NED=(-0.008,-0.021,-0.151) 实际速度=(0.000,-0.000,0.000) 最终目标=(-0.008,-0.021,-0.151) 指令位置=(-0.008,-0.021,-0.151) 指令速度=(0.000,0.000,0.000) 指令加速度=(0.000,0.000,0.000) 滚转角=-0.07度 俯仰角=-0.10度
15:37:36.819204 [轨迹] 序号=72 单调时间=19911.514641 时间=19911.515 模式=AUTO.RTL 起飞状态=未执行起飞 水平控制=位置保持 类型掩码=3520 实际位置NED=(-0.008,-0.021,-0.151) 实际速度=(0.000,-0.000,0.000) 最终目标=(-0.008,-0.021,-0.151) 指令位置=(-0.008,-0.021,-0.151) 指令速度=(0.000,0.000,0.000) 指令加速度=(0.000,0.000,0.000) 滚转角=-0.07度 俯仰角=-0.10度
15:37:36.921734 [轨迹] 序号=73 单调时间=19911.617258 时间=19911.617 模式=AUTO.RTL 起飞状态=未执行起飞 水平控制=位置保持 类型掩码=3520 实际位置NED=(-0.008,-0.021,-0.151) 实际速度=(0.000,-0.000,0.000) 最终目标=(-0.008,-0.021,-0.151) 指令位置=(-0.008,-0.021,-0.151) 指令速度=(0.000,0.000,0.000) 指令加速度=(0.000,0.000,0.000) 滚转角=-0.07度 俯仰角=-0.10度
15:37:37.028580 [轨迹] 序号=74 单调时间=19911.719286 时间=19911.719 模式=AUTO.RTL 起飞状态=未执行起飞 水平控制=位置保持 类型掩码=3520 实际位置NED=(-0.008,-0.021,-0.151) 实际速度=(0.000,-0.000,0.000) 最终目标=(-0.008,-0.021,-0.151) 指令位置=(-0.008,-0.021,-0.151) 指令速度=(0.000,0.000,0.000) 指令加速度=(0.000,0.000,0.000) 滚转角=-0.07度 俯仰角=-0.10度
15:37:37.127509 [轨迹] 序号=75 单调时间=19911.822962 时间=19911.823 模式=AUTO.RTL 起飞状态=未执行起飞 水平控制=位置保持 类型掩码=3520 实际位置NED=(-0.008,-0.021,-0.151) 实际速度=(0.000,-0.000,0.001) 最终目标=(-0.008,-0.021,-0.151) 指令位置=(-0.008,-0.021,-0.151) 指令速度=(0.000,0.000,0.000) 指令加速度=(0.000,0.000,0.000) 滚转角=-0.07度 俯仰角=-0.10度
15:37:37.230042 [轨迹] 序号=76 单调时间=19911.925524 时间=19911.926 模式=AUTO.RTL 起飞状态=未执行起飞 水平控制=位置保持 类型掩码=3520 实际位置NED=(-0.008,-0.021,-0.151) 实际速度=(0.000,-0.000,0.001) 最终目标=(-0.008,-0.021,-0.151) 指令位置=(-0.008,-0.021,-0.151) 指令速度=(0.000,0.000,0.000) 指令加速度=(0.000,0.000,0.000) 滚转角=-0.07度 俯仰角=-0.10度
15:37:37.333484 [轨迹] 序号=77 单调时间=19912.028995 时间=19912.029 模式=AUTO.RTL 起飞状态=未执行起飞 水平控制=位置保持 类型掩码=3520 实际位置NED=(-0.008,-0.021,-0.151) 实际速度=(0.001,-0.000,0.001) 最终目标=(-0.008,-0.021,-0.151) 指令位置=(-0.008,-0.021,-0.151) 指令速度=(0.000,0.000,0.000) 指令加速度=(0.000,0.000,0.000) 滚转角=-0.07度 俯仰角=-0.10度
15:37:37.436383 [轨迹] 序号=78 单调时间=19912.131881 时间=19912.132 模式=AUTO.RTL 起飞状态=未执行起飞 水平控制=位置保持 类型掩码=3520 实际位置NED=(-0.008,-0.021,-0.151) 实际速度=(0.001,-0.000,0.001) 最终目标=(-0.008,-0.021,-0.151) 指令位置=(-0.008,-0.021,-0.151) 指令速度=(0.000,0.000,0.000) 指令加速度=(0.000,0.000,0.000) 滚转角=-0.07度 俯仰角=-0.10度
15:37:37.539524 [轨迹] 序号=79 单调时间=19912.235047 时间=19912.235 模式=AUTO.RTL 起飞状态=未执行起飞 水平控制=位置保持 类型掩码=3520 实际位置NED=(-0.008,-0.020,-0.151) 实际速度=(0.001,-0.000,0.001) 最终目标=(-0.008,-0.020,-0.151) 指令位置=(-0.008,-0.020,-0.151) 指令速度=(0.000,0.000,0.000) 指令加速度=(0.000,0.000,0.000) 滚转角=-0.07度 俯仰角=-0.10度
15:37:38.613803 [轨迹] 序号=80 单调时间=19912.338083 时间=19912.338 模式=AUTO.RTL 起飞状态=未执行起飞 水平控制=位置保持 类型掩码=3520 实际位置NED=(-0.008,-0.020,-0.151) 实际速度=(0.001,-0.000,0.001) 最终目标=(-0.008,-0.020,-0.151) 指令位置=(-0.008,-0.020,-0.151) 指令速度=(0.000,0.000,0.000) 指令加速度=(0.000,0.000,0.000) 滚转角=-0.07度 俯仰角=-0.10度
15:37:38.716527 [轨迹] 序号=81 单调时间=19912.440672 时间=19912.441 模式=AUTO.RTL 起飞状态=未执行起飞 水平控制=位置保持 类型掩码=3520 实际位置NED=(-0.008,-0.020,-0.151) 实际速度=(0.001,-0.000,0.001) 最终目标=(-0.008,-0.020,-0.151) 指令位置=(-0.008,-0.020,-0.151) 指令速度=(0.000,0.000,0.000) 指令加速度=(0.000,0.000,0.000) 滚转角=-0.07度 俯仰角=-0.10度
15:37:38 [模式] 已进入OFFBOARD；最终目标和当前指令已锁定到飞机当前位置
15:37:38.819388 [轨迹] 序号=82 单调时间=19912.543621 时间=19912.544 模式=OFFBOARD 起飞状态=未执行起飞 水平控制=位置保持 类型掩码=3520 实际位置NED=(-0.008,-0.020,-0.151) 实际速度=(0.000,-0.000,0.001) 最终目标=(-0.008,-0.020,-0.151) 指令位置=(-0.008,-0.020,-0.151) 指令速度=(0.000,0.000,0.000) 指令加速度=(0.000,0.000,0.000) 滚转角=-0.07度 俯仰角=-0.10度
15:37:38.922073 [轨迹] 序号=83 单调时间=19912.646301 时间=19912.646 模式=OFFBOARD 起飞状态=未执行起飞 水平控制=位置保持 类型掩码=3520 实际位置NED=(-0.008,-0.020,-0.151) 实际速度=(0.000,-0.000,0.001) 最终目标=(-0.008,-0.020,-0.151) 指令位置=(-0.008,-0.020,-0.151) 指令速度=(0.000,0.000,0.000) 指令加速度=(0.000,0.000,0.000) 滚转角=-0.07度 俯仰角=-0.10度
15:37:39.025618 [轨迹] 序号=84 单调时间=19912.749198 时间=19912.749 模式=OFFBOARD 起飞状态=未执行起飞 水平控制=位置保持 类型掩码=3520 实际位置NED=(-0.008,-0.020,-0.151) 实际速度=(0.000,-0.000,0.001) 最终目标=(-0.008,-0.020,-0.151) 指令位置=(-0.008,-0.020,-0.151) 指令速度=(0.000,0.000,0.000) 指令加速度=(0.000,0.000,0.000) 滚转角=-0.07度 俯仰角=-0.10度
15:37:39.127994 [轨迹] 序号=85 单调时间=19912.852338 时间=19912.852 模式=OFFBOARD 起飞状态=未执行起飞 水平控制=位置保持 类型掩码=3520 实际位置NED=(-0.008,-0.020,-0.151) 实际速度=(0.000,-0.000,0.001) 最终目标=(-0.008,-0.020,-0.151) 指令位置=(-0.008,-0.020,-0.151) 指令速度=(0.000,0.000,0.000) 指令加速度=(0.000,0.000,0.000) 滚转角=-0.07度 俯仰角=-0.10度
15:37:39.230916 [轨迹] 序号=86 单调时间=19912.955014 时间=19912.955 模式=OFFBOARD 起飞状态=未执行起飞 水平控制=位置保持 类型掩码=3520 实际位置NED=(-0.008,-0.020,-0.150) 实际速度=(0.000,-0.000,0.001) 最终目标=(-0.008,-0.020,-0.151) 指令位置=(-0.008,-0.020,-0.151) 指令速度=(0.000,0.000,0.000) 指令加速度=(0.000,0.000,0.000) 滚转角=-0.07度 俯仰角=-0.10度
15:37:39.333597 [轨迹] 序号=87 单调时间=19913.057768 时间=19913.058 模式=OFFBOARD 起飞状态=未执行起飞 水平控制=位置保持 类型掩码=3520 实际位置NED=(-0.008,-0.020,-0.150) 实际速度=(0.000,-0.000,0.001) 最终目标=(-0.008,-0.020,-0.151) 指令位置=(-0.008,-0.020,-0.151) 指令速度=(0.000,0.000,0.000) 指令加速度=(0.000,0.000,0.000) 滚转角=-0.07度 俯仰角=-0.10度
15:37:39.437290 [轨迹] 序号=88 单调时间=19913.161612 时间=19913.162 模式=OFFBOARD 起飞状态=未执行起飞 水平控制=位置保持 类型掩码=3520 实际位置NED=(-0.008,-0.020,-0.150) 实际速度=(0.000,-0.000,0.001) 最终目标=(-0.008,-0.020,-0.151) 指令位置=(-0.008,-0.020,-0.151) 指令速度=(0.000,0.000,0.000) 指令加速度=(0.000,0.000,0.000) 滚转角=-0.07度 俯仰角=-0.10度
15:37:39.540151 [轨迹] 序号=89 单调时间=19913.264391 时间=19913.264 模式=OFFBOARD 起飞状态=未执行起飞 水平控制=位置保持 类型掩码=3520 实际位置NED=(-0.008,-0.020,-0.150) 实际速度=(0.000,-0.000,0.001) 最终目标=(-0.008,-0.020,-0.151) 指令位置=(-0.008,-0.020,-0.151) 指令速度=(0.000,0.000,0.000) 指令加速度=(0.000,0.000,0.000) 滚转角=-0.07度 俯仰角=-0.10度
15:37:39.641457 [轨迹] 序号=90 单调时间=19913.365776 时间=19913.366 模式=OFFBOARD 起飞状态=未执行起飞 水平控制=位置保持 类型掩码=3520 实际位置NED=(-0.008,-0.020,-0.150) 实际速度=(0.000,-0.000,0.001) 最终目标=(-0.008,-0.020,-0.151) 指令位置=(-0.008,-0.020,-0.151) 指令速度=(0.000,0.000,0.000) 指令加速度=(0.000,0.000,0.000) 滚转角=-0.07度 俯仰角=-0.10度
15:37:39.744582 [轨迹] 序号=91 单调时间=19913.468696 时间=19913.469 模式=OFFBOARD 起飞状态=未执行起飞 水平控制=位置保持 类型掩码=3520 实际位置NED=(-0.008,-0.020,-0.150) 实际速度=(-0.000,-0.000,0.001) 最终目标=(-0.008,-0.020,-0.151) 指令位置=(-0.008,-0.020,-0.151) 指令速度=(0.000,0.000,0.000) 指令加速度=(0.000,0.000,0.000) 滚转角=-0.07度 俯仰角=-0.10度
15:37:39.847976 [轨迹] 序号=92 单调时间=19913.572256 时间=19913.572 模式=OFFBOARD 起飞状态=未执行起飞 水平控制=位置保持 类型掩码=3520 实际位置NED=(-0.008,-0.020,-0.150) 实际速度=(0.000,-0.000,0.001) 最终目标=(-0.008,-0.020,-0.151) 指令位置=(-0.008,-0.020,-0.151) 指令速度=(0.000,0.000,0.000) 指令加速度=(0.000,0.000,0.000) 滚转角=-0.07度 俯仰角=-0.10度
15:37:39.951533 [轨迹] 序号=93 单调时间=19913.675790 时间=19913.676 模式=OFFBOARD 起飞状态=未执行起飞 水平控制=位置保持 类型掩码=3520 实际位置NED=(-0.008,-0.020,-0.150) 实际速度=(0.000,0.000,0.001) 最终目标=(-0.008,-0.020,-0.151) 指令位置=(-0.008,-0.020,-0.151) 指令速度=(0.000,0.000,0.000) 指令加速度=(0.000,0.000,0.000) 滚转角=-0.07度 俯仰角=-0.10度
15:37:40.053992 [轨迹] 序号=94 单调时间=19913.778312 时间=19913.778 模式=OFFBOARD 起飞状态=未执行起飞 水平控制=位置保持 类型掩码=3520 实际位置NED=(-0.008,-0.020,-0.150) 实际速度=(0.000,0.000,0.001) 最终目标=(-0.008,-0.020,-0.151) 指令位置=(-0.008,-0.020,-0.151) 指令速度=(0.000,0.000,0.000) 指令加速度=(0.000,0.000,0.000) 滚转角=-0.07度 俯仰角=-0.10度
15:37:40.156371 [轨迹] 序号=95 单调时间=19913.880669 时间=19913.881 模式=OFFBOARD 起飞状态=未执行起飞 水平控制=位置保持 类型掩码=3520 实际位置NED=(-0.008,-0.020,-0.150) 实际速度=(-0.000,0.000,0.001) 最终目标=(-0.008,-0.020,-0.151) 指令位置=(-0.008,-0.020,-0.151) 指令速度=(0.000,0.000,0.000) 指令加速度=(0.000,0.000,0.000) 滚转角=-0.07度 俯仰角=-0.10度
15:37:40.259158 [轨迹] 序号=96 单调时间=19913.983400 时间=19913.983 模式=OFFBOARD 起飞状态=未执行起飞 水平控制=位置保持 类型掩码=3520 实际位置NED=(-0.008,-0.020,-0.150) 实际速度=(-0.000,0.000,0.001) 最终目标=(-0.008,-0.020,-0.151) 指令位置=(-0.008,-0.020,-0.151) 指令速度=(0.000,0.000,0.000) 指令加速度=(0.000,0.000,0.000) 滚转角=-0.07度 俯仰角=-0.10度
15:37:40.364146 [轨迹] 序号=97 单调时间=19914.088457 时间=19914.088 模式=OFFBOARD 起飞状态=未执行起飞 水平控制=位置保持 类型掩码=3520 实际位置NED=(-0.008,-0.020,-0.150) 实际速度=(-0.000,0.000,0.001) 最终目标=(-0.008,-0.020,-0.151) 指令位置=(-0.008,-0.020,-0.151) 指令速度=(0.000,0.000,0.000) 指令加速度=(0.000,0.000,0.000) 滚转角=-0.07度 俯仰角=-0.10度
15:37:40.466745 [轨迹] 序号=98 单调时间=19914.190941 时间=19914.191 模式=OFFBOARD 起飞状态=未执行起飞 水平控制=位置保持 类型掩码=3520 实际位置NED=(-0.008,-0.020,-0.150) 实际速度=(-0.000,0.000,0.000) 最终目标=(-0.008,-0.020,-0.151) 指令位置=(-0.008,-0.020,-0.151) 指令速度=(0.000,0.000,0.000) 指令加速度=(0.000,0.000,0.000) 滚转角=-0.07度 俯仰角=-0.10度
15:37:40.569394 [轨迹] 序号=99 单调时间=19914.293727 时间=19914.294 模式=OFFBOARD 起飞状态=未执行起飞 水平控制=位置保持 类型掩码=3520 实际位置NED=(-0.008,-0.020,-0.152) 实际速度=(-0.000,0.000,0.000) 最终目标=(-0.008,-0.020,-0.151) 指令位置=(-0.008,-0.020,-0.151) 指令速度=(0.000,0.000,0.000) 指令加速度=(0.000,0.000,0.000) 滚转角=-0.07度 俯仰角=-0.10度
15:37:40.673734 [轨迹] 序号=100 单调时间=19914.398004 时间=19914.398 模式=OFFBOARD 起飞状态=未执行起飞 水平控制=位置保持 类型掩码=3520 实际位置NED=(-0.008,-0.020,-0.156) 实际速度=(-0.000,0.000,-0.001) 最终目标=(-0.008,-0.020,-0.151) 指令位置=(-0.008,-0.020,-0.151) 指令速度=(0.000,0.000,0.000) 指令加速度=(0.000,0.000,0.000) 滚转角=-0.07度 俯仰角=-0.10度
15:37:40.776973 [轨迹] 序号=101 单调时间=19914.501096 时间=19914.501 模式=OFFBOARD 起飞状态=未执行起飞 水平控制=位置保持 类型掩码=3520 实际位置NED=(-0.008,-0.020,-0.164) 实际速度=(-0.000,0.000,-0.003) 最终目标=(-0.008,-0.020,-0.151) 指令位置=(-0.008,-0.020,-0.151) 指令速度=(0.000,0.000,0.000) 指令加速度=(0.000,0.000,0.000) 滚转角=-0.07度 俯仰角=-0.10度
15:37:40.879784 [轨迹] 序号=102 单调时间=19914.603671 时间=19914.604 模式=OFFBOARD 起飞状态=未执行起飞 水平控制=位置保持 类型掩码=3520 实际位置NED=(-0.008,-0.020,-0.170) 实际速度=(-0.000,0.000,-0.006) 最终目标=(-0.008,-0.020,-0.151) 指令位置=(-0.008,-0.020,-0.151) 指令速度=(0.000,0.000,0.000) 指令加速度=(0.000,0.000,0.000) 滚转角=-0.07度 俯仰角=-0.10度
15:37:40.982597 [轨迹] 序号=103 单调时间=19914.706722 时间=19914.707 模式=OFFBOARD 起飞状态=未执行起飞 水平控制=位置保持 类型掩码=3520 实际位置NED=(-0.008,-0.020,-0.178) 实际速度=(-0.000,0.000,-0.008) 最终目标=(-0.008,-0.020,-0.151) 指令位置=(-0.008,-0.020,-0.151) 指令速度=(0.000,0.000,0.000) 指令加速度=(0.000,0.000,0.000) 滚转角=-0.07度 俯仰角=-0.10度
15:37:41.085868 [轨迹] 序号=104 单调时间=19914.810152 时间=19914.810 模式=OFFBOARD 起飞状态=未执行起飞 水平控制=位置保持 类型掩码=3520 实际位置NED=(-0.008,-0.020,-0.193) 实际速度=(-0.000,0.000,-0.012) 最终目标=(-0.008,-0.020,-0.151) 指令位置=(-0.008,-0.020,-0.151) 指令速度=(0.000,0.000,0.000) 指令加速度=(0.000,0.000,0.000) 滚转角=-0.07度 俯仰角=-0.10度
15:37:41.188454 [轨迹] 序号=105 单调时间=19914.912615 时间=19914.913 模式=OFFBOARD 起飞状态=未执行起飞 水平控制=位置保持 类型掩码=3520 实际位置NED=(-0.008,-0.020,-0.201) 实际速度=(-0.000,0.000,-0.015) 最终目标=(-0.008,-0.020,-0.151) 指令位置=(-0.008,-0.020,-0.151) 指令速度=(0.000,0.000,0.000) 指令加速度=(0.000,0.000,0.000) 滚转角=-0.07度 俯仰角=-0.10度
15:37:41.290978 [轨迹] 序号=106 单调时间=19915.015226 时间=19915.015 模式=OFFBOARD 起飞状态=未执行起飞 水平控制=位置保持 类型掩码=3520 实际位置NED=(-0.008,-0.020,-0.210) 实际速度=(-0.000,0.000,-0.017) 最终目标=(-0.008,-0.020,-0.151) 指令位置=(-0.008,-0.020,-0.151) 指令速度=(0.000,0.000,0.000) 指令加速度=(0.000,0.000,0.000) 滚转角=-0.07度 俯仰角=-0.10度
15:37:41.393410 [轨迹] 序号=107 单调时间=19915.117752 时间=19915.118 模式=OFFBOARD 起飞状态=未执行起飞 水平控制=位置保持 类型掩码=3520 实际位置NED=(-0.008,-0.019,-0.224) 实际速度=(-0.000,0.000,-0.022) 最终目标=(-0.008,-0.020,-0.151) 指令位置=(-0.008,-0.020,-0.151) 指令速度=(0.000,0.000,0.000) 指令加速度=(0.000,0.000,0.000) 滚转角=-0.07度 俯仰角=-0.10度
15:37:41.496910 [轨迹] 序号=108 单调时间=19915.221130 时间=19915.221 模式=OFFBOARD 起飞状态=未执行起飞 水平控制=位置保持 类型掩码=3520 实际位置NED=(-0.008,-0.019,-0.231) 实际速度=(-0.000,0.000,-0.024) 最终目标=(-0.008,-0.020,-0.151) 指令位置=(-0.008,-0.020,-0.151) 指令速度=(0.000,0.000,0.000) 指令加速度=(0.000,0.000,0.000) 滚转角=-0.07度 俯仰角=-0.10度
15:37:41.599901 [轨迹] 序号=109 单调时间=19915.324181 时间=19915.324 模式=OFFBOARD 起飞状态=未执行起飞 水平控制=位置保持 类型掩码=3520 实际位置NED=(-0.008,-0.019,-0.237) 实际速度=(-0.000,0.000,-0.026) 最终目标=(-0.008,-0.020,-0.151) 指令位置=(-0.008,-0.020,-0.151) 指令速度=(0.000,0.000,0.000) 指令加速度=(0.000,0.000,0.000) 滚转角=-0.07度 俯仰角=-0.10度
15:37:41.702451 [轨迹] 序号=110 单调时间=19915.426735 时间=19915.427 模式=OFFBOARD 起飞状态=未执行起飞 水平控制=位置保持 类型掩码=3520 实际位置NED=(-0.008,-0.019,-0.243) 实际速度=(-0.000,0.000,-0.028) 最终目标=(-0.008,-0.020,-0.151) 指令位置=(-0.008,-0.020,-0.151) 指令速度=(0.000,0.000,0.000) 指令加速度=(0.000,0.000,0.000) 滚转角=-0.07度 俯仰角=-0.10度
15:37:41.805132 [轨迹] 序号=111 单调时间=19915.529419 时间=19915.529 模式=OFFBOARD 起飞状态=未执行起飞 水平控制=位置保持 类型掩码=3520 实际位置NED=(-0.008,-0.019,-0.256) 实际速度=(-0.000,0.000,-0.032) 最终目标=(-0.008,-0.020,-0.151) 指令位置=(-0.008,-0.020,-0.151) 指令速度=(0.000,0.000,0.000) 指令加速度=(0.000,0.000,0.000) 滚转角=-0.07度 俯仰角=-0.10度
15:37:41.907514 [轨迹] 序号=112 单调时间=19915.631755 时间=19915.632 模式=OFFBOARD 起飞状态=未执行起飞 水平控制=位置保持 类型掩码=3520 实际位置NED=(-0.008,-0.019,-0.261) 实际速度=(-0.000,0.000,-0.033) 最终目标=(-0.008,-0.020,-0.151) 指令位置=(-0.008,-0.020,-0.151) 指令速度=(0.000,0.000,0.000) 指令加速度=(0.000,0.000,0.000) 滚转角=-0.07度 俯仰角=-0.10度
15:37:42.010733 [轨迹] 序号=113 单调时间=19915.734995 时间=19915.735 模式=OFFBOARD 起飞状态=未执行起飞 水平控制=位置保持 类型掩码=3520 实际位置NED=(-0.008,-0.019,-0.267) 实际速度=(-0.000,0.000,-0.035) 最终目标=(-0.008,-0.020,-0.151) 指令位置=(-0.008,-0.020,-0.151) 指令速度=(0.000,0.000,0.000) 指令加速度=(0.000,0.000,0.000) 滚转角=-0.07度 俯仰角=-0.10度
15:37:42.113553 [轨迹] 序号=114 单调时间=19915.837822 时间=19915.838 模式=OFFBOARD 起飞状态=未执行起飞 水平控制=位置保持 类型掩码=3520 实际位置NED=(-0.008,-0.019,-0.272) 实际速度=(-0.000,0.000,-0.036) 最终目标=(-0.008,-0.020,-0.151) 指令位置=(-0.008,-0.020,-0.151) 指令速度=(0.000,0.000,0.000) 指令加速度=(0.000,0.000,0.000) 滚转角=-0.07度 俯仰角=-0.10度
15:37:42.216265 [轨迹] 序号=115 单调时间=19915.940574 时间=19915.941 模式=OFFBOARD 起飞状态=未执行起飞 水平控制=位置保持 类型掩码=3520 实际位置NED=(-0.008,-0.019,-0.277) 实际速度=(-0.000,0.000,-0.038) 最终目标=(-0.008,-0.020,-0.151) 指令位置=(-0.008,-0.020,-0.151) 指令速度=(0.000,0.000,0.000) 指令加速度=(0.000,0.000,0.000) 滚转角=-0.07度 俯仰角=-0.10度
15:37:42.319078 [轨迹] 序号=116 单调时间=19916.043254 时间=19916.043 模式=OFFBOARD 起飞状态=未执行起飞 水平控制=位置保持 类型掩码=3520 实际位置NED=(-0.008,-0.019,-0.285) 实际速度=(-0.001,0.001,-0.040) 最终目标=(-0.008,-0.020,-0.151) 指令位置=(-0.008,-0.020,-0.151) 指令速度=(0.000,0.000,0.000) 指令加速度=(0.000,0.000,0.000) 滚转角=-0.07度 俯仰角=-0.10度
15:37:42.422175 [轨迹] 序号=117 单调时间=19916.146387 时间=19916.146 模式=OFFBOARD 起飞状态=未执行起飞 水平控制=位置保持 类型掩码=3520 实际位置NED=(-0.008,-0.019,-0.288) 实际速度=(-0.001,0.001,-0.040) 最终目标=(-0.008,-0.020,-0.151) 指令位置=(-0.008,-0.020,-0.151) 指令速度=(0.000,0.000,0.000) 指令加速度=(0.000,0.000,0.000) 滚转角=-0.07度 俯仰角=-0.10度
15:37:42.524796 [轨迹] 序号=118 单调时间=19916.249049 时间=19916.249 模式=OFFBOARD 起飞状态=未执行起飞 水平控制=位置保持 类型掩码=3520 实际位置NED=(-0.008,-0.019,-0.292) 实际速度=(-0.001,0.001,-0.041) 最终目标=(-0.008,-0.020,-0.151) 指令位置=(-0.008,-0.020,-0.151) 指令速度=(0.000,0.000,0.000) 指令加速度=(0.000,0.000,0.000) 滚转角=-0.07度 俯仰角=-0.10度
15:37:42.627553 [轨迹] 序号=119 单调时间=19916.351645 时间=19916.352 模式=OFFBOARD 起飞状态=未执行起飞 水平控制=位置保持 类型掩码=3520 实际位置NED=(-0.008,-0.019,-0.295) 实际速度=(-0.001,0.001,-0.042) 最终目标=(-0.008,-0.020,-0.151) 指令位置=(-0.008,-0.020,-0.151) 指令速度=(0.000,0.000,0.000) 指令加速度=(0.000,0.000,0.000) 滚转角=-0.07度 俯仰角=-0.10度
15:37:42.730332 [轨迹] 序号=120 单调时间=19916.454604 时间=19916.455 模式=OFFBOARD 起飞状态=未执行起飞 水平控制=位置保持 类型掩码=3520 实际位置NED=(-0.008,-0.019,-0.298) 实际速度=(-0.000,0.001,-0.042) 最终目标=(-0.008,-0.020,-0.151) 指令位置=(-0.008,-0.020,-0.151) 指令速度=(0.000,0.000,0.000) 指令加速度=(0.000,0.000,0.000) 滚转角=-0.07度 俯仰角=-0.10度
15:37:42.832919 [轨迹] 序号=121 单调时间=19916.557135 时间=19916.557 模式=OFFBOARD 起飞状态=未执行起飞 水平控制=位置保持 类型掩码=3520 实际位置NED=(-0.008,-0.019,-0.303) 实际速度=(-0.001,0.002,-0.043) 最终目标=(-0.008,-0.020,-0.151) 指令位置=(-0.008,-0.020,-0.151) 指令速度=(0.000,0.000,0.000) 指令加速度=(0.000,0.000,0.000) 滚转角=-0.07度 俯仰角=-0.10度
15:37:42.934864 [轨迹] 序号=122 单调时间=19916.659112 时间=19916.659 模式=OFFBOARD 起飞状态=未执行起飞 水平控制=位置保持 类型掩码=3520 实际位置NED=(-0.008,-0.018,-0.306) 实际速度=(-0.001,0.002,-0.043) 最终目标=(-0.008,-0.020,-0.151) 指令位置=(-0.008,-0.020,-0.151) 指令速度=(0.000,0.000,0.000) 指令加速度=(0.000,0.000,0.000) 滚转角=-0.07度 俯仰角=-0.10度
15:37:43.038014 [轨迹] 序号=123 单调时间=19916.762196 时间=19916.762 模式=OFFBOARD 起飞状态=未执行起飞 水平控制=位置保持 类型掩码=3520 实际位置NED=(-0.008,-0.018,-0.308) 实际速度=(-0.001,0.002,-0.043) 最终目标=(-0.008,-0.020,-0.151) 指令位置=(-0.008,-0.020,-0.151) 指令速度=(0.000,0.000,0.000) 指令加速度=(0.000,0.000,0.000) 滚转角=-0.07度 俯仰角=-0.10度
15:37:43.140882 [轨迹] 序号=124 单调时间=19916.865144 时间=19916.865 模式=OFFBOARD 起飞状态=未执行起飞 水平控制=位置保持 类型掩码=3520 实际位置NED=(-0.008,-0.018,-0.310) 实际速度=(-0.001,0.002,-0.043) 最终目标=(-0.008,-0.020,-0.151) 指令位置=(-0.008,-0.020,-0.151) 指令速度=(0.000,0.000,0.000) 指令加速度=(0.000,0.000,0.000) 滚转角=-0.07度 俯仰角=-0.10度
15:37:43.243515 [轨迹] 序号=125 单调时间=19916.967741 时间=19916.968 模式=OFFBOARD 起飞状态=未执行起飞 水平控制=位置保持 类型掩码=3520 实际位置NED=(-0.008,-0.018,-0.312) 实际速度=(-0.001,0.002,-0.043) 最终目标=(-0.008,-0.020,-0.151) 指令位置=(-0.008,-0.020,-0.151) 指令速度=(0.000,0.000,0.000) 指令加速度=(0.000,0.000,0.000) 滚转角=-0.07度 俯仰角=-0.10度
15:37:43.350570 [轨迹] 序号=126 单调时间=19917.070867 时间=19917.071 模式=OFFBOARD 起飞状态=未执行起飞 水平控制=位置保持 类型掩码=3520 实际位置NED=(-0.008,-0.018,-0.315) 实际速度=(-0.002,0.002,-0.043) 最终目标=(-0.008,-0.020,-0.151) 指令位置=(-0.008,-0.020,-0.151) 指令速度=(0.000,0.000,0.000) 指令加速度=(0.000,0.000,0.000) 滚转角=-0.07度 俯仰角=-0.10度
15:37:43.450932 [轨迹] 序号=127 单调时间=19917.175263 时间=19917.175 模式=OFFBOARD 起飞状态=未执行起飞 水平控制=位置保持 类型掩码=3520 实际位置NED=(-0.008,-0.018,-0.316) 实际速度=(-0.002,0.003,-0.042) 最终目标=(-0.008,-0.020,-0.151) 指令位置=(-0.008,-0.020,-0.151) 指令速度=(0.000,0.000,0.000) 指令加速度=(0.000,0.000,0.000) 滚转角=-0.07度 俯仰角=-0.10度
15:37:43.553660 [轨迹] 序号=128 单调时间=19917.277999 时间=19917.278 模式=OFFBOARD 起飞状态=未执行起飞 水平控制=位置保持 类型掩码=3520 实际位置NED=(-0.009,-0.017,-0.317) 实际速度=(-0.002,0.003,-0.042) 最终目标=(-0.008,-0.020,-0.151) 指令位置=(-0.008,-0.020,-0.151) 指令速度=(0.000,0.000,0.000) 指令加速度=(0.000,0.000,0.000) 滚转角=-0.07度 俯仰角=-0.11度
15:37:43.656865 [轨迹] 序号=129 单调时间=19917.381140 时间=19917.381 模式=OFFBOARD 起飞状态=未执行起飞 水平控制=位置保持 类型掩码=3520 实际位置NED=(-0.009,-0.017,-0.319) 实际速度=(-0.003,0.003,-0.040) 最终目标=(-0.008,-0.020,-0.151) 指令位置=(-0.008,-0.020,-0.151) 指令速度=(0.000,0.000,0.000) 指令加速度=(0.000,0.000,0.000) 滚转角=-0.06度 俯仰角=-0.10度
15:37:43.759397 [轨迹] 序号=130 单调时间=19917.483646 时间=19917.484 模式=OFFBOARD 起飞状态=未执行起飞 水平控制=位置保持 类型掩码=3520 实际位置NED=(-0.010,-0.017,-0.320) 实际速度=(-0.003,0.003,-0.040) 最终目标=(-0.008,-0.020,-0.151) 指令位置=(-0.008,-0.020,-0.151) 指令速度=(0.000,0.000,0.000) 指令加速度=(0.000,0.000,0.000) 滚转角=-0.06度 俯仰角=-0.11度
15:37:43.862309 [轨迹] 序号=131 单调时间=19917.586446 时间=19917.586 模式=OFFBOARD 起飞状态=未执行起飞 水平控制=位置保持 类型掩码=3520 实际位置NED=(-0.010,-0.017,-0.321) 实际速度=(-0.004,0.003,-0.039) 最终目标=(-0.008,-0.020,-0.151) 指令位置=(-0.008,-0.020,-0.151) 指令速度=(0.000,0.000,0.000) 指令加速度=(0.000,0.000,0.000) 滚转角=-0.06度 俯仰角=-0.11度
15:37:43.964971 [轨迹] 序号=132 单调时间=19917.689139 时间=19917.689 模式=OFFBOARD 起飞状态=未执行起飞 水平控制=位置保持 类型掩码=3520 实际位置NED=(-0.010,-0.017,-0.321) 实际速度=(-0.004,0.003,-0.039) 最终目标=(-0.008,-0.020,-0.151) 指令位置=(-0.008,-0.020,-0.151) 指令速度=(0.000,0.000,0.000) 指令加速度=(0.000,0.000,0.000) 滚转角=-0.06度 俯仰角=-0.11度
15:37:44.067502 [轨迹] 序号=133 单调时间=19917.791699 时间=19917.792 模式=OFFBOARD 起飞状态=未执行起飞 水平控制=位置保持 类型掩码=3520 实际位置NED=(-0.011,-0.016,-0.322) 实际速度=(-0.005,0.003,-0.037) 最终目标=(-0.008,-0.020,-0.151) 指令位置=(-0.008,-0.020,-0.151) 指令速度=(0.000,0.000,0.000) 指令加速度=(0.000,0.000,0.000) 滚转角=-0.06度 俯仰角=-0.11度
15:37:44.170278 [轨迹] 序号=134 单调时间=19917.894464 时间=19917.894 模式=OFFBOARD 起飞状态=未执行起飞 水平控制=位置保持 类型掩码=3520 实际位置NED=(-0.012,-0.016,-0.322) 实际速度=(-0.006,0.003,-0.036) 最终目标=(-0.008,-0.020,-0.151) 指令位置=(-0.008,-0.020,-0.151) 指令速度=(0.000,0.000,0.000) 指令加速度=(0.000,0.000,0.000) 滚转角=-0.06度 俯仰角=-0.10度
15:37:44.273126 [轨迹] 序号=135 单调时间=19917.997408 时间=19917.997 模式=OFFBOARD 起飞状态=未执行起飞 水平控制=位置保持 类型掩码=3520 实际位置NED=(-0.012,-0.016,-0.322) 实际速度=(-0.006,0.003,-0.035) 最终目标=(-0.008,-0.020,-0.151) 指令位置=(-0.008,-0.020,-0.151) 指令速度=(0.000,0.000,0.000) 指令加速度=(0.000,0.000,0.000) 滚转角=-0.06度 俯仰角=-0.10度
15:37:44.376274 [轨迹] 序号=136 单调时间=19918.100364 时间=19918.100 模式=OFFBOARD 起飞状态=未执行起飞 水平控制=位置保持 类型掩码=3520 实际位置NED=(-0.013,-0.016,-0.322) 实际速度=(-0.007,0.003,-0.033) 最终目标=(-0.008,-0.020,-0.151) 指令位置=(-0.008,-0.020,-0.151) 指令速度=(0.000,0.000,0.000) 指令加速度=(0.000,0.000,0.000) 滚转角=-0.05度 俯仰角=-0.10度
15:37:44.478904 [轨迹] 序号=137 单调时间=19918.203272 时间=19918.203 模式=OFFBOARD 起飞状态=未执行起飞 水平控制=位置保持 类型掩码=3520 实际位置NED=(-0.014,-0.016,-0.322) 实际速度=(-0.007,0.003,-0.032) 最终目标=(-0.008,-0.020,-0.151) 指令位置=(-0.008,-0.020,-0.151) 指令速度=(0.000,0.000,0.000) 指令加速度=(0.000,0.000,0.000) 滚转角=-0.05度 俯仰角=-0.10度
15:37:44 [输入] 已按下一次起飞按钮
15:37:44 [目标] 修改前：北=-0.008 东=-0.020 下=-0.151
15:37:44 [目标] 修改后：北=-0.014 东=-0.017 下=-1.322
15:37:44 [起飞] 起始下轴位置=-0.322 离地阶段下轴目标=-0.672 最终下轴目标=-1.322；水平位置已锁定到当前位置
15:37:44.582800 [轨迹] 序号=138 单调时间=19918.307011 时间=19918.307 模式=OFFBOARD 起飞状态=离地阶段 水平控制=位置保持 类型掩码=2496 实际位置NED=(-0.014,-0.017,-0.322) 实际速度=(-0.008,0.003,-0.031) 最终目标=(-0.014,-0.017,-1.322) 指令位置=(-0.014,-0.017,-0.329) 指令速度=(0.000,0.000,-0.075) 指令加速度=(0.000,0.000,-0.750) 滚转角=-0.05度 俯仰角=-0.10度
15:37:44.685629 [轨迹] 序号=139 单调时间=19918.409821 时间=19918.410 模式=OFFBOARD 起飞状态=离地阶段 水平控制=位置保持 类型掩码=2496 实际位置NED=(-0.015,-0.017,-0.322) 实际速度=(-0.008,0.002,-0.030) 最终目标=(-0.014,-0.017,-1.322) 指令位置=(-0.014,-0.017,-0.345) 指令速度=(0.000,0.000,-0.152) 指令加速度=(0.000,0.000,-0.750) 滚转角=-0.05度 俯仰角=-0.10度
15:37:44.788575 [轨迹] 序号=140 单调时间=19918.512739 时间=19918.513 模式=OFFBOARD 起飞状态=离地阶段 水平控制=位置保持 类型掩码=2496 实际位置NED=(-0.015,-0.017,-0.321) 实际速度=(-0.008,0.002,-0.030) 最终目标=(-0.014,-0.017,-1.322) 指令位置=(-0.014,-0.017,-0.369) 指令速度=(0.000,0.000,-0.229) 指令加速度=(0.000,0.000,-0.750) 滚转角=-0.05度 俯仰角=-0.10度
15:37:44.892305 [轨迹] 序号=141 单调时间=19918.616532 时间=19918.617 模式=OFFBOARD 起飞状态=离地阶段 水平控制=位置保持 类型掩码=2496 实际位置NED=(-0.016,-0.017,-0.321) 实际速度=(-0.008,0.002,-0.028) 最终目标=(-0.014,-0.017,-1.322) 指令位置=(-0.014,-0.017,-0.400) 指令速度=(0.000,0.000,-0.307) 指令加速度=(0.000,0.000,-0.750) 滚转角=-0.06度 俯仰角=-0.10度
15:37:44.995654 [轨迹] 序号=142 单调时间=19918.719908 时间=19918.720 模式=OFFBOARD 起飞状态=离地阶段 水平控制=位置保持 类型掩码=2496 实际位置NED=(-0.016,-0.017,-0.320) 实际速度=(-0.009,0.002,-0.027) 最终目标=(-0.014,-0.017,-1.322) 指令位置=(-0.014,-0.017,-0.440) 指令速度=(0.000,0.000,-0.385) 指令加速度=(0.000,0.000,-0.750) 滚转角=-0.06度 俯仰角=-0.10度
15:37:45.098917 [轨迹] 序号=143 单调时间=19918.823215 时间=19918.823 模式=OFFBOARD 起飞状态=离地阶段 水平控制=位置保持 类型掩码=2496 实际位置NED=(-0.016,-0.017,-0.319) 实际速度=(-0.008,0.002,-0.025) 最终目标=(-0.014,-0.017,-1.322) 指令位置=(-0.014,-0.017,-0.488) 指令速度=(0.000,0.000,-0.462) 指令加速度=(0.000,0.000,-0.750) 滚转角=-0.06度 俯仰角=-0.10度
15:37:45.201572 [轨迹] 序号=144 单调时间=19918.925907 时间=19918.926 模式=OFFBOARD 起飞状态=离地阶段 水平控制=位置保持 类型掩码=2496 实际位置NED=(-0.016,-0.017,-0.319) 实际速度=(-0.008,0.002,-0.024) 最终目标=(-0.014,-0.017,-1.322) 指令位置=(-0.014,-0.017,-0.539) 指令速度=(0.000,0.000,-0.500) 指令加速度=(0.000,0.000,-0.369) 滚转角=-0.06度 俯仰角=-0.10度
15:37:45.304974 [轨迹] 序号=145 单调时间=19919.029268 时间=19919.029 模式=OFFBOARD 起飞状态=离地阶段 水平控制=位置保持 类型掩码=2496 实际位置NED=(-0.017,-0.017,-0.318) 实际速度=(-0.008,0.002,-0.023) 最终目标=(-0.014,-0.017,-1.322) 指令位置=(-0.014,-0.017,-0.591) 指令速度=(0.000,0.000,-0.500) 指令加速度=(0.000,0.000,0.000) 滚转角=-0.06度 俯仰角=-0.10度
15:37:45.411542 [轨迹] 序号=146 单调时间=19919.135866 时间=19919.136 模式=OFFBOARD 起飞状态=离地阶段 水平控制=位置保持 类型掩码=2496 实际位置NED=(-0.017,-0.017,-0.318) 实际速度=(-0.009,0.002,-0.022) 最终目标=(-0.014,-0.017,-1.322) 指令位置=(-0.014,-0.017,-0.644) 指令速度=(0.000,0.000,-0.500) 指令加速度=(0.000,0.000,0.000) 滚转角=-0.06度 俯仰角=-0.10度
15:37:45.513992 [轨迹] 序号=147 单调时间=19919.238363 时间=19919.238 模式=OFFBOARD 起飞状态=离地阶段 水平控制=位置保持 类型掩码=2496 实际位置NED=(-0.017,-0.017,-0.316) 实际速度=(-0.009,0.002,-0.021) 最终目标=(-0.014,-0.017,-1.322) 指令位置=(-0.014,-0.017,-0.696) 指令速度=(0.000,0.000,-0.500) 指令加速度=(0.000,0.000,0.000) 滚转角=-0.06度 俯仰角=-0.10度
15:37:45.616925 [轨迹] 序号=148 单调时间=19919.341198 时间=19919.341 模式=OFFBOARD 起飞状态=爬升阶段 水平控制=位置保持 类型掩码=2496 实际位置NED=(-0.017,-0.017,-0.316) 实际速度=(-0.008,0.001,-0.020) 最终目标=(-0.014,-0.017,-1.322) 指令位置=(-0.014,-0.017,-0.744) 指令速度=(0.000,0.000,-0.469) 指令加速度=(0.000,0.000,0.300) 滚转角=-0.06度 俯仰角=-0.10度
15:37:45.720614 [轨迹] 序号=149 单调时间=19919.444695 时间=19919.445 模式=OFFBOARD 起飞状态=爬升阶段 水平控制=位置保持 类型掩码=2496 实际位置NED=(-0.017,-0.017,-0.315) 实际速度=(-0.007,0.001,-0.019) 最终目标=(-0.014,-0.017,-1.322) 指令位置=(-0.014,-0.017,-0.789) 指令速度=(0.000,0.000,-0.438) 指令加速度=(0.000,0.000,0.300) 滚转角=-0.06度 俯仰角=-0.10度
15:37:45.823966 [轨迹] 序号=150 单调时间=19919.548192 时间=19919.548 模式=OFFBOARD 起飞状态=爬升阶段 水平控制=位置保持 类型掩码=2496 实际位置NED=(-0.016,-0.017,-0.314) 实际速度=(-0.006,0.001,-0.018) 最终目标=(-0.014,-0.017,-1.322) 指令位置=(-0.014,-0.017,-0.831) 指令速度=(0.000,0.000,-0.407) 指令加速度=(0.000,0.000,0.300) 滚转角=-0.06度 俯仰角=-0.09度
15:37:45.926407 [轨迹] 序号=151 单调时间=19919.650721 时间=19919.651 模式=OFFBOARD 起飞状态=爬升阶段 水平控制=位置保持 类型掩码=2496 实际位置NED=(-0.015,-0.017,-0.313) 实际速度=(-0.005,0.001,-0.017) 最终目标=(-0.014,-0.017,-1.322) 指令位置=(-0.014,-0.017,-0.870) 指令速度=(0.000,0.000,-0.376) 指令加速度=(0.000,0.000,0.300) 滚转角=-0.07度 俯仰角=-0.09度
15:37:46.028709 [轨迹] 序号=152 单调时间=19919.753087 时间=19919.753 模式=OFFBOARD 起飞状态=爬升阶段 水平控制=位置保持 类型掩码=2496 实际位置NED=(-0.015,-0.017,-0.312) 实际速度=(-0.005,0.001,-0.016) 最终目标=(-0.014,-0.017,-1.322) 指令位置=(-0.014,-0.017,-0.905) 指令速度=(0.000,0.000,-0.346) 指令加速度=(0.000,0.000,0.300) 滚转角=-0.07度 俯仰角=-0.09度
15:37:46.131781 [轨迹] 序号=153 单调时间=19919.855981 时间=19919.856 模式=OFFBOARD 起飞状态=爬升阶段 水平控制=位置保持 类型掩码=2496 实际位置NED=(-0.014,-0.017,-0.312) 实际速度=(-0.004,0.000,-0.016) 最终目标=(-0.014,-0.017,-1.322) 指令位置=(-0.014,-0.017,-0.938) 指令速度=(0.000,0.000,-0.315) 指令加速度=(0.000,0.000,0.300) 滚转角=-0.07度 俯仰角=-0.09度
15:37:46.236411 [轨迹] 序号=154 单调时间=19919.960620 时间=19919.961 模式=OFFBOARD 起飞状态=爬升阶段 水平控制=位置保持 类型掩码=2496 实际位置NED=(-0.014,-0.018,-0.311) 实际速度=(-0.003,0.000,-0.014) 最终目标=(-0.014,-0.017,-1.322) 指令位置=(-0.014,-0.017,-0.969) 指令速度=(0.000,0.000,-0.300) 指令加速度=(0.000,0.000,0.141) 滚转角=-0.07度 俯仰角=-0.09度
15:37:46.339612 [轨迹] 序号=155 单调时间=19920.063954 时间=19920.064 模式=OFFBOARD 起飞状态=爬升阶段 水平控制=位置保持 类型掩码=2496 实际位置NED=(-0.013,-0.018,-0.310) 实际速度=(-0.003,0.000,-0.014) 最终目标=(-0.014,-0.017,-1.322) 指令位置=(-0.014,-0.017,-1.000) 指令速度=(0.000,0.000,-0.300) 指令加速度=(0.000,0.000,0.000) 滚转角=-0.07度 俯仰角=-0.09度
15:37:46.443001 [轨迹] 序号=156 单调时间=19920.167211 时间=19920.167 模式=OFFBOARD 起飞状态=爬升阶段 水平控制=位置保持 类型掩码=2496 实际位置NED=(-0.013,-0.018,-0.309) 实际速度=(-0.003,0.000,-0.013) 最终目标=(-0.014,-0.017,-1.322) 指令位置=(-0.014,-0.017,-1.031) 指令速度=(0.000,0.000,-0.300) 指令加速度=(0.000,0.000,0.000) 滚转角=-0.07度 俯仰角=-0.09度
15:37:46.545950 [轨迹] 序号=157 单调时间=19920.270322 时间=19920.270 模式=OFFBOARD 起飞状态=爬升阶段 水平控制=位置保持 类型掩码=2496 实际位置NED=(-0.012,-0.018,-0.308) 实际速度=(-0.002,-0.000,-0.012) 最终目标=(-0.014,-0.017,-1.322) 指令位置=(-0.014,-0.017,-1.062) 指令速度=(0.000,0.000,-0.300) 指令加速度=(0.000,0.000,0.000) 滚转角=-0.07度 俯仰角=-0.09度
15:37:46.650291 [轨迹] 序号=158 单调时间=19920.374554 时间=19920.375 模式=OFFBOARD 起飞状态=爬升阶段 水平控制=位置保持 类型掩码=2496 实际位置NED=(-0.012,-0.018,-0.308) 实际速度=(-0.002,-0.000,-0.012) 最终目标=(-0.014,-0.017,-1.322) 指令位置=(-0.014,-0.017,-1.093) 指令速度=(0.000,0.000,-0.300) 指令加速度=(0.000,0.000,0.000) 滚转角=-0.07度 俯仰角=-0.09度
15:37:46.752996 [轨迹] 序号=159 单调时间=19920.477170 时间=19920.477 模式=OFFBOARD 起飞状态=爬升阶段 水平控制=位置保持 类型掩码=2496 实际位置NED=(-0.012,-0.018,-0.307) 实际速度=(-0.001,-0.000,-0.010) 最终目标=(-0.014,-0.017,-1.322) 指令位置=(-0.014,-0.017,-1.124) 指令速度=(0.000,0.000,-0.300) 指令加速度=(0.000,0.000,0.000) 滚转角=-0.07度 俯仰角=-0.09度
15:37:46.855832 [轨迹] 序号=160 单调时间=19920.580155 时间=19920.580 模式=OFFBOARD 起飞状态=爬升阶段 水平控制=位置保持 类型掩码=2496 实际位置NED=(-0.011,-0.018,-0.306) 实际速度=(-0.001,-0.000,-0.010) 最终目标=(-0.014,-0.017,-1.322) 指令位置=(-0.014,-0.017,-1.153) 指令速度=(0.000,0.000,-0.283) 指令加速度=(0.000,0.000,0.167) 滚转角=-0.07度 俯仰角=-0.09度
15:37:46.958484 [轨迹] 序号=161 单调时间=19920.682637 时间=19920.683 模式=OFFBOARD 起飞状态=爬升阶段 水平控制=位置保持 类型掩码=2496 实际位置NED=(-0.011,-0.018,-0.306) 实际速度=(-0.001,-0.000,-0.009) 最终目标=(-0.014,-0.017,-1.322) 指令位置=(-0.014,-0.017,-1.179) 指令速度=(0.000,0.000,-0.257) 指令加速度=(0.000,0.000,0.254) 滚转角=-0.07度 俯仰角=-0.09度
15:37:47.061444 [轨迹] 序号=162 单调时间=19920.785597 时间=19920.786 模式=OFFBOARD 起飞状态=减速阶段 水平控制=位置保持 类型掩码=2496 实际位置NED=(-0.011,-0.018,-0.304) 实际速度=(-0.001,-0.000,-0.008) 最终目标=(-0.014,-0.017,-1.322) 指令位置=(-0.014,-0.017,-1.203) 指令速度=(0.000,0.000,-0.231) 指令加速度=(0.000,0.000,0.254) 滚转角=-0.07度 俯仰角=-0.10度
15:37:47.164022 [轨迹] 序号=163 单调时间=19920.888346 时间=19920.888 模式=OFFBOARD 起飞状态=减速阶段 水平控制=位置保持 类型掩码=2496 实际位置NED=(-0.011,-0.018,-0.304) 实际速度=(-0.000,-0.000,-0.007) 最终目标=(-0.014,-0.017,-1.322) 指令位置=(-0.014,-0.017,-1.224) 指令速度=(0.000,0.000,-0.205) 指令加速度=(0.000,0.000,0.247) 滚转角=-0.07度 俯仰角=-0.10度
15:37:47.266401 [轨迹] 序号=164 单调时间=19920.990528 时间=19920.991 模式=OFFBOARD 起飞状态=减速阶段 水平控制=位置保持 类型掩码=2496 实际位置NED=(-0.011,-0.018,-0.303) 实际速度=(-0.000,-0.001,-0.007) 最终目标=(-0.014,-0.017,-1.322) 指令位置=(-0.014,-0.017,-1.243) 指令速度=(0.000,0.000,-0.181) 指令加速度=(0.000,0.000,0.240) 滚转角=-0.07度 俯仰角=-0.09度
15:37:47.368928 [轨迹] 序号=165 单调时间=19921.093269 时间=19921.093 模式=OFFBOARD 起飞状态=减速阶段 水平控制=位置保持 类型掩码=2496 实际位置NED=(-0.010,-0.018,-0.302) 实际速度=(-0.001,-0.001,-0.008) 最终目标=(-0.014,-0.017,-1.322) 指令位置=(-0.014,-0.017,-1.259) 指令速度=(0.000,0.000,-0.156) 指令加速度=(0.000,0.000,0.238) 滚转角=-0.06度 俯仰角=-0.06度
15:37:47.471630 [轨迹] 序号=166 单调时间=19921.195616 时间=19921.196 模式=OFFBOARD 起飞状态=减速阶段 水平控制=位置保持 类型掩码=2496 实际位置NED=(-0.010,-0.018,-0.302) 实际速度=(-0.001,-0.001,-0.011) 最终目标=(-0.014,-0.017,-1.322) 指令位置=(-0.014,-0.017,-1.272) 指令速度=(0.000,0.000,-0.133) 指令加速度=(0.000,0.000,0.226) 滚转角=-0.04度 俯仰角=-0.03度
15:37:47.574614 [轨迹] 序号=167 单调时间=19921.299006 时间=19921.299 模式=OFFBOARD 起飞状态=减速阶段 水平控制=位置保持 类型掩码=2496 实际位置NED=(-0.010,-0.018,-0.301) 实际速度=(-0.001,-0.002,-0.022) 最终目标=(-0.014,-0.017,-1.322) 指令位置=(-0.014,-0.017,-1.284) 指令速度=(0.000,0.000,-0.110) 指令加速度=(0.000,0.000,0.222) 滚转角=-0.01度 俯仰角=0.01度
15:37:47.677293 [轨迹] 序号=168 单调时间=19921.401532 时间=19921.402 模式=OFFBOARD 起飞状态=减速阶段 水平控制=位置保持 类型掩码=2496 实际位置NED=(-0.010,-0.018,-0.302) 实际速度=(-0.001,-0.003,-0.031) 最终目标=(-0.014,-0.017,-1.322) 指令位置=(-0.014,-0.017,-1.293) 指令速度=(0.000,0.000,-0.090) 指令加速度=(0.000,0.000,0.201) 滚转角=0.00度 俯仰角=0.02度
15:37:47.779951 [轨迹] 序号=169 单调时间=19921.504181 时间=19921.504 模式=OFFBOARD 起飞状态=减速阶段 水平控制=位置保持 类型掩码=2496 实际位置NED=(-0.010,-0.018,-0.302) 实际速度=(-0.001,-0.004,-0.038) 最终目标=(-0.014,-0.017,-1.322) 指令位置=(-0.014,-0.017,-1.300) 指令速度=(0.000,0.000,-0.070) 指令加速度=(0.000,0.000,0.191) 滚转角=0.03度 俯仰角=0.04度
15:37:47.880122 [轨迹] 序号=170 单调时间=19921.604313 时间=19921.604 模式=OFFBOARD 起飞状态=减速阶段 水平控制=位置保持 类型掩码=2496 实际位置NED=(-0.010,-0.018,-0.303) 实际速度=(-0.002,-0.004,-0.045) 最终目标=(-0.014,-0.017,-1.322) 指令位置=(-0.014,-0.017,-1.306) 指令速度=(0.000,0.000,-0.054) 指令加速度=(0.000,0.000,0.160) 滚转角=0.05度 俯仰角=0.06度
15:37:47.982873 [轨迹] 序号=171 单调时间=19921.706851 时间=19921.707 模式=OFFBOARD 起飞状态=减速阶段 水平控制=位置保持 类型掩码=2496 实际位置NED=(-0.010,-0.019,-0.304) 实际速度=(-0.002,-0.005,-0.052) 最终目标=(-0.014,-0.017,-1.322) 指令位置=(-0.014,-0.017,-1.309) 指令速度=(0.000,0.000,-0.037) 指令加速度=(0.000,0.000,0.163) 滚转角=0.06度 俯仰角=0.06度
15:37:48.085309 [轨迹] 序号=172 单调时间=19921.809534 时间=19921.810 模式=OFFBOARD 起飞状态=高度保持 水平控制=位置保持 类型掩码=2496 实际位置NED=(-0.010,-0.019,-0.305) 实际速度=(-0.003,-0.006,-0.059) 最终目标=(-0.014,-0.017,-1.322) 指令位置=(-0.014,-0.017,-1.322) 指令速度=(0.000,0.000,0.000) 指令加速度=(0.000,0.000,0.364) 滚转角=0.07度 俯仰角=0.06度
15:37:48.188259 [轨迹] 序号=173 单调时间=19921.912723 时间=19921.913 模式=OFFBOARD 起飞状态=高度保持 水平控制=位置保持 类型掩码=2496 实际位置NED=(-0.010,-0.019,-0.308) 实际速度=(-0.005,-0.008,-0.074) 最终目标=(-0.014,-0.017,-1.322) 指令位置=(-0.014,-0.017,-1.322) 指令速度=(0.000,0.000,0.000) 指令加速度=(0.000,0.000,0.000) 滚转角=0.07度 俯仰角=0.05度
15:37:48.291177 [轨迹] 序号=174 单调时间=19922.015171 时间=19922.015 模式=OFFBOARD 起飞状态=高度保持 水平控制=位置保持 类型掩码=2496 实际位置NED=(-0.011,-0.019,-0.310) 实际速度=(-0.007,-0.009,-0.078) 最终目标=(-0.014,-0.017,-1.322) 指令位置=(-0.014,-0.017,-1.322) 指令速度=(0.000,0.000,0.000) 指令加速度=(0.000,0.000,0.000) 滚转角=0.07度 俯仰角=0.05度
15:37:48.394278 [轨迹] 序号=175 单调时间=19922.118446 时间=19922.118 模式=OFFBOARD 起飞状态=高度保持 水平控制=位置保持 类型掩码=2496 实际位置NED=(-0.011,-0.020,-0.312) 实际速度=(-0.008,-0.010,-0.083) 最终目标=(-0.014,-0.017,-1.322) 指令位置=(-0.014,-0.017,-1.322) 指令速度=(0.000,0.000,0.000) 指令加速度=(0.000,0.000,0.000) 滚转角=0.06度 俯仰角=0.03度
15:37:48.498738 [轨迹] 序号=176 单调时间=19922.223171 时间=19922.223 模式=OFFBOARD 起飞状态=高度保持 水平控制=位置保持 类型掩码=2496 实际位置NED=(-0.012,-0.020,-0.317) 实际速度=(-0.011,-0.012,-0.097) 最终目标=(-0.014,-0.017,-1.322) 指令位置=(-0.014,-0.017,-1.322) 指令速度=(0.000,0.000,0.000) 指令加速度=(0.000,0.000,0.000) 滚转角=0.04度 俯仰角=0.02度
15:37:48.598854 [轨迹] 序号=177 单调时间=19922.323214 时间=19922.323 模式=OFFBOARD 起飞状态=高度保持 水平控制=位置保持 类型掩码=2496 实际位置NED=(-0.012,-0.021,-0.320) 实际速度=(-0.012,-0.013,-0.105) 最终目标=(-0.014,-0.017,-1.322) 指令位置=(-0.014,-0.017,-1.322) 指令速度=(0.000,0.000,0.000) 指令加速度=(0.000,0.000,0.000) 滚转角=0.03度 俯仰角=0.00度
15:37:48.701596 [轨迹] 序号=178 单调时间=19922.425853 时间=19922.426 模式=OFFBOARD 起飞状态=高度保持 水平控制=位置保持 类型掩码=2496 实际位置NED=(-0.013,-0.021,-0.324) 实际速度=(-0.014,-0.014,-0.117) 最终目标=(-0.014,-0.017,-1.322) 指令位置=(-0.014,-0.017,-1.322) 指令速度=(0.000,0.000,0.000) 指令加速度=(0.000,0.000,0.000) 滚转角=0.01度 俯仰角=-0.01度
15:37:48.804138 [轨迹] 序号=179 单调时间=19922.528391 时间=19922.528 模式=OFFBOARD 起飞状态=高度保持 水平控制=位置保持 类型掩码=2496 实际位置NED=(-0.014,-0.022,-0.327) 实际速度=(-0.016,-0.015,-0.126) 最终目标=(-0.014,-0.017,-1.322) 指令位置=(-0.014,-0.017,-1.322) 指令速度=(0.000,0.000,0.000) 指令加速度=(0.000,0.000,0.000) 滚转角=-0.01度 俯仰角=-0.03度
15:37:48.906666 [轨迹] 序号=180 单调时间=19922.630849 时间=19922.631 模式=OFFBOARD 起飞状态=高度保持 水平控制=位置保持 类型掩码=2496 实际位置NED=(-0.014,-0.023,-0.331) 实际速度=(-0.017,-0.016,-0.136) 最终目标=(-0.014,-0.017,-1.322) 指令位置=(-0.014,-0.017,-1.322) 指令速度=(0.000,0.000,0.000) 指令加速度=(0.000,0.000,0.000) 滚转角=-0.04度 俯仰角=-0.05度
15:37:49.009201 [轨迹] 序号=181 单调时间=19922.733482 时间=19922.733 模式=OFFBOARD 起飞状态=高度保持 水平控制=位置保持 类型掩码=2496 实际位置NED=(-0.016,-0.024,-0.339) 实际速度=(-0.019,-0.017,-0.156) 最终目标=(-0.014,-0.017,-1.322) 指令位置=(-0.014,-0.017,-1.322) 指令速度=(0.000,0.000,0.000) 指令加速度=(0.000,0.000,0.000) 滚转角=-0.06度 俯仰角=-0.07度
15:37:49.112530 [轨迹] 序号=182 单调时间=19922.836612 时间=19922.837 模式=OFFBOARD 起飞状态=高度保持 水平控制=位置保持 类型掩码=2496 实际位置NED=(-0.017,-0.024,-0.344) 实际速度=(-0.021,-0.018,-0.165) 最终目标=(-0.014,-0.017,-1.322) 指令位置=(-0.014,-0.017,-1.322) 指令速度=(0.000,0.000,0.000) 指令加速度=(0.000,0.000,0.000) 滚转角=-0.10度 俯仰角=-0.09度
15:37:49.215188 [轨迹] 序号=183 单调时间=19922.939311 时间=19922.939 模式=OFFBOARD 起飞状态=高度保持 水平控制=位置保持 类型掩码=2496 实际位置NED=(-0.019,-0.025,-0.351) 实际速度=(-0.022,-0.018,-0.177) 最终目标=(-0.014,-0.017,-1.322) 指令位置=(-0.014,-0.017,-1.322) 指令速度=(0.000,0.000,0.000) 指令加速度=(0.000,0.000,0.000) 滚转角=-0.13度 俯仰角=-0.11度
15:37:49.317717 [轨迹] 序号=184 单调时间=19923.041999 时间=19923.042 模式=OFFBOARD 起飞状态=高度保持 水平控制=位置保持 类型掩码=2496 实际位置NED=(-0.021,-0.027,-0.362) 实际速度=(-0.023,-0.018,-0.196) 最终目标=(-0.014,-0.017,-1.322) 指令位置=(-0.014,-0.017,-1.322) 指令速度=(0.000,0.000,0.000) 指令加速度=(0.000,0.000,0.000) 滚转角=-0.16度 俯仰角=-0.13度
15:37:49.420965 [轨迹] 序号=185 单调时间=19923.145036 时间=19923.145 模式=OFFBOARD 起飞状态=高度保持 水平控制=位置保持 类型掩码=2496 实际位置NED=(-0.022,-0.027,-0.368) 实际速度=(-0.023,-0.017,-0.204) 最终目标=(-0.014,-0.017,-1.322) 指令位置=(-0.014,-0.017,-1.322) 指令速度=(0.000,0.000,0.000) 指令加速度=(0.000,0.000,0.000) 滚转角=-0.19度 俯仰角=-0.14度
15:37:49.523755 [轨迹] 序号=186 单调时间=19923.248065 时间=19923.248 模式=OFFBOARD 起飞状态=高度保持 水平控制=位置保持 类型掩码=2496 实际位置NED=(-0.023,-0.028,-0.374) 实际速度=(-0.023,-0.017,-0.213) 最终目标=(-0.014,-0.017,-1.322) 指令位置=(-0.014,-0.017,-1.322) 指令速度=(0.000,0.000,0.000) 指令加速度=(0.000,0.000,0.000) 滚转角=-0.22度 俯仰角=-0.16度
15:37:49.626325 [轨迹] 序号=187 单调时间=19923.350450 时间=19923.350 模式=OFFBOARD 起飞状态=高度保持 水平控制=位置保持 类型掩码=2496 实际位置NED=(-0.024,-0.028,-0.381) 实际速度=(-0.022,-0.016,-0.221) 最终目标=(-0.014,-0.017,-1.322) 指令位置=(-0.014,-0.017,-1.322) 指令速度=(0.000,0.000,0.000) 指令加速度=(0.000,0.000,0.000) 滚转角=-0.25度 俯仰角=-0.17度
15:37:49.728746 [轨迹] 序号=188 单调时间=19923.453103 时间=19923.453 模式=OFFBOARD 起飞状态=高度保持 水平控制=位置保持 类型掩码=2496 实际位置NED=(-0.026,-0.029,-0.397) 实际速度=(-0.019,-0.013,-0.237) 最终目标=(-0.014,-0.017,-1.322) 指令位置=(-0.014,-0.017,-1.322) 指令速度=(0.000,0.000,0.000) 指令加速度=(0.000,0.000,0.000) 滚转角=-0.27度 俯仰角=-0.18度
15:37:49.831146 [轨迹] 序号=189 单调时间=19923.555456 时间=19923.555 模式=OFFBOARD 起飞状态=高度保持 水平控制=位置保持 类型掩码=2496 实际位置NED=(-0.027,-0.030,-0.405) 实际速度=(-0.018,-0.011,-0.243) 最终目标=(-0.014,-0.017,-1.322) 指令位置=(-0.014,-0.017,-1.322) 指令速度=(0.000,0.000,0.000) 指令加速度=(0.000,0.000,0.000) 滚转角=-0.30度 俯仰角=-0.19度
15:37:49.933946 [轨迹] 序号=190 单调时间=19923.658169 时间=19923.658 模式=OFFBOARD 起飞状态=高度保持 水平控制=位置保持 类型掩码=2496 实际位置NED=(-0.027,-0.030,-0.412) 实际速度=(-0.016,-0.009,-0.248) 最终目标=(-0.014,-0.017,-1.322) 指令位置=(-0.014,-0.017,-1.322) 指令速度=(0.000,0.000,0.000) 指令加速度=(0.000,0.000,0.000) 滚转角=-0.31度 俯仰角=-0.19度
15:37:50.036693 [轨迹] 序号=191 单调时间=19923.760958 时间=19923.761 模式=OFFBOARD 起飞状态=高度保持 水平控制=位置保持 类型掩码=2496 实际位置NED=(-0.028,-0.030,-0.420) 实际速度=(-0.014,-0.007,-0.254) 最终目标=(-0.014,-0.017,-1.322) 指令位置=(-0.014,-0.017,-1.322) 指令速度=(0.000,0.000,0.000) 指令加速度=(0.000,0.000,0.000) 滚转角=-0.32度 俯仰角=-0.19度
15:37:50.139139 [轨迹] 序号=192 单调时间=19923.863521 时间=19923.864 模式=OFFBOARD 起飞状态=高度保持 水平控制=位置保持 类型掩码=2496 实际位置NED=(-0.029,-0.029,-0.439) 实际速度=(-0.010,-0.003,-0.264) 最终目标=(-0.014,-0.017,-1.322) 指令位置=(-0.014,-0.017,-1.322) 指令速度=(0.000,0.000,0.000) 指令加速度=(0.000,0.000,0.000) 滚转角=-0.32度 俯仰角=-0.18度
15:37:50.242152 [轨迹] 序号=193 单调时间=19923.966331 时间=19923.966 模式=OFFBOARD 起飞状态=高度保持 水平控制=位置保持 类型掩码=2496 实际位置NED=(-0.029,-0.029,-0.447) 实际速度=(-0.009,-0.000,-0.268) 最终目标=(-0.014,-0.017,-1.322) 指令位置=(-0.014,-0.017,-1.322) 指令速度=(0.000,0.000,0.000) 指令加速度=(0.000,0.000,0.000) 滚转角=-0.31度 俯仰角=-0.17度
15:37:50.344616 [轨迹] 序号=194 单调时间=19924.068870 时间=19924.069 模式=OFFBOARD 起飞状态=高度保持 水平控制=位置保持 类型掩码=2496 实际位置NED=(-0.029,-0.029,-0.456) 实际速度=(-0.007,0.002,-0.271) 最终目标=(-0.014,-0.017,-1.322) 指令位置=(-0.014,-0.017,-1.322) 指令速度=(0.000,0.000,0.000) 指令加速度=(0.000,0.000,0.000) 滚转角=-0.31度 俯仰角=-0.16度
15:37:50.447693 [轨迹] 序号=195 单调时间=19924.171943 时间=19924.172 模式=OFFBOARD 起飞状态=高度保持 水平控制=位置保持 类型掩码=2496 实际位置NED=(-0.030,-0.028,-0.464) 实际速度=(-0.005,0.004,-0.274) 最终目标=(-0.014,-0.017,-1.322) 指令位置=(-0.014,-0.017,-1.322) 指令速度=(0.000,0.000,0.000) 指令加速度=(0.000,0.000,0.000) 滚转角=-0.29度 俯仰角=-0.14度
15:37:50.551363 [轨迹] 序号=196 单调时间=19924.275567 时间=19924.276 模式=OFFBOARD 起飞状态=高度保持 水平控制=位置保持 类型掩码=2496 实际位置NED=(-0.030,-0.026,-0.482) 实际速度=(-0.002,0.008,-0.279) 最终目标=(-0.014,-0.017,-1.322) 指令位置=(-0.014,-0.017,-1.322) 指令速度=(0.000,0.000,0.000) 指令加速度=(0.000,0.000,0.000) 滚转角=-0.28度 俯仰角=-0.12度
15:37:50.654837 [轨迹] 序号=197 单调时间=19924.379175 时间=19924.379 模式=OFFBOARD 起飞状态=高度保持 水平控制=位置保持 类型掩码=2496 实际位置NED=(-0.030,-0.025,-0.493) 实际速度=(-0.000,0.011,-0.282) 最终目标=(-0.014,-0.017,-1.322) 指令位置=(-0.014,-0.017,-1.322) 指令速度=(0.000,0.000,0.000) 指令加速度=(0.000,0.000,0.000) 滚转角=-0.26度 俯仰角=-0.10度
15:37:50.757491 [轨迹] 序号=198 单调时间=19924.481689 时间=19924.482 模式=OFFBOARD 起飞状态=高度保持 水平控制=位置保持 类型掩码=2496 实际位置NED=(-0.030,-0.024,-0.502) 实际速度=(0.001,0.013,-0.283) 最终目标=(-0.014,-0.017,-1.322) 指令位置=(-0.014,-0.017,-1.322) 指令速度=(0.000,0.000,0.000) 指令加速度=(0.000,0.000,0.000) 滚转角=-0.25度 俯仰角=-0.09度
15:37:50.860975 [轨迹] 序号=199 单调时间=19924.585176 时间=19924.585 模式=OFFBOARD 起飞状态=高度保持 水平控制=位置保持 类型掩码=2496 实际位置NED=(-0.030,-0.023,-0.511) 实际速度=(0.002,0.016,-0.284) 最终目标=(-0.014,-0.017,-1.322) 指令位置=(-0.014,-0.017,-1.322) 指令速度=(0.000,0.000,0.000) 指令加速度=(0.000,0.000,0.000) 滚转角=-0.22度 俯仰角=-0.05度
15:37:50.964109 [轨迹] 序号=200 单调时间=19924.688389 时间=19924.688 模式=OFFBOARD 起飞状态=高度保持 水平控制=位置保持 类型掩码=2496 实际位置NED=(-0.029,-0.021,-0.520) 实际速度=(0.003,0.018,-0.285) 最终目标=(-0.014,-0.017,-1.322) 指令位置=(-0.014,-0.017,-1.322) 指令速度=(0.000,0.000,0.000) 指令加速度=(0.000,0.000,0.000) 滚转角=-0.20度 俯仰角=-0.03度
15:37:51.066457 [轨迹] 序号=201 单调时间=19924.790798 时间=19924.791 模式=OFFBOARD 起飞状态=高度保持 水平控制=位置保持 类型掩码=2496 实际位置NED=(-0.029,-0.018,-0.538) 实际速度=(0.004,0.022,-0.286) 最终目标=(-0.014,-0.017,-1.322) 指令位置=(-0.014,-0.017,-1.322) 指令速度=(0.000,0.000,0.000) 指令加速度=(0.000,0.000,0.000) 滚转角=-0.18度 俯仰角=0.00度
15:37:51.168980 [轨迹] 序号=202 单调时间=19924.893437 时间=19924.893 模式=OFFBOARD 起飞状态=高度保持 水平控制=位置保持 类型掩码=2496 实际位置NED=(-0.029,-0.016,-0.549) 实际速度=(0.005,0.024,-0.287) 最终目标=(-0.014,-0.017,-1.322) 指令位置=(-0.014,-0.017,-1.322) 指令速度=(0.000,0.000,0.000) 指令加速度=(0.000,0.000,0.000) 滚转角=-0.16度 俯仰角=0.04度
15:37:51.271833 [轨迹] 序号=203 单调时间=19924.996082 时间=19924.996 模式=OFFBOARD 起飞状态=高度保持 水平控制=位置保持 类型掩码=2496 实际位置NED=(-0.029,-0.014,-0.558) 实际速度=(0.005,0.024,-0.287) 最终目标=(-0.014,-0.017,-1.322) 指令位置=(-0.014,-0.017,-1.322) 指令速度=(0.000,0.000,0.000) 指令加速度=(0.000,0.000,0.000) 滚转角=-0.14度 俯仰角=0.07度
15:37:51.374699 [轨迹] 序号=204 单调时间=19925.098972 时间=19925.099 模式=OFFBOARD 起飞状态=高度保持 水平控制=位置保持 类型掩码=2496 实际位置NED=(-0.029,-0.013,-0.567) 实际速度=(0.006,0.025,-0.286) 最终目标=(-0.014,-0.017,-1.322) 指令位置=(-0.014,-0.017,-1.322) 指令速度=(0.000,0.000,0.000) 指令加速度=(0.000,0.000,0.000) 滚转角=-0.12度 俯仰角=0.12度
15:37:51.477233 [轨迹] 序号=205 单调时间=19925.201379 时间=19925.201 模式=OFFBOARD 起飞状态=高度保持 水平控制=位置保持 类型掩码=2496 实际位置NED=(-0.028,-0.011,-0.577) 实际速度=(0.007,0.025,-0.286) 最终目标=(-0.014,-0.017,-1.322) 指令位置=(-0.014,-0.017,-1.322) 指令速度=(0.000,0.000,0.000) 指令加速度=(0.000,0.000,0.000) 滚转角=-0.10度 俯仰角=0.15度
15:37:51.580248 [轨迹] 序号=206 单调时间=19925.304352 时间=19925.304 模式=OFFBOARD 起飞状态=高度保持 水平控制=位置保持 类型掩码=2496 实际位置NED=(-0.028,-0.010,-0.586) 实际速度=(0.007,0.025,-0.285) 最终目标=(-0.014,-0.017,-1.322) 指令位置=(-0.014,-0.017,-1.322) 指令速度=(0.000,0.000,0.000) 指令加速度=(0.000,0.000,0.000) 滚转角=-0.09度 俯仰角=0.17度
15:37:51.682554 [轨迹] 序号=207 单调时间=19925.407040 时间=19925.407 模式=OFFBOARD 起飞状态=高度保持 水平控制=位置保持 类型掩码=2496 实际位置NED=(-0.027,-0.007,-0.606) 实际速度=(0.008,0.023,-0.283) 最终目标=(-0.014,-0.017,-1.322) 指令位置=(-0.014,-0.017,-1.322) 指令速度=(0.000,0.000,0.000) 指令加速度=(0.000,0.000,0.000) 滚转角=-0.08度 俯仰角=0.20度
15:37:51.786344 [轨迹] 序号=208 单调时间=19925.510593 时间=19925.511 模式=OFFBOARD 起飞状态=高度保持 水平控制=位置保持 类型掩码=2496 实际位置NED=(-0.027,-0.005,-0.615) 实际速度=(0.008,0.023,-0.282) 最终目标=(-0.014,-0.017,-1.322) 指令位置=(-0.014,-0.017,-1.322) 指令速度=(0.000,0.000,0.000) 指令加速度=(0.000,0.000,0.000) 滚转角=-0.07度 俯仰角=0.22度
15:37:51.889173 [轨迹] 序号=209 单调时间=19925.613466 时间=19925.613 模式=OFFBOARD 起飞状态=高度保持 水平控制=位置保持 类型掩码=2496 实际位置NED=(-0.027,-0.004,-0.625) 实际速度=(0.008,0.021,-0.281) 最终目标=(-0.014,-0.017,-1.322) 指令位置=(-0.014,-0.017,-1.322) 指令速度=(0.000,0.000,0.000) 指令加速度=(0.000,0.000,0.000) 滚转角=-0.06度 俯仰角=0.25度
15:37:51.991882 [轨迹] 序号=210 单调时间=19925.716135 时间=19925.716 模式=OFFBOARD 起飞状态=高度保持 水平控制=位置保持 类型掩码=2496 实际位置NED=(-0.026,-0.003,-0.634) 实际速度=(0.009,0.020,-0.279) 最终目标=(-0.014,-0.017,-1.322) 指令位置=(-0.014,-0.017,-1.322) 指令速度=(0.000,0.000,0.000) 指令加速度=(0.000,0.000,0.000) 滚转角=-0.05度 俯仰角=0.27度
15:37:52.095144 [轨迹] 序号=211 单调时间=19925.819396 时间=19925.819 模式=OFFBOARD 起飞状态=高度保持 水平控制=位置保持 类型掩码=2496 实际位置NED=(-0.026,-0.002,-0.652) 实际速度=(0.009,0.016,-0.276) 最终目标=(-0.014,-0.017,-1.322) 指令位置=(-0.014,-0.017,-1.322) 指令速度=(0.000,0.000,0.000) 指令加速度=(0.000,0.000,0.000) 滚转角=-0.05度 俯仰角=0.28度
15:37:52.198102 [轨迹] 序号=212 单调时间=19925.922342 时间=19925.922 模式=OFFBOARD 起飞状态=高度保持 水平控制=位置保持 类型掩码=2496 实际位置NED=(-0.025,-0.001,-0.663) 实际速度=(0.009,0.013,-0.273) 最终目标=(-0.014,-0.017,-1.322) 指令位置=(-0.014,-0.017,-1.322) 指令速度=(0.000,0.000,0.000) 指令加速度=(0.000,0.000,0.000) 滚转角=-0.04度 俯仰角=0.28度
15:37:52.300628 [轨迹] 序号=213 单调时间=19926.024783 时间=19926.025 模式=OFFBOARD 起飞状态=高度保持 水平控制=位置保持 类型掩码=2496 实际位置NED=(-0.025,-0.001,-0.672) 实际速度=(0.010,0.011,-0.271) 最终目标=(-0.014,-0.017,-1.322) 指令位置=(-0.014,-0.017,-1.322) 指令速度=(0.000,0.000,0.000) 指令加速度=(0.000,0.000,0.000) 滚转角=-0.04度 俯仰角=0.28度
15:37:52.403904 [轨迹] 序号=214 单调时间=19926.128052 时间=19926.128 模式=OFFBOARD 起飞状态=高度保持 水平控制=位置保持 类型掩码=2496 实际位置NED=(-0.024,-0.000,-0.680) 实际速度=(0.010,0.008,-0.269) 最终目标=(-0.014,-0.017,-1.322) 指令位置=(-0.014,-0.017,-1.322) 指令速度=(0.000,0.000,0.000) 指令加速度=(0.000,0.000,0.000) 滚转角=-0.04度 俯仰角=0.27度
15:37:52.506378 [轨迹] 序号=215 单调时间=19926.230618 时间=19926.231 模式=OFFBOARD 起飞状态=高度保持 水平控制=位置保持 类型掩码=2496 实际位置NED=(-0.023,-0.000,-0.698) 实际速度=(0.010,0.003,-0.264) 最终目标=(-0.014,-0.017,-1.322) 指令位置=(-0.014,-0.017,-1.322) 指令速度=(0.000,0.000,0.000) 指令加速度=(0.000,0.000,0.000) 滚转角=-0.04度 俯仰角=0.26度
15:37:52.610426 [轨迹] 序号=216 单调时间=19926.334267 时间=19926.334 模式=OFFBOARD 起飞状态=高度保持 水平控制=位置保持 类型掩码=2496 实际位置NED=(-0.023,-0.000,-0.706) 实际速度=(0.010,0.001,-0.262) 最终目标=(-0.014,-0.017,-1.322) 指令位置=(-0.014,-0.017,-1.322) 指令速度=(0.000,0.000,0.000) 指令加速度=(0.000,0.000,0.000) 滚转角=-0.04度 俯仰角=0.25度
15:37:52.713045 [轨迹] 序号=217 单调时间=19926.437149 时间=19926.437 模式=OFFBOARD 起飞状态=高度保持 水平控制=位置保持 类型掩码=2496 实际位置NED=(-0.023,-0.001,-0.717) 实际速度=(0.010,-0.002,-0.258) 最终目标=(-0.014,-0.017,-1.322) 指令位置=(-0.014,-0.017,-1.322) 指令速度=(0.000,0.000,0.000) 指令加速度=(0.000,0.000,0.000) 滚转角=-0.04度 俯仰角=0.22度
15:37:52.815901 [轨迹] 序号=218 单调时间=19926.540092 时间=19926.540 模式=OFFBOARD 起飞状态=高度保持 水平控制=位置保持 类型掩码=2496 实际位置NED=(-0.022,-0.002,-0.733) 实际速度=(0.010,-0.006,-0.253) 最终目标=(-0.014,-0.017,-1.322) 指令位置=(-0.014,-0.017,-1.322) 指令速度=(0.000,0.000,0.000) 指令加速度=(0.000,0.000,0.000) 滚转角=-0.05度 俯仰角=0.20度
15:37:52.920959 [轨迹] 序号=219 单调时间=19926.644444 时间=19926.644 模式=OFFBOARD 起飞状态=高度保持 水平控制=位置保持 类型掩码=2496 实际位置NED=(-0.021,-0.002,-0.741) 实际速度=(0.010,-0.009,-0.250) 最终目标=(-0.014,-0.017,-1.322) 指令位置=(-0.014,-0.017,-1.322) 指令速度=(0.000,0.000,0.000) 指令加速度=(0.000,0.000,0.000) 滚转角=-0.05度 俯仰角=0.18度
15:37:53.024518 [轨迹] 序号=220 单调时间=19926.748699 时间=19926.749 模式=OFFBOARD 起飞状态=高度保持 水平控制=位置保持 类型掩码=2496 实际位置NED=(-0.021,-0.003,-0.749) 实际速度=(0.010,-0.011,-0.248) 最终目标=(-0.014,-0.017,-1.322) 指令位置=(-0.014,-0.017,-1.322) 指令速度=(0.000,0.000,0.000) 指令加速度=(0.000,0.000,0.000) 滚转角=-0.05度 俯仰角=0.15度
15:37:53.127178 [轨迹] 序号=221 单调时间=19926.851423 时间=19926.851 模式=OFFBOARD 起飞状态=高度保持 水平控制=位置保持 类型掩码=2496 实际位置NED=(-0.021,-0.004,-0.757) 实际速度=(0.010,-0.013,-0.245) 最终目标=(-0.014,-0.017,-1.322) 指令位置=(-0.014,-0.017,-1.322) 指令速度=(0.000,0.000,0.000) 指令加速度=(0.000,0.000,0.000) 滚转角=-0.05度 俯仰角=0.11度
15:37:53.229829 [轨迹] 序号=222 单调时间=19926.954122 时间=19926.954 模式=OFFBOARD 起飞状态=高度保持 水平控制=位置保持 类型掩码=2496 实际位置NED=(-0.020,-0.005,-0.767) 实际速度=(0.010,-0.015,-0.241) 最终目标=(-0.014,-0.017,-1.322) 指令位置=(-0.014,-0.017,-1.322) 指令速度=(0.000,0.000,0.000) 指令加速度=(0.000,0.000,0.000) 滚转角=-0.05度 俯仰角=0.09度
15:37:53.332455 [轨迹] 序号=223 单调时间=19927.056710 时间=19927.057 模式=OFFBOARD 起飞状态=高度保持 水平控制=位置保持 类型掩码=2496 实际位置NED=(-0.020,-0.007,-0.783) 实际速度=(0.009,-0.018,-0.236) 最终目标=(-0.014,-0.017,-1.322) 指令位置=(-0.014,-0.017,-1.322) 指令速度=(0.000,0.000,0.000) 指令加速度=(0.000,0.000,0.000) 滚转角=-0.05度 俯仰角=0.05度
15:37:53.435655 [轨迹] 序号=224 单调时间=19927.159779 时间=19927.160 模式=OFFBOARD 起飞状态=高度保持 水平控制=位置保持 类型掩码=2496 实际位置NED=(-0.019,-0.009,-0.790) 实际速度=(0.009,-0.019,-0.233) 最终目标=(-0.014,-0.017,-1.322) 指令位置=(-0.014,-0.017,-1.322) 指令速度=(0.000,0.000,0.000) 指令加速度=(0.000,0.000,0.000) 滚转角=-0.06度 俯仰角=0.03度
15:37:53.539177 [轨迹] 序号=225 单调时间=19927.263540 时间=19927.264 模式=OFFBOARD 起飞状态=高度保持 水平控制=位置保持 类型掩码=2496 实际位置NED=(-0.019,-0.010,-0.798) 实际速度=(0.009,-0.021,-0.230) 最终目标=(-0.014,-0.017,-1.322) 指令位置=(-0.014,-0.017,-1.322) 指令速度=(0.000,0.000,0.000) 指令加速度=(0.000,0.000,0.000) 滚转角=-0.06度 俯仰角=0.00度
15:37:53.641997 [轨迹] 序号=226 单调时间=19927.366260 时间=19927.366 模式=OFFBOARD 起飞状态=高度保持 水平控制=位置保持 类型掩码=2496 实际位置NED=(-0.019,-0.011,-0.805) 实际速度=(0.009,-0.022,-0.227) 最终目标=(-0.014,-0.017,-1.322) 指令位置=(-0.014,-0.017,-1.322) 指令速度=(0.000,0.000,0.000) 指令加速度=(0.000,0.000,0.000) 滚转角=-0.06度 俯仰角=-0.04度
15:37:53.745136 [轨迹] 序号=227 单调时间=19927.469400 时间=19927.469 模式=OFFBOARD 起飞状态=高度保持 水平控制=位置保持 类型掩码=2496 实际位置NED=(-0.018,-0.014,-0.822) 实际速度=(0.009,-0.024,-0.221) 最终目标=(-0.014,-0.017,-1.322) 指令位置=(-0.014,-0.017,-1.322) 指令速度=(0.000,0.000,0.000) 指令加速度=(0.000,0.000,0.000) 滚转角=-0.06度 俯仰角=-0.06度
15:37:53.848427 [轨迹] 序号=228 单调时间=19927.572654 时间=19927.573 模式=OFFBOARD 起飞状态=高度保持 水平控制=位置保持 类型掩码=2496 实际位置NED=(-0.018,-0.016,-0.829) 实际速度=(0.008,-0.024,-0.218) 最终目标=(-0.014,-0.017,-1.322) 指令位置=(-0.014,-0.017,-1.322) 指令速度=(0.000,0.000,0.000) 指令加速度=(0.000,0.000,0.000) 滚转角=-0.06度 俯仰角=-0.11度
15:37:53.951346 [轨迹] 序号=229 单调时间=19927.675310 时间=19927.675 模式=OFFBOARD 起飞状态=高度保持 水平控制=位置保持 类型掩码=2496 实际位置NED=(-0.018,-0.017,-0.836) 实际速度=(0.008,-0.025,-0.216) 最终目标=(-0.014,-0.017,-1.322) 指令位置=(-0.014,-0.017,-1.322) 指令速度=(0.000,0.000,0.000) 指令加速度=(0.000,0.000,0.000) 滚转角=-0.06度 俯仰角=-0.13度
15:37:54.053861 [轨迹] 序号=230 单调时间=19927.778203 时间=19927.778 模式=OFFBOARD 起飞状态=高度保持 水平控制=位置保持 类型掩码=2496 实际位置NED=(-0.017,-0.020,-0.852) 实际速度=(0.008,-0.025,-0.209) 最终目标=(-0.014,-0.017,-1.322) 指令位置=(-0.014,-0.017,-1.322) 指令速度=(0.000,0.000,0.000) 指令加速度=(0.000,0.000,0.000) 滚转角=-0.05度 俯仰角=-0.16度
15:37:54.156420 [轨迹] 序号=231 单调时间=19927.880750 时间=19927.881 模式=OFFBOARD 起飞状态=高度保持 水平控制=位置保持 类型掩码=2496 实际位置NED=(-0.017,-0.021,-0.858) 实际速度=(0.008,-0.025,-0.207) 最终目标=(-0.014,-0.017,-1.322) 指令位置=(-0.014,-0.017,-1.322) 指令速度=(0.000,0.000,0.000) 指令加速度=(0.000,0.000,0.000) 滚转角=-0.05度 俯仰角=-0.18度
15:37:54.259286 [轨迹] 序号=232 单调时间=19927.983546 时间=19927.984 模式=OFFBOARD 起飞状态=高度保持 水平控制=位置保持 类型掩码=2496 实际位置NED=(-0.016,-0.023,-0.865) 实际速度=(0.007,-0.025,-0.204) 最终目标=(-0.014,-0.017,-1.322) 指令位置=(-0.014,-0.017,-1.322) 指令速度=(0.000,0.000,0.000) 指令加速度=(0.000,0.000,0.000) 滚转角=-0.05度 俯仰角=-0.20度
15:37:54.362722 [轨迹] 序号=233 单调时间=19928.086866 时间=19928.087 模式=OFFBOARD 起飞状态=高度保持 水平控制=位置保持 类型掩码=2496 实际位置NED=(-0.016,-0.024,-0.872) 实际速度=(0.007,-0.024,-0.201) 最终目标=(-0.014,-0.017,-1.322) 指令位置=(-0.014,-0.017,-1.322) 指令速度=(0.000,0.000,0.000) 指令加速度=(0.000,0.000,0.000) 滚转角=-0.05度 俯仰角=-0.23度
15:37:54.466243 [轨迹] 序号=234 单调时间=19928.190558 时间=19928.191 模式=OFFBOARD 起飞状态=高度保持 水平控制=位置保持 类型掩码=2496 实际位置NED=(-0.015,-0.027,-0.884) 实际速度=(0.007,-0.024,-0.196) 最终目标=(-0.014,-0.017,-1.322) 指令位置=(-0.014,-0.017,-1.322) 指令速度=(0.000,0.000,0.000) 指令加速度=(0.000,0.000,0.000) 滚转角=-0.05度 俯仰角=-0.24度
15:37:54.574770 [轨迹] 序号=235 单调时间=19928.293348 时间=19928.293 模式=OFFBOARD 起飞状态=高度保持 水平控制=位置保持 类型掩码=2496 实际位置NED=(-0.015,-0.028,-0.891) 实际速度=(0.007,-0.023,-0.193) 最终目标=(-0.014,-0.017,-1.322) 指令位置=(-0.014,-0.017,-1.322) 指令速度=(0.000,0.000,0.000) 指令加速度=(0.000,0.000,0.000) 滚转角=-0.04度 俯仰角=-0.27度
15:37:54.672458 [轨迹] 序号=236 单调时间=19928.396603 时间=19928.397 模式=OFFBOARD 起飞状态=高度保持 水平控制=位置保持 类型掩码=2496 实际位置NED=(-0.015,-0.030,-0.899) 实际速度=(0.006,-0.022,-0.190) 最终目标=(-0.014,-0.017,-1.322) 指令位置=(-0.014,-0.017,-1.322) 指令速度=(0.000,0.000,0.000) 指令加速度=(0.000,0.000,0.000) 滚转角=-0.04度 俯仰角=-0.28度
15:37:54.776284 [轨迹] 序号=237 单调时间=19928.500608 时间=19928.501 模式=OFFBOARD 起飞状态=高度保持 水平控制=位置保持 类型掩码=2496 实际位置NED=(-0.014,-0.032,-0.911) 实际速度=(0.006,-0.021,-0.185) 最终目标=(-0.014,-0.017,-1.322) 指令位置=(-0.014,-0.017,-1.322) 指令速度=(0.000,0.000,0.000) 指令加速度=(0.000,0.000,0.000) 滚转角=-0.04度 俯仰角=-0.30度
15:37:54.878611 [轨迹] 序号=238 单调时间=19928.602910 时间=19928.603 模式=OFFBOARD 起飞状态=高度保持 水平控制=位置保持 类型掩码=2496 实际位置NED=(-0.014,-0.032,-0.911) 实际速度=(0.006,-0.021,-0.185) 最终目标=(-0.014,-0.017,-1.322) 指令位置=(-0.014,-0.017,-1.322) 指令速度=(0.000,0.000,0.000) 指令加速度=(0.000,0.000,0.000) 滚转角=-0.04度 俯仰角=-0.31度
15:37:54.981140 [轨迹] 序号=239 单调时间=19928.705413 时间=19928.705 模式=OFFBOARD 起飞状态=高度保持 水平控制=位置保持 类型掩码=2496 实际位置NED=(-0.014,-0.035,-0.923) 实际速度=(0.006,-0.020,-0.180) 最终目标=(-0.014,-0.017,-1.322) 指令位置=(-0.014,-0.017,-1.322) 指令速度=(0.000,0.000,0.000) 指令加速度=(0.000,0.000,0.000) 滚转角=-0.04度 俯仰角=-0.32度
15:37:55.086177 [轨迹] 序号=240 单调时间=19928.810514 时间=19928.811 模式=OFFBOARD 起飞状态=高度保持 水平控制=位置保持 类型掩码=2496 实际位置NED=(-0.013,-0.036,-0.928) 实际速度=(0.006,-0.019,-0.178) 最终目标=(-0.014,-0.017,-1.322) 指令位置=(-0.014,-0.017,-1.322) 指令速度=(0.000,0.000,0.000) 指令加速度=(0.000,0.000,0.000) 滚转角=-0.04度 俯仰角=-0.33度
15:37:55.188967 [轨迹] 序号=241 单调时间=19928.913198 时间=19928.913 模式=OFFBOARD 起飞状态=高度保持 水平控制=位置保持 类型掩码=2496 实际位置NED=(-0.012,-0.038,-0.936) 实际速度=(0.006,-0.018,-0.175) 最终目标=(-0.014,-0.017,-1.322) 指令位置=(-0.014,-0.017,-1.322) 指令速度=(0.000,0.000,0.000) 指令加速度=(0.000,0.000,0.000) 滚转角=-0.03度 俯仰角=-0.34度
15:37:55.291784 [轨迹] 序号=242 单调时间=19929.015705 时间=19929.016 模式=OFFBOARD 起飞状态=高度保持 水平控制=位置保持 类型掩码=2496 实际位置NED=(-0.012,-0.039,-0.941) 实际速度=(0.007,-0.017,-0.172) 最终目标=(-0.014,-0.017,-1.322) 指令位置=(-0.014,-0.017,-1.322) 指令速度=(0.000,0.000,0.000) 指令加速度=(0.000,0.000,0.000) 滚转角=-0.03度 俯仰角=-0.35度
15:37:55.394448 [轨迹] 序号=243 单调时间=19929.118671 时间=19929.119 模式=OFFBOARD 起飞状态=高度保持 水平控制=位置保持 类型掩码=2496 实际位置NED=(-0.011,-0.040,-0.947) 实际速度=(0.007,-0.016,-0.170) 最终目标=(-0.014,-0.017,-1.322) 指令位置=(-0.014,-0.017,-1.322) 指令速度=(0.000,0.000,0.000) 指令加速度=(0.000,0.000,0.000) 滚转角=-0.03度 俯仰角=-0.36度
15:37:55.497710 [轨迹] 序号=244 单调时间=19929.221974 时间=19929.222 模式=OFFBOARD 起飞状态=高度保持 水平控制=位置保持 类型掩码=2496 实际位置NED=(-0.010,-0.042,-0.958) 实际速度=(0.008,-0.014,-0.165) 最终目标=(-0.014,-0.017,-1.322) 指令位置=(-0.014,-0.017,-1.322) 指令速度=(0.000,0.000,0.000) 指令加速度=(0.000,0.000,0.000) 滚转角=-0.02度 俯仰角=-0.37度
15:37:55.601470 [轨迹] 序号=245 单调时间=19929.325704 时间=19929.326 模式=OFFBOARD 起飞状态=高度保持 水平控制=位置保持 类型掩码=2496 实际位置NED=(-0.009,-0.043,-0.963) 实际速度=(0.008,-0.012,-0.163) 最终目标=(-0.014,-0.017,-1.322) 指令位置=(-0.014,-0.017,-1.322) 指令速度=(0.000,0.000,0.000) 指令加速度=(0.000,0.000,0.000) 滚转角=-0.01度 俯仰角=-0.38度
15:37:55.703883 [轨迹] 序号=246 单调时间=19929.428229 时间=19929.428 模式=OFFBOARD 起飞状态=高度保持 水平控制=位置保持 类型掩码=2496 实际位置NED=(-0.008,-0.045,-0.969) 实际速度=(0.008,-0.011,-0.160) 最终目标=(-0.014,-0.017,-1.322) 指令位置=(-0.014,-0.017,-1.322) 指令速度=(0.000,0.000,0.000) 指令加速度=(0.000,0.000,0.000) 滚转角=-0.00度 俯仰角=-0.38度
15:37:55.808017 [轨迹] 序号=247 单调时间=19929.532302 时间=19929.532 模式=OFFBOARD 起飞状态=高度保持 水平控制=位置保持 类型掩码=2496 实际位置NED=(-0.006,-0.047,-0.980) 实际速度=(0.009,-0.010,-0.155) 最终目标=(-0.014,-0.017,-1.322) 指令位置=(-0.014,-0.017,-1.322) 指令速度=(0.000,0.000,0.000) 指令加速度=(0.000,0.000,0.000) 滚转角=0.01度 俯仰角=-0.39度
15:37:55.911011 [轨迹] 序号=248 单调时间=19929.635041 时间=19929.635 模式=OFFBOARD 起飞状态=高度保持 水平控制=位置保持 类型掩码=2496 实际位置NED=(-0.005,-0.048,-0.985) 实际速度=(0.009,-0.009,-0.153) 最终目标=(-0.014,-0.017,-1.322) 指令位置=(-0.014,-0.017,-1.322) 指令速度=(0.000,0.000,0.000) 指令加速度=(0.000,0.000,0.000) 滚转角=0.02度 俯仰角=-0.40度
15:37:56.014338 [轨迹] 序号=249 单调时间=19929.738195 时间=19929.738 模式=OFFBOARD 起飞状态=高度保持 水平控制=位置保持 类型掩码=2496 实际位置NED=(-0.004,-0.049,-0.989) 实际速度=(0.009,-0.008,-0.151) 最终目标=(-0.014,-0.017,-1.322) 指令位置=(-0.014,-0.017,-1.322) 指令速度=(0.000,0.000,0.000) 指令加速度=(0.000,0.000,0.000) 滚转角=0.03度 俯仰角=-0.40度
15:37:56.116846 [轨迹] 序号=250 单调时间=19929.841063 时间=19929.841 模式=OFFBOARD 起飞状态=高度保持 水平控制=位置保持 类型掩码=2496 实际位置NED=(-0.003,-0.050,-0.994) 实际速度=(0.009,-0.007,-0.148) 最终目标=(-0.014,-0.017,-1.322) 指令位置=(-0.014,-0.017,-1.322) 指令速度=(0.000,0.000,0.000) 指令加速度=(0.000,0.000,0.000) 滚转角=0.05度 俯仰角=-0.41度
15:37:56.219996 [轨迹] 序号=251 单调时间=19929.944396 时间=19929.944 模式=OFFBOARD 起飞状态=高度保持 水平控制=位置保持 类型掩码=2496 实际位置NED=(-0.001,-0.052,-1.005) 实际速度=(0.009,-0.005,-0.144) 最终目标=(-0.014,-0.017,-1.322) 指令位置=(-0.014,-0.017,-1.322) 指令速度=(0.000,0.000,0.000) 指令加速度=(0.000,0.000,0.000) 滚转角=0.06度 俯仰角=-0.41度
15:37:56.322531 [轨迹] 序号=252 单调时间=19930.046790 时间=19930.047 模式=OFFBOARD 起飞状态=高度保持 水平控制=位置保持 类型掩码=2496 实际位置NED=(-0.000,-0.053,-1.009) 实际速度=(0.008,-0.004,-0.142) 最终目标=(-0.014,-0.017,-1.322) 指令位置=(-0.014,-0.017,-1.322) 指令速度=(0.000,0.000,0.000) 指令加速度=(0.000,0.000,0.000) 滚转角=0.07度 俯仰角=-0.42度
15:37:56.425152 [轨迹] 序号=253 单调时间=19930.149405 时间=19930.149 模式=OFFBOARD 起飞状态=高度保持 水平控制=位置保持 类型掩码=2496 实际位置NED=(0.001,-0.053,-1.014) 实际速度=(0.008,-0.002,-0.140) 最终目标=(-0.014,-0.017,-1.322) 指令位置=(-0.014,-0.017,-1.322) 指令速度=(0.000,0.000,0.000) 指令加速度=(0.000,0.000,0.000) 滚转角=0.08度 俯仰角=-0.43度
15:37:56.528334 [轨迹] 序号=254 单调时间=19930.252149 时间=19930.252 模式=OFFBOARD 起飞状态=高度保持 水平控制=位置保持 类型掩码=2496 实际位置NED=(0.001,-0.054,-1.018) 实际速度=(0.008,-0.001,-0.138) 最终目标=(-0.014,-0.017,-1.322) 指令位置=(-0.014,-0.017,-1.322) 指令速度=(0.000,0.000,0.000) 指令加速度=(0.000,0.000,0.000) 滚转角=0.09度 俯仰角=-0.43度
15:37:56.631208 [轨迹] 序号=255 单调时间=19930.355389 时间=19930.355 模式=OFFBOARD 起飞状态=高度保持 水平控制=位置保持 类型掩码=2496 实际位置NED=(0.002,-0.055,-1.023) 实际速度=(0.007,-0.000,-0.136) 最终目标=(-0.014,-0.017,-1.322) 指令位置=(-0.014,-0.017,-1.322) 指令速度=(0.000,0.000,0.000) 指令加速度=(0.000,0.000,0.000) 滚转角=0.10度 俯仰角=-0.43度
15:37:56.734432 [轨迹] 序号=256 单调时间=19930.458903 时间=19930.459 模式=OFFBOARD 起飞状态=高度保持 水平控制=位置保持 类型掩码=2496 实际位置NED=(0.004,-0.056,-1.032) 实际速度=(0.006,0.002,-0.131) 最终目标=(-0.014,-0.017,-1.322) 指令位置=(-0.014,-0.017,-1.322) 指令速度=(0.000,0.000,0.000) 指令加速度=(0.000,0.000,0.000) 滚转角=0.11度 俯仰角=-0.43度
15:37:56.836874 [轨迹] 序号=257 单调时间=19930.561093 时间=19930.561 模式=OFFBOARD 起飞状态=高度保持 水平控制=位置保持 类型掩码=2496 实际位置NED=(0.005,-0.057,-1.036) 实际速度=(0.005,0.003,-0.130) 最终目标=(-0.014,-0.017,-1.322) 指令位置=(-0.014,-0.017,-1.322) 指令速度=(0.000,0.000,0.000) 指令加速度=(0.000,0.000,0.000) 滚转角=0.12度 俯仰角=-0.44度
15:37:56.940556 [轨迹] 序号=258 单调时间=19930.664677 时间=19930.665 模式=OFFBOARD 起飞状态=高度保持 水平控制=位置保持 类型掩码=2496 实际位置NED=(0.005,-0.057,-1.041) 实际速度=(0.005,0.005,-0.128) 最终目标=(-0.014,-0.017,-1.322) 指令位置=(-0.014,-0.017,-1.322) 指令速度=(0.000,0.000,0.000) 指令加速度=(0.000,0.000,0.000) 滚转角=0.12度 俯仰角=-0.44度
15:37:57.042970 [轨迹] 序号=259 单调时间=19930.767350 时间=19930.767 模式=OFFBOARD 起飞状态=高度保持 水平控制=位置保持 类型掩码=2496 实际位置NED=(0.006,-0.058,-1.045) 实际速度=(0.004,0.006,-0.126) 最终目标=(-0.014,-0.017,-1.322) 指令位置=(-0.014,-0.017,-1.322) 指令速度=(0.000,0.000,0.000) 指令加速度=(0.000,0.000,0.000) 滚转角=0.13度 俯仰角=-0.44度
15:37:57.144610 [轨迹] 序号=260 单调时间=19930.868895 时间=19930.869 模式=OFFBOARD 起飞状态=高度保持 水平控制=位置保持 类型掩码=2496 实际位置NED=(0.006,-0.058,-1.049) 实际速度=(0.003,0.007,-0.125) 最终目标=(-0.014,-0.017,-1.322) 指令位置=(-0.014,-0.017,-1.322) 指令速度=(0.000,0.000,0.000) 指令加速度=(0.000,0.000,0.000) 滚转角=0.13度 俯仰角=-0.44度
15:37:57.245557 [轨迹] 序号=261 单调时间=19930.969795 时间=19930.970 模式=OFFBOARD 起飞状态=高度保持 水平控制=位置保持 类型掩码=2496 实际位置NED=(0.007,-0.059,-1.054) 实际速度=(0.002,0.009,-0.123) 最终目标=(-0.014,-0.017,-1.322) 指令位置=(-0.014,-0.017,-1.322) 指令速度=(0.000,0.000,0.000) 指令加速度=(0.000,0.000,0.000) 滚转角=0.13度 俯仰角=-0.43度
15:37:57.348252 [轨迹] 序号=262 单调时间=19931.072546 时间=19931.073 模式=OFFBOARD 起飞状态=高度保持 水平控制=位置保持 类型掩码=2496 实际位置NED=(0.007,-0.059,-1.058) 实际速度=(0.001,0.010,-0.121) 最终目标=(-0.014,-0.017,-1.322) 指令位置=(-0.014,-0.017,-1.322) 指令速度=(0.000,0.000,0.000) 指令加速度=(0.000,0.000,0.000) 滚转角=0.13度 俯仰角=-0.43度
15:37:57.451422 [轨迹] 序号=263 单调时间=19931.175311 时间=19931.175 模式=OFFBOARD 起飞状态=高度保持 水平控制=位置保持 类型掩码=2496 实际位置NED=(0.007,-0.059,-1.061) 实际速度=(-0.001,0.011,-0.119) 最终目标=(-0.014,-0.017,-1.322) 指令位置=(-0.014,-0.017,-1.322) 指令速度=(0.000,0.000,0.000) 指令加速度=(0.000,0.000,0.000) 滚转角=0.13度 俯仰角=-0.43度
15:37:57.554787 [轨迹] 序号=264 单调时间=19931.279010 时间=19931.279 模式=OFFBOARD 起飞状态=高度保持 水平控制=位置保持 类型掩码=2496 实际位置NED=(0.008,-0.060,-1.069) 实际速度=(-0.003,0.013,-0.116) 最终目标=(-0.014,-0.017,-1.322) 指令位置=(-0.014,-0.017,-1.322) 指令速度=(0.000,0.000,0.000) 指令加速度=(0.000,0.000,0.000) 滚转角=0.13度 俯仰角=-0.42度
15:37:57.658107 [轨迹] 序号=265 单调时间=19931.381793 时间=19931.382 模式=OFFBOARD 起飞状态=高度保持 水平控制=位置保持 类型掩码=2496 实际位置NED=(0.008,-0.060,-1.073) 实际速度=(-0.004,0.014,-0.114) 最终目标=(-0.014,-0.017,-1.322) 指令位置=(-0.014,-0.017,-1.322) 指令速度=(0.000,0.000,0.000) 指令加速度=(0.000,0.000,0.000) 滚转角=0.12度 俯仰角=-0.41度
15:37:57.761285 [轨迹] 序号=266 单调时间=19931.485501 时间=19931.486 模式=OFFBOARD 起飞状态=高度保持 水平控制=位置保持 类型掩码=2496 实际位置NED=(0.007,-0.061,-1.081) 实际速度=(-0.007,0.016,-0.111) 最终目标=(-0.014,-0.017,-1.322) 指令位置=(-0.014,-0.017,-1.322) 指令速度=(0.000,0.000,0.000) 指令加速度=(0.000,0.000,0.000) 滚转角=0.11度 俯仰角=-0.41度
15:37:57.863604 [轨迹] 序号=267 单调时间=19931.587894 时间=19931.588 模式=OFFBOARD 起飞状态=高度保持 水平控制=位置保持 类型掩码=2496 实际位置NED=(0.007,-0.061,-1.084) 实际速度=(-0.008,0.017,-0.109) 最终目标=(-0.014,-0.017,-1.322) 指令位置=(-0.014,-0.017,-1.322) 指令速度=(0.000,0.000,0.000) 指令加速度=(0.000,0.000,0.000) 滚转角=0.10度 俯仰角=-0.40度
15:37:57.966742 [轨迹] 序号=268 单调时间=19931.690853 时间=19931.691 模式=OFFBOARD 起飞状态=高度保持 水平控制=位置保持 类型掩码=2496 实际位置NED=(0.007,-0.061,-1.088) 实际速度=(-0.009,0.018,-0.107) 最终目标=(-0.014,-0.017,-1.322) 指令位置=(-0.014,-0.017,-1.322) 指令速度=(0.000,0.000,0.000) 指令加速度=(0.000,0.000,0.000) 滚转角=0.09度 俯仰角=-0.39度
15:37:58.069301 [轨迹] 序号=269 单调时间=19931.793530 时间=19931.794 模式=OFFBOARD 起飞状态=高度保持 水平控制=位置保持 类型掩码=2496 实际位置NED=(0.006,-0.061,-1.091) 实际速度=(-0.010,0.018,-0.106) 最终目标=(-0.014,-0.017,-1.322) 指令位置=(-0.014,-0.017,-1.322) 指令速度=(0.000,0.000,0.000) 指令加速度=(0.000,0.000,0.000) 滚转角=0.08度 俯仰角=-0.38度
15:37:58.171863 [轨迹] 序号=270 单调时间=19931.896174 时间=19931.896 模式=OFFBOARD 起飞状态=高度保持 水平控制=位置保持 类型掩码=2496 实际位置NED=(0.005,-0.062,-1.099) 实际速度=(-0.013,0.020,-0.103) 最终目标=(-0.014,-0.017,-1.322) 指令位置=(-0.014,-0.017,-1.322) 指令速度=(0.000,0.000,0.000) 指令加速度=(0.000,0.000,0.000) 滚转角=0.07度 俯仰角=-0.38度
15:37:58.275067 [轨迹] 序号=271 单调时间=19931.999058 时间=19931.999 模式=OFFBOARD 起飞状态=高度保持 水平控制=位置保持 类型掩码=2496 实际位置NED=(0.005,-0.062,-1.102) 实际速度=(-0.014,0.021,-0.101) 最终目标=(-0.014,-0.017,-1.322) 指令位置=(-0.014,-0.017,-1.322) 指令速度=(0.000,0.000,0.000) 指令加速度=(0.000,0.000,0.000) 滚转角=0.05度 俯仰角=-0.37度
15:37:58.377472 [轨迹] 序号=272 单调时间=19932.101737 时间=19932.102 模式=OFFBOARD 起飞状态=高度保持 水平控制=位置保持 类型掩码=2496 实际位置NED=(0.004,-0.062,-1.105) 实际速度=(-0.015,0.021,-0.100) 最终目标=(-0.014,-0.017,-1.322) 指令位置=(-0.014,-0.017,-1.322) 指令速度=(0.000,0.000,0.000) 指令加速度=(0.000,0.000,0.000) 滚转角=0.03度 俯仰角=-0.36度
15:37:58.480671 [轨迹] 序号=273 单调时间=19932.204899 时间=19932.205 模式=OFFBOARD 起飞状态=高度保持 水平控制=位置保持 类型掩码=2496 实际位置NED=(0.003,-0.062,-1.111) 实际速度=(-0.016,0.023,-0.097) 最终目标=(-0.014,-0.017,-1.322) 指令位置=(-0.014,-0.017,-1.322) 指令速度=(0.000,0.000,0.000) 指令加速度=(0.000,0.000,0.000) 滚转角=0.01度 俯仰角=-0.36度
15:37:58.583552 [轨迹] 序号=274 单调时间=19932.307754 时间=19932.308 模式=OFFBOARD 起飞状态=高度保持 水平控制=位置保持 类型掩码=2496 实际位置NED=(0.002,-0.062,-1.114) 实际速度=(-0.017,0.023,-0.096) 最终目标=(-0.014,-0.017,-1.322) 指令位置=(-0.014,-0.017,-1.322) 指令速度=(0.000,0.000,0.000) 指令加速度=(0.000,0.000,0.000) 滚转角=-0.01度 俯仰角=-0.35度
15:37:58.686796 [轨迹] 序号=275 单调时间=19932.411064 时间=19932.411 模式=OFFBOARD 起飞状态=高度保持 水平控制=位置保持 类型掩码=2496 实际位置NED=(0.001,-0.061,-1.118) 实际速度=(-0.018,0.024,-0.094) 最终目标=(-0.014,-0.017,-1.322) 指令位置=(-0.014,-0.017,-1.322) 指令速度=(0.000,0.000,0.000) 指令加速度=(0.000,0.000,0.000) 滚转角=-0.02度 俯仰角=-0.34度
15:37:58.790062 [轨迹] 序号=276 单调时间=19932.514193 时间=19932.514 模式=OFFBOARD 起飞状态=高度保持 水平控制=位置保持 类型掩码=2496 实际位置NED=(0.001,-0.061,-1.121) 实际速度=(-0.018,0.025,-0.093) 最终目标=(-0.014,-0.017,-1.322) 指令位置=(-0.014,-0.017,-1.322) 指令速度=(0.000,0.000,0.000) 指令加速度=(0.000,0.000,0.000) 滚转角=-0.03度 俯仰角=-0.34度
15:37:58.892536 [轨迹] 序号=277 单调时间=19932.616790 时间=19932.617 模式=OFFBOARD 起飞状态=高度保持 水平控制=位置保持 类型掩码=2496 实际位置NED=(-0.000,-0.061,-1.124) 实际速度=(-0.019,0.025,-0.092) 最终目标=(-0.014,-0.017,-1.322) 指令位置=(-0.014,-0.017,-1.322) 指令速度=(0.000,0.000,0.000) 指令加速度=(0.000,0.000,0.000) 滚转角=-0.05度 俯仰角=-0.33度
15:37:58.994753 [轨迹] 序号=278 单调时间=19932.718979 时间=19932.719 模式=OFFBOARD 起飞状态=高度保持 水平控制=位置保持 类型掩码=2496 实际位置NED=(-0.002,-0.061,-1.130) 实际速度=(-0.020,0.026,-0.089) 最终目标=(-0.014,-0.017,-1.322) 指令位置=(-0.014,-0.017,-1.322) 指令速度=(0.000,0.000,0.000) 指令加速度=(0.000,0.000,0.000) 滚转角=-0.06度 俯仰角=-0.33度
15:37:59.097355 [轨迹] 序号=279 单调时间=19932.821618 时间=19932.822 模式=OFFBOARD 起飞状态=高度保持 水平控制=位置保持 类型掩码=2496 实际位置NED=(-0.002,-0.061,-1.133) 实际速度=(-0.020,0.027,-0.088) 最终目标=(-0.014,-0.017,-1.322) 指令位置=(-0.014,-0.017,-1.322) 指令速度=(0.000,0.000,0.000) 指令加速度=(0.000,0.000,0.000) 滚转角=-0.08度 俯仰角=-0.31度
15:37:59.199825 [轨迹] 序号=280 单调时间=19932.924065 时间=19932.924 模式=OFFBOARD 起飞状态=高度保持 水平控制=位置保持 类型掩码=2496 实际位置NED=(-0.003,-0.061,-1.136) 实际速度=(-0.020,0.027,-0.086) 最终目标=(-0.014,-0.017,-1.322) 指令位置=(-0.014,-0.017,-1.322) 指令速度=(0.000,0.000,0.000) 指令加速度=(0.000,0.000,0.000) 滚转角=-0.09度 俯仰角=-0.31度
15:37:59.302457 [轨迹] 序号=281 单调时间=19933.026785 时间=19933.027 模式=OFFBOARD 起飞状态=高度保持 水平控制=位置保持 类型掩码=2496 实际位置NED=(-0.005,-0.060,-1.142) 实际速度=(-0.020,0.028,-0.083) 最终目标=(-0.014,-0.017,-1.322) 指令位置=(-0.014,-0.017,-1.322) 指令速度=(0.000,0.000,0.000) 指令加速度=(0.000,0.000,0.000) 滚转角=-0.10度 俯仰角=-0.30度
15:37:59.406664 [轨迹] 序号=282 单调时间=19933.130975 时间=19933.131 模式=OFFBOARD 起飞状态=高度保持 水平控制=位置保持 类型掩码=2496 实际位置NED=(-0.006,-0.060,-1.145) 实际速度=(-0.021,0.029,-0.082) 最终目标=(-0.014,-0.017,-1.322) 指令位置=(-0.014,-0.017,-1.322) 指令速度=(0.000,0.000,0.000) 指令加速度=(0.000,0.000,0.000) 滚转角=-0.11度 俯仰角=-0.30度
15:37:59.509025 [轨迹] 序号=283 单调时间=19933.233343 时间=19933.233 模式=OFFBOARD 起飞状态=高度保持 水平控制=位置保持 类型掩码=2496 实际位置NED=(-0.007,-0.060,-1.147) 实际速度=(-0.021,0.029,-0.081) 最终目标=(-0.014,-0.017,-1.322) 指令位置=(-0.014,-0.017,-1.322) 指令速度=(0.000,0.000,0.000) 指令加速度=(0.000,0.000,0.000) 滚转角=-0.12度 俯仰角=-0.29度
15:37:59.611569 [轨迹] 序号=284 单调时间=19933.335793 时间=19933.336 模式=OFFBOARD 起飞状态=高度保持 水平控制=位置保持 类型掩码=2496 实际位置NED=(-0.007,-0.059,-1.150) 实际速度=(-0.020,0.030,-0.080) 最终目标=(-0.014,-0.017,-1.322) 指令位置=(-0.014,-0.017,-1.322) 指令速度=(0.000,0.000,0.000) 指令加速度=(0.000,0.000,0.000) 滚转角=-0.13度 俯仰角=-0.28度
15:37:59.716340 [轨迹] 序号=285 单调时间=19933.440754 时间=19933.441 模式=OFFBOARD 起飞状态=高度保持 水平控制=位置保持 类型掩码=2496 实际位置NED=(-0.009,-0.058,-1.155) 实际速度=(-0.020,0.031,-0.077) 最终目标=(-0.014,-0.017,-1.322) 指令位置=(-0.014,-0.017,-1.322) 指令速度=(0.000,0.000,0.000) 指令加速度=(0.000,0.000,0.000) 滚转角=-0.14度 俯仰角=-0.27度
15:37:59.818702 [轨迹] 序号=286 单调时间=19933.542905 时间=19933.543 模式=OFFBOARD 起飞状态=高度保持 水平控制=位置保持 类型掩码=2496 实际位置NED=(-0.010,-0.058,-1.158) 实际速度=(-0.020,0.031,-0.076) 最终目标=(-0.014,-0.017,-1.322) 指令位置=(-0.014,-0.017,-1.322) 指令速度=(0.000,0.000,0.000) 指令加速度=(0.000,0.000,0.000) 滚转角=-0.15度 俯仰角=-0.27度
15:37:59.921693 [轨迹] 序号=287 单调时间=19933.645946 时间=19933.646 模式=OFFBOARD 起飞状态=高度保持 水平控制=位置保持 类型掩码=2496 实际位置NED=(-0.011,-0.057,-1.160) 实际速度=(-0.020,0.032,-0.075) 最终目标=(-0.014,-0.017,-1.322) 指令位置=(-0.014,-0.017,-1.322) 指令速度=(0.000,0.000,0.000) 指令加速度=(0.000,0.000,0.000) 滚转角=-0.16度 俯仰角=-0.26度
15:38:00.025173 [轨迹] 序号=288 单调时间=19933.749143 时间=19933.749 模式=OFFBOARD 起飞状态=高度保持 水平控制=位置保持 类型掩码=2496 实际位置NED=(-0.012,-0.057,-1.163) 实际速度=(-0.020,0.032,-0.074) 最终目标=(-0.014,-0.017,-1.322) 指令位置=(-0.014,-0.017,-1.322) 指令速度=(0.000,0.000,0.000) 指令加速度=(0.000,0.000,0.000) 滚转角=-0.17度 俯仰角=-0.25度
15:38:00.127739 [轨迹] 序号=289 单调时间=19933.851939 时间=19933.852 模式=OFFBOARD 起飞状态=高度保持 水平控制=位置保持 类型掩码=2496 实际位置NED=(-0.013,-0.056,-1.165) 实际速度=(-0.019,0.032,-0.073) 最终目标=(-0.014,-0.017,-1.322) 指令位置=(-0.014,-0.017,-1.322) 指令速度=(0.000,0.000,0.000) 指令加速度=(0.000,0.000,0.000) 滚转角=-0.17度 俯仰角=-0.24度
15:38:00.230186 [轨迹] 序号=290 单调时间=19933.954460 时间=19933.954 模式=OFFBOARD 起飞状态=高度保持 水平控制=位置保持 类型掩码=2496 实际位置NED=(-0.014,-0.055,-1.170) 实际速度=(-0.018,0.033,-0.070) 最终目标=(-0.014,-0.017,-1.322) 指令位置=(-0.014,-0.017,-1.322) 指令速度=(0.000,0.000,0.000) 指令加速度=(0.000,0.000,0.000) 滚转角=-0.18度 俯仰角=-0.23度
15:38:00.333135 [轨迹] 序号=291 单调时间=19934.056943 时间=19934.057 模式=OFFBOARD 起飞状态=高度保持 水平控制=位置保持 类型掩码=2496 实际位置NED=(-0.015,-0.054,-1.172) 实际速度=(-0.017,0.034,-0.069) 最终目标=(-0.014,-0.017,-1.322) 指令位置=(-0.014,-0.017,-1.322) 指令速度=(0.000,0.000,0.000) 指令加速度=(0.000,0.000,0.000) 滚转角=-0.19度 俯仰角=-0.22度
15:38:00.436471 [轨迹] 序号=292 单调时间=19934.160854 时间=19934.161 模式=OFFBOARD 起飞状态=高度保持 水平控制=位置保持 类型掩码=2496 实际位置NED=(-0.015,-0.053,-1.174) 实际速度=(-0.017,0.034,-0.068) 最终目标=(-0.014,-0.017,-1.322) 指令位置=(-0.014,-0.017,-1.322) 指令速度=(0.000,0.000,0.000) 指令加速度=(0.000,0.000,0.000) 滚转角=-0.19度 俯仰角=-0.21度
15:38:00.540483 [轨迹] 序号=293 单调时间=19934.264710 时间=19934.265 模式=OFFBOARD 起飞状态=高度保持 水平控制=位置保持 类型掩码=2496 实际位置NED=(-0.016,-0.053,-1.177) 实际速度=(-0.016,0.034,-0.067) 最终目标=(-0.014,-0.017,-1.322) 指令位置=(-0.014,-0.017,-1.322) 指令速度=(0.000,0.000,0.000) 指令加速度=(0.000,0.000,0.000) 滚转角=-0.19度 俯仰角=-0.20度
15:38:00.643901 [轨迹] 序号=294 单调时间=19934.368073 时间=19934.368 模式=OFFBOARD 起飞状态=高度保持 水平控制=位置保持 类型掩码=2496 实际位置NED=(-0.016,-0.052,-1.179) 实际速度=(-0.015,0.035,-0.066) 最终目标=(-0.014,-0.017,-1.322) 指令位置=(-0.014,-0.017,-1.322) 指令速度=(0.000,0.000,0.000) 指令加速度=(0.000,0.000,0.000) 滚转角=-0.19度 俯仰角=-0.19度
15:38:00.746365 [轨迹] 序号=295 单调时间=19934.470496 时间=19934.470 模式=OFFBOARD 起飞状态=高度保持 水平控制=位置保持 类型掩码=2496 实际位置NED=(-0.017,-0.049,-1.183) 实际速度=(-0.013,0.036,-0.064) 最终目标=(-0.014,-0.017,-1.322) 指令位置=(-0.014,-0.017,-1.322) 指令速度=(0.000,0.000,0.000) 指令加速度=(0.000,0.000,0.000) 滚转角=-0.19度 俯仰角=-0.18度
15:38:00.848857 [轨迹] 序号=296 单调时间=19934.573166 时间=19934.573 模式=OFFBOARD 起飞状态=高度保持 水平控制=位置保持 类型掩码=2496 实际位置NED=(-0.018,-0.048,-1.186) 实际速度=(-0.012,0.036,-0.063) 最终目标=(-0.014,-0.017,-1.322) 指令位置=(-0.014,-0.017,-1.322) 指令速度=(0.000,0.000,0.000) 指令加速度=(0.000,0.000,0.000) 滚转角=-0.19度 俯仰角=-0.16度
15:38:00.951488 [轨迹] 序号=297 单调时间=19934.675668 时间=19934.676 模式=OFFBOARD 起飞状态=高度保持 水平控制=位置保持 类型掩码=2496 实际位置NED=(-0.018,-0.047,-1.188) 实际速度=(-0.012,0.037,-0.062) 最终目标=(-0.014,-0.017,-1.322) 指令位置=(-0.014,-0.017,-1.322) 指令速度=(0.000,0.000,0.000) 指令加速度=(0.000,0.000,0.000) 滚转角=-0.19度 俯仰角=-0.15度
15:38:01.051869 [轨迹] 序号=298 单调时间=19934.776268 时间=19934.776 模式=OFFBOARD 起飞状态=高度保持 水平控制=位置保持 类型掩码=2496 实际位置NED=(-0.018,-0.046,-1.190) 实际速度=(-0.011,0.037,-0.061) 最终目标=(-0.014,-0.017,-1.322) 指令位置=(-0.014,-0.017,-1.322) 指令速度=(0.000,0.000,0.000) 指令加速度=(0.000,0.000,0.000) 滚转角=-0.19度 俯仰角=-0.14度
15:38:01.154205 [轨迹] 序号=299 单调时间=19934.878475 时间=19934.878 模式=OFFBOARD 起飞状态=高度保持 水平控制=位置保持 类型掩码=2496 实际位置NED=(-0.019,-0.045,-1.191) 实际速度=(-0.010,0.037,-0.061) 最终目标=(-0.014,-0.017,-1.322) 指令位置=(-0.014,-0.017,-1.322) 指令速度=(0.000,0.000,0.000) 指令加速度=(0.000,0.000,0.000) 滚转角=-0.19度 俯仰角=-0.13度
15:38:01.256817 [轨迹] 序号=300 单调时间=19934.981185 时间=19934.981 模式=OFFBOARD 起飞状态=高度保持 水平控制=位置保持 类型掩码=2496 实际位置NED=(-0.019,-0.042,-1.195) 实际速度=(-0.009,0.038,-0.059) 最终目标=(-0.014,-0.017,-1.322) 指令位置=(-0.014,-0.017,-1.322) 指令速度=(0.000,0.000,0.000) 指令加速度=(0.000,0.000,0.000) 滚转角=-0.18度 俯仰角=-0.11度
15:38:01.359409 [轨迹] 序号=301 单调时间=19935.083615 时间=19935.084 模式=OFFBOARD 起飞状态=高度保持 水平控制=位置保持 类型掩码=2496 实际位置NED=(-0.020,-0.041,-1.197) 实际速度=(-0.008,0.038,-0.058) 最终目标=(-0.014,-0.017,-1.322) 指令位置=(-0.014,-0.017,-1.322) 指令速度=(0.000,0.000,0.000) 指令加速度=(0.000,0.000,0.000) 滚转角=-0.18度 俯仰角=-0.10度
15:38:01.461889 [轨迹] 序号=302 单调时间=19935.186111 时间=19935.186 模式=OFFBOARD 起飞状态=高度保持 水平控制=位置保持 类型掩码=2496 实际位置NED=(-0.020,-0.040,-1.199) 实际速度=(-0.008,0.038,-0.057) 最终目标=(-0.014,-0.017,-1.322) 指令位置=(-0.014,-0.017,-1.322) 指令速度=(0.000,0.000,0.000) 指令加速度=(0.000,0.000,0.000) 滚转角=-0.17度 俯仰角=-0.08度
15:38:01.564575 [轨迹] 序号=303 单调时间=19935.288815 时间=19935.289 模式=OFFBOARD 起飞状态=高度保持 水平控制=位置保持 类型掩码=2496 实际位置NED=(-0.020,-0.038,-1.201) 实际速度=(-0.007,0.038,-0.056) 最终目标=(-0.014,-0.017,-1.322) 指令位置=(-0.014,-0.017,-1.322) 指令速度=(0.000,0.000,0.000) 指令加速度=(0.000,0.000,0.000) 滚转角=-0.17度 俯仰角=-0.07度
15:38:01.667672 [轨迹] 序号=304 单调时间=19935.391854 时间=19935.392 模式=OFFBOARD 起飞状态=高度保持 水平控制=位置保持 类型掩码=2496 实际位置NED=(-0.020,-0.037,-1.203) 实际速度=(-0.007,0.038,-0.055) 最终目标=(-0.014,-0.017,-1.322) 指令位置=(-0.014,-0.017,-1.322) 指令速度=(0.000,0.000,0.000) 指令加速度=(0.000,0.000,0.000) 滚转角=-0.16度 俯仰角=-0.05度
15:38:01.770735 [轨迹] 序号=305 单调时间=19935.494757 时间=19935.495 模式=OFFBOARD 起飞状态=高度保持 水平控制=位置保持 类型掩码=2496 实际位置NED=(-0.021,-0.034,-1.207) 实际速度=(-0.006,0.038,-0.054) 最终目标=(-0.014,-0.017,-1.322) 指令位置=(-0.014,-0.017,-1.322) 指令速度=(0.000,0.000,0.000) 指令加速度=(0.000,0.000,0.000) 滚转角=-0.16度 俯仰角=-0.03度
15:38:01.873758 [轨迹] 序号=306 单调时间=19935.598004 时间=19935.598 模式=OFFBOARD 起飞状态=高度保持 水平控制=位置保持 类型掩码=2496 实际位置NED=(-0.021,-0.032,-1.208) 实际速度=(-0.005,0.037,-0.053) 最终目标=(-0.014,-0.017,-1.322) 指令位置=(-0.014,-0.017,-1.322) 指令速度=(0.000,0.000,0.000) 指令加速度=(0.000,0.000,0.000) 滚转角=-0.15度 俯仰角=-0.02度
15:38:01.976640 [轨迹] 序号=307 单调时间=19935.700907 时间=19935.701 模式=OFFBOARD 起飞状态=高度保持 水平控制=位置保持 类型掩码=2496 实际位置NED=(-0.021,-0.031,-1.210) 实际速度=(-0.004,0.037,-0.052) 最终目标=(-0.014,-0.017,-1.322) 指令位置=(-0.014,-0.017,-1.322) 指令速度=(0.000,0.000,0.000) 指令加速度=(0.000,0.000,0.000) 滚转角=-0.15度 俯仰角=-0.00度
15:38:02.079235 [轨迹] 序号=308 单调时间=19935.803502 时间=19935.804 模式=OFFBOARD 起飞状态=高度保持 水平控制=位置保持 类型掩码=2496 实际位置NED=(-0.021,-0.030,-1.212) 实际速度=(-0.004,0.037,-0.051) 最终目标=(-0.014,-0.017,-1.322) 指令位置=(-0.014,-0.017,-1.322) 指令速度=(0.000,0.000,0.000) 指令加速度=(0.000,0.000,0.000) 滚转角=-0.14度 俯仰角=0.01度
15:38:02.181632 [轨迹] 序号=309 单调时间=19935.905799 时间=19935.906 模式=OFFBOARD 起飞状态=高度保持 水平控制=位置保持 类型掩码=2496 实际位置NED=(-0.021,-0.028,-1.213) 实际速度=(-0.003,0.036,-0.050) 最终目标=(-0.014,-0.017,-1.322) 指令位置=(-0.014,-0.017,-1.322) 指令速度=(0.000,0.000,0.000) 指令加速度=(0.000,0.000,0.000) 滚转角=-0.14度 俯仰角=0.03度
15:38:02.283896 [轨迹] 序号=310 单调时间=19936.008167 时间=19936.008 模式=OFFBOARD 起飞状态=高度保持 水平控制=位置保持 类型掩码=2496 实际位置NED=(-0.021,-0.025,-1.217) 实际速度=(-0.002,0.035,-0.049) 最终目标=(-0.014,-0.017,-1.322) 指令位置=(-0.014,-0.017,-1.322) 指令速度=(0.000,0.000,0.000) 指令加速度=(0.000,0.000,0.000) 滚转角=-0.14度 俯仰角=0.04度
15:38:02.386535 [轨迹] 序号=311 单调时间=19936.110608 时间=19936.111 模式=OFFBOARD 起飞状态=高度保持 水平控制=位置保持 类型掩码=2496 实际位置NED=(-0.021,-0.024,-1.218) 实际速度=(-0.002,0.034,-0.048) 最终目标=(-0.014,-0.017,-1.322) 指令位置=(-0.014,-0.017,-1.322) 指令速度=(0.000,0.000,0.000) 指令加速度=(0.000,0.000,0.000) 滚转角=-0.13度 俯仰角=0.05度
15:38:02 [应答] UP INTENT：已接受（MAV_RESULT_ACCEPTED）
15:38:02 [输入] 已按下一次上升按钮
15:38:02 [目标] 修改前：北=-0.014 东=-0.017 下=-1.322
15:38:02 [目标] 修改后：北=-0.014 东=-0.017 下=-1.822
15:38:02.489224 [轨迹] 序号=312 单调时间=19936.213464 时间=19936.213 模式=OFFBOARD 起飞状态=未执行起飞 水平控制=位置保持 类型掩码=3520 实际位置NED=(-0.021,-0.022,-1.220) 实际速度=(-0.002,0.034,-0.047) 最终目标=(-0.014,-0.017,-1.822) 指令位置=(-0.014,-0.017,-1.325) 指令速度=(0.000,0.000,-0.031) 指令加速度=(0.000,0.000,-0.300) 滚转角=-0.13度 俯仰角=0.06度
15:38:02.592003 [轨迹] 序号=313 单调时间=19936.316277 时间=19936.316 模式=OFFBOARD 起飞状态=未执行起飞 水平控制=位置保持 类型掩码=3520 实际位置NED=(-0.021,-0.021,-1.221) 实际速度=(-0.001,0.033,-0.047) 最终目标=(-0.014,-0.017,-1.822) 指令位置=(-0.014,-0.017,-1.331) 指令速度=(0.000,0.000,-0.062) 指令加速度=(0.000,0.000,-0.300) 滚转角=-0.12度 俯仰角=0.08度
15:38:02 [应答] UP INTENT：已接受（MAV_RESULT_ACCEPTED）
15:38:02 [输入] 已按下一次上升按钮
15:38:02 [目标] 修改前：北=-0.014 东=-0.017 下=-1.822
15:38:02 [目标] 修改后：北=-0.014 东=-0.017 下=-2.322
15:38:02.694866 [轨迹] 序号=314 单调时间=19936.419024 时间=19936.419 模式=OFFBOARD 起飞状态=未执行起飞 水平控制=位置保持 类型掩码=3520 实际位置NED=(-0.021,-0.020,-1.223) 实际速度=(-0.001,0.032,-0.048) 最终目标=(-0.014,-0.017,-2.322) 指令位置=(-0.014,-0.017,-1.341) 指令速度=(0.000,0.000,-0.093) 指令加速度=(0.000,0.000,-0.300) 滚转角=-0.12度 俯仰角=0.09度
15:38:02.797451 [轨迹] 序号=315 单调时间=19936.521701 时间=19936.522 模式=OFFBOARD 起飞状态=未执行起飞 水平控制=位置保持 类型掩码=3520 实际位置NED=(-0.020,-0.017,-1.227) 实际速度=(0.000,0.031,-0.066) 最终目标=(-0.014,-0.017,-2.322) 指令位置=(-0.014,-0.017,-1.354) 指令速度=(0.000,0.000,-0.123) 指令加速度=(0.000,0.000,-0.300) 滚转角=-0.11度 俯仰角=0.10度
15:38:02.899763 [轨迹] 序号=316 单调时间=19936.624034 时间=19936.624 模式=OFFBOARD 起飞状态=未执行起飞 水平控制=位置保持 类型掩码=3520 实际位置NED=(-0.020,-0.016,-1.229) 实际速度=(0.001,0.030,-0.081) 最终目标=(-0.014,-0.017,-2.322) 指令位置=(-0.014,-0.017,-1.369) 指令速度=(0.000,0.000,-0.154) 指令加速度=(0.000,0.000,-0.300) 滚转角=-0.11度 俯仰角=0.11度
15:38:03.002246 [轨迹] 序号=317 单调时间=19936.726510 时间=19936.727 模式=OFFBOARD 起飞状态=未执行起飞 水平控制=位置保持 类型掩码=3520 实际位置NED=(-0.020,-0.015,-1.232) 实际速度=(0.001,0.029,-0.099) 最终目标=(-0.014,-0.017,-2.322) 指令位置=(-0.014,-0.017,-1.388) 指令速度=(0.000,0.000,-0.185) 指令加速度=(0.000,0.000,-0.300) 滚转角=-0.10度 俯仰角=0.12度
15:38:03.103950 [轨迹] 序号=318 单调时间=19936.827347 时间=19936.827 模式=OFFBOARD 起飞状态=未执行起飞 水平控制=位置保持 类型掩码=3520 实际位置NED=(-0.020,-0.013,-1.235) 实际速度=(0.002,0.028,-0.118) 最终目标=(-0.014,-0.017,-2.322) 指令位置=(-0.014,-0.017,-1.410) 指令速度=(0.000,0.000,-0.215) 指令加速度=(0.000,0.000,-0.300) 滚转角=-0.10度 俯仰角=0.12度
15:38:03.206557 [轨迹] 序号=319 单调时间=19936.930856 时间=19936.931 模式=OFFBOARD 起飞状态=未执行起飞 水平控制=位置保持 类型掩码=3520 实际位置NED=(-0.020,-0.011,-1.246) 实际速度=(0.002,0.025,-0.176) 最终目标=(-0.014,-0.017,-2.322) 指令位置=(-0.014,-0.017,-1.435) 指令速度=(0.000,0.000,-0.246) 指令加速度=(0.000,0.000,-0.300) 滚转角=-0.09度 俯仰角=0.13度
15:38:03.309359 [轨迹] 序号=320 单调时间=19937.033581 时间=19937.034 模式=OFFBOARD 起飞状态=未执行起飞 水平控制=位置保持 类型掩码=3520 实际位置NED=(-0.020,-0.010,-1.252) 实际速度=(0.003,0.023,-0.206) 最终目标=(-0.014,-0.017,-2.322) 指令位置=(-0.014,-0.017,-1.464) 指令速度=(0.000,0.000,-0.277) 指令加速度=(0.000,0.000,-0.300) 滚转角=-0.09度 俯仰角=0.13度
15:38:03.412479 [轨迹] 序号=321 单调时间=19937.136690 时间=19937.137 模式=OFFBOARD 起飞状态=未执行起飞 水平控制=位置保持 类型掩码=3520 实际位置NED=(-0.019,-0.009,-1.259) 实际速度=(0.003,0.022,-0.239) 最终目标=(-0.014,-0.017,-2.322) 指令位置=(-0.014,-0.017,-1.495) 指令速度=(0.000,0.000,-0.300) 指令加速度=(0.000,0.000,-0.224) 滚转角=-0.08度 俯仰角=0.14度
15:38:03.514849 [轨迹] 序号=322 单调时间=19937.239121 时间=19937.239 模式=OFFBOARD 起飞状态=未执行起飞 水平控制=位置保持 类型掩码=3520 实际位置NED=(-0.019,-0.008,-1.277) 实际速度=(0.003,0.019,-0.307) 最终目标=(-0.014,-0.017,-2.322) 指令位置=(-0.014,-0.017,-1.525) 指令速度=(0.000,0.000,-0.300) 指令加速度=(0.000,0.000,0.000) 滚转角=-0.08度 俯仰角=0.13度
15:38:03.617684 [轨迹] 序号=323 单调时间=19937.341901 时间=19937.342 模式=OFFBOARD 起飞状态=未执行起飞 水平控制=位置保持 类型掩码=3520 实际位置NED=(-0.019,-0.007,-1.287) 实际速度=(0.003,0.018,-0.340) 最终目标=(-0.014,-0.017,-2.322) 指令位置=(-0.014,-0.017,-1.556) 指令速度=(0.000,0.000,-0.300) 指令加速度=(0.000,0.000,0.000) 滚转角=-0.07度 俯仰角=0.13度
15:38:03.720123 [轨迹] 序号=324 单调时间=19937.444434 时间=19937.444 模式=OFFBOARD 起飞状态=未执行起飞 水平控制=位置保持 类型掩码=3520 实际位置NED=(-0.019,-0.007,-1.299) 实际速度=(0.003,0.017,-0.373) 最终目标=(-0.014,-0.017,-2.322) 指令位置=(-0.014,-0.017,-1.587) 指令速度=(0.000,0.000,-0.300) 指令加速度=(0.000,0.000,0.000) 滚转角=-0.07度 俯仰角=0.13度
15:38:03.822580 [轨迹] 序号=325 单调时间=19937.546829 时间=19937.547 模式=OFFBOARD 起飞状态=未执行起飞 水平控制=位置保持 类型掩码=3520 实际位置NED=(-0.019,-0.006,-1.311) 实际速度=(0.003,0.015,-0.403) 最终目标=(-0.014,-0.017,-2.322) 指令位置=(-0.014,-0.017,-1.618) 指令速度=(0.000,0.000,-0.300) 指令加速度=(0.000,0.000,0.000) 滚转角=-0.07度 俯仰角=0.13度
15:38:03.925161 [轨迹] 序号=326 单调时间=19937.649393 时间=19937.649 模式=OFFBOARD 起飞状态=未执行起飞 水平控制=位置保持 类型掩码=3520 实际位置NED=(-0.019,-0.006,-1.325) 实际速度=(0.003,0.014,-0.430) 最终目标=(-0.014,-0.017,-2.322) 指令位置=(-0.014,-0.017,-1.649) 指令速度=(0.000,0.000,-0.300) 指令加速度=(0.000,0.000,0.000) 滚转角=-0.06度 俯仰角=0.13度
15:38:04.027767 [轨迹] 序号=327 单调时间=19937.752077 时间=19937.752 模式=OFFBOARD 起飞状态=未执行起飞 水平控制=位置保持 类型掩码=3520 实际位置NED=(-0.019,-0.005,-1.358) 实际速度=(0.003,0.011,-0.485) 最终目标=(-0.014,-0.017,-2.322) 指令位置=(-0.014,-0.017,-1.679) 指令速度=(0.000,0.000,-0.300) 指令加速度=(0.000,0.000,0.000) 滚转角=-0.06度 俯仰角=0.12度
15:38:04.130228 [轨迹] 序号=328 单调时间=19937.854490 时间=19937.854 模式=OFFBOARD 起飞状态=未执行起飞 水平控制=位置保持 类型掩码=3520 实际位置NED=(-0.019,-0.005,-1.374) 实际速度=(0.003,0.009,-0.505) 最终目标=(-0.014,-0.017,-2.322) 指令位置=(-0.014,-0.017,-1.710) 指令速度=(0.000,0.000,-0.300) 指令加速度=(0.000,0.000,0.000) 滚转角=-0.06度 俯仰角=0.11度
15:38:04.232712 [轨迹] 序号=329 单调时间=19937.957026 时间=19937.957 模式=OFFBOARD 起飞状态=未执行起飞 水平控制=位置保持 类型掩码=3520 实际位置NED=(-0.018,-0.005,-1.407) 实际速度=(0.004,0.007,-0.538) 最终目标=(-0.014,-0.017,-2.322) 指令位置=(-0.014,-0.017,-1.741) 指令速度=(0.000,0.000,-0.300) 指令加速度=(0.000,0.000,0.000) 滚转角=-0.06度 俯仰角=0.11度
15:38:04.335443 [轨迹] 序号=330 单调时间=19938.059717 时间=19938.060 模式=OFFBOARD 起飞状态=未执行起飞 水平控制=位置保持 类型掩码=3520 实际位置NED=(-0.018,-0.004,-1.425) 实际速度=(0.004,0.006,-0.551) 最终目标=(-0.014,-0.017,-2.322) 指令位置=(-0.014,-0.017,-1.772) 指令速度=(0.000,0.000,-0.300) 指令加速度=(0.000,0.000,0.000) 滚转角=-0.06度 俯仰角=0.10度
15:38:04.437825 [轨迹] 序号=331 单调时间=19938.162135 时间=19938.162 模式=OFFBOARD 起飞状态=未执行起飞 水平控制=位置保持 类型掩码=3520 实际位置NED=(-0.018,-0.004,-1.447) 实际速度=(0.004,0.005,-0.566) 最终目标=(-0.014,-0.017,-2.322) 指令位置=(-0.014,-0.017,-1.802) 指令速度=(0.000,0.000,-0.300) 指令加速度=(0.000,0.000,0.000) 滚转角=-0.06度 俯仰角=0.09度
15:38:04.540780 [轨迹] 序号=332 单调时间=19938.265145 时间=19938.265 模式=OFFBOARD 起飞状态=未执行起飞 水平控制=位置保持 类型掩码=3520 实际位置NED=(-0.018,-0.004,-1.484) 实际速度=(0.003,0.003,-0.584) 最终目标=(-0.014,-0.017,-2.322) 指令位置=(-0.014,-0.017,-1.833) 指令速度=(0.000,0.000,-0.300) 指令加速度=(0.000,0.000,0.000) 滚转角=-0.05度 俯仰角=0.08度
15:38:04.643906 [轨迹] 序号=333 单调时间=19938.368145 时间=19938.368 模式=OFFBOARD 起飞状态=未执行起飞 水平控制=位置保持 类型掩码=3520 实际位置NED=(-0.018,-0.004,-1.503) 实际速度=(0.003,0.002,-0.592) 最终目标=(-0.014,-0.017,-2.322) 指令位置=(-0.014,-0.017,-1.864) 指令速度=(0.000,0.000,-0.300) 指令加速度=(0.000,0.000,0.000) 滚转角=-0.05度 俯仰角=0.07度
15:38:04.746394 [轨迹] 序号=334 单调时间=19938.470797 时间=19938.471 模式=OFFBOARD 起飞状态=未执行起飞 水平控制=位置保持 类型掩码=3520 实际位置NED=(-0.018,-0.004,-1.521) 实际速度=(0.003,0.002,-0.600) 最终目标=(-0.014,-0.017,-2.322) 指令位置=(-0.014,-0.017,-1.895) 指令速度=(0.000,0.000,-0.300) 指令加速度=(0.000,0.000,0.000) 滚转角=-0.05度 俯仰角=0.06度
15:38:04.848826 [轨迹] 序号=335 单调时间=19938.573029 时间=19938.573 模式=OFFBOARD 起飞状态=未执行起飞 水平控制=位置保持 类型掩码=3520 实际位置NED=(-0.018,-0.003,-1.541) 实际速度=(0.003,0.001,-0.608) 最终目标=(-0.014,-0.017,-2.322) 指令位置=(-0.014,-0.017,-1.926) 指令速度=(0.000,0.000,-0.300) 指令加速度=(0.000,0.000,0.000) 滚转角=-0.05度 俯仰角=0.06度
15:38:04.951801 [轨迹] 序号=336 单调时间=19938.676076 时间=19938.676 模式=OFFBOARD 起飞状态=未执行起飞 水平控制=位置保持 类型掩码=3520 实际位置NED=(-0.018,-0.003,-1.585) 实际速度=(0.002,0.000,-0.622) 最终目标=(-0.014,-0.017,-2.322) 指令位置=(-0.014,-0.017,-1.957) 指令速度=(0.000,0.000,-0.300) 指令加速度=(0.000,0.000,0.000) 滚转角=-0.05度 俯仰角=0.05度
15:38:05.055427 [轨迹] 序号=337 单调时间=19938.779688 时间=19938.780 模式=OFFBOARD 起飞状态=未执行起飞 水平控制=位置保持 类型掩码=3520 实际位置NED=(-0.018,-0.003,-1.605) 实际速度=(0.001,-0.000,-0.628) 最终目标=(-0.014,-0.017,-2.322) 指令位置=(-0.014,-0.017,-1.988) 指令速度=(0.000,0.000,-0.300) 指令加速度=(0.000,0.000,0.000) 滚转角=-0.05度 俯仰角=0.04度
15:38:05.157818 [轨迹] 序号=338 单调时间=19938.882049 时间=19938.882 模式=OFFBOARD 起飞状态=未执行起飞 水平控制=位置保持 类型掩码=3520 实际位置NED=(-0.019,-0.003,-1.625) 实际速度=(0.001,-0.001,-0.633) 最终目标=(-0.014,-0.017,-2.322) 指令位置=(-0.014,-0.017,-2.018) 指令速度=(0.000,0.000,-0.300) 指令加速度=(0.000,0.000,0.000) 滚转角=-0.05度 俯仰角=0.04度
15:38:05.260509 [轨迹] 序号=339 单调时间=19938.984529 时间=19938.985 模式=OFFBOARD 起飞状态=未执行起飞 水平控制=位置保持 类型掩码=3520 实际位置NED=(-0.019,-0.002,-1.665) 实际速度=(-0.000,-0.001,-0.639) 最终目标=(-0.014,-0.017,-2.322) 指令位置=(-0.014,-0.017,-2.049) 指令速度=(0.000,0.000,-0.300) 指令加速度=(0.000,0.000,0.000) 滚转角=-0.06度 俯仰角=0.04度
15:38:05.363343 [轨迹] 序号=340 单调时间=19939.087543 时间=19939.088 模式=OFFBOARD 起飞状态=未执行起飞 水平控制=位置保持 类型掩码=3520 实际位置NED=(-0.020,-0.002,-1.690) 实际速度=(-0.001,-0.002,-0.644) 最终目标=(-0.014,-0.017,-2.322) 指令位置=(-0.014,-0.017,-2.080) 指令速度=(0.000,0.000,-0.300) 指令加速度=(0.000,0.000,0.000) 滚转角=-0.06度 俯仰角=0.04度
15:38:05.465647 [轨迹] 序号=341 单调时间=19939.189953 时间=19939.190 模式=OFFBOARD 起飞状态=未执行起飞 水平控制=位置保持 类型掩码=3520 实际位置NED=(-0.020,-0.002,-1.711) 实际速度=(-0.002,-0.002,-0.648) 最终目标=(-0.014,-0.017,-2.322) 指令位置=(-0.014,-0.017,-2.111) 指令速度=(0.000,0.000,-0.300) 指令加速度=(0.000,0.000,0.000) 滚转角=-0.07度 俯仰角=0.04度
15:38:05.568472 [轨迹] 序号=342 单调时间=19939.292633 时间=19939.293 模式=OFFBOARD 起飞状态=未执行起飞 水平控制=位置保持 类型掩码=3520 实际位置NED=(-0.021,-0.002,-1.731) 实际速度=(-0.002,-0.002,-0.651) 最终目标=(-0.014,-0.017,-2.322) 指令位置=(-0.014,-0.017,-2.141) 指令速度=(0.000,0.000,-0.294) 指令加速度=(0.000,0.000,0.056) 滚转角=-0.08度 俯仰角=0.04度
15:38:05.671825 [轨迹] 序号=343 单调时间=19939.396153 时间=19939.396 模式=OFFBOARD 起飞状态=未执行起飞 水平控制=位置保持 类型掩码=3520 实际位置NED=(-0.022,-0.001,-1.773) 实际速度=(-0.003,-0.003,-0.658) 最终目标=(-0.014,-0.017,-2.322) 指令位置=(-0.014,-0.017,-2.169) 指令速度=(0.000,0.000,-0.267) 指令加速度=(0.000,0.000,0.260) 滚转角=-0.09度 俯仰角=0.04度
15:38:05.774713 [轨迹] 序号=344 单调时间=19939.499012 时间=19939.499 模式=OFFBOARD 起飞状态=未执行起飞 水平控制=位置保持 类型掩码=3520 实际位置NED=(-0.023,-0.001,-1.794) 实际速度=(-0.003,-0.003,-0.661) 最终目标=(-0.014,-0.017,-2.322) 指令位置=(-0.014,-0.017,-2.193) 指令速度=(0.000,0.000,-0.241) 指令加速度=(0.000,0.000,0.251) 滚转角=-0.10度 俯仰角=0.04度
15:38:05.877436 [轨迹] 序号=345 单调时间=19939.601738 时间=19939.602 模式=OFFBOARD 起飞状态=未执行起飞 水平控制=位置保持 类型掩码=3520 实际位置NED=(-0.023,-0.001,-1.820) 实际速度=(-0.003,-0.004,-0.660) 最终目标=(-0.014,-0.017,-2.322) 指令位置=(-0.014,-0.017,-2.216) 指令速度=(0.000,0.000,-0.216) 指令加速度=(0.000,0.000,0.249) 滚转角=-0.12度 俯仰角=0.04度
15:38:05.980028 [轨迹] 序号=346 单调时间=19939.704399 时间=19939.704 模式=OFFBOARD 起飞状态=未执行起飞 水平控制=位置保持 类型掩码=3520 实际位置NED=(-0.024,-0.001,-1.861) 实际速度=(-0.003,-0.005,-0.645) 最终目标=(-0.014,-0.017,-2.322) 指令位置=(-0.014,-0.017,-2.235) 指令速度=(0.000,0.000,-0.191) 指令加速度=(0.000,0.000,0.244) 滚转角=-0.13度 俯仰角=0.04度
15:38:06.082389 [轨迹] 序号=347 单调时间=19939.806725 时间=19939.807 模式=OFFBOARD 起飞状态=未执行起飞 水平控制=位置保持 类型掩码=3520 实际位置NED=(-0.024,-0.001,-1.881) 实际速度=(-0.002,-0.005,-0.632) 最终目标=(-0.014,-0.017,-2.322) 指令位置=(-0.014,-0.017,-2.252) 指令速度=(0.000,0.000,-0.167) 指令加速度=(0.000,0.000,0.237) 滚转角=-0.14度 俯仰角=0.04度
15:38:06.185801 [轨迹] 序号=348 单调时间=19939.909948 时间=19939.910 模式=OFFBOARD 起飞状态=未执行起飞 水平控制=位置保持 类型掩码=3520 实际位置NED=(-0.024,-0.001,-1.901) 实际速度=(-0.002,-0.005,-0.616) 最终目标=(-0.014,-0.017,-2.322) 指令位置=(-0.014,-0.017,-2.267) 指令速度=(0.000,0.000,-0.142) 指令加速度=(0.000,0.000,0.234) 滚转角=-0.15度 俯仰角=0.04度
15:38:06.288987 [轨迹] 序号=349 单调时间=19940.013236 时间=19940.013 模式=OFFBOARD 起飞状态=未执行起飞 水平控制=位置保持 类型掩码=3520 实际位置NED=(-0.024,-0.001,-1.920) 实际速度=(-0.002,-0.006,-0.597) 最终目标=(-0.014,-0.017,-2.322) 指令位置=(-0.014,-0.017,-2.279) 指令速度=(0.000,0.000,-0.119) 指令加速度=(0.000,0.000,0.222) 滚转角=-0.16度 俯仰角=0.04度
15:38:06.392119 [轨迹] 序号=350 单调时间=19940.116469 时间=19940.116 模式=OFFBOARD 起飞状态=未执行起飞 水平控制=位置保持 类型掩码=3520 实际位置NED=(-0.024,-0.001,-1.961) 实际速度=(-0.001,-0.006,-0.548) 最终目标=(-0.014,-0.017,-2.322) 指令位置=(-0.014,-0.017,-2.289) 指令速度=(0.000,0.000,-0.098) 指令加速度=(0.000,0.000,0.210) 滚转角=-0.16度 俯仰角=0.04度
15:38:06.492683 [轨迹] 序号=351 单调时间=19940.216948 时间=19940.217 模式=OFFBOARD 起飞状态=未执行起飞 水平控制=位置保持 类型掩码=3520 实际位置NED=(-0.024,-0.001,-1.978) 实际速度=(-0.000,-0.006,-0.524) 最终目标=(-0.014,-0.017,-2.322) 指令位置=(-0.014,-0.017,-2.297) 指令速度=(0.000,0.000,-0.079) 指令加速度=(0.000,0.000,0.185) 滚转角=-0.16度 俯仰角=0.04度
15:38:06.596024 [轨迹] 序号=352 单调时间=19940.320291 时间=19940.320 模式=OFFBOARD 起飞状态=未执行起飞 水平控制=位置保持 类型掩码=3520 实际位置NED=(-0.024,-0.001,-1.994) 实际速度=(0.000,-0.007,-0.499) 最终目标=(-0.014,-0.017,-2.322) 指令位置=(-0.014,-0.017,-2.303) 指令速度=(0.000,0.000,-0.059) 指令加速度=(0.000,0.000,0.194) 滚转角=-0.16度 俯仰角=0.04度
15:38:06.698500 [轨迹] 序号=353 单调时间=19940.422768 时间=19940.423 模式=OFFBOARD 起飞状态=未执行起飞 水平控制=位置保持 类型掩码=3520 实际位置NED=(-0.024,-0.001,-2.009) 实际速度=(0.001,-0.007,-0.474) 最终目标=(-0.014,-0.017,-2.322) 指令位置=(-0.014,-0.017,-2.308) 指令速度=(0.000,0.000,-0.043) 指令加速度=(0.000,0.000,0.153) 滚转角=-0.16度 俯仰角=0.04度
15:38:06.801208 [轨迹] 序号=354 单调时间=19940.525384 时间=19940.525 模式=OFFBOARD 起飞状态=未执行起飞 水平控制=位置保持 类型掩码=3520 实际位置NED=(-0.024,-0.001,-2.024) 实际速度=(0.001,-0.007,-0.448) 最终目标=(-0.014,-0.017,-2.322) 指令位置=(-0.014,-0.017,-2.322) 指令速度=(0.000,0.000,0.000) 指令加速度=(0.000,0.000,0.424) 滚转角=-0.16度 俯仰角=0.03度
15:38:06.903679 [轨迹] 序号=355 单调时间=19940.627952 时间=19940.628 模式=OFFBOARD 起飞状态=未执行起飞 水平控制=位置保持 类型掩码=3520 实际位置NED=(-0.025,-0.001,-2.054) 实际速度=(0.002,-0.008,-0.388) 最终目标=(-0.014,-0.017,-2.322) 指令位置=(-0.014,-0.017,-2.322) 指令速度=(0.000,0.000,0.000) 指令加速度=(0.000,0.000,0.000) 滚转角=-0.16度 俯仰角=0.03度
15:38:07.006013 [轨迹] 序号=356 单调时间=19940.730181 时间=19940.730 模式=OFFBOARD 起飞状态=未执行起飞 水平控制=位置保持 类型掩码=3520 实际位置NED=(-0.025,-0.001,-2.065) 实际速度=(0.002,-0.008,-0.360) 最终目标=(-0.014,-0.017,-2.322) 指令位置=(-0.014,-0.017,-2.322) 指令速度=(0.000,0.000,0.000) 指令加速度=(0.000,0.000,0.000) 滚转角=-0.15度 俯仰角=0.03度
15:38:07.108511 [轨迹] 序号=357 单调时间=19940.832751 时间=19940.833 模式=OFFBOARD 起飞状态=未执行起飞 水平控制=位置保持 类型掩码=3520 实际位置NED=(-0.025,-0.001,-2.076) 实际速度=(0.003,-0.009,-0.333) 最终目标=(-0.014,-0.017,-2.322) 指令位置=(-0.014,-0.017,-2.322) 指令速度=(0.000,0.000,0.000) 指令加速度=(0.000,0.000,0.000) 滚转角=-0.15度 俯仰角=0.03度
15:38:07.211291 [轨迹] 序号=358 单调时间=19940.935504 时间=19940.936 模式=OFFBOARD 起飞状态=未执行起飞 水平控制=位置保持 类型掩码=3520 实际位置NED=(-0.025,-0.001,-2.086) 实际速度=(0.003,-0.009,-0.309) 最终目标=(-0.014,-0.017,-2.322) 指令位置=(-0.014,-0.017,-2.322) 指令速度=(0.000,0.000,0.000) 指令加速度=(0.000,0.000,0.000) 滚转角=-0.14度 俯仰角=0.02度
15:38:07.313612 [轨迹] 序号=359 单调时间=19941.038059 时间=19941.038 模式=OFFBOARD 起飞状态=未执行起飞 水平控制=位置保持 类型掩码=3520 实际位置NED=(-0.025,-0.002,-2.106) 实际速度=(0.004,-0.010,-0.264) 最终目标=(-0.014,-0.017,-2.322) 指令位置=(-0.014,-0.017,-2.322) 指令速度=(0.000,0.000,0.000) 指令加速度=(0.000,0.000,0.000) 滚转角=-0.14度 俯仰角=0.02度
15:38:07.416353 [轨迹] 序号=360 单调时间=19941.140650 时间=19941.141 模式=OFFBOARD 起飞状态=未执行起飞 水平控制=位置保持 类型掩码=3520 实际位置NED=(-0.024,-0.002,-2.114) 实际速度=(0.004,-0.010,-0.247) 最终目标=(-0.014,-0.017,-2.322) 指令位置=(-0.014,-0.017,-2.322) 指令速度=(0.000,0.000,0.000) 指令加速度=(0.000,0.000,0.000) 滚转角=-0.14度 俯仰角=0.02度
15:38:07.519171 [轨迹] 序号=361 单调时间=19941.243406 时间=19941.243 模式=OFFBOARD 起飞状态=未执行起飞 水平控制=位置保持 类型掩码=3520 实际位置NED=(-0.024,-0.003,-2.122) 实际速度=(0.005,-0.011,-0.232) 最终目标=(-0.014,-0.017,-2.322) 指令位置=(-0.014,-0.017,-2.322) 指令速度=(0.000,0.000,0.000) 指令加速度=(0.000,0.000,0.000) 滚转角=-0.13度 俯仰角=0.01度
15:38:07.621911 [轨迹] 序号=362 单调时间=19941.346168 时间=19941.346 模式=OFFBOARD 起飞状态=未执行起飞 水平控制=位置保持 类型掩码=3520 实际位置NED=(-0.024,-0.003,-2.129) 实际速度=(0.005,-0.011,-0.219) 最终目标=(-0.014,-0.017,-2.322) 指令位置=(-0.014,-0.017,-2.322) 指令速度=(0.000,0.000,0.000) 指令加速度=(0.000,0.000,0.000) 滚转角=-0.13度 俯仰角=0.00度
15:38:07.725634 [轨迹] 序号=363 单调时间=19941.449764 时间=19941.450 模式=OFFBOARD 起飞状态=未执行起飞 水平控制=位置保持 类型掩码=3520 实际位置NED=(-0.024,-0.004,-2.142) 实际速度=(0.006,-0.013,-0.195) 最终目标=(-0.014,-0.017,-2.322) 指令位置=(-0.014,-0.017,-2.322) 指令速度=(0.000,0.000,0.000) 指令加速度=(0.000,0.000,0.000) 滚转角=-0.13度 俯仰角=-0.01度
15:38:07.828052 [轨迹] 序号=364 单调时间=19941.552420 时间=19941.552 模式=OFFBOARD 起飞状态=未执行起飞 水平控制=位置保持 类型掩码=3520 实际位置NED=(-0.023,-0.005,-2.149) 实际速度=(0.007,-0.013,-0.183) 最终目标=(-0.014,-0.017,-2.322) 指令位置=(-0.014,-0.017,-2.322) 指令速度=(0.000,0.000,0.000) 指令加速度=(0.000,0.000,0.000) 滚转角=-0.12度 俯仰角=-0.02度
15:38:07.930774 [轨迹] 序号=365 单调时间=19941.654960 时间=19941.655 模式=OFFBOARD 起飞状态=未执行起飞 水平控制=位置保持 类型掩码=3520 实际位置NED=(-0.023,-0.006,-2.155) 实际速度=(0.007,-0.014,-0.174) 最终目标=(-0.014,-0.017,-2.322) 指令位置=(-0.014,-0.017,-2.322) 指令速度=(0.000,0.000,0.000) 指令加速度=(0.000,0.000,0.000) 滚转角=-0.12度 俯仰角=-0.03度
15:38:08.034011 [轨迹] 序号=366 单调时间=19941.758234 时间=19941.758 模式=OFFBOARD 起飞状态=未执行起飞 水平控制=位置保持 类型掩码=3520 实际位置NED=(-0.022,-0.006,-2.160) 实际速度=(0.007,-0.014,-0.166) 最终目标=(-0.014,-0.017,-2.322) 指令位置=(-0.014,-0.017,-2.322) 指令速度=(0.000,0.000,0.000) 指令加速度=(0.000,0.000,0.000) 滚转角=-0.11度 俯仰角=-0.04度
15:38:08.136547 [轨迹] 序号=367 单调时间=19941.860786 时间=19941.861 模式=OFFBOARD 起飞状态=未执行起飞 水平控制=位置保持 类型掩码=3520 实际位置NED=(-0.022,-0.008,-2.171) 实际速度=(0.008,-0.015,-0.152) 最终目标=(-0.014,-0.017,-2.322) 指令位置=(-0.014,-0.017,-2.322) 指令速度=(0.000,0.000,0.000) 指令加速度=(0.000,0.000,0.000) 滚转角=-0.11度 俯仰角=-0.05度
15:38:08.239471 [轨迹] 序号=368 单调时间=19941.963731 时间=19941.964 模式=OFFBOARD 起飞状态=未执行起飞 水平控制=位置保持 类型掩码=3520 实际位置NED=(-0.021,-0.009,-2.175) 实际速度=(0.008,-0.015,-0.145) 最终目标=(-0.014,-0.017,-2.322) 指令位置=(-0.014,-0.017,-2.322) 指令速度=(0.000,0.000,0.000) 指令加速度=(0.000,0.000,0.000) 滚转角=-0.10度 俯仰角=-0.07度
15:38:08.341839 [轨迹] 序号=369 单调时间=19942.066108 时间=19942.066 模式=OFFBOARD 起飞状态=未执行起飞 水平控制=位置保持 类型掩码=3520 实际位置NED=(-0.021,-0.010,-2.181) 实际速度=(0.008,-0.015,-0.138) 最终目标=(-0.014,-0.017,-2.322) 指令位置=(-0.014,-0.017,-2.322) 指令速度=(0.000,0.000,0.000) 指令加速度=(0.000,0.000,0.000) 滚转角=-0.09度 俯仰角=-0.08度
15:38:08.445152 [轨迹] 序号=370 单调时间=19942.169518 时间=19942.170 模式=OFFBOARD 起飞状态=未执行起飞 水平控制=位置保持 类型掩码=3520 实际位置NED=(-0.020,-0.011,-2.190) 实际速度=(0.008,-0.016,-0.126) 最终目标=(-0.014,-0.017,-2.322) 指令位置=(-0.014,-0.017,-2.322) 指令速度=(0.000,0.000,0.000) 指令加速度=(0.000,0.000,0.000) 滚转角=-0.09度 俯仰角=-0.10度
15:38:08.547612 [轨迹] 序号=371 单调时间=19942.271933 时间=19942.272 模式=OFFBOARD 起飞状态=未执行起飞 水平控制=位置保持 类型掩码=3520 实际位置NED=(-0.020,-0.012,-2.194) 实际速度=(0.009,-0.016,-0.121) 最终目标=(-0.014,-0.017,-2.322) 指令位置=(-0.014,-0.017,-2.322) 指令速度=(0.000,0.000,0.000) 指令加速度=(0.000,0.000,0.000) 滚转角=-0.08度 俯仰角=-0.11度
15:38:08.651663 [轨迹] 序号=372 单调时间=19942.375924 时间=19942.376 模式=OFFBOARD 起飞状态=未执行起飞 水平控制=位置保持 类型掩码=3520 实际位置NED=(-0.020,-0.013,-2.198) 实际速度=(0.009,-0.015,-0.116) 最终目标=(-0.014,-0.017,-2.322) 指令位置=(-0.014,-0.017,-2.322) 指令速度=(0.000,0.000,0.000) 指令加速度=(0.000,0.000,0.000) 滚转角=-0.08度 俯仰角=-0.12度
15:38:08.753898 [轨迹] 序号=373 单调时间=19942.478094 时间=19942.478 模式=OFFBOARD 起飞状态=未执行起飞 水平控制=位置保持 类型掩码=3520 实际位置NED=(-0.020,-0.014,-2.202) 实际速度=(0.009,-0.015,-0.111) 最终目标=(-0.014,-0.017,-2.322) 指令位置=(-0.014,-0.017,-2.322) 指令速度=(0.000,0.000,0.000) 指令加速度=(0.000,0.000,0.000) 滚转角=-0.07度 俯仰角=-0.14度
15:38:08.858163 [轨迹] 序号=374 单调时间=19942.582463 时间=19942.582 模式=OFFBOARD 起飞状态=未执行起飞 水平控制=位置保持 类型掩码=3520 实际位置NED=(-0.019,-0.015,-2.206) 实际速度=(0.009,-0.015,-0.106) 最终目标=(-0.014,-0.017,-2.322) 指令位置=(-0.014,-0.017,-2.322) 指令速度=(0.000,0.000,0.000) 指令加速度=(0.000,0.000,0.000) 滚转角=-0.07度 俯仰角=-0.15度
15:38:08.962711 [轨迹] 序号=375 单调时间=19942.686775 时间=19942.687 模式=OFFBOARD 起飞状态=未执行起飞 水平控制=位置保持 类型掩码=3520 实际位置NED=(-0.019,-0.017,-2.213) 实际速度=(0.008,-0.015,-0.098) 最终目标=(-0.014,-0.017,-2.322) 指令位置=(-0.014,-0.017,-2.322) 指令速度=(0.000,0.000,0.000) 指令加速度=(0.000,0.000,0.000) 滚转角=-0.06度 俯仰角=-0.16度
15:38:09.065048 [轨迹] 序号=376 单调时间=19942.789439 时间=19942.789 模式=OFFBOARD 起飞状态=未执行起飞 水平控制=位置保持 类型掩码=3520 实际位置NED=(-0.018,-0.018,-2.217) 实际速度=(0.008,-0.014,-0.094) 最终目标=(-0.014,-0.017,-2.322) 指令位置=(-0.014,-0.017,-2.322) 指令速度=(0.000,0.000,0.000) 指令加速度=(0.000,0.000,0.000) 滚转角=-0.06度 俯仰角=-0.16度
15:38:09.167752 [轨迹] 序号=377 单调时间=19942.891943 时间=19942.892 模式=OFFBOARD 起飞状态=未执行起飞 水平控制=位置保持 类型掩码=3520 实际位置NED=(-0.018,-0.019,-2.220) 实际速度=(0.008,-0.014,-0.090) 最终目标=(-0.014,-0.017,-2.322) 指令位置=(-0.014,-0.017,-2.322) 指令速度=(0.000,0.000,0.000) 指令加速度=(0.000,0.000,0.000) 滚转角=-0.06度 俯仰角=-0.17度
15:38:09.270328 [轨迹] 序号=378 单调时间=19942.994530 时间=19942.995 模式=OFFBOARD 起飞状态=未执行起飞 水平控制=位置保持 类型掩码=3520 实际位置NED=(-0.018,-0.019,-2.223) 实际速度=(0.008,-0.014,-0.087) 最终目标=(-0.014,-0.017,-2.322) 指令位置=(-0.014,-0.017,-2.322) 指令速度=(0.000,0.000,0.000) 指令加速度=(0.000,0.000,0.000) 滚转角=-0.06度 俯仰角=-0.19度
15:38:09.373039 [轨迹] 序号=379 单调时间=19943.097291 时间=19943.097 模式=OFFBOARD 起飞状态=未执行起飞 水平控制=位置保持 类型掩码=3520 实际位置NED=(-0.018,-0.020,-2.226) 实际速度=(0.007,-0.013,-0.082) 最终目标=(-0.014,-0.017,-2.322) 指令位置=(-0.014,-0.017,-2.322) 指令速度=(0.000,0.000,0.000) 指令加速度=(0.000,0.000,0.000) 滚转角=-0.05度 俯仰角=-0.19度
15:38:09.475543 [轨迹] 序号=380 单调时间=19943.199798 时间=19943.200 模式=OFFBOARD 起飞状态=未执行起飞 水平控制=位置保持 类型掩码=3520 实际位置NED=(-0.017,-0.022,-2.232) 实际速度=(0.007,-0.012,-0.076) 最终目标=(-0.014,-0.017,-2.322) 指令位置=(-0.014,-0.017,-2.322) 指令速度=(0.000,0.000,0.000) 指令加速度=(0.000,0.000,0.000) 滚转角=-0.05度 俯仰角=-0.20度
15:38:09.578536 [轨迹] 序号=381 单调时间=19943.302795 时间=19943.303 模式=OFFBOARD 起飞状态=未执行起飞 水平控制=位置保持 类型掩码=3520 实际位置NED=(-0.017,-0.023,-2.235) 实际速度=(0.007,-0.011,-0.073) 最终目标=(-0.014,-0.017,-2.322) 指令位置=(-0.014,-0.017,-2.322) 指令速度=(0.000,0.000,0.000) 指令加速度=(0.000,0.000,0.000) 滚转角=-0.05度 俯仰角=-0.21度
15:38:09.683364 [轨迹] 序号=382 单调时间=19943.407575 时间=19943.408 模式=OFFBOARD 起飞状态=未执行起飞 水平控制=位置保持 类型掩码=3520 实际位置NED=(-0.017,-0.023,-2.237) 实际速度=(0.006,-0.011,-0.070) 最终目标=(-0.014,-0.017,-2.322) 指令位置=(-0.014,-0.017,-2.322) 指令速度=(0.000,0.000,0.000) 指令加速度=(0.000,0.000,0.000) 滚转角=-0.05度 俯仰角=-0.21度
15:38:09.786141 [轨迹] 序号=383 单调时间=19943.510509 时间=19943.511 模式=OFFBOARD 起飞状态=未执行起飞 水平控制=位置保持 类型掩码=3520 实际位置NED=(-0.016,-0.024,-2.239) 实际速度=(0.006,-0.011,-0.067) 最终目标=(-0.014,-0.017,-2.322) 指令位置=(-0.014,-0.017,-2.322) 指令速度=(0.000,0.000,0.000) 指令加速度=(0.000,0.000,0.000) 滚转角=-0.05度 俯仰角=-0.22度
15:38:09.889846 [轨迹] 序号=384 单调时间=19943.614170 时间=19943.614 模式=OFFBOARD 起飞状态=未执行起飞 水平控制=位置保持 类型掩码=3520 实际位置NED=(-0.016,-0.025,-2.242) 实际速度=(0.006,-0.010,-0.064) 最终目标=(-0.014,-0.017,-2.322) 指令位置=(-0.014,-0.017,-2.322) 指令速度=(0.000,0.000,0.000) 指令加速度=(0.000,0.000,0.000) 滚转角=-0.05度 俯仰角=-0.22度
15:38:09.992611 [轨迹] 序号=385 单调时间=19943.716943 时间=19943.717 模式=OFFBOARD 起飞状态=未执行起飞 水平控制=位置保持 类型掩码=3520 实际位置NED=(-0.016,-0.027,-2.247) 实际速度=(0.006,-0.009,-0.059) 最终目标=(-0.014,-0.017,-2.322) 指令位置=(-0.014,-0.017,-2.322) 指令速度=(0.000,0.000,0.000) 指令加速度=(0.000,0.000,0.000) 滚转角=-0.06度 俯仰角=-0.22度
15:38:10.095381 [轨迹] 序号=386 单调时间=19943.819625 时间=19943.820 模式=OFFBOARD 起飞状态=未执行起飞 水平控制=位置保持 类型掩码=3520 实际位置NED=(-0.015,-0.028,-2.249) 实际速度=(0.005,-0.009,-0.057) 最终目标=(-0.014,-0.017,-2.322) 指令位置=(-0.014,-0.017,-2.322) 指令速度=(0.000,0.000,0.000) 指令加速度=(0.000,0.000,0.000) 滚转角=-0.06度 俯仰角=-0.23度
15:38:10.198246 [轨迹] 序号=387 单调时间=19943.922469 时间=19943.922 模式=OFFBOARD 起飞状态=未执行起飞 水平控制=位置保持 类型掩码=3520 实际位置NED=(-0.015,-0.029,-2.251) 实际速度=(0.005,-0.008,-0.055) 最终目标=(-0.014,-0.017,-2.322) 指令位置=(-0.014,-0.017,-2.322) 指令速度=(0.000,0.000,0.000) 指令加速度=(0.000,0.000,0.000) 滚转角=-0.06度 俯仰角=-0.23度
15:38:10.301038 [轨迹] 序号=388 单调时间=19944.025238 时间=19944.025 模式=OFFBOARD 起飞状态=未执行起飞 水平控制=位置保持 类型掩码=3520 实际位置NED=(-0.015,-0.030,-2.253) 实际速度=(0.005,-0.008,-0.053) 最终目标=(-0.014,-0.017,-2.322) 指令位置=(-0.014,-0.017,-2.322) 指令速度=(0.000,0.000,0.000) 指令加速度=(0.000,0.000,0.000) 滚转角=-0.06度 俯仰角=-0.24度
15:38:10.403886 [轨迹] 序号=389 单调时间=19944.128194 时间=19944.128 模式=OFFBOARD 起飞状态=未执行起飞 水平控制=位置保持 类型掩码=3520 实际位置NED=(-0.015,-0.031,-2.255) 实际速度=(0.004,-0.007,-0.051) 最终目标=(-0.014,-0.017,-2.322) 指令位置=(-0.014,-0.017,-2.322) 指令速度=(0.000,0.000,0.000) 指令加速度=(0.000,0.000,0.000) 滚转角=-0.06度 俯仰角=-0.25度
15:38:10.507102 [轨迹] 序号=390 单调时间=19944.231504 时间=19944.232 模式=OFFBOARD 起飞状态=未执行起飞 水平控制=位置保持 类型掩码=3520 实际位置NED=(-0.014,-0.033,-2.259) 实际速度=(0.004,-0.006,-0.047) 最终目标=(-0.014,-0.017,-2.322) 指令位置=(-0.014,-0.017,-2.322) 指令速度=(0.000,0.000,0.000) 指令加速度=(0.000,0.000,0.000) 滚转角=-0.06度 俯仰角=-0.25度
15:38:10.609882 [轨迹] 序号=391 单调时间=19944.334253 时间=19944.334 模式=OFFBOARD 起飞状态=未执行起飞 水平控制=位置保持 类型掩码=3520 实际位置NED=(-0.014,-0.034,-2.261) 实际速度=(0.004,-0.006,-0.045) 最终目标=(-0.014,-0.017,-2.322) 指令位置=(-0.014,-0.017,-2.322) 指令速度=(0.000,0.000,0.000) 指令加速度=(0.000,0.000,0.000) 滚转角=-0.06度 俯仰角=-0.26度
15:38:10.712438 [轨迹] 序号=392 单调时间=19944.436692 时间=19944.437 模式=OFFBOARD 起飞状态=未执行起飞 水平控制=位置保持 类型掩码=3520 实际位置NED=(-0.014,-0.035,-2.262) 实际速度=(0.004,-0.006,-0.044) 最终目标=(-0.014,-0.017,-2.322) 指令位置=(-0.014,-0.017,-2.322) 指令速度=(0.000,0.000,0.000) 指令加速度=(0.000,0.000,0.000) 滚转角=-0.06度 俯仰角=-0.27度
15:38:10.815971 [轨迹] 序号=393 单调时间=19944.540128 时间=19944.540 模式=OFFBOARD 起飞状态=未执行起飞 水平控制=位置保持 类型掩码=3520 实际位置NED=(-0.013,-0.036,-2.264) 实际速度=(0.004,-0.005,-0.042) 最终目标=(-0.014,-0.017,-2.322) 指令位置=(-0.014,-0.017,-2.322) 指令速度=(0.000,0.000,0.000) 指令加速度=(0.000,0.000,0.000) 滚转角=-0.06度 俯仰角=-0.28度
15:38:10.918394 [轨迹] 序号=394 单调时间=19944.642822 时间=19944.643 模式=OFFBOARD 起飞状态=未执行起飞 水平控制=位置保持 类型掩码=3520 实际位置NED=(-0.013,-0.037,-2.267) 实际速度=(0.004,-0.004,-0.038) 最终目标=(-0.014,-0.017,-2.322) 指令位置=(-0.014,-0.017,-2.322) 指令速度=(0.000,0.000,0.000) 指令加速度=(0.000,0.000,0.000) 滚转角=-0.06度 俯仰角=-0.28度
15:38:11.020882 [轨迹] 序号=395 单调时间=19944.745010 时间=19944.745 模式=OFFBOARD 起飞状态=未执行起飞 水平控制=位置保持 类型掩码=3520 实际位置NED=(-0.012,-0.038,-2.269) 实际速度=(0.004,-0.003,-0.037) 最终目标=(-0.014,-0.017,-2.322) 指令位置=(-0.014,-0.017,-2.322) 指令速度=(0.000,0.000,0.000) 指令加速度=(0.000,0.000,0.000) 滚转角=-0.06度 俯仰角=-0.29度
15:38:12.081337 [轨迹] 序号=396 单调时间=19944.847495 时间=19944.847 模式=OFFBOARD 起飞状态=未执行起飞 水平控制=位置保持 类型掩码=3520 实际位置NED=(-0.012,-0.039,-2.270) 实际速度=(0.004,-0.002,-0.035) 最终目标=(-0.014,-0.017,-2.322) 指令位置=(-0.014,-0.017,-2.322) 指令速度=(0.000,0.000,0.000) 指令加速度=(0.000,0.000,0.000) 滚转角=-0.06度 俯仰角=-0.30度
15:38:12.184628 [轨迹] 序号=397 单调时间=19944.950774 时间=19944.951 模式=OFFBOARD 起飞状态=未执行起飞 水平控制=位置保持 类型掩码=3520 实际位置NED=(-0.011,-0.040,-2.271) 实际速度=(0.004,-0.002,-0.034) 最终目标=(-0.014,-0.017,-2.322) 指令位置=(-0.014,-0.017,-2.322) 指令速度=(0.000,0.000,0.000) 指令加速度=(0.000,0.000,0.000) 滚转角=-0.06度 俯仰角=-0.30度
15:38:12.287443 [轨迹] 序号=398 单调时间=19945.053662 时间=19945.054 模式=OFFBOARD 起飞状态=未执行起飞 水平控制=位置保持 类型掩码=3520 实际位置NED=(-0.011,-0.040,-2.272) 实际速度=(0.004,-0.001,-0.033) 最终目标=(-0.014,-0.017,-2.322) 指令位置=(-0.014,-0.017,-2.322) 指令速度=(0.000,0.000,0.000) 指令加速度=(0.000,0.000,0.000) 滚转角=-0.05度 俯仰角=-0.31度
15:38:12.389966 [轨迹] 序号=399 单调时间=19945.156181 时间=19945.156 模式=OFFBOARD 起飞状态=未执行起飞 水平控制=位置保持 类型掩码=3520 实际位置NED=(-0.010,-0.041,-2.275) 实际速度=(0.004,0.001,-0.030) 最终目标=(-0.014,-0.017,-2.322) 指令位置=(-0.014,-0.017,-2.322) 指令速度=(0.000,0.000,0.000) 指令加速度=(0.000,0.000,0.000) 滚转角=-0.05度 俯仰角=-0.31度
15:38:12.492081 [轨迹] 序号=400 单调时间=19945.258502 时间=19945.259 模式=OFFBOARD 起飞状态=未执行起飞 水平控制=位置保持 类型掩码=3520 实际位置NED=(-0.009,-0.042,-2.276) 实际速度=(0.004,0.003,-0.029) 最终目标=(-0.014,-0.017,-2.322) 指令位置=(-0.014,-0.017,-2.322) 指令速度=(0.000,0.000,0.000) 指令加速度=(0.000,0.000,0.000) 滚转角=-0.04度 俯仰角=-0.31度
15:38:12.594980 [轨迹] 序号=401 单调时间=19945.361224 时间=19945.361 模式=OFFBOARD 起飞状态=未执行起飞 水平控制=位置保持 类型掩码=3520 实际位置NED=(-0.008,-0.042,-2.277) 实际速度=(0.004,0.004,-0.028) 最终目标=(-0.014,-0.017,-2.322) 指令位置=(-0.014,-0.017,-2.322) 指令速度=(0.000,0.000,0.000) 指令加速度=(0.000,0.000,0.000) 滚转角=-0.04度 俯仰角=-0.31度
15:38:12.698954 [轨迹] 序号=402 单调时间=19945.465229 时间=19945.465 模式=OFFBOARD 起飞状态=未执行起飞 水平控制=位置保持 类型掩码=3520 实际位置NED=(-0.008,-0.042,-2.278) 实际速度=(0.004,0.005,-0.027) 最终目标=(-0.014,-0.017,-2.322) 指令位置=(-0.014,-0.017,-2.322) 指令速度=(0.000,0.000,0.000) 指令加速度=(0.000,0.000,0.000) 滚转角=-0.04度 俯仰角=-0.31度
15:38:12.801910 [轨迹] 序号=403 单调时间=19945.568086 时间=19945.568 模式=OFFBOARD 起飞状态=未执行起飞 水平控制=位置保持 类型掩码=3520 实际位置NED=(-0.007,-0.042,-2.279) 实际速度=(0.004,0.006,-0.026) 最终目标=(-0.014,-0.017,-2.322) 指令位置=(-0.014,-0.017,-2.322) 指令速度=(0.000,0.000,0.000) 指令加速度=(0.000,0.000,0.000) 滚转角=-0.03度 俯仰角=-0.31度
15:38:12.904385 [轨迹] 序号=404 单调时间=19945.670396 时间=19945.670 模式=OFFBOARD 起飞状态=未执行起飞 水平控制=位置保持 类型掩码=3520 实际位置NED=(-0.006,-0.043,-2.281) 实际速度=(0.003,0.008,-0.024) 最终目标=(-0.014,-0.017,-2.322) 指令位置=(-0.014,-0.017,-2.322) 指令速度=(0.000,0.000,0.000) 指令加速度=(0.000,0.000,0.000) 滚转角=-0.02度 俯仰角=-0.31度
15:38:13.006697 [轨迹] 序号=405 单调时间=19945.773024 时间=19945.773 模式=OFFBOARD 起飞状态=未执行起飞 水平控制=位置保持 类型掩码=3520 实际位置NED=(-0.005,-0.043,-2.282) 实际速度=(0.003,0.009,-0.023) 最终目标=(-0.014,-0.017,-2.322) 指令位置=(-0.014,-0.017,-2.322) 指令速度=(0.000,0.000,0.000) 指令加速度=(0.000,0.000,0.000) 滚转角=-0.01度 俯仰角=-0.30度
15:38:13.109300 [轨迹] 序号=406 单调时间=19945.875465 时间=19945.875 模式=OFFBOARD 起飞状态=未执行起飞 水平控制=位置保持 类型掩码=3520 实际位置NED=(-0.005,-0.042,-2.283) 实际速度=(0.003,0.010,-0.023) 最终目标=(-0.014,-0.017,-2.322) 指令位置=(-0.014,-0.017,-2.322) 指令速度=(0.000,0.000,0.000) 指令加速度=(0.000,0.000,0.000) 滚转角=-0.01度 俯仰角=-0.30度
15:38:13.212439 [轨迹] 序号=407 单调时间=19945.978623 时间=19945.979 模式=OFFBOARD 起飞状态=未执行起飞 水平控制=位置保持 类型掩码=3520 实际位置NED=(-0.004,-0.042,-2.284) 实际速度=(0.003,0.011,-0.022) 最终目标=(-0.014,-0.017,-2.322) 指令位置=(-0.014,-0.017,-2.322) 指令速度=(0.000,0.000,0.000) 指令加速度=(0.000,0.000,0.000) 滚转角=-0.00度 俯仰角=-0.29度
15:38:13.315363 [轨迹] 序号=408 单调时间=19946.081463 时间=19946.081 模式=OFFBOARD 起飞状态=未执行起飞 水平控制=位置保持 类型掩码=3520 实际位置NED=(-0.004,-0.042,-2.285) 实际速度=(0.003,0.012,-0.021) 最终目标=(-0.014,-0.017,-2.322) 指令位置=(-0.014,-0.017,-2.322) 指令速度=(0.000,0.000,0.000) 指令加速度=(0.000,0.000,0.000) 滚转角=0.00度 俯仰角=-0.28度
15:38:13.417770 [轨迹] 序号=409 单调时间=19946.184061 时间=19946.184 模式=OFFBOARD 起飞状态=未执行起飞 水平控制=位置保持 类型掩码=3520 实际位置NED=(-0.002,-0.041,-2.286) 实际速度=(0.002,0.015,-0.020) 最终目标=(-0.014,-0.017,-2.322) 指令位置=(-0.014,-0.017,-2.322) 指令速度=(0.000,0.000,0.000) 指令加速度=(0.000,0.000,0.000) 滚转角=0.01度 俯仰角=-0.27度
15:38:13.520353 [轨迹] 序号=410 单调时间=19946.286776 时间=19946.287 模式=OFFBOARD 起飞状态=未执行起飞 水平控制=位置保持 类型掩码=3520 实际位置NED=(-0.002,-0.041,-2.286) 实际速度=(0.002,0.015,-0.020) 最终目标=(-0.014,-0.017,-2.322) 指令位置=(-0.014,-0.017,-2.322) 指令速度=(0.000,0.000,0.000) 指令加速度=(0.000,0.000,0.000) 滚转角=0.02度 俯仰角=-0.27度
15:38:13.623058 [轨迹] 序号=411 单调时间=19946.389255 时间=19946.389 模式=OFFBOARD 起飞状态=未执行起飞 水平控制=位置保持 类型掩码=3520 实际位置NED=(-0.002,-0.041,-2.287) 实际速度=(0.002,0.016,-0.019) 最终目标=(-0.014,-0.017,-2.322) 指令位置=(-0.014,-0.017,-2.322) 指令速度=(0.000,0.000,0.000) 指令加速度=(0.000,0.000,0.000) 滚转角=0.02度 俯仰角=-0.26度
15:38:13.726394 [轨迹] 序号=412 单调时间=19946.492762 时间=19946.493 模式=OFFBOARD 起飞状态=未执行起飞 水平控制=位置保持 类型掩码=3520 实际位置NED=(-0.001,-0.040,-2.288) 实际速度=(0.001,0.017,-0.018) 最终目标=(-0.014,-0.017,-2.322) 指令位置=(-0.014,-0.017,-2.322) 指令速度=(0.000,0.000,0.000) 指令加速度=(0.000,0.000,0.000) 滚转角=0.03度 俯仰角=-0.25度
15:38:13.829679 [轨迹] 序号=413 单调时间=19946.595796 时间=19946.596 模式=OFFBOARD 起飞状态=未执行起飞 水平控制=位置保持 类型掩码=3520 实际位置NED=(0.000,-0.039,-2.289) 实际速度=(0.001,0.018,-0.018) 最终目标=(-0.014,-0.017,-2.322) 指令位置=(-0.014,-0.017,-2.322) 指令速度=(0.000,0.000,0.000) 指令加速度=(0.000,0.000,0.000) 滚转角=0.04度 俯仰角=-0.23度
15:38:13.933088 [轨迹] 序号=414 单调时间=19946.699286 时间=19946.699 模式=OFFBOARD 起飞状态=未执行起飞 水平控制=位置保持 类型掩码=3520 实际位置NED=(0.001,-0.039,-2.290) 实际速度=(0.001,0.020,-0.017) 最终目标=(-0.014,-0.017,-2.322) 指令位置=(-0.014,-0.017,-2.322) 指令速度=(0.000,0.000,0.000) 指令加速度=(0.000,0.000,0.000) 滚转角=0.04度 俯仰角=-0.22度
15:38:14.035563 [轨迹] 序号=415 单调时间=19946.801909 时间=19946.802 模式=OFFBOARD 起飞状态=未执行起飞 水平控制=位置保持 类型掩码=3520 实际位置NED=(0.001,-0.038,-2.290) 实际速度=(0.000,0.020,-0.017) 最终目标=(-0.014,-0.017,-2.322) 指令位置=(-0.014,-0.017,-2.322) 指令速度=(0.000,0.000,0.000) 指令加速度=(0.000,0.000,0.000) 滚转角=0.05度 俯仰角=-0.21度
15:38:14.138701 [轨迹] 序号=416 单调时间=19946.904865 时间=19946.905 模式=OFFBOARD 起飞状态=未执行起飞 水平控制=位置保持 类型掩码=3520 实际位置NED=(0.002,-0.037,-2.291) 实际速度=(-0.000,0.021,-0.016) 最终目标=(-0.014,-0.017,-2.322) 指令位置=(-0.014,-0.017,-2.322) 指令速度=(0.000,0.000,0.000) 指令加速度=(0.000,0.000,0.000) 滚转角=0.05度 俯仰角=-0.19度
15:38:14.243276 [轨迹] 序号=417 单调时间=19947.009560 时间=19947.010 模式=OFFBOARD 起飞状态=未执行起飞 水平控制=位置保持 类型掩码=3520 实际位置NED=(0.002,-0.036,-2.292) 实际速度=(-0.001,0.022,-0.015) 最终目标=(-0.014,-0.017,-2.322) 指令位置=(-0.014,-0.017,-2.322) 指令速度=(0.000,0.000,0.000) 指令加速度=(0.000,0.000,0.000) 滚转角=0.06度 俯仰角=-0.18度
15:38:14.346069 [轨迹] 序号=418 单调时间=19947.112228 时间=19947.112 模式=OFFBOARD 起飞状态=未执行起飞 水平控制=位置保持 类型掩码=3520 实际位置NED=(0.003,-0.035,-2.292) 实际速度=(-0.002,0.023,-0.015) 最终目标=(-0.014,-0.017,-2.322) 指令位置=(-0.014,-0.017,-2.322) 指令速度=(0.000,0.000,0.000) 指令加速度=(0.000,0.000,0.000) 滚转角=0.06度 俯仰角=-0.16度
15:38:14.449736 [轨迹] 序号=419 单调时间=19947.215788 时间=19947.216 模式=OFFBOARD 起飞状态=未执行起飞 水平控制=位置保持 类型掩码=3520 实际位置NED=(0.003,-0.034,-2.293) 实际速度=(-0.003,0.024,-0.014) 最终目标=(-0.014,-0.017,-2.322) 指令位置=(-0.014,-0.017,-2.322) 指令速度=(0.000,0.000,0.000) 指令加速度=(0.000,0.000,0.000) 滚转角=0.07度 俯仰角=-0.15度
15:38:14.553617 [轨迹] 序号=420 单调时间=19947.319703 时间=19947.320 模式=OFFBOARD 起飞状态=未执行起飞 水平控制=位置保持 类型掩码=3520 实际位置NED=(0.003,-0.033,-2.293) 实际速度=(-0.004,0.024,-0.014) 最终目标=(-0.014,-0.017,-2.322) 指令位置=(-0.014,-0.017,-2.322) 指令速度=(0.000,0.000,0.000) 指令加速度=(0.000,0.000,0.000) 滚转角=0.07度 俯仰角=-0.13度
15:38:14.656346 [轨迹] 序号=421 单调时间=19947.422591 时间=19947.423 模式=OFFBOARD 起飞状态=未执行起飞 水平控制=位置保持 类型掩码=3520 实际位置NED=(0.003,-0.032,-2.294) 实际速度=(-0.004,0.024,-0.014) 最终目标=(-0.014,-0.017,-2.322) 指令位置=(-0.014,-0.017,-2.322) 指令速度=(0.000,0.000,0.000) 指令加速度=(0.000,0.000,0.000) 滚转角=0.07度 俯仰角=-0.12度
15:38:14.759019 [轨迹] 序号=422 单调时间=19947.525273 时间=19947.525 模式=OFFBOARD 起飞状态=未执行起飞 水平控制=位置保持 类型掩码=3520 实际位置NED=(0.003,-0.030,-2.295) 实际速度=(-0.006,0.025,-0.013) 最终目标=(-0.014,-0.017,-2.322) 指令位置=(-0.014,-0.017,-2.322) 指令速度=(0.000,0.000,0.000) 指令加速度=(0.000,0.000,0.000) 滚转角=0.07度 俯仰角=-0.10度
15:38:14.861883 [轨迹] 序号=423 单调时间=19947.627919 时间=19947.628 模式=OFFBOARD 起飞状态=未执行起飞 水平控制=位置保持 类型掩码=3520 实际位置NED=(0.003,-0.029,-2.295) 实际速度=(-0.006,0.025,-0.013) 最终目标=(-0.014,-0.017,-2.322) 指令位置=(-0.014,-0.017,-2.322) 指令速度=(0.000,0.000,0.000) 指令加速度=(0.000,0.000,0.000) 滚转角=0.07度 俯仰角=-0.08度
15:38:14.965154 [轨迹] 序号=424 单调时间=19947.730820 时间=19947.731 模式=OFFBOARD 起飞状态=未执行起飞 水平控制=位置保持 类型掩码=3520 实际位置NED=(0.003,-0.028,-2.295) 实际速度=(-0.007,0.025,-0.013) 最终目标=(-0.014,-0.017,-2.322) 指令位置=(-0.014,-0.017,-2.322) 指令速度=(0.000,0.000,0.000) 指令加速度=(0.000,0.000,0.000) 滚转角=0.07度 俯仰角=-0.07度
15:38:15.067718 [轨迹] 序号=425 单调时间=19947.833993 时间=19947.834 模式=OFFBOARD 起飞状态=未执行起飞 水平控制=位置保持 类型掩码=3520 实际位置NED=(0.002,-0.027,-2.296) 实际速度=(-0.008,0.025,-0.012) 最终目标=(-0.014,-0.017,-2.322) 指令位置=(-0.014,-0.017,-2.322) 指令速度=(0.000,0.000,0.000) 指令加速度=(0.000,0.000,0.000) 滚转角=0.06度 俯仰角=-0.06度
15:38:15.170566 [轨迹] 序号=426 单调时间=19947.936842 时间=19947.937 模式=OFFBOARD 起飞状态=未执行起飞 水平控制=位置保持 类型掩码=3520 实际位置NED=(0.002,-0.026,-2.296) 实际速度=(-0.009,0.025,-0.012) 最终目标=(-0.014,-0.017,-2.322) 指令位置=(-0.014,-0.017,-2.322) 指令速度=(0.000,0.000,0.000) 指令加速度=(0.000,0.000,0.000) 滚转角=0.06度 俯仰角=-0.04度
15:38:15.273136 [轨迹] 序号=427 单调时间=19948.039590 时间=19948.040 模式=OFFBOARD 起飞状态=未执行起飞 水平控制=位置保持 类型掩码=3520 实际位置NED=(0.002,-0.025,-2.297) 实际速度=(-0.010,0.024,-0.012) 最终目标=(-0.014,-0.017,-2.322) 指令位置=(-0.014,-0.017,-2.322) 指令速度=(0.000,0.000,0.000) 指令加速度=(0.000,0.000,0.000) 滚转角=0.05度 俯仰角=-0.03度
15:38:15.376052 [轨迹] 序号=428 单调时间=19948.142223 时间=19948.142 模式=OFFBOARD 起飞状态=未执行起飞 水平控制=位置保持 类型掩码=3520 实际位置NED=(0.002,-0.024,-2.297) 实际速度=(-0.010,0.024,-0.012) 最终目标=(-0.014,-0.017,-2.322) 指令位置=(-0.014,-0.017,-2.322) 指令速度=(0.000,0.000,0.000) 指令加速度=(0.000,0.000,0.000) 滚转角=0.05度 俯仰角=-0.02度
15:38:15.479143 [轨迹] 序号=429 单调时间=19948.245228 时间=19948.245 模式=OFFBOARD 起飞状态=未执行起飞 水平控制=位置保持 类型掩码=3520 实际位置NED=(0.001,-0.023,-2.298) 实际速度=(-0.011,0.023,-0.012) 最终目标=(-0.014,-0.017,-2.322) 指令位置=(-0.014,-0.017,-2.322) 指令速度=(0.000,0.000,0.000) 指令加速度=(0.000,0.000,0.000) 滚转角=0.04度 俯仰角=-0.00度
15:38:15.582174 [轨迹] 序号=430 单调时间=19948.348346 时间=19948.348 模式=OFFBOARD 起飞状态=未执行起飞 水平控制=位置保持 类型掩码=3520 实际位置NED=(0.001,-0.023,-2.298) 实际速度=(-0.011,0.023,-0.011) 最终目标=(-0.014,-0.017,-2.322) 指令位置=(-0.014,-0.017,-2.322) 指令速度=(0.000,0.000,0.000) 指令加速度=(0.000,0.000,0.000) 滚转角=0.03度 俯仰角=0.00度
15:38:15.684734 [轨迹] 序号=431 单调时间=19948.450976 时间=19948.451 模式=OFFBOARD 起飞状态=未执行起飞 水平控制=位置保持 类型掩码=3520 实际位置NED=(0.001,-0.022,-2.298) 实际速度=(-0.012,0.022,-0.011) 最终目标=(-0.014,-0.017,-2.322) 指令位置=(-0.014,-0.017,-2.322) 指令速度=(0.000,0.000,0.000) 指令加速度=(0.000,0.000,0.000) 滚转角=0.02度 俯仰角=0.01度
15:38:15.787262 [轨迹] 序号=432 单调时间=19948.553368 时间=19948.553 模式=OFFBOARD 起飞状态=未执行起飞 水平控制=位置保持 类型掩码=3520 实际位置NED=(0.000,-0.021,-2.299) 实际速度=(-0.013,0.021,-0.011) 最终目标=(-0.014,-0.017,-2.322) 指令位置=(-0.014,-0.017,-2.322) 指令速度=(0.000,0.000,0.000) 指令加速度=(0.000,0.000,0.000) 滚转角=0.02度 俯仰角=0.02度
15:38:15.891947 [轨迹] 序号=433 单调时间=19948.658128 时间=19948.658 模式=OFFBOARD 起飞状态=未执行起飞 水平控制=位置保持 类型掩码=3520 实际位置NED=(-0.000,-0.020,-2.299) 实际速度=(-0.013,0.020,-0.011) 最终目标=(-0.014,-0.017,-2.322) 指令位置=(-0.014,-0.017,-2.322) 指令速度=(0.000,0.000,0.000) 指令加速度=(0.000,0.000,0.000) 滚转角=0.01度 俯仰角=0.02度
15:38:15.994491 [轨迹] 序号=434 单调时间=19948.760742 时间=19948.761 模式=OFFBOARD 起飞状态=未执行起飞 水平控制=位置保持 类型掩码=3520 实际位置NED=(-0.000,-0.019,-2.300) 实际速度=(-0.013,0.019,-0.011) 最终目标=(-0.014,-0.017,-2.322) 指令位置=(-0.014,-0.017,-2.322) 指令速度=(0.000,0.000,0.000) 指令加速度=(0.000,0.000,0.000) 滚转角=-0.00度 俯仰角=0.03度
15:38:16.097788 [轨迹] 序号=435 单调时间=19948.863760 时间=19948.864 模式=OFFBOARD 起飞状态=未执行起飞 水平控制=位置保持 类型掩码=3520 实际位置NED=(-0.001,-0.019,-2.300) 实际速度=(-0.014,0.019,-0.010) 最终目标=(-0.014,-0.017,-2.322) 指令位置=(-0.014,-0.017,-2.322) 指令速度=(0.000,0.000,0.000) 指令加速度=(0.000,0.000,0.000) 滚转角=-0.01度 俯仰角=0.03度
15:38:16.200328 [轨迹] 序号=436 单调时间=19948.966480 时间=19948.966 模式=OFFBOARD 起飞状态=未执行起飞 水平控制=位置保持 类型掩码=3520 实际位置NED=(-0.001,-0.018,-2.300) 实际速度=(-0.014,0.018,-0.011) 最终目标=(-0.014,-0.017,-2.322) 指令位置=(-0.014,-0.017,-2.322) 指令速度=(0.000,0.000,0.000) 指令加速度=(0.000,0.000,0.000) 滚转角=-0.01度 俯仰角=0.03度
15:38:16.303476 [轨迹] 序号=437 单调时间=19949.069546 时间=19949.070 模式=OFFBOARD 起飞状态=未执行起飞 水平控制=位置保持 类型掩码=3520 实际位置NED=(-0.002,-0.018,-2.301) 实际速度=(-0.014,0.017,-0.010) 最终目标=(-0.014,-0.017,-2.322) 指令位置=(-0.014,-0.017,-2.322) 指令速度=(0.000,0.000,0.000) 指令加速度=(0.000,0.000,0.000) 滚转角=-0.02度 俯仰角=0.03度
15:38:16.405952 [轨迹] 序号=438 单调时间=19949.172173 时间=19949.172 模式=OFFBOARD 起飞状态=未执行起飞 水平控制=位置保持 类型掩码=3520 实际位置NED=(-0.003,-0.017,-2.301) 实际速度=(-0.015,0.016,-0.010) 最终目标=(-0.014,-0.017,-2.322) 指令位置=(-0.014,-0.017,-2.322) 指令速度=(0.000,0.000,0.000) 指令加速度=(0.000,0.000,0.000) 滚转角=-0.03度 俯仰角=0.03度
15:38:16.510766 [轨迹] 序号=439 单调时间=19949.276908 时间=19949.277 模式=OFFBOARD 起飞状态=未执行起飞 水平控制=位置保持 类型掩码=3520 实际位置NED=(-0.003,-0.017,-2.302) 实际速度=(-0.015,0.015,-0.010) 最终目标=(-0.014,-0.017,-2.322) 指令位置=(-0.014,-0.017,-2.322) 指令速度=(0.000,0.000,0.000) 指令加速度=(0.000,0.000,0.000) 滚转角=-0.04度 俯仰角=0.03度
15:38:16 [贴顶流程] 启动指令已发送
15:38:16.614161 [轨迹] 序号=440 单调时间=19949.380304 时间=19949.380 模式=OFFBOARD 起飞状态=未执行起飞 水平控制=位置保持 类型掩码=3520 实际位置NED=(-0.004,-0.016,-2.302) 实际速度=(-0.015,0.014,-0.009) 最终目标=(-0.014,-0.017,-2.322) 指令位置=(-0.014,-0.017,-2.322) 指令速度=(0.000,0.000,0.000) 指令加速度=(0.000,0.000,0.000) 滚转角=-0.05度 俯仰角=0.03度
15:38:17 [贴顶流程] 正在快速寻顶
15:38:22 [贴顶流程] 正在缓慢贴顶
15:38:24 [贴顶流程] 贴顶加压中，原因：顶部距离确认
15:38:41 [输入] 已按下一次降落按钮；后续移动目标已禁用
15:38:41 [安全离顶] 降落前先保留轻微贴力完成调平，再快速离开顶部并进入LAND
15:38:41 [安全离顶] 飞控已经开始减压、调平和离顶
15:38:41 [应答] 安全离顶：已接受（MAV_RESULT_ACCEPTED）
15:38:42 [贴顶流程] 保持轻微贴力，正在调平姿态，原因：执行降落
15:38:46 [贴顶流程] 正在垂直离开顶部，原因：执行降落
15:38:47 [安全离顶] 已达到离顶距离，飞控正在直接进入LAND模式
15:38:48 [贴顶流程] 待机，原因：执行降落
15:38:48 [安全离顶] 飞控已经进入LAND模式，正在自动降落
15:38:48 [模式] 已退出OFFBOARD；旧目标已丢弃，开始跟随飞机当前位置
15:38:48.835820 [轨迹] 序号=441 单调时间=19980.568419 时间=19980.568 模式=AUTO.LAND 起飞状态=未执行起飞 水平控制=位置保持 类型掩码=3520 实际位置NED=(-0.014,-0.111,-2.285) 实际速度=(0.000,-0.004,0.601) 最终目标=(-0.014,-0.111,-2.285) 指令位置=(-0.014,-0.111,nan) 指令速度=(0.000,0.000,0.000) 指令加速度=(0.000,0.000,nan) 滚转角=-0.06度 俯仰角=-0.05度
15:38:48.938814 [轨迹] 序号=442 单调时间=19980.671616 时间=19980.672 模式=AUTO.LAND 起飞状态=未执行起飞 水平控制=位置保持 类型掩码=3520 实际位置NED=(-0.013,-0.111,-2.265) 实际速度=(0.001,-0.005,0.647) 最终目标=(-0.013,-0.111,-2.265) 指令位置=(-0.013,-0.111,nan) 指令速度=(0.000,0.000,0.000) 指令加速度=(0.000,0.000,nan) 滚转角=-0.05度 俯仰角=-0.07度
15:38:49.043220 [轨迹] 序号=443 单调时间=19980.775886 时间=19980.776 模式=AUTO.LAND 起飞状态=未执行起飞 水平控制=位置保持 类型掩码=3520 实际位置NED=(-0.013,-0.111,-2.244) 实际速度=(0.001,-0.005,0.683) 最终目标=(-0.013,-0.111,-2.244) 指令位置=(-0.013,-0.111,nan) 指令速度=(0.000,0.000,0.000) 指令加速度=(0.000,0.000,nan) 滚转角=-0.05度 俯仰角=-0.09度
15:38:49.146062 [轨迹] 序号=444 单调时间=19980.878867 时间=19980.879 模式=AUTO.LAND 起飞状态=未执行起飞 水平控制=位置保持 类型掩码=3520 实际位置NED=(-0.013,-0.112,-2.221) 实际速度=(0.001,-0.005,0.711) 最终目标=(-0.013,-0.112,-2.221) 指令位置=(-0.013,-0.112,nan) 指令速度=(0.000,0.000,0.000) 指令加速度=(0.000,0.000,nan) 滚转角=-0.04度 俯仰角=-0.11度
15:38:49.249927 [轨迹] 序号=445 单调时间=19980.981410 时间=19980.981 模式=AUTO.LAND 起飞状态=未执行起飞 水平控制=位置保持 类型掩码=3520 实际位置NED=(-0.012,-0.112,-2.192) 实际速度=(0.001,-0.005,0.736) 最终目标=(-0.012,-0.112,-2.192) 指令位置=(-0.012,-0.112,nan) 指令速度=(0.000,0.000,0.000) 指令加速度=(0.000,0.000,nan) 滚转角=-0.03度 俯仰角=-0.12度
15:38:49.352792 [轨迹] 序号=446 单调时间=19981.085569 时间=19981.086 模式=AUTO.LAND 起飞状态=未执行起飞 水平控制=位置保持 类型掩码=3520 实际位置NED=(-0.012,-0.113,-2.144) 实际速度=(0.001,-0.005,0.753) 最终目标=(-0.012,-0.113,-2.144) 指令位置=(-0.012,-0.113,nan) 指令速度=(0.000,0.000,0.000) 指令加速度=(0.000,0.000,nan) 滚转角=-0.02度 俯仰角=-0.13度
15:38:49.455317 [轨迹] 序号=447 单调时间=19981.188168 时间=19981.188 模式=AUTO.LAND 起飞状态=未执行起飞 水平控制=位置保持 类型掩码=3520 实际位置NED=(-0.012,-0.114,-2.120) 实际速度=(0.001,-0.005,0.753) 最终目标=(-0.012,-0.114,-2.120) 指令位置=(-0.012,-0.114,nan) 指令速度=(0.000,0.000,0.000) 指令加速度=(0.000,0.000,nan) 滚转角=-0.01度 俯仰角=-0.14度
15:38:49.557758 [轨迹] 序号=448 单调时间=19981.290575 时间=19981.291 模式=AUTO.LAND 起飞状态=未执行起飞 水平控制=位置保持 类型掩码=3520 实际位置NED=(-0.012,-0.115,-2.072) 实际速度=(-0.000,-0.005,0.737) 最终目标=(-0.012,-0.115,-2.072) 指令位置=(-0.012,-0.115,nan) 指令速度=(0.000,0.000,0.000) 指令加速度=(0.000,0.000,nan) 滚转角=-0.00度 俯仰角=-0.16度
15:38:49.661276 [轨迹] 序号=449 单调时间=19981.394108 时间=19981.394 模式=AUTO.LAND 起飞状态=未执行起飞 水平控制=位置保持 类型掩码=3520 实际位置NED=(-0.012,-0.115,-2.072) 实际速度=(-0.000,-0.005,0.737) 最终目标=(-0.012,-0.115,-2.072) 指令位置=(-0.012,-0.115,nan) 指令速度=(0.000,0.000,0.000) 指令加速度=(0.000,0.000,nan) 滚转角=-0.00度 俯仰角=-0.16度
15:38:49.764048 [轨迹] 序号=450 单调时间=19981.496839 时间=19981.497 模式=AUTO.LAND 起飞状态=未执行起飞 水平控制=位置保持 类型掩码=3520 实际位置NED=(-0.012,-0.117,-2.021) 实际速度=(-0.002,-0.005,0.702) 最终目标=(-0.012,-0.117,-2.021) 指令位置=(-0.012,-0.117,nan) 指令速度=(0.000,0.000,0.000) 指令加速度=(0.000,0.000,nan) 滚转角=0.00度 俯仰角=-0.17度
15:38:49.867668 [轨迹] 序号=451 单调时间=19981.600394 时间=19981.600 模式=AUTO.LAND 起飞状态=未执行起飞 水平控制=位置保持 类型掩码=3520 实际位置NED=(-0.013,-0.118,-1.999) 实际速度=(-0.003,-0.005,0.688) 最终目标=(-0.013,-0.118,-1.999) 指令位置=(-0.013,-0.118,nan) 指令速度=(0.000,0.000,0.000) 指令加速度=(0.000,0.000,nan) 滚转角=0.00度 俯仰角=-0.18度
15:38:49.970986 [轨迹] 序号=452 单调时间=19981.703673 时间=19981.704 模式=AUTO.LAND 起飞状态=未执行起飞 水平控制=位置保持 类型掩码=3520 实际位置NED=(-0.013,-0.118,-1.977) 实际速度=(-0.003,-0.005,0.677) 最终目标=(-0.013,-0.118,-1.977) 指令位置=(-0.013,-0.118,nan) 指令速度=(0.000,0.000,0.000) 指令加速度=(0.000,0.000,nan) 滚转角=-0.00度 俯仰角=-0.19度
15:38:50.075558 [轨迹] 序号=453 单调时间=19981.808338 时间=19981.808 模式=AUTO.LAND 起飞状态=未执行起飞 水平控制=位置保持 类型掩码=3520 实际位置NED=(-0.013,-0.119,-1.956) 实际速度=(-0.004,-0.006,0.668) 最终目标=(-0.013,-0.119,-1.956) 指令位置=(-0.013,-0.119,nan) 指令速度=(0.000,0.000,0.000) 指令加速度=(0.000,0.000,nan) 滚转角=-0.01度 俯仰角=-0.19度
15:38:50.178298 [轨迹] 序号=454 单调时间=19981.911068 时间=19981.911 模式=AUTO.LAND 起飞状态=未执行起飞 水平控制=位置保持 类型掩码=3520 实际位置NED=(-0.014,-0.121,-1.935) 实际速度=(-0.005,-0.006,0.662) 最终目标=(-0.014,-0.121,-1.935) 指令位置=(-0.014,-0.121,nan) 指令速度=(0.000,0.000,0.000) 指令加速度=(0.000,0.000,nan) 滚转角=-0.01度 俯仰角=-0.20度
15:38:50.281578 [轨迹] 序号=455 单调时间=19982.014416 时间=19982.014 模式=AUTO.LAND 起飞状态=未执行起飞 水平控制=位置保持 类型掩码=3520 实际位置NED=(-0.014,-0.122,-1.914) 实际速度=(-0.006,-0.006,0.658) 最终目标=(-0.014,-0.122,-1.914) 指令位置=(-0.014,-0.122,nan) 指令速度=(0.000,0.000,0.000) 指令加速度=(0.000,0.000,nan) 滚转角=-0.02度 俯仰角=-0.21度
15:38:50.384681 [轨迹] 序号=456 单调时间=19982.117472 时间=19982.117 模式=AUTO.LAND 起飞状态=未执行起飞 水平控制=位置保持 类型掩码=3520 实际位置NED=(-0.017,-0.123,-1.873) 实际速度=(-0.008,-0.006,0.654) 最终目标=(-0.017,-0.123,-1.873) 指令位置=(-0.017,-0.123,nan) 指令速度=(0.000,0.000,0.000) 指令加速度=(0.000,0.000,nan) 滚转角=-0.03度 俯仰角=-0.22度
15:38:50.487783 [轨迹] 序号=457 单调时间=19982.219992 时间=19982.220 模式=AUTO.LAND 起飞状态=未执行起飞 水平控制=位置保持 类型掩码=3520 实际位置NED=(-0.017,-0.123,-1.873) 实际速度=(-0.008,-0.006,0.654) 最终目标=(-0.017,-0.123,-1.873) 指令位置=(-0.017,-0.123,nan) 指令速度=(0.000,0.000,0.000) 指令加速度=(0.000,0.000,nan) 滚转角=-0.04度 俯仰角=-0.23度
15:38:50.589988 [轨迹] 序号=458 单调时间=19982.322807 时间=19982.323 模式=AUTO.LAND 起飞状态=未执行起飞 水平控制=位置保持 类型掩码=3520 实际位置NED=(-0.019,-0.125,-1.827) 实际速度=(-0.011,-0.005,0.654) 最终目标=(-0.019,-0.125,-1.827) 指令位置=(-0.019,-0.125,nan) 指令速度=(0.000,0.000,0.000) 指令加速度=(0.000,0.000,nan) 滚转角=-0.06度 俯仰角=-0.24度
15:38:50.692678 [轨迹] 序号=459 单调时间=19982.425465 时间=19982.425 模式=AUTO.LAND 起飞状态=未执行起飞 水平控制=位置保持 类型掩码=3520 实际位置NED=(-0.021,-0.126,-1.806) 实际速度=(-0.012,-0.005,0.655) 最终目标=(-0.021,-0.126,-1.806) 指令位置=(-0.021,-0.126,nan) 指令速度=(0.000,0.000,0.000) 指令加速度=(0.000,0.000,nan) 滚转角=-0.08度 俯仰角=-0.25度
15:38:50.795195 [轨迹] 序号=460 单调时间=19982.528056 时间=19982.528 模式=AUTO.LAND 起飞状态=未执行起飞 水平控制=位置保持 类型掩码=3520 实际位置NED=(-0.022,-0.126,-1.785) 实际速度=(-0.013,-0.004,0.657) 最终目标=(-0.022,-0.126,-1.785) 指令位置=(-0.022,-0.126,nan) 指令速度=(0.000,0.000,0.000) 指令加速度=(0.000,0.000,nan) 滚转角=-0.10度 俯仰角=-0.26度
15:38:50.897781 [轨迹] 序号=461 单调时间=19982.630477 时间=19982.630 模式=AUTO.LAND 起飞状态=未执行起飞 水平控制=位置保持 类型掩码=3520 实际位置NED=(-0.024,-0.127,-1.744) 实际速度=(-0.014,-0.003,0.660) 最终目标=(-0.024,-0.127,-1.744) 指令位置=(-0.024,-0.127,nan) 指令速度=(0.000,0.000,0.000) 指令加速度=(0.000,0.000,nan) 滚转角=-0.13度 俯仰角=-0.26度
15:38:51.001752 [轨迹] 序号=462 单调时间=19982.734361 时间=19982.734 模式=AUTO.LAND 起飞状态=未执行起飞 水平控制=位置保持 类型掩码=3520 实际位置NED=(-0.024,-0.127,-1.744) 实际速度=(-0.014,-0.003,0.660) 最终目标=(-0.024,-0.127,-1.744) 指令位置=(-0.024,-0.127,nan) 指令速度=(0.000,0.000,0.000) 指令加速度=(0.000,0.000,nan) 滚转角=-0.14度 俯仰角=-0.26度
15:38:51.104248 [轨迹] 序号=463 单调时间=19982.837177 时间=19982.837 模式=AUTO.LAND 起飞状态=未执行起飞 水平控制=位置保持 类型掩码=3520 实际位置NED=(-0.026,-0.127,-1.717) 实际速度=(-0.015,-0.002,0.662) 最终目标=(-0.026,-0.127,-1.717) 指令位置=(-0.026,-0.127,nan) 指令速度=(0.000,0.000,0.000) 指令加速度=(0.000,0.000,nan) 滚转角=-0.16度 俯仰角=-0.26度
15:38:51.207222 [轨迹] 序号=464 单调时间=19982.939995 时间=19982.940 模式=AUTO.LAND 起飞状态=未执行起飞 水平控制=位置保持 类型掩码=3520 实际位置NED=(-0.029,-0.127,-1.675) 实际速度=(-0.016,0.000,0.666) 最终目标=(-0.029,-0.127,-1.675) 指令位置=(-0.029,-0.127,nan) 指令速度=(0.000,0.000,0.000) 指令加速度=(0.000,0.000,nan) 滚转角=-0.19度 俯仰角=-0.26度
15:38:51.309668 [轨迹] 序号=465 单调时间=19983.042389 时间=19983.042 模式=AUTO.LAND 起飞状态=未执行起飞 水平控制=位置保持 类型掩码=3520 实际位置NED=(-0.029,-0.127,-1.675) 实际速度=(-0.016,0.000,0.666) 最终目标=(-0.029,-0.127,-1.675) 指令位置=(-0.029,-0.127,nan) 指令速度=(0.000,0.000,0.000) 指令加速度=(0.000,0.000,nan) 滚转角=-0.20度 俯仰角=-0.26度
15:38:51.412269 [轨迹] 序号=466 单调时间=19983.145121 时间=19983.145 模式=AUTO.LAND 起飞状态=未执行起飞 水平控制=位置保持 类型掩码=3520 实际位置NED=(-0.032,-0.128,-1.633) 实际速度=(-0.017,0.002,0.669) 最终目标=(-0.032,-0.128,-1.633) 指令位置=(-0.032,-0.128,nan) 指令速度=(0.000,0.000,0.000) 指令加速度=(0.000,0.000,nan) 滚转角=-0.23度 俯仰角=-0.26度
15:38:51.514586 [轨迹] 序号=467 单调时间=19983.247344 时间=19983.247 模式=AUTO.LAND 起飞状态=未执行起飞 水平控制=位置保持 类型掩码=3520 实际位置NED=(-0.033,-0.128,-1.612) 实际速度=(-0.017,0.003,0.671) 最终目标=(-0.033,-0.128,-1.612) 指令位置=(-0.033,-0.128,nan) 指令速度=(0.000,0.000,0.000) 指令加速度=(0.000,0.000,nan) 滚转角=-0.26度 俯仰角=-0.25度
15:38:51.617551 [轨迹] 序号=468 单调时间=19983.349984 时间=19983.350 模式=AUTO.LAND 起飞状态=未执行起飞 水平控制=位置保持 类型掩码=3520 实际位置NED=(-0.035,-0.128,-1.585) 实际速度=(-0.017,0.004,0.673) 最终目标=(-0.035,-0.128,-1.585) 指令位置=(-0.035,-0.128,nan) 指令速度=(0.000,0.000,0.000) 指令加速度=(0.000,0.000,nan) 滚转角=-0.27度 俯仰角=-0.25度
15:38:51.721028 [轨迹] 序号=469 单调时间=19983.453531 时间=19983.454 模式=AUTO.LAND 起飞状态=未执行起飞 水平控制=位置保持 类型掩码=3520 实际位置NED=(-0.037,-0.129,-1.542) 实际速度=(-0.016,0.005,0.676) 最终目标=(-0.037,-0.129,-1.542) 指令位置=(-0.037,-0.129,nan) 指令速度=(0.000,0.000,0.000) 指令加速度=(0.000,0.000,nan) 滚转角=-0.30度 俯仰角=-0.23度
15:38:51.824120 [轨迹] 序号=470 单调时间=19983.556911 时间=19983.557 模式=AUTO.LAND 起飞状态=未执行起飞 水平控制=位置保持 类型掩码=3520 实际位置NED=(-0.038,-0.129,-1.520) 实际速度=(-0.016,0.005,0.678) 最终目标=(-0.038,-0.129,-1.520) 指令位置=(-0.038,-0.129,nan) 指令速度=(0.000,0.000,0.000) 指令加速度=(0.000,0.000,nan) 滚转角=-0.32度 俯仰角=-0.23度
15:38:51.926684 [轨迹] 序号=471 单调时间=19983.659490 时间=19983.659 模式=AUTO.LAND 起飞状态=未执行起飞 水平控制=位置保持 类型掩码=3520 实际位置NED=(-0.039,-0.129,-1.499) 实际速度=(-0.015,0.006,0.679) 最终目标=(-0.039,-0.129,-1.499) 指令位置=(-0.039,-0.129,nan) 指令速度=(0.000,0.000,0.000) 指令加速度=(0.000,0.000,nan) 滚转角=-0.34度 俯仰角=-0.22度
15:38:52.029520 [轨迹] 序号=472 单调时间=19983.762120 时间=19983.762 模式=AUTO.LAND 起飞状态=未执行起飞 水平控制=位置保持 类型掩码=3520 实际位置NED=(-0.040,-0.129,-1.477) 实际速度=(-0.014,0.006,0.680) 最终目标=(-0.040,-0.129,-1.477) 指令位置=(-0.040,-0.129,nan) 指令速度=(0.000,0.000,0.000) 指令加速度=(0.000,0.000,nan) 滚转角=-0.36度 俯仰角=-0.21度
15:38:52.131966 [轨迹] 序号=473 单调时间=19983.864715 时间=19983.865 模式=AUTO.LAND 起飞状态=未执行起飞 水平控制=位置保持 类型掩码=3520 实际位置NED=(-0.041,-0.130,-1.450) 实际速度=(-0.012,0.007,0.682) 最终目标=(-0.041,-0.130,-1.450) 指令位置=(-0.041,-0.130,nan) 指令速度=(0.000,0.000,0.000) 指令加速度=(0.000,0.000,nan) 滚转角=-0.37度 俯仰角=-0.21度
15:38:52.235411 [轨迹] 序号=474 单调时间=19983.968085 时间=19983.968 模式=AUTO.LAND 起飞状态=未执行起飞 水平控制=位置保持 类型掩码=3520 实际位置NED=(-0.042,-0.129,-1.406) 实际速度=(-0.010,0.009,0.684) 最终目标=(-0.042,-0.129,-1.406) 指令位置=(-0.042,-0.129,nan) 指令速度=(0.000,0.000,0.000) 指令加速度=(0.000,0.000,nan) 滚转角=-0.38度 俯仰角=-0.21度
15:38:52.337897 [轨迹] 序号=475 单调时间=19984.070675 时间=19984.071 模式=AUTO.LAND 起飞状态=未执行起飞 水平控制=位置保持 类型掩码=3520 实际位置NED=(-0.042,-0.128,-1.384) 实际速度=(-0.008,0.010,0.685) 最终目标=(-0.042,-0.128,-1.384) 指令位置=(-0.042,-0.128,nan) 指令速度=(0.000,0.000,0.000) 指令加速度=(0.000,0.000,nan) 滚转角=-0.39度 俯仰角=-0.20度
15:38:52.440431 [轨迹] 序号=476 单调时间=19984.173346 时间=19984.173 模式=AUTO.LAND 起飞状态=未执行起飞 水平控制=位置保持 类型掩码=3520 实际位置NED=(-0.041,-0.127,-1.341) 实际速度=(-0.004,0.013,0.687) 最终目标=(-0.041,-0.127,-1.341) 指令位置=(-0.041,-0.127,nan) 指令速度=(0.000,0.000,0.000) 指令加速度=(0.000,0.000,nan) 滚转角=-0.39度 俯仰角=-0.20度
15:38:52.542922 [轨迹] 序号=477 单调时间=19984.275603 时间=19984.276 模式=AUTO.LAND 起飞状态=未执行起飞 水平控制=位置保持 类型掩码=3520 实际位置NED=(-0.041,-0.127,-1.341) 实际速度=(-0.004,0.013,0.687) 最终目标=(-0.041,-0.127,-1.341) 指令位置=(-0.041,-0.127,nan) 指令速度=(0.000,0.000,0.000) 指令加速度=(0.000,0.000,nan) 滚转角=-0.38度 俯仰角=-0.19度
15:38:52.645822 [轨迹] 序号=478 单调时间=19984.378586 时间=19984.379 模式=AUTO.LAND 起飞状态=未执行起飞 水平控制=位置保持 类型掩码=3520 实际位置NED=(-0.041,-0.125,-1.313) 实际速度=(-0.002,0.015,0.688) 最终目标=(-0.041,-0.125,-1.313) 指令位置=(-0.041,-0.125,nan) 指令速度=(0.000,0.000,0.000) 指令加速度=(0.000,0.000,nan) 滚转角=-0.38度 俯仰角=-0.18度
15:38:52.748007 [轨迹] 序号=479 单调时间=19984.480761 时间=19984.481 模式=AUTO.LAND 起飞状态=未执行起飞 水平控制=位置保持 类型掩码=3520 实际位置NED=(-0.039,-0.123,-1.269) 实际速度=(0.002,0.018,0.690) 最终目标=(-0.039,-0.123,-1.269) 指令位置=(-0.039,-0.123,nan) 指令速度=(0.000,0.000,0.000) 指令加速度=(0.000,0.000,nan) 滚转角=-0.37度 俯仰角=-0.17度
15:38:52.850613 [轨迹] 序号=480 单调时间=19984.583324 时间=19984.583 模式=AUTO.LAND 起飞状态=未执行起飞 水平控制=位置保持 类型掩码=3520 实际位置NED=(-0.038,-0.121,-1.247) 实际速度=(0.004,0.020,0.690) 最终目标=(-0.038,-0.121,-1.247) 指令位置=(-0.038,-0.121,nan) 指令速度=(0.000,0.000,0.000) 指令加速度=(0.000,0.000,nan) 滚转角=-0.35度 俯仰角=-0.15度
15:38:52.953254 [轨迹] 序号=481 单调时间=19984.686027 时间=19984.686 模式=AUTO.LAND 起飞状态=未执行起飞 水平控制=位置保持 类型掩码=3520 实际位置NED=(-0.038,-0.119,-1.225) 实际速度=(0.006,0.022,0.691) 最终目标=(-0.038,-0.119,-1.225) 指令位置=(-0.038,-0.119,nan) 指令速度=(0.000,0.000,0.000) 指令加速度=(0.000,0.000,nan) 滚转角=-0.32度 俯仰角=-0.13度
15:38:53.055582 [轨迹] 序号=482 单调时间=19984.788414 时间=19984.788 模式=AUTO.LAND 起飞状态=未执行起飞 水平控制=位置保持 类型掩码=3520 实际位置NED=(-0.036,-0.117,-1.203) 实际速度=(0.008,0.023,0.692) 最终目标=(-0.036,-0.117,-1.203) 指令位置=(-0.036,-0.117,nan) 指令速度=(0.000,0.000,0.000) 指令加速度=(0.000,0.000,nan) 滚转角=-0.29度 俯仰角=-0.10度
15:38:53.158532 [轨迹] 序号=483 单调时间=19984.891351 时间=19984.891 模式=AUTO.LAND 起飞状态=未执行起飞 水平控制=位置保持 类型掩码=3520 实际位置NED=(-0.035,-0.115,-1.176) 实际速度=(0.011,0.024,0.692) 最终目标=(-0.035,-0.115,-1.176) 指令位置=(-0.035,-0.115,nan) 指令速度=(0.000,0.000,0.000) 指令加速度=(0.000,0.000,nan) 滚转角=-0.27度 俯仰角=-0.07度
15:38:53.260945 [轨迹] 序号=484 单调时间=19984.993762 时间=19984.994 模式=AUTO.LAND 起飞状态=未执行起飞 水平控制=位置保持 类型掩码=3520 实际位置NED=(-0.032,-0.111,-1.132) 实际速度=(0.015,0.026,0.694) 最终目标=(-0.032,-0.111,-1.132) 指令位置=(-0.032,-0.111,nan) 指令速度=(0.000,0.000,0.000) 指令加速度=(0.000,0.000,nan) 滚转角=-0.24度 俯仰角=-0.05度
15:38:53.363584 [轨迹] 序号=485 单调时间=19985.096311 时间=19985.096 模式=AUTO.LAND 起飞状态=未执行起飞 水平控制=位置保持 类型掩码=3520 实际位置NED=(-0.030,-0.109,-1.109) 实际速度=(0.017,0.027,0.695) 最终目标=(-0.030,-0.109,-1.109) 指令位置=(-0.030,-0.109,nan) 指令速度=(0.000,0.000,0.000) 指令加速度=(0.000,0.000,nan) 滚转角=-0.21度 俯仰角=-0.02度
15:38:53.467107 [轨迹] 序号=486 单调时间=19985.199843 时间=19985.200 模式=AUTO.LAND 起飞状态=未执行起飞 水平控制=位置保持 类型掩码=3520 实际位置NED=(-0.025,-0.106,-1.065) 实际速度=(0.022,0.028,0.696) 最终目标=(-0.025,-0.106,-1.065) 指令位置=(-0.025,-0.106,nan) 指令速度=(0.000,0.000,0.000) 指令加速度=(0.000,0.000,nan) 滚转角=-0.16度 俯仰角=0.02度
15:38:53.569935 [轨迹] 序号=487 单调时间=19985.302419 时间=19985.302 模式=AUTO.LAND 起飞状态=未执行起飞 水平控制=位置保持 类型掩码=3520 实际位置NED=(-0.025,-0.106,-1.065) 实际速度=(0.022,0.028,0.696) 最终目标=(-0.025,-0.106,-1.065) 指令位置=(-0.025,-0.106,nan) 指令速度=(0.000,0.000,0.000) 指令加速度=(0.000,0.000,nan) 滚转角=-0.13度 俯仰角=0.04度
15:38:53.673122 [轨迹] 序号=488 单调时间=19985.405950 时间=19985.406 模式=AUTO.LAND 起飞状态=未执行起飞 水平控制=位置保持 类型掩码=3520 实际位置NED=(-0.022,-0.103,-1.037) 实际速度=(0.024,0.028,0.696) 最终目标=(-0.022,-0.103,-1.037) 指令位置=(-0.022,-0.103,nan) 指令速度=(0.000,0.000,0.000) 指令加速度=(0.000,0.000,nan) 滚转角=-0.10度 俯仰角=0.06度
15:38:53.775580 [轨迹] 序号=489 单调时间=19985.508414 时间=19985.508 模式=AUTO.LAND 起飞状态=未执行起飞 水平控制=位置保持 类型掩码=3520 实际位置NED=(-0.018,-0.099,-0.993) 实际速度=(0.026,0.029,0.695) 最终目标=(-0.018,-0.099,-0.993) 指令位置=(-0.018,-0.099,nan) 指令速度=(0.000,0.000,0.000) 指令加速度=(0.000,0.000,nan) 滚转角=-0.05度 俯仰角=0.09度
15:38:53.879108 [轨迹] 序号=490 单调时间=19985.611864 时间=19985.612 模式=AUTO.LAND 起飞状态=未执行起飞 水平控制=位置保持 类型掩码=3520 实际位置NED=(-0.016,-0.097,-0.971) 实际速度=(0.027,0.029,0.688) 最终目标=(-0.016,-0.097,-0.971) 指令位置=(-0.016,-0.097,nan) 指令速度=(0.000,0.000,0.000) 指令加速度=(0.000,0.000,nan) 滚转角=0.00度 俯仰角=0.11度
15:38:53.981455 [轨迹] 序号=491 单调时间=19985.714172 时间=19985.714 模式=AUTO.LAND 起飞状态=未执行起飞 水平控制=位置保持 类型掩码=3520 实际位置NED=(-0.012,-0.092,-0.928) 实际速度=(0.027,0.030,0.654) 最终目标=(-0.012,-0.092,-0.928) 指令位置=(-0.012,-0.092,nan) 指令速度=(0.000,0.000,0.000) 指令加速度=(0.000,0.000,nan) 滚转角=0.08度 俯仰角=0.15度
15:38:54.083982 [轨迹] 序号=492 单调时间=19985.816881 时间=19985.817 模式=AUTO.LAND 起飞状态=未执行起飞 水平控制=位置保持 类型掩码=3520 实际位置NED=(-0.012,-0.092,-0.928) 实际速度=(0.027,0.030,0.654) 最终目标=(-0.012,-0.092,-0.928) 指令位置=(-0.012,-0.092,nan) 指令速度=(0.000,0.000,0.000) 指令加速度=(0.000,0.000,nan) 滚转角=0.11度 俯仰角=0.17度
15:38:54.186812 [轨迹] 序号=493 单调时间=19985.919555 时间=19985.920 模式=AUTO.LAND 起飞状态=未执行起飞 水平控制=位置保持 类型掩码=3520 实际位置NED=(-0.009,-0.087,-0.884) 实际速度=(0.025,0.029,0.586) 最终目标=(-0.009,-0.087,-0.884) 指令位置=(-0.009,-0.087,nan) 指令速度=(0.000,0.000,0.000) 指令加速度=(0.000,0.000,nan) 滚转角=0.14度 俯仰角=0.18度
15:38:54.289387 [轨迹] 序号=494 单调时间=19986.022265 时间=19986.022 模式=AUTO.LAND 起飞状态=未执行起飞 水平控制=位置保持 类型掩码=3520 实际位置NED=(-0.007,-0.085,-0.866) 实际速度=(0.025,0.028,0.548) 最终目标=(-0.007,-0.085,-0.866) 指令位置=(-0.007,-0.085,nan) 指令速度=(0.000,0.000,0.000) 指令加速度=(0.000,0.000,nan) 滚转角=0.19度 俯仰角=0.22度
15:38:54.392182 [轨迹] 序号=495 单调时间=19986.125035 时间=19986.125 模式=AUTO.LAND 起飞状态=未执行起飞 水平控制=位置保持 类型掩码=3520 实际位置NED=(-0.006,-0.084,-0.849) 实际速度=(0.023,0.026,0.504) 最终目标=(-0.006,-0.084,-0.849) 指令位置=(-0.006,-0.084,nan) 指令速度=(0.000,0.000,0.000) 指令加速度=(0.000,0.000,nan) 滚转角=0.21度 俯仰角=0.24度
15:38:54.494893 [轨迹] 序号=496 单调时间=19986.227690 时间=19986.228 模式=AUTO.LAND 起飞状态=未执行起飞 水平控制=位置保持 类型掩码=3520 实际位置NED=(-0.005,-0.082,-0.820) 实际速度=(0.017,0.020,0.404) 最终目标=(-0.005,-0.082,-0.820) 指令位置=(-0.005,-0.082,nan) 指令速度=(0.000,0.000,0.000) 指令加速度=(0.000,0.000,nan) 滚转角=0.25度 俯仰角=0.27度
15:38:54.597554 [轨迹] 序号=497 单调时间=19986.330323 时间=19986.330 模式=AUTO.LAND 起飞状态=未执行起飞 水平控制=位置保持 类型掩码=3520 实际位置NED=(-0.005,-0.082,-0.820) 实际速度=(0.017,0.020,0.404) 最终目标=(-0.005,-0.082,-0.820) 指令位置=(-0.005,-0.082,nan) 指令速度=(0.000,0.000,0.000) 指令加速度=(0.000,0.000,nan) 滚转角=0.26度 俯仰角=0.28度
15:38:54.700878 [轨迹] 序号=498 单调时间=19986.433751 时间=19986.434 模式=AUTO.LAND 起飞状态=未执行起飞 水平控制=位置保持 类型掩码=3520 实际位置NED=(-0.005,-0.083,-0.806) 实际速度=(0.013,0.015,0.342) 最终目标=(-0.005,-0.083,-0.806) 指令位置=(-0.005,-0.083,nan) 指令速度=(0.000,0.000,0.000) 指令加速度=(0.000,0.000,nan) 滚转角=0.28度 俯仰角=0.29度
15:38:54.804654 [轨迹] 序号=499 单调时间=19986.536965 时间=19986.537 模式=AUTO.LAND 起飞状态=未执行起飞 水平控制=位置保持 类型掩码=3520 实际位置NED=(-0.007,-0.084,-0.787) 实际速度=(0.005,0.005,0.273) 最终目标=(-0.007,-0.084,-0.787) 指令位置=(-0.007,-0.084,nan) 指令速度=(0.000,0.000,0.000) 指令加速度=(0.000,0.000,nan) 滚转角=0.28度 俯仰角=0.29度
15:38:54.907638 [轨迹] 序号=500 单调时间=19986.640440 时间=19986.640 模式=AUTO.LAND 起飞状态=未执行起飞 水平控制=位置保持 类型掩码=3520 实际位置NED=(-0.007,-0.086,-0.778) 实际速度=(0.001,-0.000,0.253) 最终目标=(-0.007,-0.086,-0.778) 指令位置=(-0.007,-0.086,nan) 指令速度=(0.000,0.000,0.000) 指令加速度=(0.000,0.000,nan) 滚转角=0.27度 俯仰角=0.28度
15:38:55.010862 [轨迹] 序号=501 单调时间=19986.743328 时间=19986.743 模式=AUTO.LAND 起飞状态=未执行起飞 水平控制=位置保持 类型掩码=3520 实际位置NED=(-0.009,-0.090,-0.763) 实际速度=(-0.005,-0.011,0.237) 最终目标=(-0.009,-0.090,-0.763) 指令位置=(-0.009,-0.090,nan) 指令速度=(0.000,0.000,0.000) 指令加速度=(0.000,0.000,nan) 滚转角=0.22度 俯仰角=0.25度
15:38:55.113805 [轨迹] 序号=502 单调时间=19986.846629 时间=19986.847 模式=AUTO.LAND 起飞状态=未执行起飞 水平控制=位置保持 类型掩码=3520 实际位置NED=(-0.009,-0.090,-0.763) 实际速度=(-0.005,-0.011,0.237) 最终目标=(-0.009,-0.090,-0.763) 指令位置=(-0.009,-0.090,nan) 指令速度=(0.000,0.000,0.000) 指令加速度=(0.000,0.000,nan) 滚转角=0.19度 俯仰角=0.22度
15:38:55.216436 [轨迹] 序号=503 单调时间=19986.949151 时间=19986.949 模式=AUTO.LAND 起飞状态=未执行起飞 水平控制=位置保持 类型掩码=3520 实际位置NED=(-0.011,-0.096,-0.746) 实际速度=(-0.009,-0.021,0.248) 最终目标=(-0.011,-0.096,-0.746) 指令位置=(-0.011,-0.096,nan) 指令速度=(0.000,0.000,0.000) 指令加速度=(0.000,0.000,nan) 滚转角=0.15度 俯仰角=0.17度
15:38:55.316739 [轨迹] 序号=504 单调时间=19987.049457 时间=19987.049 模式=AUTO.LAND 起飞状态=未执行起飞 水平控制=位置保持 类型掩码=3520 实际位置NED=(-0.011,-0.099,-0.738) 实际速度=(-0.011,-0.025,0.261) 最终目标=(-0.011,-0.099,-0.738) 指令位置=(-0.011,-0.099,nan) 指令速度=(0.000,0.000,0.000) 指令加速度=(0.000,0.000,nan) 滚转角=0.11度 俯仰角=0.13度
15:38:55.420433 [轨迹] 序号=505 单调时间=19987.153202 时间=19987.153 模式=AUTO.LAND 起飞状态=未执行起飞 水平控制=位置保持 类型掩码=3520 实际位置NED=(-0.011,-0.102,-0.730) 实际速度=(-0.011,-0.029,0.278) 最终目标=(-0.011,-0.102,-0.730) 指令位置=(-0.011,-0.102,nan) 指令速度=(0.000,0.000,0.000) 指令加速度=(0.000,0.000,nan) 滚转角=0.06度 俯仰角=0.07度
15:38:55.524718 [轨迹] 序号=506 单调时间=19987.257543 时间=19987.258 模式=AUTO.LAND 起飞状态=未执行起飞 水平控制=位置保持 类型掩码=3520 实际位置NED=(-0.012,-0.108,-0.711) 实际速度=(-0.011,-0.036,0.308) 最终目标=(-0.012,-0.108,-0.711) 指令位置=(-0.012,-0.108,nan) 指令速度=(0.000,0.000,0.000) 指令加速度=(0.000,0.000,nan) 滚转角=-0.00度 俯仰角=-0.03度
15:38:55.627676 [轨迹] 序号=507 单调时间=19987.360449 时间=19987.360 模式=AUTO.LAND 起飞状态=未执行起飞 水平控制=位置保持 类型掩码=3520 实际位置NED=(-0.012,-0.108,-0.711) 实际速度=(-0.011,-0.036,0.308) 最终目标=(-0.012,-0.108,-0.711) 指令位置=(-0.012,-0.108,nan) 指令速度=(0.000,0.000,0.000) 指令加速度=(0.000,0.000,nan) 滚转角=-0.03度 俯仰角=-0.08度
15:38:55.731865 [轨迹] 序号=508 单调时间=19987.464483 时间=19987.464 模式=AUTO.LAND 起飞状态=未执行起飞 水平控制=位置保持 类型掩码=3520 实际位置NED=(-0.011,-0.115,-0.687) 实际速度=(-0.009,-0.043,0.330) 最终目标=(-0.011,-0.115,-0.687) 指令位置=(-0.011,-0.115,nan) 指令速度=(0.000,0.000,0.000) 指令加速度=(0.000,0.000,nan) 滚转角=-0.07度 俯仰角=-0.17度
15:38:55.835007 [轨迹] 序号=509 单调时间=19987.567811 时间=19987.568 模式=AUTO.LAND 起飞状态=未执行起飞 水平控制=位置保持 类型掩码=3520 实际位置NED=(-0.010,-0.119,-0.677) 实际速度=(-0.008,-0.045,0.336) 最终目标=(-0.010,-0.119,-0.677) 指令位置=(-0.010,-0.119,nan) 指令速度=(0.000,0.000,0.000) 指令加速度=(0.000,0.000,nan) 滚转角=-0.09度 俯仰角=-0.24度
15:38:55.937431 [轨迹] 序号=510 单调时间=19987.670289 时间=19987.670 模式=AUTO.LAND 起飞状态=未执行起飞 水平控制=位置保持 类型掩码=3520 实际位置NED=(-0.009,-0.122,-0.666) 实际速度=(-0.006,-0.047,0.340) 最终目标=(-0.009,-0.122,-0.666) 指令位置=(-0.009,-0.122,nan) 指令速度=(0.000,0.000,0.000) 指令加速度=(0.000,0.000,nan) 滚转角=-0.10度 俯仰角=-0.32度
15:38:56.040941 [轨迹] 序号=511 单调时间=19987.773647 时间=19987.774 模式=AUTO.LAND 起飞状态=未执行起飞 水平控制=位置保持 类型掩码=3520 实际位置NED=(-0.007,-0.130,-0.643) 实际速度=(-0.002,-0.051,0.345) 最终目标=(-0.007,-0.130,-0.643) 指令位置=(-0.007,-0.130,nan) 指令速度=(0.000,0.000,0.000) 指令加速度=(0.000,0.000,nan) 滚转角=-0.10度 俯仰角=-0.39度
15:38:56.143872 [轨迹] 序号=512 单调时间=19987.876447 时间=19987.876 模式=AUTO.LAND 起飞状态=未执行起飞 水平控制=位置保持 类型掩码=3520 实际位置NED=(-0.006,-0.134,-0.629) 实际速度=(0.001,-0.052,0.346) 最终目标=(-0.006,-0.134,-0.629) 指令位置=(-0.006,-0.134,nan) 指令速度=(0.000,0.000,0.000) 指令加速度=(0.000,0.000,nan) 滚转角=-0.09度 俯仰角=-0.46度
15:38:56.246972 [轨迹] 序号=513 单调时间=19987.979787 时间=19987.980 模式=AUTO.LAND 起飞状态=未执行起飞 水平控制=位置保持 类型掩码=3520 实际位置NED=(-0.004,-0.138,-0.618) 实际速度=(0.002,-0.053,0.346) 最终目标=(-0.004,-0.138,-0.618) 指令位置=(-0.004,-0.138,nan) 指令速度=(0.000,0.000,0.000) 指令加速度=(0.000,0.000,nan) 滚转角=-0.08度 俯仰角=-0.53度
15:38:56.350133 [轨迹] 序号=514 单调时间=19988.083065 时间=19988.083 模式=AUTO.LAND 起飞状态=未执行起飞 水平控制=位置保持 类型掩码=3520 实际位置NED=(-0.003,-0.142,-0.606) 实际速度=(0.004,-0.054,0.346) 最终目标=(-0.003,-0.142,-0.606) 指令位置=(-0.003,-0.142,nan) 指令速度=(0.000,0.000,0.000) 指令加速度=(0.000,0.000,nan) 滚转角=-0.06度 俯仰角=-0.60度
15:38:56.453537 [轨迹] 序号=515 单调时间=19988.186304 时间=19988.186 模式=AUTO.LAND 起飞状态=未执行起飞 水平控制=位置保持 类型掩码=3520 实际位置NED=(-0.001,-0.145,-0.595) 实际速度=(0.006,-0.054,0.345) 最终目标=(-0.001,-0.145,-0.595) 指令位置=(-0.001,-0.145,nan) 指令速度=(0.000,0.000,0.000) 指令加速度=(0.000,0.000,nan) 滚转角=-0.04度 俯仰角=-0.66度
15:38:56.556052 [轨迹] 序号=516 单调时间=19988.288847 时间=19988.289 模式=AUTO.LAND 起飞状态=未执行起飞 水平控制=位置保持 类型掩码=3520 实际位置NED=(0.002,-0.152,-0.573) 实际速度=(0.008,-0.053,0.342) 最终目标=(0.002,-0.152,-0.573) 指令位置=(0.002,-0.152,nan) 指令速度=(0.000,0.000,0.000) 指令加速度=(0.000,0.000,nan) 滚转角=-0.02度 俯仰角=-0.72度
15:38:56.658949 [轨迹] 序号=517 单调时间=19988.391715 时间=19988.392 模式=AUTO.LAND 起飞状态=未执行起飞 水平控制=位置保持 类型掩码=3520 实际位置NED=(0.004,-0.156,-0.559) 实际速度=(0.010,-0.052,0.340) 最终目标=(0.004,-0.156,-0.559) 指令位置=(0.004,-0.156,nan) 指令速度=(0.000,0.000,0.000) 指令加速度=(0.000,0.000,nan) 滚转角=0.01度 俯仰角=-0.78度
15:38:56.761991 [轨迹] 序号=518 单调时间=19988.494749 时间=19988.495 模式=AUTO.LAND 起飞状态=未执行起飞 水平控制=位置保持 类型掩码=3520 实际位置NED=(0.009,-0.162,-0.536) 实际速度=(0.014,-0.049,0.336) 最终目标=(0.009,-0.162,-0.536) 指令位置=(0.009,-0.162,nan) 指令速度=(0.000,0.000,0.000) 指令加速度=(0.000,0.000,nan) 滚转角=0.04度 俯仰角=-0.86度
15:38:56.865103 [轨迹] 序号=519 单调时间=19988.597848 时间=19988.598 模式=AUTO.LAND 起飞状态=未执行起飞 水平控制=位置保持 类型掩码=3520 实际位置NED=(0.009,-0.162,-0.536) 实际速度=(0.014,-0.049,0.336) 最终目标=(0.009,-0.162,-0.536) 指令位置=(0.009,-0.162,nan) 指令速度=(0.000,0.000,0.000) 指令加速度=(0.000,0.000,nan) 滚转角=0.06度 俯仰角=-0.90度
15:38:56.967765 [轨迹] 序号=520 单调时间=19988.700586 时间=19988.701 模式=AUTO.LAND 起飞状态=未执行起飞 水平控制=位置保持 类型掩码=3520 实际位置NED=(0.014,-0.168,-0.514) 实际速度=(0.018,-0.045,0.332) 最终目标=(0.014,-0.168,-0.514) 指令位置=(0.014,-0.168,nan) 指令速度=(0.000,0.000,0.000) 指令加速度=(0.000,0.000,nan) 滚转角=0.09度 俯仰角=-0.95度
15:38:57.070350 [轨迹] 序号=521 单调时间=19988.803149 时间=19988.803 模式=AUTO.LAND 起飞状态=未执行起飞 水平控制=位置保持 类型掩码=3520 实际位置NED=(0.017,-0.170,-0.504) 实际速度=(0.021,-0.042,0.331) 最终目标=(0.017,-0.170,-0.504) 指令位置=(0.017,-0.170,nan) 指令速度=(0.000,0.000,0.000) 指令加速度=(0.000,0.000,nan) 滚转角=0.12度 俯仰角=-0.99度
15:38:57.173249 [轨迹] 序号=522 单调时间=19988.906098 时间=19988.906 模式=AUTO.LAND 起飞状态=未执行起飞 水平控制=位置保持 类型掩码=3520 实际位置NED=(0.021,-0.173,-0.490) 实际速度=(0.023,-0.038,0.328) 最终目标=(0.021,-0.173,-0.490) 指令位置=(0.021,-0.173,nan) 指令速度=(0.000,0.000,0.000) 指令加速度=(0.000,0.000,nan) 滚转角=0.14度 俯仰角=-1.01度
15:38:57.275937 [轨迹] 序号=523 单调时间=19989.008674 时间=19989.009 模式=AUTO.LAND 起飞状态=未执行起飞 水平控制=位置保持 类型掩码=3520 实际位置NED=(0.027,-0.177,-0.469) 实际速度=(0.026,-0.032,0.325) 最终目标=(0.027,-0.177,-0.469) 指令位置=(0.027,-0.177,nan) 指令速度=(0.000,0.000,0.000) 指令加速度=(0.000,0.000,nan) 滚转角=0.21度 俯仰角=-1.05度
15:38:57.378564 [轨迹] 序号=524 单调时间=19989.111381 时间=19989.111 模式=AUTO.LAND 起飞状态=未执行起飞 水平控制=位置保持 类型掩码=3520 实际位置NED=(0.030,-0.178,-0.458) 实际速度=(0.028,-0.028,0.323) 最终目标=(0.030,-0.178,-0.458) 指令位置=(0.030,-0.178,nan) 指令速度=(0.000,0.000,0.000) 指令加速度=(0.000,0.000,nan) 滚转角=0.26度 俯仰角=-1.07度
15:38:57.481981 [轨迹] 序号=525 单调时间=19989.214256 时间=19989.214 模式=AUTO.LAND 起飞状态=未执行起飞 水平控制=位置保持 类型掩码=3520 实际位置NED=(0.033,-0.180,-0.448) 实际速度=(0.029,-0.024,0.321) 最终目标=(0.033,-0.180,-0.448) 指令位置=(0.033,-0.180,nan) 指令速度=(0.000,0.000,0.000) 指令加速度=(0.000,0.000,nan) 滚转角=0.31度 俯仰角=-1.08度
15:38:57.585898 [轨迹] 序号=526 单调时间=19989.318722 时间=19989.319 模式=AUTO.LAND 起飞状态=未执行起飞 水平控制=位置保持 类型掩码=3520 实际位置NED=(0.037,-0.181,-0.437) 实际速度=(0.030,-0.020,0.320) 最终目标=(0.037,-0.181,-0.437) 指令位置=(0.037,-0.181,nan) 指令速度=(0.000,0.000,0.000) 指令加速度=(0.000,0.000,nan) 滚转角=0.38度 俯仰角=-1.09度
15:38:57.688812 [轨迹] 序号=527 单调时间=19989.421556 时间=19989.422 模式=AUTO.LAND 起飞状态=未执行起飞 水平控制=位置保持 类型掩码=3520 实际位置NED=(0.041,-0.182,-0.424) 实际速度=(0.032,-0.015,0.318) 最终目标=(0.041,-0.182,-0.424) 指令位置=(0.041,-0.182,nan) 指令速度=(0.000,0.000,0.000) 指令加速度=(0.000,0.000,nan) 滚转角=0.43度 俯仰角=-1.09度
15:38:57.791554 [轨迹] 序号=528 单调时间=19989.524339 时间=19989.524 模式=AUTO.LAND 起飞状态=未执行起飞 水平控制=位置保持 类型掩码=3520 实际位置NED=(0.047,-0.182,-0.403) 实际速度=(0.033,-0.006,0.315) 最终目标=(0.047,-0.182,-0.403) 指令位置=(0.047,-0.182,nan) 指令速度=(0.000,0.000,0.000) 指令加速度=(0.000,0.000,nan) 滚转角=0.49度 俯仰角=-1.08度
15:38:57.891893 [轨迹] 序号=529 单调时间=19989.624533 时间=19989.625 模式=AUTO.LAND 起飞状态=未执行起飞 水平控制=位置保持 类型掩码=3520 实际位置NED=(0.047,-0.182,-0.403) 实际速度=(0.033,-0.006,0.315) 最终目标=(0.047,-0.182,-0.403) 指令位置=(0.047,-0.182,nan) 指令速度=(0.000,0.000,0.000) 指令加速度=(0.000,0.000,nan) 滚转角=0.54度 俯仰角=-1.07度
15:38:57.994332 [轨迹] 序号=530 单调时间=19989.727233 时间=19989.727 模式=AUTO.LAND 起飞状态=未执行起飞 水平控制=位置保持 类型掩码=3520 实际位置NED=(0.054,-0.182,-0.383) 实际速度=(0.033,0.004,0.313) 最终目标=(0.054,-0.182,-0.383) 指令位置=(0.054,-0.182,nan) 指令速度=(0.000,0.000,0.000) 指令加速度=(0.000,0.000,nan) 滚转角=0.60度 俯仰角=-1.05度
15:38:58.097187 [轨迹] 序号=531 单调时间=19989.830056 时间=19989.830 模式=AUTO.LAND 起飞状态=未执行起飞 水平控制=位置保持 类型掩码=3520 实际位置NED=(0.057,-0.181,-0.372) 实际速度=(0.032,0.009,0.312) 最终目标=(0.057,-0.181,-0.372) 指令位置=(0.057,-0.181,nan) 指令速度=(0.000,0.000,0.000) 指令加速度=(0.000,0.000,nan) 滚转角=0.66度 俯仰角=-1.03度
15:38:58.199762 [轨迹] 序号=532 单调时间=19989.932562 时间=19989.933 模式=AUTO.LAND 起飞状态=未执行起飞 水平控制=位置保持 类型掩码=3520 实际位置NED=(0.060,-0.180,-0.360) 实际速度=(0.030,0.016,0.310) 最终目标=(0.060,-0.180,-0.360) 指令位置=(0.060,-0.180,nan) 指令速度=(0.000,0.000,0.000) 指令加速度=(0.000,0.000,nan) 滚转角=0.70度 俯仰角=-1.01度
15:38:58.302556 [轨迹] 序号=533 单调时间=19990.035348 时间=19990.035 模式=AUTO.LAND 起飞状态=未执行起飞 水平控制=位置保持 类型掩码=3520 实际位置NED=(0.066,-0.176,-0.339) 实际速度=(0.026,0.029,0.308) 最终目标=(0.066,-0.176,-0.339) 指令位置=(0.066,-0.176,nan) 指令速度=(0.000,0.000,0.000) 指令加速度=(0.000,0.000,nan) 滚转角=0.78度 俯仰角=-0.96度
15:38:58.406294 [轨迹] 序号=534 单调时间=19990.139153 时间=19990.139 模式=AUTO.LAND 起飞状态=未执行起飞 水平控制=位置保持 类型掩码=3520 实际位置NED=(0.068,-0.174,-0.329) 实际速度=(0.024,0.036,0.308) 最终目标=(0.068,-0.174,-0.329) 指令位置=(0.068,-0.174,nan) 指令速度=(0.000,0.000,0.000) 指令加速度=(0.000,0.000,nan) 滚转角=0.82度 俯仰角=-0.92度
15:38:58.508924 [轨迹] 序号=535 单调时间=19990.241729 时间=19990.242 模式=AUTO.LAND 起飞状态=未执行起飞 水平控制=位置保持 类型掩码=3520 实际位置NED=(0.070,-0.171,-0.319) 实际速度=(0.022,0.043,0.307) 最终目标=(0.070,-0.171,-0.319) 指令位置=(0.070,-0.171,nan) 指令速度=(0.000,0.000,0.000) 指令加速度=(0.000,0.000,nan) 滚转角=0.86度 俯仰角=-0.87度
15:38:58.612686 [轨迹] 序号=536 单调时间=19990.345154 时间=19990.345 模式=AUTO.LAND 起飞状态=未执行起飞 水平控制=位置保持 类型掩码=3520 实际位置NED=(0.072,-0.167,-0.308) 实际速度=(0.020,0.050,0.307) 最终目标=(0.072,-0.167,-0.308) 指令位置=(0.072,-0.167,nan) 指令速度=(0.000,0.000,0.000) 指令加速度=(0.000,0.000,nan) 滚转角=0.89度 俯仰角=-0.80度
15:38:58.715516 [轨迹] 序号=537 单调时间=19990.448484 时间=19990.448 模式=AUTO.LAND 起飞状态=未执行起飞 水平控制=位置保持 类型掩码=3520 实际位置NED=(0.075,-0.162,-0.294) 实际速度=(0.017,0.060,0.307) 最终目标=(0.075,-0.162,-0.294) 指令位置=(0.075,-0.162,nan) 指令速度=(0.000,0.000,0.000) 指令加速度=(0.000,0.000,nan) 滚转角=0.91度 俯仰角=-0.73度
15:38:58.818827 [轨迹] 序号=538 单调时间=19990.551662 时间=19990.552 模式=AUTO.LAND 起飞状态=未执行起飞 水平控制=位置保持 类型掩码=3520 实际位置NED=(0.081,-0.156,-0.279) 实际速度=(0.111,-0.034,0.062) 最终目标=(0.081,-0.156,-0.279) 指令位置=(0.081,-0.156,nan) 指令速度=(0.000,0.000,0.000) 指令加速度=(0.000,0.000,nan) 滚转角=-0.30度 俯仰角=-0.23度
15:38:58.921612 [轨迹] 序号=539 单调时间=19990.654366 时间=19990.654 模式=AUTO.LAND 起飞状态=未执行起飞 水平控制=位置保持 类型掩码=3520 实际位置NED=(0.086,-0.156,-0.277) 实际速度=(0.118,-0.065,0.016) 最终目标=(0.086,-0.156,-0.277) 指令位置=(0.086,-0.156,nan) 指令速度=(0.000,0.000,0.000) 指令加速度=(0.000,0.000,nan) 滚转角=-0.30度 俯仰角=-0.09度
15:38:59.024762 [轨迹] 序号=540 单调时间=19990.757554 时间=19990.758 模式=AUTO.LAND 起飞状态=未执行起飞 水平控制=位置保持 类型掩码=3520 实际位置NED=(0.090,-0.155,-0.275) 实际速度=(0.118,-0.074,0.022) 最终目标=(0.090,-0.155,-0.275) 指令位置=(0.090,-0.155,nan) 指令速度=(0.000,0.000,0.000) 指令加速度=(0.000,0.000,nan) 滚转角=-0.31度 俯仰角=-0.02度
15:38:59.127331 [轨迹] 序号=541 单调时间=19990.860173 时间=19990.860 模式=AUTO.LAND 起飞状态=未执行起飞 水平控制=位置保持 类型掩码=3520 实际位置NED=(0.095,-0.155,-0.274) 实际速度=(0.114,-0.061,0.013) 最终目标=(0.095,-0.155,-0.274) 指令位置=(0.095,-0.155,nan) 指令速度=(0.000,0.000,0.000) 指令加速度=(0.000,0.000,nan) 滚转角=-0.31度 俯仰角=-0.03度
15:38:59.230928 [轨迹] 序号=542 单调时间=19990.963734 时间=19990.964 模式=AUTO.LAND 起飞状态=未执行起飞 水平控制=位置保持 类型掩码=3520 实际位置NED=(0.100,-0.154,-0.272) 实际速度=(0.118,-0.056,0.013) 最终目标=(0.100,-0.154,-0.272) 指令位置=(0.100,-0.154,nan) 指令速度=(0.000,0.000,0.000) 指令加速度=(0.000,0.000,nan) 滚转角=-0.31度 俯仰角=-0.04度
15:38:59.333645 [轨迹] 序号=543 单调时间=19991.066484 时间=19991.066 模式=AUTO.LAND 起飞状态=未执行起飞 水平控制=位置保持 类型掩码=3520 实际位置NED=(0.109,-0.152,-0.271) 实际速度=(0.122,-0.050,0.013) 最终目标=(0.109,-0.152,-0.271) 指令位置=(0.109,-0.152,nan) 指令速度=(0.000,0.000,0.000) 指令加速度=(0.000,0.000,nan) 滚转角=-0.31度 俯仰角=-0.05度
15:38:59.436536 [轨迹] 序号=544 单调时间=19991.169401 时间=19991.169 模式=AUTO.LAND 起飞状态=未执行起飞 水平控制=位置保持 类型掩码=3520 实际位置NED=(0.113,-0.151,-0.271) 实际速度=(0.124,-0.047,0.013) 最终目标=(0.113,-0.151,-0.271) 指令位置=(0.113,-0.151,nan) 指令速度=(0.000,0.000,0.000) 指令加速度=(0.000,0.000,nan) 滚转角=-0.32度 俯仰角=-0.05度
15:38:59.539588 [轨迹] 序号=545 单调时间=19991.272222 时间=19991.272 模式=AUTO.LAND 起飞状态=未执行起飞 水平控制=位置保持 类型掩码=3520 实际位置NED=(0.122,-0.148,-0.270) 实际速度=(0.128,-0.042,0.012) 最终目标=(0.122,-0.148,-0.270) 指令位置=(0.122,-0.148,nan) 指令速度=(0.000,0.000,0.000) 指令加速度=(0.000,0.000,nan) 滚转角=-0.32度 俯仰角=-0.06度
15:38:59.642363 [轨迹] 序号=546 单调时间=19991.375092 时间=19991.375 模式=AUTO.LAND 起飞状态=未执行起飞 水平控制=位置保持 类型掩码=3520 实际位置NED=(0.127,-0.147,-0.270) 实际速度=(0.130,-0.039,0.011) 最终目标=(0.127,-0.147,-0.270) 指令位置=(0.127,-0.147,nan) 指令速度=(0.000,0.000,0.000) 指令加速度=(0.000,0.000,nan) 滚转角=-0.31度 俯仰角=-0.06度
15:38:59.745764 [轨迹] 序号=547 单调时间=19991.478751 时间=19991.479 模式=AUTO.LAND 起飞状态=未执行起飞 水平控制=位置保持 类型掩码=3520 实际位置NED=(0.136,-0.145,-0.270) 实际速度=(0.134,-0.035,0.010) 最终目标=(0.136,-0.145,-0.270) 指令位置=(0.136,-0.145,nan) 指令速度=(0.000,0.000,0.000) 指令加速度=(0.000,0.000,nan) 滚转角=-0.31度 俯仰角=-0.06度
15:38:59.848168 [轨迹] 序号=548 单调时间=19991.580995 时间=19991.581 模式=AUTO.LAND 起飞状态=未执行起飞 水平控制=位置保持 类型掩码=3520 实际位置NED=(0.136,-0.145,-0.270) 实际速度=(0.134,-0.035,0.010) 最终目标=(0.136,-0.145,-0.270) 指令位置=(0.136,-0.145,nan) 指令速度=(0.000,0.000,0.000) 指令加速度=(0.000,0.000,nan) 滚转角=-0.31度 俯仰角=-0.06度
15:38:59.951419 [轨迹] 序号=549 单调时间=19991.684278 时间=19991.684 模式=AUTO.LAND 起飞状态=未执行起飞 水平控制=位置保持 类型掩码=3520 实际位置NED=(0.140,-0.144,-0.271) 实际速度=(0.135,-0.034,0.010) 最终目标=(0.140,-0.144,-0.271) 指令位置=(0.140,-0.144,nan) 指令速度=(0.000,0.000,0.000) 指令加速度=(0.000,0.000,nan) 滚转角=-0.31度 俯仰角=-0.06度
15:39:00.054327 [轨迹] 序号=550 单调时间=19991.787074 时间=19991.787 模式=AUTO.LAND 起飞状态=未执行起飞 水平控制=位置保持 类型掩码=3520 实际位置NED=(0.148,-0.142,-0.271) 实际速度=(0.138,-0.031,0.008) 最终目标=(0.148,-0.142,-0.271) 指令位置=(0.148,-0.142,nan) 指令速度=(0.000,0.000,0.000) 指令加速度=(0.000,0.000,nan) 滚转角=-0.31度 俯仰角=-0.06度
15:39:00.157462 [轨迹] 序号=551 单调时间=19991.890269 时间=19991.890 模式=AUTO.LAND 起飞状态=未执行起飞 水平控制=位置保持 类型掩码=3520 实际位置NED=(0.152,-0.141,-0.273) 实际速度=(0.135,-0.028,0.006) 最终目标=(0.152,-0.141,-0.273) 指令位置=(0.152,-0.141,nan) 指令速度=(0.000,0.000,0.000) 指令加速度=(0.000,0.000,nan) 滚转角=-0.30度 俯仰角=-0.07度
15:39:00.260578 [轨迹] 序号=552 单调时间=19991.993378 时间=19991.993 模式=AUTO.LAND 起飞状态=未执行起飞 水平控制=位置保持 类型掩码=3520 实际位置NED=(0.153,-0.139,-0.279) 实际速度=(0.117,-0.024,-0.001) 最终目标=(0.153,-0.139,-0.279) 指令位置=(0.153,-0.139,nan) 指令速度=(0.000,0.000,0.000) 指令加速度=(0.000,0.000,nan) 滚转角=-0.26度 俯仰角=-0.07度
15:39:00.363236 [轨迹] 序号=553 单调时间=19992.095971 时间=19992.096 模式=AUTO.LAND 起飞状态=未执行起飞 水平控制=位置保持 类型掩码=3520 实际位置NED=(0.153,-0.139,-0.279) 实际速度=(0.117,-0.024,-0.001) 最终目标=(0.153,-0.139,-0.279) 指令位置=(0.153,-0.139,nan) 指令速度=(0.000,0.000,0.000) 指令加速度=(0.000,0.000,nan) 滚转角=-0.24度 俯仰角=-0.08度
15:39:00.466048 [轨迹] 序号=554 单调时间=19992.198842 时间=19992.199 模式=AUTO.LAND 起飞状态=未执行起飞 水平控制=位置保持 类型掩码=3520 实际位置NED=(0.153,-0.138,-0.281) 实际速度=(0.107,-0.021,-0.003) 最终目标=(0.153,-0.138,-0.281) 指令位置=(0.153,-0.138,nan) 指令速度=(0.000,0.000,0.000) 指令加速度=(0.000,0.000,nan) 滚转角=-0.21度 俯仰角=-0.09度
15:39:00.568750 [轨迹] 序号=555 单调时间=19992.301588 时间=19992.302 模式=AUTO.LAND 起飞状态=未执行起飞 水平控制=位置保持 类型掩码=3520 实际位置NED=(0.151,-0.135,-0.285) 实际速度=(0.088,-0.016,-0.006) 最终目标=(0.151,-0.135,-0.285) 指令位置=(0.151,-0.135,nan) 指令速度=(0.000,0.000,0.000) 指令加速度=(0.000,0.000,nan) 滚转角=-0.18度 俯仰角=-0.09度
15:39:00.672458 [轨迹] 序号=556 单调时间=19992.405255 时间=19992.405 模式=AUTO.LAND 起飞状态=未执行起飞 水平控制=位置保持 类型掩码=3520 实际位置NED=(0.148,-0.134,-0.286) 实际速度=(0.078,-0.013,-0.007) 最终目标=(0.148,-0.134,-0.286) 指令位置=(0.148,-0.134,nan) 指令速度=(0.000,0.000,0.000) 指令加速度=(0.000,0.000,nan) 滚转角=-0.14度 俯仰角=-0.10度
15:39:00.775326 [轨迹] 序号=557 单调时间=19992.508114 时间=19992.508 模式=AUTO.LAND 起飞状态=未执行起飞 水平控制=位置保持 类型掩码=3520 实际位置NED=(0.144,-0.131,-0.289) 实际速度=(0.062,-0.009,-0.009) 最终目标=(0.144,-0.131,-0.289) 指令位置=(0.144,-0.131,nan) 指令速度=(0.000,0.000,0.000) 指令加速度=(0.000,0.000,nan) 滚转角=-0.10度 俯仰角=-0.11度
15:39:00.878509 [轨迹] 序号=558 单调时间=19992.611276 时间=19992.611 模式=AUTO.LAND 起飞状态=未执行起飞 水平控制=位置保持 类型掩码=3520 实际位置NED=(0.141,-0.130,-0.290) 实际速度=(0.055,-0.007,-0.009) 最终目标=(0.141,-0.130,-0.290) 指令位置=(0.141,-0.130,nan) 指令速度=(0.000,0.000,0.000) 指令加速度=(0.000,0.000,nan) 滚转角=-0.07度 俯仰角=-0.12度
15:39:00.980955 [轨迹] 序号=559 单调时间=19992.713759 时间=19992.714 模式=AUTO.LAND 起飞状态=未执行起飞 水平控制=位置保持 类型掩码=3520 实际位置NED=(0.139,-0.129,-0.291) 实际速度=(0.048,-0.005,-0.010) 最终目标=(0.139,-0.129,-0.291) 指令位置=(0.139,-0.129,nan) 指令速度=(0.000,0.000,0.000) 指令加速度=(0.000,0.000,nan) 滚转角=-0.05度 俯仰角=-0.12度
15:39:01.084465 [轨迹] 序号=560 单调时间=19992.816913 时间=19992.817 模式=AUTO.LAND 起飞状态=未执行起飞 水平控制=位置保持 类型掩码=3520 实际位置NED=(0.136,-0.127,-0.292) 实际速度=(0.042,-0.004,-0.010) 最终目标=(0.136,-0.127,-0.292) 指令位置=(0.136,-0.127,nan) 指令速度=(0.000,0.000,0.000) 指令加速度=(0.000,0.000,nan) 滚转角=-0.04度 俯仰角=-0.13度
15:39:01.186997 [轨迹] 序号=561 单调时间=19992.919644 时间=19992.920 模式=AUTO.LAND 起飞状态=未执行起飞 水平控制=位置保持 类型掩码=3520 实际位置NED=(0.132,-0.126,-0.293) 实际速度=(0.035,-0.002,-0.010) 最终目标=(0.132,-0.126,-0.293) 指令位置=(0.132,-0.126,nan) 指令速度=(0.000,0.000,0.000) 指令加速度=(0.000,0.000,nan) 滚转角=-0.03度 俯仰角=-0.13度
15:39:01.288937 [轨迹] 序号=562 单调时间=19993.021757 时间=19993.022 模式=AUTO.LAND 起飞状态=未执行起飞 水平控制=位置保持 类型掩码=3520 实际位置NED=(0.127,-0.123,-0.294) 实际速度=(0.025,0.000,-0.011) 最终目标=(0.127,-0.123,-0.294) 指令位置=(0.127,-0.123,nan) 指令速度=(0.000,0.000,0.000) 指令加速度=(0.000,0.000,nan) 滚转角=-0.01度 俯仰角=-0.13度
15:39:01.392080 [轨迹] 序号=563 单调时间=19993.124893 时间=19993.125 模式=AUTO.LAND 起飞状态=未执行起飞 水平控制=位置保持 类型掩码=3520 实际位置NED=(0.127,-0.123,-0.294) 实际速度=(0.025,0.000,-0.011) 最终目标=(0.127,-0.123,-0.294) 指令位置=(0.127,-0.123,nan) 指令速度=(0.000,0.000,0.000) 指令加速度=(0.000,0.000,nan) 滚转角=-0.01度 俯仰角=-0.13度
15:39:01.494890 [轨迹] 序号=564 单调时间=19993.227670 时间=19993.228 模式=AUTO.LAND 起飞状态=未执行起飞 水平控制=位置保持 类型掩码=3520 实际位置NED=(0.121,-0.121,-0.295) 实际速度=(0.017,0.002,-0.011) 最终目标=(0.121,-0.121,-0.295) 指令位置=(0.121,-0.121,nan) 指令速度=(0.000,0.000,0.000) 指令加速度=(0.000,0.000,nan) 滚转角=-0.01度 俯仰角=-0.13度
15:39:01.597510 [轨迹] 序号=565 单调时间=19993.330167 时间=19993.330 模式=AUTO.LAND 起飞状态=未执行起飞 水平控制=位置保持 类型掩码=3520 实际位置NED=(0.118,-0.120,-0.296) 实际速度=(0.014,0.003,-0.011) 最终目标=(0.118,-0.120,-0.296) 指令位置=(0.118,-0.120,nan) 指令速度=(0.000,0.000,0.000) 指令加速度=(0.000,0.000,nan) 滚转角=-0.01度 俯仰角=-0.14度
15:39:01.700452 [轨迹] 序号=566 单调时间=19993.433234 时间=19993.433 模式=AUTO.LAND 起飞状态=未执行起飞 水平控制=位置保持 类型掩码=3520 实际位置NED=(0.115,-0.118,-0.296) 实际速度=(0.010,0.004,-0.011) 最终目标=(0.115,-0.118,-0.296) 指令位置=(0.115,-0.118,nan) 指令速度=(0.000,0.000,0.000) 指令加速度=(0.000,0.000,nan) 滚转角=-0.00度 俯仰角=-0.14度
15:39:01.804645 [轨迹] 序号=567 单调时间=19993.537477 时间=19993.537 模式=AUTO.LAND 起飞状态=未执行起飞 水平控制=位置保持 类型掩码=3520 实际位置NED=(0.113,-0.117,-0.296) 实际速度=(0.008,0.004,-0.011) 最终目标=(0.113,-0.117,-0.296) 指令位置=(0.113,-0.117,nan) 指令速度=(0.000,0.000,0.000) 指令加速度=(0.000,0.000,nan) 滚转角=-0.01度 俯仰角=-0.13度
15:39:01.907179 [轨迹] 序号=568 单调时间=19993.639993 时间=19993.640 模式=AUTO.LAND 起飞状态=未执行起飞 水平控制=位置保持 类型掩码=3520 实际位置NED=(0.110,-0.116,-0.297) 实际速度=(0.006,0.005,-0.011) 最终目标=(0.110,-0.116,-0.297) 指令位置=(0.110,-0.116,nan) 指令速度=(0.000,0.000,0.000) 指令加速度=(0.000,0.000,nan) 滚转角=-0.00度 俯仰角=-0.13度
15:39:02.010100 [轨迹] 序号=569 单调时间=19993.742765 时间=19993.743 模式=AUTO.LAND 起飞状态=未执行起飞 水平控制=位置保持 类型掩码=3520 实际位置NED=(0.108,-0.115,-0.297) 实际速度=(0.003,0.005,-0.010) 最终目标=(0.108,-0.115,-0.297) 指令位置=(0.108,-0.115,nan) 指令速度=(0.000,0.000,0.000) 指令加速度=(0.000,0.000,nan) 滚转角=-0.01度 俯仰角=-0.13度
15:39:02.113195 [轨迹] 序号=570 单调时间=19993.846009 时间=19993.846 模式=AUTO.LAND 起飞状态=未执行起飞 水平控制=位置保持 类型掩码=3520 实际位置NED=(0.104,-0.114,-0.297) 实际速度=(0.000,0.006,-0.010) 最终目标=(0.104,-0.114,-0.297) 指令位置=(0.104,-0.114,nan) 指令速度=(0.000,0.000,0.000) 指令加速度=(0.000,0.000,nan) 滚转角=-0.01度 俯仰角=-0.13度
15:39:02.216366 [轨迹] 序号=571 单调时间=19993.949190 时间=19993.949 模式=AUTO.LAND 起飞状态=未执行起飞 水平控制=位置保持 类型掩码=3520 实际位置NED=(0.102,-0.113,-0.298) 实际速度=(-0.002,0.007,-0.010) 最终目标=(0.102,-0.113,-0.298) 指令位置=(0.102,-0.113,nan) 指令速度=(0.000,0.000,0.000) 指令加速度=(0.000,0.000,nan) 滚转角=-0.01度 俯仰角=-0.13度
15:39:02.320436 [轨迹] 序号=572 单调时间=19994.053177 时间=19994.053 模式=AUTO.LAND 起飞状态=未执行起飞 水平控制=位置保持 类型掩码=3520 实际位置NED=(0.098,-0.111,-0.298) 实际速度=(-0.004,0.007,-0.010) 最终目标=(0.098,-0.111,-0.298) 指令位置=(0.098,-0.111,nan) 指令速度=(0.000,0.000,0.000) 指令加速度=(0.000,0.000,nan) 滚转角=-0.01度 俯仰角=-0.13度
15:39:02.423271 [轨迹] 序号=573 单调时间=19994.155799 时间=19994.156 模式=AUTO.LAND 起飞状态=未执行起飞 水平控制=位置保持 类型掩码=3520 实际位置NED=(0.097,-0.110,-0.298) 实际速度=(-0.005,0.008,-0.009) 最终目标=(0.097,-0.110,-0.298) 指令位置=(0.097,-0.110,nan) 指令速度=(0.000,0.000,0.000) 指令加速度=(0.000,0.000,nan) 滚转角=-0.01度 俯仰角=-0.13度
15:39:02.525744 [轨迹] 序号=574 单调时间=19994.258561 时间=19994.259 模式=AUTO.LAND 起飞状态=未执行起飞 水平控制=位置保持 类型掩码=3520 实际位置NED=(0.095,-0.110,-0.298) 实际速度=(-0.006,0.008,-0.009) 最终目标=(0.095,-0.110,-0.298) 指令位置=(0.095,-0.110,nan) 指令速度=(0.000,0.000,0.000) 指令加速度=(0.000,0.000,nan) 滚转角=-0.02度 俯仰角=-0.13度
15:39:02.628077 [轨迹] 序号=575 单调时间=19994.360899 时间=19994.361 模式=AUTO.LAND 起飞状态=未执行起飞 水平控制=位置保持 类型掩码=3520 实际位置NED=(0.094,-0.109,-0.298) 实际速度=(-0.006,0.008,-0.009) 最终目标=(0.094,-0.109,-0.298) 指令位置=(0.094,-0.109,nan) 指令速度=(0.000,0.000,0.000) 指令加速度=(0.000,0.000,nan) 滚转角=-0.02度 俯仰角=-0.12度
15:39:02.730726 [轨迹] 序号=576 单调时间=19994.463637 时间=19994.464 模式=AUTO.LAND 起飞状态=未执行起飞 水平控制=位置保持 类型掩码=3520 实际位置NED=(0.092,-0.108,-0.298) 实际速度=(-0.007,0.008,-0.009) 最终目标=(0.092,-0.108,-0.298) 指令位置=(0.092,-0.108,nan) 指令速度=(0.000,0.000,0.000) 指令加速度=(0.000,0.000,nan) 滚转角=-0.02度 俯仰角=-0.12度
15:39:02.833819 [轨迹] 序号=577 单调时间=19994.566738 时间=19994.567 模式=AUTO.LAND 起飞状态=未执行起飞 水平控制=位置保持 类型掩码=3520 实际位置NED=(0.090,-0.107,-0.298) 实际速度=(-0.008,0.008,-0.008) 最终目标=(0.090,-0.107,-0.298) 指令位置=(0.090,-0.107,nan) 指令速度=(0.000,0.000,0.000) 指令加速度=(0.000,0.000,nan) 滚转角=-0.02度 俯仰角=-0.12度
15:39:02.936652 [轨迹] 序号=578 单调时间=19994.669292 时间=19994.669 模式=AUTO.LAND 起飞状态=未执行起飞 水平控制=位置保持 类型掩码=3520 实际位置NED=(0.089,-0.107,-0.297) 实际速度=(-0.008,0.008,-0.008) 最终目标=(0.089,-0.107,-0.297) 指令位置=(0.089,-0.107,nan) 指令速度=(0.000,0.000,0.000) 指令加速度=(0.000,0.000,nan) 滚转角=-0.02度 俯仰角=-0.12度
15:39:03.039975 [轨迹] 序号=579 单调时间=19994.772697 时间=19994.773 模式=AUTO.LAND 起飞状态=未执行起飞 水平控制=位置保持 类型掩码=3520 实际位置NED=(0.087,-0.106,-0.297) 实际速度=(-0.009,0.008,-0.007) 最终目标=(0.087,-0.106,-0.297) 指令位置=(0.087,-0.106,nan) 指令速度=(0.000,0.000,0.000) 指令加速度=(0.000,0.000,nan) 滚转角=-0.03度 俯仰角=-0.12度
15:39:03.140659 [轨迹] 序号=580 单调时间=19994.873276 时间=19994.873 模式=AUTO.LAND 起飞状态=未执行起飞 水平控制=位置保持 类型掩码=3520 实际位置NED=(0.087,-0.106,-0.297) 实际速度=(-0.009,0.008,-0.007) 最终目标=(0.087,-0.106,-0.297) 指令位置=(0.087,-0.106,nan) 指令速度=(0.000,0.000,0.000) 指令加速度=(0.000,0.000,nan) 滚转角=-0.03度 俯仰角=-0.12度
15:39:03.244226 [轨迹] 序号=581 单调时间=19994.977048 时间=19994.977 模式=AUTO.LAND 起飞状态=未执行起飞 水平控制=位置保持 类型掩码=3520 实际位置NED=(0.085,-0.105,-0.297) 实际速度=(-0.009,0.008,-0.006) 最终目标=(0.085,-0.105,-0.297) 指令位置=(0.085,-0.105,nan) 指令速度=(0.000,0.000,0.000) 指令加速度=(0.000,0.000,nan) 滚转角=-0.03度 俯仰角=-0.12度
15:39:03.347161 [轨迹] 序号=582 单调时间=19995.079808 时间=19995.080 模式=AUTO.LAND 起飞状态=未执行起飞 水平控制=位置保持 类型掩码=3520 实际位置NED=(0.084,-0.104,-0.297) 实际速度=(-0.009,0.008,-0.006) 最终目标=(0.084,-0.104,-0.297) 指令位置=(0.084,-0.104,nan) 指令速度=(0.000,0.000,0.000) 指令加速度=(0.000,0.000,nan) 滚转角=-0.03度 俯仰角=-0.12度
15:39:03.450329 [轨迹] 序号=583 单调时间=19995.183135 时间=19995.183 模式=AUTO.LAND 起飞状态=未执行起飞 水平控制=位置保持 类型掩码=3520 实际位置NED=(0.083,-0.104,-0.296) 实际速度=(-0.009,0.007,-0.006) 最终目标=(0.083,-0.104,-0.296) 指令位置=(0.083,-0.104,nan) 指令速度=(0.000,0.000,0.000) 指令加速度=(0.000,0.000,nan) 滚转角=-0.03度 俯仰角=-0.12度
15:39:03.552831 [轨迹] 序号=584 单调时间=19995.285604 时间=19995.286 模式=AUTO.LAND 起飞状态=未执行起飞 水平控制=位置保持 类型掩码=3520 实际位置NED=(0.082,-0.103,-0.296) 实际速度=(-0.009,0.007,-0.005) 最终目标=(0.082,-0.103,-0.296) 指令位置=(0.082,-0.103,nan) 指令速度=(0.000,0.000,0.000) 指令加速度=(0.000,0.000,nan) 滚转角=-0.03度 俯仰角=-0.12度
15:39:03.657935 [轨迹] 序号=585 单调时间=19995.388386 时间=19995.388 模式=AUTO.LAND 起飞状态=未执行起飞 水平控制=位置保持 类型掩码=3520 实际位置NED=(0.081,-0.103,-0.296) 实际速度=(-0.009,0.007,-0.005) 最终目标=(0.081,-0.103,-0.296) 指令位置=(0.081,-0.103,nan) 指令速度=(0.000,0.000,0.000) 指令加速度=(0.000,0.000,nan) 滚转角=-0.03度 俯仰角=-0.11度
15:39:03.759937 [轨迹] 序号=586 单调时间=19995.492455 时间=19995.492 模式=AUTO.LAND 起飞状态=未执行起飞 水平控制=位置保持 类型掩码=3520 实际位置NED=(0.081,-0.102,-0.296) 实际速度=(-0.009,0.007,-0.004) 最终目标=(0.081,-0.102,-0.296) 指令位置=(0.081,-0.102,nan) 指令速度=(0.000,0.000,0.000) 指令加速度=(0.000,0.000,nan) 滚转角=-0.03度 俯仰角=-0.11度
15:39:03.862862 [轨迹] 序号=587 单调时间=19995.595666 时间=19995.596 模式=AUTO.LAND 起飞状态=未执行起飞 水平控制=位置保持 类型掩码=3520 实际位置NED=(0.080,-0.102,-0.295) 实际速度=(-0.009,0.007,-0.004) 最终目标=(0.080,-0.102,-0.295) 指令位置=(0.080,-0.102,nan) 指令速度=(0.000,0.000,0.000) 指令加速度=(0.000,0.000,nan) 滚转角=-0.03度 俯仰角=-0.11度
15:39:03.965542 [轨迹] 序号=588 单调时间=19995.698117 时间=19995.698 模式=AUTO.LAND 起飞状态=未执行起飞 水平控制=位置保持 类型掩码=3520 实际位置NED=(0.080,-0.102,-0.295) 实际速度=(-0.009,0.006,-0.004) 最终目标=(0.080,-0.102,-0.295) 指令位置=(0.080,-0.102,nan) 指令速度=(0.000,0.000,0.000) 指令加速度=(0.000,0.000,nan) 滚转角=-0.03度 俯仰角=-0.11度
15:39:04.066496 [轨迹] 序号=589 单调时间=19995.799335 时间=19995.799 模式=AUTO.LAND 起飞状态=未执行起飞 水平控制=位置保持 类型掩码=3520 实际位置NED=(0.079,-0.101,-0.295) 实际速度=(-0.009,0.006,-0.004) 最终目标=(0.079,-0.101,-0.295) 指令位置=(0.079,-0.101,nan) 指令速度=(0.000,0.000,0.000) 指令加速度=(0.000,0.000,nan) 滚转角=-0.03度 俯仰角=-0.11度
15:39:04.169212 [轨迹] 序号=590 单调时间=19995.902030 时间=19995.902 模式=AUTO.LAND 起飞状态=未执行起飞 水平控制=位置保持 类型掩码=3520 实际位置NED=(0.079,-0.101,-0.294) 实际速度=(-0.009,0.006,-0.003) 最终目标=(0.079,-0.101,-0.294) 指令位置=(0.079,-0.101,nan) 指令速度=(0.000,0.000,0.000) 指令加速度=(0.000,0.000,nan) 滚转角=-0.04度 俯仰角=-0.11度
15:39:04.271939 [轨迹] 序号=591 单调时间=19996.004809 时间=19996.005 模式=AUTO.LAND 起飞状态=未执行起飞 水平控制=位置保持 类型掩码=3520 实际位置NED=(0.078,-0.101,-0.294) 实际速度=(-0.009,0.006,-0.003) 最终目标=(0.078,-0.101,-0.294) 指令位置=(0.078,-0.101,nan) 指令速度=(0.000,0.000,0.000) 指令加速度=(0.000,0.000,nan) 滚转角=-0.04度 俯仰角=-0.11度
15:39:04.374378 [轨迹] 序号=592 单调时间=19996.107146 时间=19996.107 模式=AUTO.LAND 起飞状态=未执行起飞 水平控制=位置保持 类型掩码=3520 实际位置NED=(0.078,-0.100,-0.294) 实际速度=(-0.009,0.006,-0.003) 最终目标=(0.078,-0.100,-0.294) 指令位置=(0.078,-0.100,nan) 指令速度=(0.000,0.000,0.000) 指令加速度=(0.000,0.000,nan) 滚转角=-0.04度 俯仰角=-0.11度
15:39:04.477129 [轨迹] 序号=593 单调时间=19996.210040 时间=19996.210 模式=AUTO.LAND 起飞状态=未执行起飞 水平控制=位置保持 类型掩码=3520 实际位置NED=(0.078,-0.100,-0.293) 实际速度=(-0.009,0.006,-0.003) 最终目标=(0.078,-0.100,-0.293) 指令位置=(0.078,-0.100,nan) 指令速度=(0.000,0.000,0.000) 指令加速度=(0.000,0.000,nan) 滚转角=-0.04度 俯仰角=-0.11度
15:39:04.579977 [轨迹] 序号=594 单调时间=19996.312661 时间=19996.313 模式=AUTO.LAND 起飞状态=未执行起飞 水平控制=位置保持 类型掩码=3520 实际位置NED=(0.077,-0.099,-0.293) 实际速度=(-0.009,0.006,-0.003) 最终目标=(0.077,-0.099,-0.293) 指令位置=(0.077,-0.099,nan) 指令速度=(0.000,0.000,0.000) 指令加速度=(0.000,0.000,nan) 滚转角=-0.04度 俯仰角=-0.11度
15:39:04.682762 [轨迹] 序号=595 单调时间=19996.415539 时间=19996.416 模式=AUTO.LAND 起飞状态=未执行起飞 水平控制=位置保持 类型掩码=3520 实际位置NED=(0.077,-0.099,-0.293) 实际速度=(-0.009,0.006,-0.002) 最终目标=(0.077,-0.099,-0.293) 指令位置=(0.077,-0.099,nan) 指令速度=(0.000,0.000,0.000) 指令加速度=(0.000,0.000,nan) 滚转角=-0.04度 俯仰角=-0.11度
15:39:04.783577 [轨迹] 序号=596 单调时间=19996.516508 时间=19996.517 模式=AUTO.LAND 起飞状态=未执行起飞 水平控制=位置保持 类型掩码=3520 实际位置NED=(0.077,-0.099,-0.293) 实际速度=(-0.008,0.006,-0.002) 最终目标=(0.077,-0.099,-0.293) 指令位置=(0.077,-0.099,nan) 指令速度=(0.000,0.000,0.000) 指令加速度=(0.000,0.000,nan) 滚转角=-0.04度 俯仰角=-0.11度
15:39:04.886864 [轨迹] 序号=597 单调时间=19996.619505 时间=19996.620 模式=AUTO.LAND 起飞状态=未执行起飞 水平控制=位置保持 类型掩码=3520 实际位置NED=(0.077,-0.099,-0.293) 实际速度=(-0.008,0.006,-0.002) 最终目标=(0.077,-0.099,-0.293) 指令位置=(0.077,-0.099,nan) 指令速度=(0.000,0.000,0.000) 指令加速度=(0.000,0.000,nan) 滚转角=-0.04度 俯仰角=-0.11度
15:39:04.989514 [轨迹] 序号=598 单调时间=19996.722445 时间=19996.722 模式=AUTO.LAND 起飞状态=未执行起飞 水平控制=位置保持 类型掩码=3520 实际位置NED=(0.077,-0.098,-0.292) 实际速度=(-0.008,0.006,-0.002) 最终目标=(0.077,-0.098,-0.292) 指令位置=(0.077,-0.098,nan) 指令速度=(0.000,0.000,0.000) 指令加速度=(0.000,0.000,nan) 滚转角=-0.04度 俯仰角=-0.11度
15:39:05.092493 [轨迹] 序号=599 单调时间=19996.825424 时间=19996.825 模式=AUTO.LAND 起飞状态=未执行起飞 水平控制=位置保持 类型掩码=3520 实际位置NED=(0.077,-0.098,-0.292) 实际速度=(-0.008,0.005,-0.002) 最终目标=(0.077,-0.098,-0.292) 指令位置=(0.077,-0.098,nan) 指令速度=(0.000,0.000,0.000) 指令加速度=(0.000,0.000,nan) 滚转角=-0.04度 俯仰角=-0.10度
15:39:05.195249 [轨迹] 序号=600 单调时间=19996.927953 时间=19996.928 模式=AUTO.LAND 起飞状态=未执行起飞 水平控制=位置保持 类型掩码=3520 实际位置NED=(0.077,-0.098,-0.292) 实际速度=(-0.008,0.005,-0.002) 最终目标=(0.077,-0.098,-0.292) 指令位置=(0.077,-0.098,nan) 指令速度=(0.000,0.000,0.000) 指令加速度=(0.000,0.000,nan) 滚转角=-0.04度 俯仰角=-0.10度
15:39:05.297793 [轨迹] 序号=601 单调时间=19997.030637 时间=19997.031 模式=AUTO.LAND 起飞状态=未执行起飞 水平控制=位置保持 类型掩码=3520 实际位置NED=(0.076,-0.097,-0.291) 实际速度=(-0.007,0.005,-0.001) 最终目标=(0.076,-0.097,-0.291) 指令位置=(0.076,-0.097,nan) 指令速度=(0.000,0.000,0.000) 指令加速度=(0.000,0.000,nan) 滚转角=-0.04度 俯仰角=-0.10度
15:39:05.400384 [轨迹] 序号=602 单调时间=19997.133263 时间=19997.133 模式=AUTO.LAND 起飞状态=未执行起飞 水平控制=位置保持 类型掩码=3520 实际位置NED=(0.076,-0.097,-0.291) 实际速度=(-0.007,0.005,-0.001) 最终目标=(0.076,-0.097,-0.291) 指令位置=(0.076,-0.097,nan) 指令速度=(0.000,0.000,0.000) 指令加速度=(0.000,0.000,nan) 滚转角=-0.04度 俯仰角=-0.10度
15:39:05.502967 [轨迹] 序号=603 单调时间=19997.235726 时间=19997.236 模式=AUTO.LAND 起飞状态=未执行起飞 水平控制=位置保持 类型掩码=3520 实际位置NED=(0.076,-0.097,-0.291) 实际速度=(-0.007,0.005,-0.001) 最终目标=(0.076,-0.097,-0.291) 指令位置=(0.076,-0.097,nan) 指令速度=(0.000,0.000,0.000) 指令加速度=(0.000,0.000,nan) 滚转角=-0.05度 俯仰角=-0.10度
15:39:05.605562 [轨迹] 序号=604 单调时间=19997.338327 时间=19997.338 模式=AUTO.LAND 起飞状态=未执行起飞 水平控制=位置保持 类型掩码=3520 实际位置NED=(0.076,-0.096,-0.291) 实际速度=(-0.007,0.005,-0.001) 最终目标=(0.076,-0.096,-0.291) 指令位置=(0.076,-0.096,nan) 指令速度=(0.000,0.000,0.000) 指令加速度=(0.000,0.000,nan) 滚转角=-0.05度 俯仰角=-0.10度
15:39:05.708658 [轨迹] 序号=605 单调时间=19997.441362 时间=19997.441 模式=AUTO.LAND 起飞状态=未执行起飞 水平控制=位置保持 类型掩码=3520 实际位置NED=(0.076,-0.096,-0.291) 实际速度=(-0.007,0.005,-0.001) 最终目标=(0.076,-0.096,-0.291) 指令位置=(0.076,-0.096,nan) 指令速度=(0.000,0.000,0.000) 指令加速度=(0.000,0.000,nan) 滚转角=-0.05度 俯仰角=-0.10度
15:39:05.812600 [轨迹] 序号=606 单调时间=19997.545275 时间=19997.545 模式=AUTO.LAND 起飞状态=未执行起飞 水平控制=位置保持 类型掩码=3520 实际位置NED=(0.076,-0.096,-0.290) 实际速度=(-0.006,0.004,-0.000) 最终目标=(0.076,-0.096,-0.290) 指令位置=(0.076,-0.096,nan) 指令速度=(0.000,0.000,0.000) 指令加速度=(0.000,0.000,nan) 滚转角=-0.05度 俯仰角=-0.10度
15:39:05.915216 [轨迹] 序号=607 单调时间=19997.648074 时间=19997.648 模式=AUTO.LAND 起飞状态=未执行起飞 水平控制=位置保持 类型掩码=3520 实际位置NED=(0.076,-0.095,-0.290) 实际速度=(-0.006,0.004,-0.000) 最终目标=(0.076,-0.095,-0.290) 指令位置=(0.076,-0.095,nan) 指令速度=(0.000,0.000,0.000) 指令加速度=(0.000,0.000,nan) 滚转角=-0.05度 俯仰角=-0.10度
15:39:06.017708 [轨迹] 序号=608 单调时间=19997.750402 时间=19997.750 模式=AUTO.LAND 起飞状态=未执行起飞 水平控制=位置保持 类型掩码=3520 实际位置NED=(0.076,-0.095,-0.290) 实际速度=(-0.006,0.004,-0.000) 最终目标=(0.076,-0.095,-0.290) 指令位置=(0.076,-0.095,nan) 指令速度=(0.000,0.000,0.000) 指令加速度=(0.000,0.000,nan) 滚转角=-0.05度 俯仰角=-0.10度
15:39:06.120068 [轨迹] 序号=609 单调时间=19997.853034 时间=19997.853 模式=AUTO.LAND 起飞状态=未执行起飞 水平控制=位置保持 类型掩码=3520 实际位置NED=(0.076,-0.095,-0.290) 实际速度=(-0.006,0.004,0.000) 最终目标=(0.076,-0.095,-0.290) 指令位置=(0.076,-0.095,nan) 指令速度=(0.000,0.000,0.000) 指令加速度=(0.000,0.000,nan) 滚转角=-0.05度 俯仰角=-0.10度
15:39:06.223059 [轨迹] 序号=610 单调时间=19997.955850 时间=19997.956 模式=AUTO.LAND 起飞状态=未执行起飞 水平控制=位置保持 类型掩码=3520 实际位置NED=(0.076,-0.095,-0.290) 实际速度=(-0.006,0.004,0.000) 最终目标=(0.076,-0.095,-0.290) 指令位置=(0.076,-0.095,nan) 指令速度=(0.000,0.000,0.000) 指令加速度=(0.000,0.000,nan) 滚转角=-0.05度 俯仰角=-0.10度
15:39:06.325853 [轨迹] 序号=611 单调时间=19998.058535 时间=19998.059 模式=AUTO.LAND 起飞状态=未执行起飞 水平控制=位置保持 类型掩码=3520 实际位置NED=(0.076,-0.094,-0.290) 实际速度=(-0.006,0.004,0.000) 最终目标=(0.076,-0.094,-0.290) 指令位置=(0.076,-0.094,nan) 指令速度=(0.000,0.000,0.000) 指令加速度=(0.000,0.000,nan) 滚转角=-0.05度 俯仰角=-0.10度
15:39:06.428674 [轨迹] 序号=612 单调时间=19998.161344 时间=19998.161 模式=AUTO.LAND 起飞状态=未执行起飞 水平控制=位置保持 类型掩码=3520 实际位置NED=(0.076,-0.094,-0.290) 实际速度=(-0.006,0.004,0.000) 最终目标=(0.076,-0.094,-0.290) 指令位置=(0.076,-0.094,nan) 指令速度=(0.000,0.000,0.000) 指令加速度=(0.000,0.000,nan) 滚转角=-0.05度 俯仰角=-0.10度
15:39:06.531304 [轨迹] 序号=613 单调时间=19998.264105 时间=19998.264 模式=AUTO.LAND 起飞状态=未执行起飞 水平控制=位置保持 类型掩码=3520 实际位置NED=(0.076,-0.094,-0.289) 实际速度=(-0.005,0.004,0.000) 最终目标=(0.076,-0.094,-0.289) 指令位置=(0.076,-0.094,nan) 指令速度=(0.000,0.000,0.000) 指令加速度=(0.000,0.000,nan) 滚转角=-0.05度 俯仰角=-0.10度
15:39:06.634037 [轨迹] 序号=614 单调时间=19998.366861 时间=19998.367 模式=AUTO.LAND 起飞状态=未执行起飞 水平控制=位置保持 类型掩码=3520 实际位置NED=(0.076,-0.094,-0.289) 实际速度=(-0.005,0.004,0.000) 最终目标=(0.076,-0.094,-0.289) 指令位置=(0.076,-0.094,nan) 指令速度=(0.000,0.000,0.000) 指令加速度=(0.000,0.000,nan) 滚转角=-0.05度 俯仰角=-0.10度
15:39:06.737219 [轨迹] 序号=615 单调时间=19998.470029 时间=19998.470 模式=AUTO.LAND 起飞状态=未执行起飞 水平控制=位置保持 类型掩码=3520 实际位置NED=(0.076,-0.094,-0.289) 实际速度=(-0.005,0.004,0.001) 最终目标=(0.076,-0.094,-0.289) 指令位置=(0.076,-0.094,nan) 指令速度=(0.000,0.000,0.000) 指令加速度=(0.000,0.000,nan) 滚转角=-0.05度 俯仰角=-0.10度
15:39:06.839749 [轨迹] 序号=616 单调时间=19998.572425 时间=19998.572 模式=AUTO.LAND 起飞状态=未执行起飞 水平控制=位置保持 类型掩码=3520 实际位置NED=(0.076,-0.093,-0.289) 实际速度=(-0.005,0.004,0.001) 最终目标=(0.076,-0.093,-0.289) 指令位置=(0.076,-0.093,nan) 指令速度=(0.000,0.000,0.000) 指令加速度=(0.000,0.000,nan) 滚转角=-0.05度 俯仰角=-0.10度
15:39:06.942520 [轨迹] 序号=617 单调时间=19998.675279 时间=19998.675 模式=AUTO.LAND 起飞状态=未执行起飞 水平控制=位置保持 类型掩码=3520 实际位置NED=(0.076,-0.093,-0.289) 实际速度=(-0.005,0.004,0.001) 最终目标=(0.076,-0.093,-0.289) 指令位置=(0.076,-0.093,nan) 指令速度=(0.000,0.000,0.000) 指令加速度=(0.000,0.000,nan) 滚转角=-0.05度 俯仰角=-0.10度
15:39:07.045752 [轨迹] 序号=618 单调时间=19998.778319 时间=19998.778 模式=AUTO.LAND 起飞状态=未执行起飞 水平控制=位置保持 类型掩码=3520 实际位置NED=(0.076,-0.093,-0.289) 实际速度=(-0.005,0.003,0.001) 最终目标=(0.076,-0.093,-0.289) 指令位置=(0.076,-0.093,nan) 指令速度=(0.000,0.000,0.000) 指令加速度=(0.000,0.000,nan) 滚转角=-0.05度 俯仰角=-0.10度
15:39:07.148512 [轨迹] 序号=619 单调时间=19998.881315 时间=19998.881 模式=AUTO.LAND 起飞状态=未执行起飞 水平控制=位置保持 类型掩码=3520 实际位置NED=(0.076,-0.093,-0.289) 实际速度=(-0.005,0.003,0.001) 最终目标=(0.076,-0.093,-0.289) 指令位置=(0.076,-0.093,nan) 指令速度=(0.000,0.000,0.000) 指令加速度=(0.000,0.000,nan) 滚转角=-0.05度 俯仰角=-0.10度
15:39:07.250927 [轨迹] 序号=620 单调时间=19998.983673 时间=19998.984 模式=AUTO.LAND 起飞状态=未执行起飞 水平控制=位置保持 类型掩码=3520 实际位置NED=(0.076,-0.092,-0.289) 实际速度=(-0.005,0.003,0.001) 最终目标=(0.076,-0.092,-0.289) 指令位置=(0.076,-0.092,nan) 指令速度=(0.000,0.000,0.000) 指令加速度=(0.000,0.000,nan) 滚转角=-0.05度 俯仰角=-0.10度
15:39:07.353743 [轨迹] 序号=621 单调时间=19999.086535 时间=19999.087 模式=AUTO.LAND 起飞状态=未执行起飞 水平控制=位置保持 类型掩码=3520 实际位置NED=(0.075,-0.092,-0.289) 实际速度=(-0.005,0.003,0.001) 最终目标=(0.075,-0.092,-0.289) 指令位置=(0.075,-0.092,nan) 指令速度=(0.000,0.000,0.000) 指令加速度=(0.000,0.000,nan) 滚转角=-0.05度 俯仰角=-0.10度
15:39:07.458159 [轨迹] 序号=622 单调时间=19999.191161 时间=19999.191 模式=AUTO.LAND 起飞状态=未执行起飞 水平控制=位置保持 类型掩码=3520 实际位置NED=(0.075,-0.092,-0.288) 实际速度=(-0.005,0.003,0.001) 最终目标=(0.075,-0.092,-0.288) 指令位置=(0.075,-0.092,nan) 指令速度=(0.000,0.000,0.000) 指令加速度=(0.000,0.000,nan) 滚转角=-0.05度 俯仰角=-0.10度
15:39:07.561337 [轨迹] 序号=623 单调时间=19999.294050 时间=19999.294 模式=AUTO.LAND 起飞状态=未执行起飞 水平控制=位置保持 类型掩码=3520 实际位置NED=(0.075,-0.092,-0.288) 实际速度=(-0.005,0.003,0.001) 最终目标=(0.075,-0.092,-0.288) 指令位置=(0.075,-0.092,nan) 指令速度=(0.000,0.000,0.000) 指令加速度=(0.000,0.000,nan) 滚转角=-0.05度 俯仰角=-0.10度
15:39:07.664615 [轨迹] 序号=624 单调时间=19999.397425 时间=19999.397 模式=AUTO.LAND 起飞状态=未执行起飞 水平控制=位置保持 类型掩码=3520 实际位置NED=(0.075,-0.092,-0.288) 实际速度=(-0.004,0.003,0.001) 最终目标=(0.075,-0.092,-0.288) 指令位置=(0.075,-0.092,nan) 指令速度=(0.000,0.000,0.000) 指令加速度=(0.000,0.000,nan) 滚转角=-0.05度 俯仰角=-0.10度
15:39:07.767855 [轨迹] 序号=625 单调时间=19999.500742 时间=19999.501 模式=AUTO.LAND 起飞状态=未执行起飞 水平控制=位置保持 类型掩码=3520 实际位置NED=(0.075,-0.092,-0.288) 实际速度=(-0.004,0.003,0.001) 最终目标=(0.075,-0.092,-0.288) 指令位置=(0.075,-0.092,nan) 指令速度=(0.000,0.000,0.000) 指令加速度=(0.000,0.000,nan) 滚转角=-0.05度 俯仰角=-0.10度
15:39:07.870751 [轨迹] 序号=626 单调时间=19999.603436 时间=19999.603 模式=AUTO.LAND 起飞状态=未执行起飞 水平控制=位置保持 类型掩码=3520 实际位置NED=(0.075,-0.091,-0.288) 实际速度=(-0.004,0.003,0.001) 最终目标=(0.075,-0.091,-0.288) 指令位置=(0.075,-0.091,nan) 指令速度=(0.000,0.000,0.000) 指令加速度=(0.000,0.000,nan) 滚转角=-0.05度 俯仰角=-0.10度
15:39:07.973792 [轨迹] 序号=627 单调时间=19999.706469 时间=19999.706 模式=AUTO.LAND 起飞状态=未执行起飞 水平控制=位置保持 类型掩码=3520 实际位置NED=(0.075,-0.091,-0.288) 实际速度=(-0.004,0.002,0.001) 最终目标=(0.075,-0.091,-0.288) 指令位置=(0.075,-0.091,nan) 指令速度=(0.000,0.000,0.000) 指令加速度=(0.000,0.000,nan) 滚转角=-0.05度 俯仰角=-0.10度
15:39:08.076961 [轨迹] 序号=628 单调时间=19999.809710 时间=19999.810 模式=AUTO.LAND 起飞状态=未执行起飞 水平控制=位置保持 类型掩码=3520 实际位置NED=(0.074,-0.091,-0.288) 实际速度=(-0.004,0.003,0.001) 最终目标=(0.074,-0.091,-0.288) 指令位置=(0.074,-0.091,nan) 指令速度=(0.000,0.000,0.000) 指令加速度=(0.000,0.000,nan) 滚转角=-0.05度 俯仰角=-0.09度
15:39:08.179851 [轨迹] 序号=629 单调时间=19999.912675 时间=19999.913 模式=AUTO.LAND 起飞状态=未执行起飞 水平控制=位置保持 类型掩码=3520 实际位置NED=(0.074,-0.091,-0.288) 实际速度=(-0.004,0.003,0.001) 最终目标=(0.074,-0.091,-0.288) 指令位置=(0.074,-0.091,nan) 指令速度=(0.000,0.000,0.000) 指令加速度=(0.000,0.000,nan) 滚转角=-0.05度 俯仰角=-0.09度
15:39:08.282549 [轨迹] 序号=630 单调时间=20000.015319 时间=20000.015 模式=AUTO.LAND 起飞状态=未执行起飞 水平控制=位置保持 类型掩码=3520 实际位置NED=(0.074,-0.091,-0.288) 实际速度=(-0.004,0.002,0.001) 最终目标=(0.074,-0.091,-0.288) 指令位置=(0.074,-0.091,nan) 指令速度=(0.000,0.000,0.000) 指令加速度=(0.000,0.000,nan) 滚转角=-0.06度 俯仰角=-0.09度
15:39:08.386348 [轨迹] 序号=631 单调时间=20000.119016 时间=20000.119 模式=AUTO.LAND 起飞状态=未执行起飞 水平控制=位置保持 类型掩码=3520 实际位置NED=(0.074,-0.091,-0.288) 实际速度=(-0.004,0.002,0.001) 最终目标=(0.074,-0.091,-0.288) 指令位置=(0.074,-0.091,nan) 指令速度=(0.000,0.000,0.000) 指令加速度=(0.000,0.000,nan) 滚转角=-0.06度 俯仰角=-0.09度
15:39:08.489346 [轨迹] 序号=632 单调时间=20000.222142 时间=20000.222 模式=AUTO.LAND 起飞状态=未执行起飞 水平控制=位置保持 类型掩码=3520 实际位置NED=(0.074,-0.090,-0.288) 实际速度=(-0.004,0.002,0.001) 最终目标=(0.074,-0.090,-0.288) 指令位置=(0.074,-0.090,nan) 指令速度=(0.000,0.000,0.000) 指令加速度=(0.000,0.000,nan) 滚转角=-0.06度 俯仰角=-0.09度
15:39:08.592940 [轨迹] 序号=633 单调时间=20000.325702 时间=20000.326 模式=AUTO.LAND 起飞状态=未执行起飞 水平控制=位置保持 类型掩码=3520 实际位置NED=(0.073,-0.090,-0.288) 实际速度=(-0.004,0.002,0.001) 最终目标=(0.073,-0.090,-0.288) 指令位置=(0.073,-0.090,nan) 指令速度=(0.000,0.000,0.000) 指令加速度=(0.000,0.000,nan) 滚转角=-0.06度 俯仰角=-0.09度
15:39:08.695835 [轨迹] 序号=634 单调时间=20000.428646 时间=20000.429 模式=AUTO.LAND 起飞状态=未执行起飞 水平控制=位置保持 类型掩码=3520 实际位置NED=(0.073,-0.090,-0.288) 实际速度=(-0.004,0.002,0.001) 最终目标=(0.073,-0.090,-0.288) 指令位置=(0.073,-0.090,nan) 指令速度=(0.000,0.000,0.000) 指令加速度=(0.000,0.000,nan) 滚转角=-0.06度 俯仰角=-0.09度
15:39:08.798513 [轨迹] 序号=635 单调时间=20000.531429 时间=20000.531 模式=AUTO.LAND 起飞状态=未执行起飞 水平控制=位置保持 类型掩码=3520 实际位置NED=(0.073,-0.090,-0.288) 实际速度=(-0.003,0.002,0.001) 最终目标=(0.073,-0.090,-0.288) 指令位置=(0.073,-0.090,nan) 指令速度=(0.000,0.000,0.000) 指令加速度=(0.000,0.000,nan) 滚转角=-0.06度 俯仰角=-0.09度
15:39:08.901341 [轨迹] 序号=636 单调时间=20000.633996 时间=20000.634 模式=AUTO.LAND 起飞状态=未执行起飞 水平控制=位置保持 类型掩码=3520 实际位置NED=(0.073,-0.090,-0.288) 实际速度=(-0.003,0.002,0.001) 最终目标=(0.073,-0.090,-0.288) 指令位置=(0.073,-0.090,nan) 指令速度=(0.000,0.000,0.000) 指令加速度=(0.000,0.000,nan) 滚转角=-0.06度 俯仰角=-0.09度
15:39:08 [贴顶流程] 待机
15:39:09.004025 [轨迹] 序号=637 单调时间=20000.736883 时间=20000.737 模式=OFFBOARD 起飞状态=未执行起飞 水平控制=位置保持 类型掩码=3520 实际位置NED=(0.073,-0.090,-0.288) 实际速度=(-0.003,0.002,0.001) 最终目标=(0.073,-0.090,-0.288) 指令位置=(0.073,-0.090,nan) 指令速度=(0.000,0.000,0.000) 指令加速度=(0.000,0.000,nan) 滚转角=-0.06度 俯仰角=-0.09度
15:39:09 [地面待机] 已清除上一轮飞行目标，正在跟随当前位置
15:39:09.108107 [轨迹] 序号=638 单调时间=20000.840537 时间=20000.841 模式=OFFBOARD 起飞状态=未执行起飞 水平控制=位置保持 类型掩码=3520 实际位置NED=(0.073,-0.090,-0.288) 实际速度=(-0.003,0.002,0.001) 最终目标=(0.073,-0.090,-0.288) 指令位置=(0.073,-0.090,nan) 指令速度=(0.000,0.000,0.000) 指令加速度=(0.000,0.000,nan) 滚转角=-0.06度 俯仰角=-0.09度
15:39:09.211735 [轨迹] 序号=639 单调时间=20000.944492 时间=20000.944 模式=OFFBOARD 起飞状态=未执行起飞 水平控制=位置保持 类型掩码=3520 实际位置NED=(0.072,-0.089,-0.288) 实际速度=(-0.003,0.002,0.001) 最终目标=(0.073,-0.090,-0.288) 指令位置=(0.073,-0.090,nan) 指令速度=(0.000,0.000,0.000) 指令加速度=(0.000,0.000,nan) 滚转角=-0.06度 俯仰角=-0.09度
15:39:09.314724 [轨迹] 序号=640 单调时间=20001.047382 时间=20001.047 模式=OFFBOARD 起飞状态=未执行起飞 水平控制=位置保持 类型掩码=3520 实际位置NED=(0.072,-0.089,-0.288) 实际速度=(-0.003,0.002,0.001) 最终目标=(0.073,-0.090,-0.288) 指令位置=(0.073,-0.090,nan) 指令速度=(0.000,0.000,0.000) 指令加速度=(0.000,0.000,nan) 滚转角=-0.06度 俯仰角=-0.09度
15:39:09.417361 [轨迹] 序号=641 单调时间=20001.150120 时间=20001.150 模式=OFFBOARD 起飞状态=未执行起飞 水平控制=位置保持 类型掩码=3520 实际位置NED=(0.072,-0.089,-0.288) 实际速度=(-0.003,0.002,0.001) 最终目标=(0.073,-0.090,-0.288) 指令位置=(0.073,-0.090,nan) 指令速度=(0.000,0.000,0.000) 指令加速度=(0.000,0.000,nan) 滚转角=-0.06度 俯仰角=-0.09度
15:39:09.520020 [轨迹] 序号=642 单调时间=20001.252776 时间=20001.253 模式=OFFBOARD 起飞状态=未执行起飞 水平控制=位置保持 类型掩码=3520 实际位置NED=(0.072,-0.089,-0.288) 实际速度=(-0.002,0.002,0.002) 最终目标=(0.073,-0.090,-0.288) 指令位置=(0.073,-0.090,nan) 指令速度=(0.000,0.000,0.000) 指令加速度=(0.000,0.000,nan) 滚转角=-0.06度 俯仰角=-0.09度
15:39:09.622527 [轨迹] 序号=643 单调时间=20001.355373 时间=20001.355 模式=OFFBOARD 起飞状态=未执行起飞 水平控制=位置保持 类型掩码=3520 实际位置NED=(0.072,-0.089,-0.288) 实际速度=(-0.002,0.002,0.002) 最终目标=(0.073,-0.090,-0.288) 指令位置=(0.073,-0.090,nan) 指令速度=(0.000,0.000,0.000) 指令加速度=(0.000,0.000,nan) 滚转角=-0.06度 俯仰角=-0.09度
15:39:09.725453 [轨迹] 序号=644 单调时间=20001.458439 时间=20001.458 模式=OFFBOARD 起飞状态=未执行起飞 水平控制=位置保持 类型掩码=3520 实际位置NED=(0.072,-0.089,-0.287) 实际速度=(-0.002,0.002,0.002) 最终目标=(0.073,-0.090,-0.288) 指令位置=(0.073,-0.090,nan) 指令速度=(0.000,0.000,0.000) 指令加速度=(0.000,0.000,nan) 滚转角=-0.06度 俯仰角=-0.09度
15:39:09.828421 [轨迹] 序号=645 单调时间=20001.561152 时间=20001.561 模式=OFFBOARD 起飞状态=未执行起飞 水平控制=位置保持 类型掩码=3520 实际位置NED=(0.072,-0.088,-0.287) 实际速度=(-0.002,0.002,0.002) 最终目标=(0.073,-0.090,-0.288) 指令位置=(0.073,-0.090,nan) 指令速度=(0.000,0.000,0.000) 指令加速度=(0.000,0.000,nan) 滚转角=-0.06度 俯仰角=-0.09度
15:39:09.931538 [轨迹] 序号=646 单调时间=20001.664370 时间=20001.664 模式=OFFBOARD 起飞状态=未执行起飞 水平控制=位置保持 类型掩码=3520 实际位置NED=(0.072,-0.088,-0.287) 实际速度=(-0.002,0.002,0.002) 最终目标=(0.073,-0.090,-0.288) 指令位置=(0.073,-0.090,nan) 指令速度=(0.000,0.000,0.000) 指令加速度=(0.000,0.000,nan) 滚转角=-0.06度 俯仰角=-0.09度
15:39:10.034278 [轨迹] 序号=647 单调时间=20001.767035 时间=20001.767 模式=OFFBOARD 起飞状态=未执行起飞 水平控制=位置保持 类型掩码=3520 实际位置NED=(0.071,-0.088,-0.287) 实际速度=(-0.002,0.002,0.002) 最终目标=(0.073,-0.090,-0.288) 指令位置=(0.073,-0.090,nan) 指令速度=(0.000,0.000,0.000) 指令加速度=(0.000,0.000,nan) 滚转角=-0.06度 俯仰角=-0.09度
15:39:10.136845 [轨迹] 序号=648 单调时间=20001.869606 时间=20001.870 模式=OFFBOARD 起飞状态=未执行起飞 水平控制=位置保持 类型掩码=3520 实际位置NED=(0.071,-0.088,-0.287) 实际速度=(-0.002,0.002,0.002) 最终目标=(0.073,-0.090,-0.288) 指令位置=(0.073,-0.090,nan) 指令速度=(0.000,0.000,0.000) 指令加速度=(0.000,0.000,nan) 滚转角=-0.06度 俯仰角=-0.09度
15:39:10.240213 [轨迹] 序号=649 单调时间=20001.973023 时间=20001.973 模式=OFFBOARD 起飞状态=未执行起飞 水平控制=位置保持 类型掩码=3520 实际位置NED=(0.071,-0.088,-0.287) 实际速度=(-0.002,0.002,0.002) 最终目标=(0.073,-0.090,-0.288) 指令位置=(0.073,-0.090,nan) 指令速度=(0.000,0.000,0.000) 指令加速度=(0.000,0.000,nan) 滚转角=-0.06度 俯仰角=-0.09度
15:39:10.343183 [轨迹] 序号=650 单调时间=20002.075867 时间=20002.076 模式=OFFBOARD 起飞状态=未执行起飞 水平控制=位置保持 类型掩码=3520 实际位置NED=(0.071,-0.087,-0.287) 实际速度=(-0.002,0.002,0.002) 最终目标=(0.073,-0.090,-0.288) 指令位置=(0.073,-0.090,nan) 指令速度=(0.000,0.000,0.000) 指令加速度=(0.000,0.000,nan) 滚转角=-0.06度 俯仰角=-0.09度
15:39:10.445649 [轨迹] 序号=651 单调时间=20002.178474 时间=20002.178 模式=OFFBOARD 起飞状态=未执行起飞 水平控制=位置保持 类型掩码=3520 实际位置NED=(0.071,-0.087,-0.287) 实际速度=(-0.002,0.002,0.002) 最终目标=(0.073,-0.090,-0.288) 指令位置=(0.073,-0.090,nan) 指令速度=(0.000,0.000,0.000) 指令加速度=(0.000,0.000,nan) 滚转角=-0.06度 俯仰角=-0.09度
15:39:10.548799 [轨迹] 序号=652 单调时间=20002.281514 时间=20002.282 模式=OFFBOARD 起飞状态=未执行起飞 水平控制=位置保持 类型掩码=3520 实际位置NED=(0.071,-0.087,-0.287) 实际速度=(-0.002,0.002,0.002) 最终目标=(0.073,-0.090,-0.288) 指令位置=(0.073,-0.090,nan) 指令速度=(0.000,0.000,0.000) 指令加速度=(0.000,0.000,nan) 滚转角=-0.06度 俯仰角=-0.09度
15:39:10.649226 [轨迹] 序号=653 单调时间=20002.382036 时间=20002.382 模式=OFFBOARD 起飞状态=未执行起飞 水平控制=位置保持 类型掩码=3520 实际位置NED=(0.071,-0.087,-0.287) 实际速度=(-0.002,0.002,0.002) 最终目标=(0.073,-0.090,-0.288) 指令位置=(0.073,-0.090,nan) 指令速度=(0.000,0.000,0.000) 指令加速度=(0.000,0.000,nan) 滚转角=-0.06度 俯仰角=-0.09度
15:39:10.752040 [轨迹] 序号=654 单调时间=20002.484834 时间=20002.485 模式=OFFBOARD 起飞状态=未执行起飞 水平控制=位置保持 类型掩码=3520 实际位置NED=(0.071,-0.087,-0.287) 实际速度=(-0.002,0.002,0.002) 最终目标=(0.073,-0.090,-0.288) 指令位置=(0.073,-0.090,nan) 指令速度=(0.000,0.000,0.000) 指令加速度=(0.000,0.000,nan) 滚转角=-0.06度 俯仰角=-0.09度
15:39:10.854817 [轨迹] 序号=655 单调时间=20002.587540 时间=20002.588 模式=OFFBOARD 起飞状态=未执行起飞 水平控制=位置保持 类型掩码=3520 实际位置NED=(0.071,-0.087,-0.287) 实际速度=(-0.002,0.002,0.002) 最终目标=(0.073,-0.090,-0.288) 指令位置=(0.073,-0.090,nan) 指令速度=(0.000,0.000,0.000) 指令加速度=(0.000,0.000,nan) 滚转角=-0.06度 俯仰角=-0.09度
15:39:10.958328 [轨迹] 序号=656 单调时间=20002.690317 时间=20002.690 模式=OFFBOARD 起飞状态=未执行起飞 水平控制=位置保持 类型掩码=3520 实际位置NED=(0.071,-0.087,-0.287) 实际速度=(-0.002,0.002,0.002) 最终目标=(0.073,-0.090,-0.288) 指令位置=(0.073,-0.090,nan) 指令速度=(0.000,0.000,0.000) 指令加速度=(0.000,0.000,nan) 滚转角=-0.06度 俯仰角=-0.09度
15:39:11.060779 [轨迹] 序号=657 单调时间=20002.793502 时间=20002.794 模式=OFFBOARD 起飞状态=未执行起飞 水平控制=位置保持 类型掩码=3520 实际位置NED=(0.071,-0.087,-0.287) 实际速度=(-0.002,0.002,0.002) 最终目标=(0.073,-0.090,-0.288) 指令位置=(0.073,-0.090,nan) 指令速度=(0.000,0.000,0.000) 指令加速度=(0.000,0.000,nan) 滚转角=-0.06度 俯仰角=-0.09度
15:39:11.163491 [轨迹] 序号=658 单调时间=20002.896265 时间=20002.896 模式=OFFBOARD 起飞状态=未执行起飞 水平控制=位置保持 类型掩码=3520 实际位置NED=(0.071,-0.086,-0.287) 实际速度=(-0.002,0.002,0.002) 最终目标=(0.073,-0.090,-0.288) 指令位置=(0.073,-0.090,nan) 指令速度=(0.000,0.000,0.000) 指令加速度=(0.000,0.000,nan) 滚转角=-0.06度 俯仰角=-0.09度
15:39:11.266129 [轨迹] 序号=659 单调时间=20002.998873 时间=20002.999 模式=OFFBOARD 起飞状态=未执行起飞 水平控制=位置保持 类型掩码=3520 实际位置NED=(0.071,-0.086,-0.287) 实际速度=(-0.002,0.002,0.002) 最终目标=(0.073,-0.090,-0.288) 指令位置=(0.073,-0.090,nan) 指令速度=(0.000,0.000,0.000) 指令加速度=(0.000,0.000,nan) 滚转角=-0.06度 俯仰角=-0.09度
15:39:11.368963 [轨迹] 序号=660 单调时间=20003.101752 时间=20003.102 模式=OFFBOARD 起飞状态=未执行起飞 水平控制=位置保持 类型掩码=3520 实际位置NED=(0.070,-0.086,-0.287) 实际速度=(-0.002,0.001,0.002) 最终目标=(0.073,-0.090,-0.288) 指令位置=(0.073,-0.090,nan) 指令速度=(0.000,0.000,0.000) 指令加速度=(0.000,0.000,nan) 滚转角=-0.07度 俯仰角=-0.09度
15:39:11.472435 [轨迹] 序号=661 单调时间=20003.204962 时间=20003.205 模式=OFFBOARD 起飞状态=未执行起飞 水平控制=位置保持 类型掩码=3520 实际位置NED=(0.070,-0.086,-0.287) 实际速度=(-0.002,0.001,0.002) 最终目标=(0.073,-0.090,-0.288) 指令位置=(0.073,-0.090,nan) 指令速度=(0.000,0.000,0.000) 指令加速度=(0.000,0.000,nan) 滚转角=-0.06度 俯仰角=-0.09度
15:39:11.575149 [轨迹] 序号=662 单调时间=20003.307989 时间=20003.308 模式=OFFBOARD 起飞状态=未执行起飞 水平控制=位置保持 类型掩码=3520 实际位置NED=(0.070,-0.086,-0.287) 实际速度=(-0.002,0.001,0.001) 最终目标=(0.073,-0.090,-0.288) 指令位置=(0.073,-0.090,nan) 指令速度=(0.000,0.000,0.000) 指令加速度=(0.000,0.000,nan) 滚转角=-0.06度 俯仰角=-0.09度
15:39:11.678411 [轨迹] 序号=663 单调时间=20003.411223 时间=20003.411 模式=OFFBOARD 起飞状态=未执行起飞 水平控制=位置保持 类型掩码=3520 实际位置NED=(0.070,-0.086,-0.287) 实际速度=(-0.002,0.001,0.001) 最终目标=(0.073,-0.090,-0.288) 指令位置=(0.073,-0.090,nan) 指令速度=(0.000,0.000,0.000) 指令加速度=(0.000,0.000,nan) 滚转角=-0.06度 俯仰角=-0.09度
15:39:11.781619 [轨迹] 序号=664 单调时间=20003.514606 时间=20003.515 模式=OFFBOARD 起飞状态=未执行起飞 水平控制=位置保持 类型掩码=3520 实际位置NED=(0.070,-0.086,-0.287) 实际速度=(-0.002,0.001,0.001) 最终目标=(0.073,-0.090,-0.288) 指令位置=(0.073,-0.090,nan) 指令速度=(0.000,0.000,0.000) 指令加速度=(0.000,0.000,nan) 滚转角=-0.06度 俯仰角=-0.09度
15:39:11.884326 [轨迹] 序号=665 单调时间=20003.617149 时间=20003.617 模式=OFFBOARD 起飞状态=未执行起飞 水平控制=位置保持 类型掩码=3520 实际位置NED=(0.070,-0.086,-0.287) 实际速度=(-0.002,0.001,0.001) 最终目标=(0.073,-0.090,-0.288) 指令位置=(0.073,-0.090,nan) 指令速度=(0.000,0.000,0.000) 指令加速度=(0.000,0.000,nan) 滚转角=-0.06度 俯仰角=-0.09度
15:39:11.987305 [轨迹] 序号=666 单调时间=20003.720157 时间=20003.720 模式=OFFBOARD 起飞状态=未执行起飞 水平控制=位置保持 类型掩码=3520 实际位置NED=(0.070,-0.085,-0.288) 实际速度=(-0.002,0.001,0.001) 最终目标=(0.073,-0.090,-0.288) 指令位置=(0.073,-0.090,nan) 指令速度=(0.000,0.000,0.000) 指令加速度=(0.000,0.000,nan) 滚转角=-0.06度 俯仰角=-0.08度
15:39:12.089896 [轨迹] 序号=667 单调时间=20003.822577 时间=20003.823 模式=OFFBOARD 起飞状态=未执行起飞 水平控制=位置保持 类型掩码=3520 实际位置NED=(0.070,-0.085,-0.288) 实际速度=(-0.002,0.001,0.001) 最终目标=(0.073,-0.090,-0.288) 指令位置=(0.073,-0.090,nan) 指令速度=(0.000,0.000,0.000) 指令加速度=(0.000,0.000,nan) 滚转角=-0.06度 俯仰角=-0.08度
15:39:12.192995 [轨迹] 序号=668 单调时间=20003.925712 时间=20003.926 模式=OFFBOARD 起飞状态=未执行起飞 水平控制=位置保持 类型掩码=3520 实际位置NED=(0.069,-0.085,-0.288) 实际速度=(-0.002,0.001,0.001) 最终目标=(0.073,-0.090,-0.288) 指令位置=(0.073,-0.090,nan) 指令速度=(0.000,0.000,0.000) 指令加速度=(0.000,0.000,nan) 滚转角=-0.07度 俯仰角=-0.08度
15:39:12.295460 [轨迹] 序号=669 单调时间=20004.028260 时间=20004.028 模式=OFFBOARD 起飞状态=未执行起飞 水平控制=位置保持 类型掩码=3520 实际位置NED=(0.069,-0.085,-0.288) 实际速度=(-0.002,0.001,0.001) 最终目标=(0.073,-0.090,-0.288) 指令位置=(0.073,-0.090,nan) 指令速度=(0.000,0.000,0.000) 指令加速度=(0.000,0.000,nan) 滚转角=-0.07度 俯仰角=-0.08度
15:39:12.398711 [轨迹] 序号=670 单调时间=20004.131543 时间=20004.132 模式=OFFBOARD 起飞状态=未执行起飞 水平控制=位置保持 类型掩码=3520 实际位置NED=(0.069,-0.085,-0.288) 实际速度=(-0.002,0.001,0.001) 最终目标=(0.073,-0.090,-0.288) 指令位置=(0.073,-0.090,nan) 指令速度=(0.000,0.000,0.000) 指令加速度=(0.000,0.000,nan) 滚转角=-0.07度 俯仰角=-0.08度
15:39:12.501732 [轨迹] 序号=671 单调时间=20004.234616 时间=20004.235 模式=OFFBOARD 起飞状态=未执行起飞 水平控制=位置保持 类型掩码=3520 实际位置NED=(0.069,-0.085,-0.288) 实际速度=(-0.002,0.001,0.000) 最终目标=(0.073,-0.090,-0.288) 指令位置=(0.073,-0.090,nan) 指令速度=(0.000,0.000,0.000) 指令加速度=(0.000,0.000,nan) 滚转角=-0.07度 俯仰角=-0.08度
15:39:12.604629 [轨迹] 序号=672 单调时间=20004.337102 时间=20004.337 模式=OFFBOARD 起飞状态=未执行起飞 水平控制=位置保持 类型掩码=3520 实际位置NED=(0.068,-0.085,-0.288) 实际速度=(-0.002,0.001,0.000) 最终目标=(0.073,-0.090,-0.288) 指令位置=(0.073,-0.090,nan) 指令速度=(0.000,0.000,0.000) 指令加速度=(0.000,0.000,nan) 滚转角=-0.07度 俯仰角=-0.08度
15:39:12.707650 [轨迹] 序号=673 单调时间=20004.440386 时间=20004.440 模式=OFFBOARD 起飞状态=未执行起飞 水平控制=位置保持 类型掩码=3520 实际位置NED=(0.068,-0.085,-0.288) 实际速度=(-0.002,0.001,0.000) 最终目标=(0.073,-0.090,-0.288) 指令位置=(0.073,-0.090,nan) 指令速度=(0.000,0.000,0.000) 指令加速度=(0.000,0.000,nan) 滚转角=-0.07度 俯仰角=-0.08度
15:39:12.810342 [轨迹] 序号=674 单调时间=20004.543076 时间=20004.543 模式=OFFBOARD 起飞状态=未执行起飞 水平控制=位置保持 类型掩码=3520 实际位置NED=(0.068,-0.085,-0.288) 实际速度=(-0.001,0.001,0.000) 最终目标=(0.073,-0.090,-0.288) 指令位置=(0.073,-0.090,nan) 指令速度=(0.000,0.000,0.000) 指令加速度=(0.000,0.000,nan) 滚转角=-0.07度 俯仰角=-0.08度
15:39:12.913032 [轨迹] 序号=675 单调时间=20004.645785 时间=20004.646 模式=OFFBOARD 起飞状态=未执行起飞 水平控制=位置保持 类型掩码=3520 实际位置NED=(0.068,-0.084,-0.289) 实际速度=(-0.001,0.001,0.000) 最终目标=(0.073,-0.090,-0.288) 指令位置=(0.073,-0.090,nan) 指令速度=(0.000,0.000,0.000) 指令加速度=(0.000,0.000,nan) 滚转角=-0.07度 俯仰角=-0.08度
15:39:13.015779 [轨迹] 序号=676 单调时间=20004.748706 时间=20004.749 模式=OFFBOARD 起飞状态=未执行起飞 水平控制=位置保持 类型掩码=3520 实际位置NED=(0.068,-0.084,-0.289) 实际速度=(-0.001,0.001,-0.000) 最终目标=(0.073,-0.090,-0.288) 指令位置=(0.073,-0.090,nan) 指令速度=(0.000,0.000,0.000) 指令加速度=(0.000,0.000,nan) 滚转角=-0.07度 俯仰角=-0.08度
15:39:13.119088 [轨迹] 序号=677 单调时间=20004.851893 时间=20004.852 模式=OFFBOARD 起飞状态=未执行起飞 水平控制=位置保持 类型掩码=3520 实际位置NED=(0.067,-0.084,-0.289) 实际速度=(-0.001,0.001,-0.000) 最终目标=(0.073,-0.090,-0.288) 指令位置=(0.073,-0.090,nan) 指令速度=(0.000,0.000,0.000) 指令加速度=(0.000,0.000,nan) 滚转角=-0.07度 俯仰角=-0.08度
15:39:13.222449 [轨迹] 序号=678 单调时间=20004.955297 时间=20004.955 模式=OFFBOARD 起飞状态=未执行起飞 水平控制=位置保持 类型掩码=3520 实际位置NED=(0.067,-0.084,-0.289) 实际速度=(-0.001,0.001,-0.000) 最终目标=(0.073,-0.090,-0.288) 指令位置=(0.073,-0.090,nan) 指令速度=(0.000,0.000,0.000) 指令加速度=(0.000,0.000,nan) 滚转角=-0.07度 俯仰角=-0.08度
15:39:13.325842 [轨迹] 序号=679 单调时间=20005.058708 时间=20005.059 模式=OFFBOARD 起飞状态=未执行起飞 水平控制=位置保持 类型掩码=3520 实际位置NED=(0.067,-0.084,-0.289) 实际速度=(-0.001,0.001,-0.001) 最终目标=(0.073,-0.090,-0.288) 指令位置=(0.073,-0.090,nan) 指令速度=(0.000,0.000,0.000) 指令加速度=(0.000,0.000,nan) 滚转角=-0.07度 俯仰角=-0.08度
15:39:13.428607 [轨迹] 序号=680 单调时间=20005.161399 时间=20005.161 模式=OFFBOARD 起飞状态=未执行起飞 水平控制=位置保持 类型掩码=3520 实际位置NED=(0.067,-0.083,-0.289) 实际速度=(-0.001,0.001,-0.001) 最终目标=(0.073,-0.090,-0.288) 指令位置=(0.073,-0.090,nan) 指令速度=(0.000,0.000,0.000) 指令加速度=(0.000,0.000,nan) 滚转角=-0.07度 俯仰角=-0.08度
15:39:13.531236 [轨迹] 序号=681 单调时间=20005.264074 时间=20005.264 模式=OFFBOARD 起飞状态=未执行起飞 水平控制=位置保持 类型掩码=3520 实际位置NED=(0.066,-0.083,-0.289) 实际速度=(-0.001,0.001,-0.001) 最终目标=(0.073,-0.090,-0.288) 指令位置=(0.073,-0.090,nan) 指令速度=(0.000,0.000,0.000) 指令加速度=(0.000,0.000,nan) 滚转角=-0.07度 俯仰角=-0.08度
15:39:13.633673 [轨迹] 序号=682 单调时间=20005.366494 时间=20005.366 模式=OFFBOARD 起飞状态=未执行起飞 水平控制=位置保持 类型掩码=3520 实际位置NED=(0.066,-0.083,-0.289) 实际速度=(-0.001,0.001,-0.001) 最终目标=(0.073,-0.090,-0.288) 指令位置=(0.073,-0.090,nan) 指令速度=(0.000,0.000,0.000) 指令加速度=(0.000,0.000,nan) 滚转角=-0.07度 俯仰角=-0.08度
15:39:13.737788 [轨迹] 序号=683 单调时间=20005.470381 时间=20005.470 模式=OFFBOARD 起飞状态=未执行起飞 水平控制=位置保持 类型掩码=3520 实际位置NED=(0.066,-0.083,-0.289) 实际速度=(-0.001,0.000,-0.001) 最终目标=(0.073,-0.090,-0.288) 指令位置=(0.073,-0.090,nan) 指令速度=(0.000,0.000,0.000) 指令加速度=(0.000,0.000,nan) 滚转角=-0.07度 俯仰角=-0.08度
15:39:13.840912 [轨迹] 序号=684 单调时间=20005.573703 时间=20005.574 模式=OFFBOARD 起飞状态=未执行起飞 水平控制=位置保持 类型掩码=3520 实际位置NED=(0.066,-0.083,-0.289) 实际速度=(-0.001,0.001,-0.001) 最终目标=(0.073,-0.090,-0.288) 指令位置=(0.073,-0.090,nan) 指令速度=(0.000,0.000,0.000) 指令加速度=(0.000,0.000,nan) 滚转角=-0.07度 俯仰角=-0.08度
15:39:13.943800 [轨迹] 序号=685 单调时间=20005.676642 时间=20005.677 模式=OFFBOARD 起飞状态=未执行起飞 水平控制=位置保持 类型掩码=3520 实际位置NED=(0.066,-0.083,-0.289) 实际速度=(-0.001,0.000,-0.001) 最终目标=(0.073,-0.090,-0.288) 指令位置=(0.073,-0.090,nan) 指令速度=(0.000,0.000,0.000) 指令加速度=(0.000,0.000,nan) 滚转角=-0.07度 俯仰角=-0.08度
15:39:14.046332 [轨迹] 序号=686 单调时间=20005.779166 时间=20005.779 模式=OFFBOARD 起飞状态=未执行起飞 水平控制=位置保持 类型掩码=3520 实际位置NED=(0.065,-0.082,-0.289) 实际速度=(-0.001,0.000,-0.001) 最终目标=(0.073,-0.090,-0.288) 指令位置=(0.073,-0.090,nan) 指令速度=(0.000,0.000,0.000) 指令加速度=(0.000,0.000,nan) 滚转角=-0.07度 俯仰角=-0.08度
15:39:14.149423 [轨迹] 序号=687 单调时间=20005.882117 时间=20005.882 模式=OFFBOARD 起飞状态=未执行起飞 水平控制=位置保持 类型掩码=3520 实际位置NED=(0.065,-0.082,-0.289) 实际速度=(-0.001,0.000,-0.001) 最终目标=(0.073,-0.090,-0.288) 指令位置=(0.073,-0.090,nan) 指令速度=(0.000,0.000,0.000) 指令加速度=(0.000,0.000,nan) 滚转角=-0.07度 俯仰角=-0.08度
15:39:14.252361 [轨迹] 序号=688 单调时间=20005.985244 时间=20005.985 模式=OFFBOARD 起飞状态=未执行起飞 水平控制=位置保持 类型掩码=3520 实际位置NED=(0.065,-0.082,-0.289) 实际速度=(-0.001,0.000,-0.001) 最终目标=(0.073,-0.090,-0.288) 指令位置=(0.073,-0.090,nan) 指令速度=(0.000,0.000,0.000) 指令加速度=(0.000,0.000,nan) 滚转角=-0.07度 俯仰角=-0.08度
15:39:14.356350 [轨迹] 序号=689 单调时间=20006.089019 时间=20006.089 模式=OFFBOARD 起飞状态=未执行起飞 水平控制=位置保持 类型掩码=3520 实际位置NED=(0.065,-0.082,-0.289) 实际速度=(-0.001,0.000,-0.000) 最终目标=(0.073,-0.090,-0.288) 指令位置=(0.073,-0.090,nan) 指令速度=(0.000,0.000,0.000) 指令加速度=(0.000,0.000,nan) 滚转角=-0.07度 俯仰角=-0.08度
15:39:14.459216 [轨迹] 序号=690 单调时间=20006.192074 时间=20006.192 模式=OFFBOARD 起飞状态=未执行起飞 水平控制=位置保持 类型掩码=3520 实际位置NED=(0.064,-0.082,-0.289) 实际速度=(-0.001,0.000,-0.000) 最终目标=(0.073,-0.090,-0.288) 指令位置=(0.073,-0.090,nan) 指令速度=(0.000,0.000,0.000) 指令加速度=(0.000,0.000,nan) 滚转角=-0.07度 俯仰角=-0.08度
15:39:14.561797 [轨迹] 序号=691 单调时间=20006.294614 时间=20006.295 模式=OFFBOARD 起飞状态=未执行起飞 水平控制=位置保持 类型掩码=3520 实际位置NED=(0.064,-0.081,-0.289) 实际速度=(-0.001,0.000,-0.000) 最终目标=(0.073,-0.090,-0.288) 指令位置=(0.073,-0.090,nan) 指令速度=(0.000,0.000,0.000) 指令加速度=(0.000,0.000,nan) 滚转角=-0.07度 俯仰角=-0.08度
15:39:14.664486 [轨迹] 序号=692 单调时间=20006.397255 时间=20006.397 模式=OFFBOARD 起飞状态=未执行起飞 水平控制=位置保持 类型掩码=3520 实际位置NED=(0.064,-0.081,-0.289) 实际速度=(-0.001,0.000,-0.000) 最终目标=(0.073,-0.090,-0.288) 指令位置=(0.073,-0.090,nan) 指令速度=(0.000,0.000,0.000) 指令加速度=(0.000,0.000,nan) 滚转角=-0.07度 俯仰角=-0.08度
15:39:14.767426 [轨迹] 序号=693 单调时间=20006.500182 时间=20006.500 模式=OFFBOARD 起飞状态=未执行起飞 水平控制=位置保持 类型掩码=3520 实际位置NED=(0.064,-0.081,-0.289) 实际速度=(-0.001,0.000,0.000) 最终目标=(0.073,-0.090,-0.288) 指令位置=(0.073,-0.090,nan) 指令速度=(0.000,0.000,0.000) 指令加速度=(0.000,0.000,nan) 滚转角=-0.07度 俯仰角=-0.08度
15:39:14.870017 [轨迹] 序号=694 单调时间=20006.602941 时间=20006.603 模式=OFFBOARD 起飞状态=未执行起飞 水平控制=位置保持 类型掩码=3520 实际位置NED=(0.063,-0.081,-0.289) 实际速度=(-0.001,0.000,-0.000) 最终目标=(0.073,-0.090,-0.288) 指令位置=(0.073,-0.090,nan) 指令速度=(0.000,0.000,0.000) 指令加速度=(0.000,0.000,nan) 滚转角=-0.07度 俯仰角=-0.08度
15:39:14.973510 [轨迹] 序号=695 单调时间=20006.706325 时间=20006.706 模式=OFFBOARD 起飞状态=未执行起飞 水平控制=位置保持 类型掩码=3520 实际位置NED=(0.063,-0.080,-0.289) 实际速度=(-0.001,0.000,0.000) 最终目标=(0.073,-0.090,-0.288) 指令位置=(0.073,-0.090,nan) 指令速度=(0.000,0.000,0.000) 指令加速度=(0.000,0.000,nan) 滚转角=-0.07度 俯仰角=-0.08度
15:39:15.076016 [轨迹] 序号=696 单调时间=20006.808802 时间=20006.809 模式=OFFBOARD 起飞状态=未执行起飞 水平控制=位置保持 类型掩码=3520 实际位置NED=(0.063,-0.080,-0.289) 实际速度=(-0.001,0.000,0.000) 最终目标=(0.073,-0.090,-0.288) 指令位置=(0.073,-0.090,nan) 指令速度=(0.000,0.000,0.000) 指令加速度=(0.000,0.000,nan) 滚转角=-0.07度 俯仰角=-0.08度
15:39:15.178670 [轨迹] 序号=697 单调时间=20006.911387 时间=20006.911 模式=OFFBOARD 起飞状态=未执行起飞 水平控制=位置保持 类型掩码=3520 实际位置NED=(0.063,-0.080,-0.289) 实际速度=(-0.001,0.001,0.000) 最终目标=(0.073,-0.090,-0.288) 指令位置=(0.073,-0.090,nan) 指令速度=(0.000,0.000,0.000) 指令加速度=(0.000,0.000,nan) 滚转角=-0.07度 俯仰角=-0.08度
15:39:15.281214 [轨迹] 序号=698 单调时间=20007.013960 时间=20007.014 模式=OFFBOARD 起飞状态=未执行起飞 水平控制=位置保持 类型掩码=3520 实际位置NED=(0.062,-0.080,-0.289) 实际速度=(-0.001,0.000,0.000) 最终目标=(0.073,-0.090,-0.288) 指令位置=(0.073,-0.090,nan) 指令速度=(0.000,0.000,0.000) 指令加速度=(0.000,0.000,nan) 滚转角=-0.07度 俯仰角=-0.08度
15:39:15.383769 [轨迹] 序号=699 单调时间=20007.116539 时间=20007.117 模式=OFFBOARD 起飞状态=未执行起飞 水平控制=位置保持 类型掩码=3520 实际位置NED=(0.062,-0.080,-0.289) 实际速度=(-0.001,0.000,0.000) 最终目标=(0.073,-0.090,-0.288) 指令位置=(0.073,-0.090,nan) 指令速度=(0.000,0.000,0.000) 指令加速度=(0.000,0.000,nan) 滚转角=-0.07度 俯仰角=-0.08度
15:39:15.487321 [轨迹] 序号=700 单调时间=20007.219968 时间=20007.220 模式=OFFBOARD 起飞状态=未执行起飞 水平控制=位置保持 类型掩码=3520 实际位置NED=(0.062,-0.079,-0.289) 实际速度=(-0.001,0.000,0.000) 最终目标=(0.073,-0.090,-0.288) 指令位置=(0.073,-0.090,nan) 指令速度=(0.000,0.000,0.000) 指令加速度=(0.000,0.000,nan) 滚转角=-0.07度 俯仰角=-0.08度
15:39:15.590276 [轨迹] 序号=701 单调时间=20007.323056 时间=20007.323 模式=OFFBOARD 起飞状态=未执行起飞 水平控制=位置保持 类型掩码=3520 实际位置NED=(0.062,-0.079,-0.289) 实际速度=(-0.001,0.000,0.001) 最终目标=(0.073,-0.090,-0.288) 指令位置=(0.073,-0.090,nan) 指令速度=(0.000,0.000,0.000) 指令加速度=(0.000,0.000,nan) 滚转角=-0.07度 俯仰角=-0.08度
15:39:15.693620 [轨迹] 序号=702 单调时间=20007.426363 时间=20007.426 模式=OFFBOARD 起飞状态=未执行起飞 水平控制=位置保持 类型掩码=3520 实际位置NED=(0.062,-0.079,-0.289) 实际速度=(-0.001,0.000,0.001) 最终目标=(0.073,-0.090,-0.288) 指令位置=(0.073,-0.090,nan) 指令速度=(0.000,0.000,0.000) 指令加速度=(0.000,0.000,nan) 滚转角=-0.07度 俯仰角=-0.08度
15:39:15.796173 [轨迹] 序号=703 单调时间=20007.529008 时间=20007.529 模式=OFFBOARD 起飞状态=未执行起飞 水平控制=位置保持 类型掩码=3520 实际位置NED=(0.062,-0.079,-0.289) 实际速度=(-0.001,0.000,0.001) 最终目标=(0.073,-0.090,-0.288) 指令位置=(0.073,-0.090,nan) 指令速度=(0.000,0.000,0.000) 指令加速度=(0.000,0.000,nan) 滚转角=-0.07度 俯仰角=-0.08度
15:39:15.899090 [轨迹] 序号=704 单调时间=20007.631827 时间=20007.632 模式=OFFBOARD 起飞状态=未执行起飞 水平控制=位置保持 类型掩码=3520 实际位置NED=(0.061,-0.079,-0.289) 实际速度=(-0.001,0.000,0.001) 最终目标=(0.073,-0.090,-0.288) 指令位置=(0.073,-0.090,nan) 指令速度=(0.000,0.000,0.000) 指令加速度=(0.000,0.000,nan) 滚转角=-0.07度 俯仰角=-0.08度
15:39:16.000467 [轨迹] 序号=705 单调时间=20007.733296 时间=20007.733 模式=OFFBOARD 起飞状态=未执行起飞 水平控制=位置保持 类型掩码=3520 实际位置NED=(0.061,-0.079,-0.289) 实际速度=(-0.001,0.000,0.000) 最终目标=(0.073,-0.090,-0.288) 指令位置=(0.073,-0.090,nan) 指令速度=(0.000,0.000,0.000) 指令加速度=(0.000,0.000,nan) 滚转角=-0.07度 俯仰角=-0.08度
15:39:16.104092 [轨迹] 序号=706 单调时间=20007.836908 时间=20007.837 模式=OFFBOARD 起飞状态=未执行起飞 水平控制=位置保持 类型掩码=3520 实际位置NED=(0.061,-0.078,-0.288) 实际速度=(-0.001,0.000,0.000) 最终目标=(0.073,-0.090,-0.288) 指令位置=(0.073,-0.090,nan) 指令速度=(0.000,0.000,0.000) 指令加速度=(0.000,0.000,nan) 滚转角=-0.07度 俯仰角=-0.08度
15:39:16.207436 [轨迹] 序号=707 单调时间=20007.940193 时间=20007.940 模式=OFFBOARD 起飞状态=未执行起飞 水平控制=位置保持 类型掩码=3520 实际位置NED=(0.061,-0.078,-0.288) 实际速度=(-0.001,0.000,0.001) 最终目标=(0.073,-0.090,-0.288) 指令位置=(0.073,-0.090,nan) 指令速度=(0.000,0.000,0.000) 指令加速度=(0.000,0.000,nan) 滚转角=-0.08度 俯仰角=-0.08度
15:39:16.310134 [轨迹] 序号=708 单调时间=20008.042803 时间=20008.043 模式=OFFBOARD 起飞状态=未执行起飞 水平控制=位置保持 类型掩码=3520 实际位置NED=(0.061,-0.078,-0.288) 实际速度=(-0.001,0.000,0.001) 最终目标=(0.073,-0.090,-0.288) 指令位置=(0.073,-0.090,nan) 指令速度=(0.000,0.000,0.000) 指令加速度=(0.000,0.000,nan) 滚转角=-0.07度 俯仰角=-0.08度
15:39:16.414762 [轨迹] 序号=709 单调时间=20008.147496 时间=20008.147 模式=OFFBOARD 起飞状态=未执行起飞 水平控制=位置保持 类型掩码=3520 实际位置NED=(0.061,-0.078,-0.288) 实际速度=(-0.001,0.000,0.001) 最终目标=(0.073,-0.090,-0.288) 指令位置=(0.073,-0.090,nan) 指令速度=(0.000,0.000,0.000) 指令加速度=(0.000,0.000,nan) 滚转角=-0.08度 俯仰角=-0.08度
15:39:16.517076 [轨迹] 序号=710 单调时间=20008.249993 时间=20008.250 模式=OFFBOARD 起飞状态=未执行起飞 水平控制=位置保持 类型掩码=3520 实际位置NED=(0.061,-0.078,-0.288) 实际速度=(-0.001,0.000,0.001) 最终目标=(0.073,-0.090,-0.288) 指令位置=(0.073,-0.090,nan) 指令速度=(0.000,0.000,0.000) 指令加速度=(0.000,0.000,nan) 滚转角=-0.08度 俯仰角=-0.08度
15:39:16.619781 [轨迹] 序号=711 单调时间=20008.352600 时间=20008.353 模式=OFFBOARD 起飞状态=未执行起飞 水平控制=位置保持 类型掩码=3520 实际位置NED=(0.060,-0.078,-0.288) 实际速度=(-0.000,0.001,0.001) 最终目标=(0.073,-0.090,-0.288) 指令位置=(0.073,-0.090,nan) 指令速度=(0.000,0.000,0.000) 指令加速度=(0.000,0.000,nan) 滚转角=-0.08度 俯仰角=-0.08度
15:39:16.723090 [轨迹] 序号=712 单调时间=20008.455931 时间=20008.456 模式=OFFBOARD 起飞状态=未执行起飞 水平控制=位置保持 类型掩码=3520 实际位置NED=(0.060,-0.078,-0.288) 实际速度=(-0.000,0.001,0.001) 最终目标=(0.073,-0.090,-0.288) 指令位置=(0.073,-0.090,nan) 指令速度=(0.000,0.000,0.000) 指令加速度=(0.000,0.000,nan) 滚转角=-0.08度 俯仰角=-0.08度
15:39:16.828073 [轨迹] 序号=713 单调时间=20008.560756 时间=20008.561 模式=OFFBOARD 起飞状态=未执行起飞 水平控制=位置保持 类型掩码=3520 实际位置NED=(0.060,-0.077,-0.288) 实际速度=(-0.001,0.001,0.001) 最终目标=(0.073,-0.090,-0.288) 指令位置=(0.073,-0.090,nan) 指令速度=(0.000,0.000,0.000) 指令加速度=(0.000,0.000,nan) 滚转角=-0.08度 俯仰角=-0.08度
15:39:16.930843 [轨迹] 序号=714 单调时间=20008.663624 时间=20008.664 模式=OFFBOARD 起飞状态=未执行起飞 水平控制=位置保持 类型掩码=3520 实际位置NED=(0.060,-0.077,-0.288) 实际速度=(-0.001,0.001,0.001) 最终目标=(0.073,-0.090,-0.288) 指令位置=(0.073,-0.090,nan) 指令速度=(0.000,0.000,0.000) 指令加速度=(0.000,0.000,nan) 滚转角=-0.08度 俯仰角=-0.08度
15:39:17.034521 [轨迹] 序号=715 单调时间=20008.767134 时间=20008.767 模式=OFFBOARD 起飞状态=未执行起飞 水平控制=位置保持 类型掩码=3520 实际位置NED=(0.060,-0.077,-0.288) 实际速度=(-0.000,0.001,0.001) 最终目标=(0.073,-0.090,-0.288) 指令位置=(0.073,-0.090,nan) 指令速度=(0.000,0.000,0.000) 指令加速度=(0.000,0.000,nan) 滚转角=-0.08度 俯仰角=-0.08度
15:39:17.137181 [轨迹] 序号=716 单调时间=20008.869965 时间=20008.870 模式=OFFBOARD 起飞状态=未执行起飞 水平控制=位置保持 类型掩码=3520 实际位置NED=(0.060,-0.077,-0.288) 实际速度=(-0.000,0.001,0.001) 最终目标=(0.073,-0.090,-0.288) 指令位置=(0.073,-0.090,nan) 指令速度=(0.000,0.000,0.000) 指令加速度=(0.000,0.000,nan) 滚转角=-0.08度 俯仰角=-0.08度
15:39:17.239947 [轨迹] 序号=717 单调时间=20008.972688 时间=20008.973 模式=OFFBOARD 起飞状态=未执行起飞 水平控制=位置保持 类型掩码=3520 实际位置NED=(0.060,-0.077,-0.288) 实际速度=(-0.000,0.001,0.001) 最终目标=(0.073,-0.090,-0.288) 指令位置=(0.073,-0.090,nan) 指令速度=(0.000,0.000,0.000) 指令加速度=(0.000,0.000,nan) 滚转角=-0.08度 俯仰角=-0.08度
15:39:17.343066 [轨迹] 序号=718 单调时间=20009.075786 时间=20009.076 模式=OFFBOARD 起飞状态=未执行起飞 水平控制=位置保持 类型掩码=3520 实际位置NED=(0.059,-0.077,-0.288) 实际速度=(-0.000,0.001,0.001) 最终目标=(0.073,-0.090,-0.288) 指令位置=(0.073,-0.090,nan) 指令速度=(0.000,0.000,0.000) 指令加速度=(0.000,0.000,nan) 滚转角=-0.08度 俯仰角=-0.08度
15:39:17.445381 [轨迹] 序号=719 单调时间=20009.178212 时间=20009.178 模式=OFFBOARD 起飞状态=未执行起飞 水平控制=位置保持 类型掩码=3520 实际位置NED=(0.059,-0.076,-0.288) 实际速度=(-0.000,0.001,0.001) 最终目标=(0.073,-0.090,-0.288) 指令位置=(0.073,-0.090,nan) 指令速度=(0.000,0.000,0.000) 指令加速度=(0.000,0.000,nan) 滚转角=-0.08度 俯仰角=-0.08度
15:39:17.547740 [轨迹] 序号=720 单调时间=20009.280536 时间=20009.281 模式=OFFBOARD 起飞状态=未执行起飞 水平控制=位置保持 类型掩码=3520 实际位置NED=(0.059,-0.076,-0.288) 实际速度=(-0.000,0.001,0.001) 最终目标=(0.073,-0.090,-0.288) 指令位置=(0.073,-0.090,nan) 指令速度=(0.000,0.000,0.000) 指令加速度=(0.000,0.000,nan) 滚转角=-0.08度 俯仰角=-0.08度
15:39:17.650311 [轨迹] 序号=721 单调时间=20009.383045 时间=20009.383 模式=OFFBOARD 起飞状态=未执行起飞 水平控制=位置保持 类型掩码=3520 实际位置NED=(0.059,-0.076,-0.288) 实际速度=(-0.000,0.001,0.001) 最终目标=(0.073,-0.090,-0.288) 指令位置=(0.073,-0.090,nan) 指令速度=(0.000,0.000,0.000) 指令加速度=(0.000,0.000,nan) 滚转角=-0.08度 俯仰角=-0.08度
15:39:17.753299 [轨迹] 序号=722 单调时间=20009.486130 时间=20009.486 模式=OFFBOARD 起飞状态=未执行起飞 水平控制=位置保持 类型掩码=3520 实际位置NED=(0.059,-0.076,-0.288) 实际速度=(-0.000,0.001,0.001) 最终目标=(0.073,-0.090,-0.288) 指令位置=(0.073,-0.090,nan) 指令速度=(0.000,0.000,0.000) 指令加速度=(0.000,0.000,nan) 滚转角=-0.08度 俯仰角=-0.08度
15:39:17.855991 [轨迹] 序号=723 单调时间=20009.588723 时间=20009.589 模式=OFFBOARD 起飞状态=未执行起飞 水平控制=位置保持 类型掩码=3520 实际位置NED=(0.059,-0.076,-0.288) 实际速度=(-0.000,0.001,0.001) 最终目标=(0.073,-0.090,-0.288) 指令位置=(0.073,-0.090,nan) 指令速度=(0.000,0.000,0.000) 指令加速度=(0.000,0.000,nan) 滚转角=-0.08度 俯仰角=-0.08度
15:39:17.958532 [轨迹] 序号=724 单调时间=20009.691207 时间=20009.691 模式=OFFBOARD 起飞状态=未执行起飞 水平控制=位置保持 类型掩码=3520 实际位置NED=(0.059,-0.076,-0.288) 实际速度=(-0.000,0.001,0.001) 最终目标=(0.073,-0.090,-0.288) 指令位置=(0.073,-0.090,nan) 指令速度=(0.000,0.000,0.000) 指令加速度=(0.000,0.000,nan) 滚转角=-0.08度 俯仰角=-0.08度
15:39:18.060203 [轨迹] 序号=725 单调时间=20009.792954 时间=20009.793 模式=OFFBOARD 起飞状态=未执行起飞 水平控制=位置保持 类型掩码=3520 实际位置NED=(0.059,-0.075,-0.288) 实际速度=(0.000,0.001,0.001) 最终目标=(0.073,-0.090,-0.288) 指令位置=(0.073,-0.090,nan) 指令速度=(0.000,0.000,0.000) 指令加速度=(0.000,0.000,nan) 滚转角=-0.08度 俯仰角=-0.08度
15:39:19.256119 [轨迹] 序号=726 单调时间=20009.895812 时间=20009.896 模式=OFFBOARD 起飞状态=未执行起飞 水平控制=位置保持 类型掩码=3520 实际位置NED=(0.059,-0.075,-0.288) 实际速度=(0.000,0.001,0.001) 最终目标=(0.073,-0.090,-0.288) 指令位置=(0.073,-0.090,nan) 指令速度=(0.000,0.000,0.000) 指令加速度=(0.000,0.000,nan) 滚转角=-0.08度 俯仰角=-0.08度
15:39:19.358920 [轨迹] 序号=727 单调时间=20009.998573 时间=20009.999 模式=OFFBOARD 起飞状态=未执行起飞 水平控制=位置保持 类型掩码=3520 实际位置NED=(0.058,-0.075,-0.288) 实际速度=(0.000,0.001,0.001) 最终目标=(0.073,-0.090,-0.288) 指令位置=(0.073,-0.090,nan) 指令速度=(0.000,0.000,0.000) 指令加速度=(0.000,0.000,nan) 滚转角=-0.08度 俯仰角=-0.08度
15:39:19.461453 [轨迹] 序号=728 单调时间=20010.101044 时间=20010.101 模式=OFFBOARD 起飞状态=未执行起飞 水平控制=位置保持 类型掩码=3520 实际位置NED=(0.058,-0.075,-0.288) 实际速度=(0.000,0.001,0.001) 最终目标=(0.073,-0.090,-0.288) 指令位置=(0.073,-0.090,nan) 指令速度=(0.000,0.000,0.000) 指令加速度=(0.000,0.000,nan) 滚转角=-0.08度 俯仰角=-0.08度
15:39:19.564184 [轨迹] 序号=729 单调时间=20010.203754 时间=20010.204 模式=OFFBOARD 起飞状态=未执行起飞 水平控制=位置保持 类型掩码=3520 实际位置NED=(0.058,-0.075,-0.288) 实际速度=(-0.000,0.000,0.000) 最终目标=(0.073,-0.090,-0.288) 指令位置=(0.073,-0.090,nan) 指令速度=(0.000,0.000,0.000) 指令加速度=(0.000,0.000,nan) 滚转角=-0.08度 俯仰角=-0.08度
15:39:19.666994 [轨迹] 序号=730 单调时间=20010.306648 时间=20010.307 模式=OFFBOARD 起飞状态=未执行起飞 水平控制=位置保持 类型掩码=3520 实际位置NED=(0.058,-0.075,-0.289) 实际速度=(0.000,0.000,0.000) 最终目标=(0.073,-0.090,-0.288) 指令位置=(0.073,-0.090,nan) 指令速度=(0.000,0.000,0.000) 指令加速度=(0.000,0.000,nan) 滚转角=-0.08度 俯仰角=-0.08度
15:39:19.769815 [轨迹] 序号=731 单调时间=20010.409311 时间=20010.409 模式=OFFBOARD 起飞状态=未执行起飞 水平控制=位置保持 类型掩码=3520 实际位置NED=(0.058,-0.074,-0.289) 实际速度=(-0.000,0.000,0.000) 最终目标=(0.073,-0.090,-0.288) 指令位置=(0.073,-0.090,nan) 指令速度=(0.000,0.000,0.000) 指令加速度=(0.000,0.000,nan) 滚转角=-0.07度 俯仰角=-0.08度
15:39:19.872814 [轨迹] 序号=732 单调时间=20010.512491 时间=20010.512 模式=OFFBOARD 起飞状态=未执行起飞 水平控制=位置保持 类型掩码=3520 实际位置NED=(0.058,-0.074,-0.289) 实际速度=(-0.000,0.000,0.000) 最终目标=(0.073,-0.090,-0.288) 指令位置=(0.073,-0.090,nan) 指令速度=(0.000,0.000,0.000) 指令加速度=(0.000,0.000,nan) 滚转角=-0.07度 俯仰角=-0.08度
15:39:19.975614 [轨迹] 序号=733 单调时间=20010.615141 时间=20010.615 模式=OFFBOARD 起飞状态=未执行起飞 水平控制=位置保持 类型掩码=3520 实际位置NED=(0.058,-0.074,-0.289) 实际速度=(-0.000,0.000,0.000) 最终目标=(0.073,-0.090,-0.288) 指令位置=(0.073,-0.090,nan) 指令速度=(0.000,0.000,0.000) 指令加速度=(0.000,0.000,nan) 滚转角=-0.07度 俯仰角=-0.08度
15:39:20.078906 [轨迹] 序号=734 单调时间=20010.718638 时间=20010.719 模式=OFFBOARD 起飞状态=未执行起飞 水平控制=位置保持 类型掩码=3520 实际位置NED=(0.057,-0.074,-0.289) 实际速度=(-0.000,0.000,0.000) 最终目标=(0.073,-0.090,-0.288) 指令位置=(0.073,-0.090,nan) 指令速度=(0.000,0.000,0.000) 指令加速度=(0.000,0.000,nan) 滚转角=-0.07度 俯仰角=-0.08度
15:39:20.180398 [轨迹] 序号=735 单调时间=20010.820018 时间=20010.820 模式=OFFBOARD 起飞状态=未执行起飞 水平控制=位置保持 类型掩码=3520 实际位置NED=(0.057,-0.074,-0.289) 实际速度=(-0.000,0.000,0.000) 最终目标=(0.073,-0.090,-0.288) 指令位置=(0.073,-0.090,nan) 指令速度=(0.000,0.000,0.000) 指令加速度=(0.000,0.000,nan) 滚转角=-0.07度 俯仰角=-0.08度
15:39:20.283099 [轨迹] 序号=736 单调时间=20010.922695 时间=20010.923 模式=OFFBOARD 起飞状态=未执行起飞 水平控制=位置保持 类型掩码=3520 实际位置NED=(0.057,-0.074,-0.289) 实际速度=(-0.000,0.000,0.000) 最终目标=(0.073,-0.090,-0.288) 指令位置=(0.073,-0.090,nan) 指令速度=(0.000,0.000,0.000) 指令加速度=(0.000,0.000,nan) 滚转角=-0.07度 俯仰角=-0.08度
15:39:20.386309 [轨迹] 序号=737 单调时间=20011.026044 时间=20011.026 模式=OFFBOARD 起飞状态=未执行起飞 水平控制=位置保持 类型掩码=3520 实际位置NED=(0.057,-0.074,-0.289) 实际速度=(-0.001,0.000,0.000) 最终目标=(0.073,-0.090,-0.288) 指令位置=(0.073,-0.090,nan) 指令速度=(0.000,0.000,0.000) 指令加速度=(0.000,0.000,nan) 滚转角=-0.07度 俯仰角=-0.08度
15:39:20.488951 [轨迹] 序号=738 单调时间=20011.128621 时间=20011.129 模式=OFFBOARD 起飞状态=未执行起飞 水平控制=位置保持 类型掩码=3520 实际位置NED=(0.057,-0.073,-0.289) 实际速度=(-0.001,0.000,0.000) 最终目标=(0.073,-0.090,-0.288) 指令位置=(0.073,-0.090,nan) 指令速度=(0.000,0.000,0.000) 指令加速度=(0.000,0.000,nan) 滚转角=-0.07度 俯仰角=-0.08度
15:39:20.591455 [轨迹] 序号=739 单调时间=20011.231077 时间=20011.231 模式=OFFBOARD 起飞状态=未执行起飞 水平控制=位置保持 类型掩码=3520 实际位置NED=(0.057,-0.073,-0.289) 实际速度=(-0.000,0.000,-0.000) 最终目标=(0.073,-0.090,-0.288) 指令位置=(0.073,-0.090,nan) 指令速度=(0.000,0.000,0.000) 指令加速度=(0.000,0.000,nan) 滚转角=-0.07度 俯仰角=-0.08度
15:39:20.694237 [轨迹] 序号=740 单调时间=20011.333783 时间=20011.334 模式=OFFBOARD 起飞状态=未执行起飞 水平控制=位置保持 类型掩码=3520 实际位置NED=(0.056,-0.073,-0.289) 实际速度=(-0.001,0.000,-0.000) 最终目标=(0.073,-0.090,-0.288) 指令位置=(0.073,-0.090,nan) 指令速度=(0.000,0.000,0.000) 指令加速度=(0.000,0.000,nan) 滚转角=-0.07度 俯仰角=-0.08度
15:39:20.796790 [轨迹] 序号=741 单调时间=20011.436369 时间=20011.436 模式=OFFBOARD 起飞状态=未执行起飞 水平控制=位置保持 类型掩码=3520 实际位置NED=(0.056,-0.073,-0.289) 实际速度=(-0.001,0.000,-0.000) 最终目标=(0.073,-0.090,-0.288) 指令位置=(0.073,-0.090,nan) 指令速度=(0.000,0.000,0.000) 指令加速度=(0.000,0.000,nan) 滚转角=-0.07度 俯仰角=-0.08度
15:39:20.900570 [轨迹] 序号=742 单调时间=20011.540198 时间=20011.540 模式=OFFBOARD 起飞状态=未执行起飞 水平控制=位置保持 类型掩码=3520 实际位置NED=(0.056,-0.073,-0.289) 实际速度=(-0.001,0.000,-0.000) 最终目标=(0.073,-0.090,-0.288) 指令位置=(0.073,-0.090,nan) 指令速度=(0.000,0.000,0.000) 指令加速度=(0.000,0.000,nan) 滚转角=-0.07度 俯仰角=-0.08度
15:39:21.002946 [轨迹] 序号=743 单调时间=20011.642733 时间=20011.643 模式=OFFBOARD 起飞状态=未执行起飞 水平控制=位置保持 类型掩码=3520 实际位置NED=(0.056,-0.073,-0.289) 实际速度=(-0.001,0.000,-0.000) 最终目标=(0.073,-0.090,-0.288) 指令位置=(0.073,-0.090,nan) 指令速度=(0.000,0.000,0.000) 指令加速度=(0.000,0.000,nan) 滚转角=-0.07度 俯仰角=-0.08度
15:39:21.105533 [轨迹] 序号=744 单调时间=20011.745163 时间=20011.745 模式=OFFBOARD 起飞状态=未执行起飞 水平控制=位置保持 类型掩码=3520 实际位置NED=(0.056,-0.073,-0.289) 实际速度=(-0.001,0.000,-0.000) 最终目标=(0.073,-0.090,-0.288) 指令位置=(0.073,-0.090,nan) 指令速度=(0.000,0.000,0.000) 指令加速度=(0.000,0.000,nan) 滚转角=-0.07度 俯仰角=-0.08度
15:39:21.208397 [轨迹] 序号=745 单调时间=20011.847910 时间=20011.848 模式=OFFBOARD 起飞状态=未执行起飞 水平控制=位置保持 类型掩码=3520 实际位置NED=(0.056,-0.072,-0.289) 实际速度=(-0.001,0.001,-0.001) 最终目标=(0.073,-0.090,-0.288) 指令位置=(0.073,-0.090,nan) 指令速度=(0.000,0.000,0.000) 指令加速度=(0.000,0.000,nan) 滚转角=-0.07度 俯仰角=-0.08度
15:39:21.311153 [轨迹] 序号=746 单调时间=20011.950768 时间=20011.951 模式=OFFBOARD 起飞状态=未执行起飞 水平控制=位置保持 类型掩码=3520 实际位置NED=(0.056,-0.072,-0.289) 实际速度=(-0.001,0.001,-0.000) 最终目标=(0.073,-0.090,-0.288) 指令位置=(0.073,-0.090,nan) 指令速度=(0.000,0.000,0.000) 指令加速度=(0.000,0.000,nan) 滚转角=-0.07度 俯仰角=-0.08度
15:39:21.414269 [轨迹] 序号=747 单调时间=20012.053524 时间=20012.054 模式=OFFBOARD 起飞状态=未执行起飞 水平控制=位置保持 类型掩码=3520 实际位置NED=(0.056,-0.072,-0.289) 实际速度=(-0.000,0.001,-0.001) 最终目标=(0.073,-0.090,-0.288) 指令位置=(0.073,-0.090,nan) 指令速度=(0.000,0.000,0.000) 指令加速度=(0.000,0.000,nan) 滚转角=-0.07度 俯仰角=-0.08度
15:39:21.514489 [轨迹] 序号=748 单调时间=20012.153889 时间=20012.154 模式=OFFBOARD 起飞状态=未执行起飞 水平控制=位置保持 类型掩码=3520 实际位置NED=(0.056,-0.072,-0.289) 实际速度=(-0.000,0.001,-0.001) 最终目标=(0.073,-0.090,-0.288) 指令位置=(0.073,-0.090,nan) 指令速度=(0.000,0.000,0.000) 指令加速度=(0.000,0.000,nan) 滚转角=-0.07度 俯仰角=-0.08度
15:39:21.617410 [轨迹] 序号=749 单调时间=20012.257111 时间=20012.257 模式=OFFBOARD 起飞状态=未执行起飞 水平控制=位置保持 类型掩码=3520 实际位置NED=(0.055,-0.072,-0.289) 实际速度=(-0.000,0.001,-0.001) 最终目标=(0.073,-0.090,-0.288) 指令位置=(0.073,-0.090,nan) 指令速度=(0.000,0.000,0.000) 指令加速度=(0.000,0.000,nan) 滚转角=-0.07度 俯仰角=-0.08度
15:39:21.721270 [轨迹] 序号=750 单调时间=20012.360896 时间=20012.361 模式=OFFBOARD 起飞状态=未执行起飞 水平控制=位置保持 类型掩码=3520 实际位置NED=(0.055,-0.072,-0.289) 实际速度=(-0.000,0.001,-0.001) 最终目标=(0.073,-0.090,-0.288) 指令位置=(0.073,-0.090,nan) 指令速度=(0.000,0.000,0.000) 指令加速度=(0.000,0.000,nan) 滚转角=-0.07度 俯仰角=-0.08度
15:39:21.824022 [轨迹] 序号=751 单调时间=20012.463613 时间=20012.464 模式=OFFBOARD 起飞状态=未执行起飞 水平控制=位置保持 类型掩码=3520 实际位置NED=(0.055,-0.071,-0.289) 实际速度=(-0.000,0.001,-0.001) 最终目标=(0.073,-0.090,-0.288) 指令位置=(0.073,-0.090,nan) 指令速度=(0.000,0.000,0.000) 指令加速度=(0.000,0.000,nan) 滚转角=-0.07度 俯仰角=-0.08度
15:39:21.926732 [轨迹] 序号=752 单调时间=20012.566280 时间=20012.566 模式=OFFBOARD 起飞状态=未执行起飞 水平控制=位置保持 类型掩码=3520 实际位置NED=(0.055,-0.071,-0.289) 实际速度=(-0.000,0.000,-0.001) 最终目标=(0.073,-0.090,-0.288) 指令位置=(0.073,-0.090,nan) 指令速度=(0.000,0.000,0.000) 指令加速度=(0.000,0.000,nan) 滚转角=-0.07度 俯仰角=-0.08度
15:39:22.029753 [轨迹] 序号=753 单调时间=20012.669544 时间=20012.670 模式=OFFBOARD 起飞状态=未执行起飞 水平控制=位置保持 类型掩码=3520 实际位置NED=(0.055,-0.071,-0.289) 实际速度=(-0.000,0.000,-0.001) 最终目标=(0.073,-0.090,-0.288) 指令位置=(0.073,-0.090,nan) 指令速度=(0.000,0.000,0.000) 指令加速度=(0.000,0.000,nan) 滚转角=-0.07度 俯仰角=-0.08度
15:39:22.130985 [轨迹] 序号=754 单调时间=20012.770597 时间=20012.771 模式=OFFBOARD 起飞状态=未执行起飞 水平控制=位置保持 类型掩码=3520 实际位置NED=(0.055,-0.071,-0.289) 实际速度=(-0.000,0.000,-0.001) 最终目标=(0.073,-0.090,-0.288) 指令位置=(0.073,-0.090,nan) 指令速度=(0.000,0.000,0.000) 指令加速度=(0.000,0.000,nan) 滚转角=-0.07度 俯仰角=-0.08度
15:39:22.233776 [轨迹] 序号=755 单调时间=20012.873359 时间=20012.873 模式=OFFBOARD 起飞状态=未执行起飞 水平控制=位置保持 类型掩码=3520 实际位置NED=(0.055,-0.071,-0.289) 实际速度=(-0.000,0.000,-0.001) 最终目标=(0.073,-0.090,-0.288) 指令位置=(0.073,-0.090,nan) 指令速度=(0.000,0.000,0.000) 指令加速度=(0.000,0.000,nan) 滚转角=-0.07度 俯仰角=-0.08度
15:39:22.336795 [轨迹] 序号=756 单调时间=20012.976192 时间=20012.976 模式=OFFBOARD 起飞状态=未执行起飞 水平控制=位置保持 类型掩码=3520 实际位置NED=(0.055,-0.071,-0.289) 实际速度=(-0.000,0.000,-0.001) 最终目标=(0.073,-0.090,-0.288) 指令位置=(0.073,-0.090,nan) 指令速度=(0.000,0.000,0.000) 指令加速度=(0.000,0.000,nan) 滚转角=-0.07度 俯仰角=-0.08度
15:39:22.439712 [轨迹] 序号=757 单调时间=20013.079227 时间=20013.079 模式=OFFBOARD 起飞状态=未执行起飞 水平控制=位置保持 类型掩码=3520 实际位置NED=(0.055,-0.071,-0.289) 实际速度=(-0.000,0.000,-0.001) 最终目标=(0.073,-0.090,-0.288) 指令位置=(0.073,-0.090,nan) 指令速度=(0.000,0.000,0.000) 指令加速度=(0.000,0.000,nan) 滚转角=-0.07度 俯仰角=-0.08度
15:39:22.544034 [轨迹] 序号=758 单调时间=20013.183641 时间=20013.184 模式=OFFBOARD 起飞状态=未执行起飞 水平控制=位置保持 类型掩码=3520 实际位置NED=(0.055,-0.070,-0.289) 实际速度=(-0.000,0.000,-0.001) 最终目标=(0.073,-0.090,-0.288) 指令位置=(0.073,-0.090,nan) 指令速度=(0.000,0.000,0.000) 指令加速度=(0.000,0.000,nan) 滚转角=-0.07度 俯仰角=-0.08度
15:39:22.647315 [轨迹] 序号=759 单调时间=20013.286816 时间=20013.287 模式=OFFBOARD 起飞状态=未执行起飞 水平控制=位置保持 类型掩码=3520 实际位置NED=(0.055,-0.070,-0.289) 实际速度=(-0.000,0.000,-0.001) 最终目标=(0.073,-0.090,-0.288) 指令位置=(0.073,-0.090,nan) 指令速度=(0.000,0.000,0.000) 指令加速度=(0.000,0.000,nan) 滚转角=-0.07度 俯仰角=-0.09度
15:39:22.750150 [轨迹] 序号=760 单调时间=20013.389813 时间=20013.390 模式=OFFBOARD 起飞状态=未执行起飞 水平控制=位置保持 类型掩码=3520 实际位置NED=(0.055,-0.070,-0.289) 实际速度=(-0.000,0.001,-0.001) 最终目标=(0.073,-0.090,-0.288) 指令位置=(0.073,-0.090,nan) 指令速度=(0.000,0.000,0.000) 指令加速度=(0.000,0.000,nan) 滚转角=-0.07度 俯仰角=-0.09度
15:39:22.853025 [轨迹] 序号=761 单调时间=20013.492665 时间=20013.493 模式=OFFBOARD 起飞状态=未执行起飞 水平控制=位置保持 类型掩码=3520 实际位置NED=(0.055,-0.070,-0.289) 实际速度=(-0.000,0.001,-0.001) 最终目标=(0.073,-0.090,-0.288) 指令位置=(0.073,-0.090,nan) 指令速度=(0.000,0.000,0.000) 指令加速度=(0.000,0.000,nan) 滚转角=-0.07度 俯仰角=-0.09度
15:39:22.955953 [轨迹] 序号=762 单调时间=20013.595474 时间=20013.595 模式=OFFBOARD 起飞状态=未执行起飞 水平控制=位置保持 类型掩码=3520 实际位置NED=(0.055,-0.070,-0.289) 实际速度=(-0.000,0.001,-0.001) 最终目标=(0.073,-0.090,-0.288) 指令位置=(0.073,-0.090,nan) 指令速度=(0.000,0.000,0.000) 指令加速度=(0.000,0.000,nan) 滚转角=-0.07度 俯仰角=-0.09度
15:39:23.060074 [轨迹] 序号=763 单调时间=20013.699555 时间=20013.700 模式=OFFBOARD 起飞状态=未执行起飞 水平控制=位置保持 类型掩码=3520 实际位置NED=(0.055,-0.069,-0.290) 实际速度=(-0.000,0.001,-0.001) 最终目标=(0.073,-0.090,-0.288) 指令位置=(0.073,-0.090,nan) 指令速度=(0.000,0.000,0.000) 指令加速度=(0.000,0.000,nan) 滚转角=-0.08度 俯仰角=-0.09度
15:39:23.163036 [轨迹] 序号=764 单调时间=20013.802556 时间=20013.803 模式=OFFBOARD 起飞状态=未执行起飞 水平控制=位置保持 类型掩码=3520 实际位置NED=(0.055,-0.069,-0.290) 实际速度=(-0.000,0.001,-0.001) 最终目标=(0.073,-0.090,-0.288) 指令位置=(0.073,-0.090,nan) 指令速度=(0.000,0.000,0.000) 指令加速度=(0.000,0.000,nan) 滚转角=-0.07度 俯仰角=-0.09度
15:39:23.265590 [轨迹] 序号=765 单调时间=20013.905293 时间=20013.905 模式=OFFBOARD 起飞状态=未执行起飞 水平控制=位置保持 类型掩码=3520 实际位置NED=(0.055,-0.069,-0.290) 实际速度=(-0.000,0.001,-0.001) 最终目标=(0.073,-0.090,-0.288) 指令位置=(0.073,-0.090,nan) 指令速度=(0.000,0.000,0.000) 指令加速度=(0.000,0.000,nan) 滚转角=-0.08度 俯仰角=-0.09度
15:39:23.368222 [轨迹] 序号=766 单调时间=20014.007774 时间=20014.008 模式=OFFBOARD 起飞状态=未执行起飞 水平控制=位置保持 类型掩码=3520 实际位置NED=(0.055,-0.069,-0.290) 实际速度=(-0.000,0.001,-0.001) 最终目标=(0.073,-0.090,-0.288) 指令位置=(0.073,-0.090,nan) 指令速度=(0.000,0.000,0.000) 指令加速度=(0.000,0.000,nan) 滚转角=-0.08度 俯仰角=-0.09度
15:39:23.472336 [轨迹] 序号=767 单调时间=20014.111025 时间=20014.111 模式=OFFBOARD 起飞状态=未执行起飞 水平控制=位置保持 类型掩码=3520 实际位置NED=(0.055,-0.069,-0.290) 实际速度=(-0.000,0.001,-0.001) 最终目标=(0.073,-0.090,-0.288) 指令位置=(0.073,-0.090,nan) 指令速度=(0.000,0.000,0.000) 指令加速度=(0.000,0.000,nan) 滚转角=-0.08度 俯仰角=-0.09度
15:39:23.575324 [轨迹] 序号=768 单调时间=20014.214910 时间=20014.215 模式=OFFBOARD 起飞状态=未执行起飞 水平控制=位置保持 类型掩码=3520 实际位置NED=(0.055,-0.069,-0.290) 实际速度=(-0.000,0.001,-0.001) 最终目标=(0.073,-0.090,-0.288) 指令位置=(0.073,-0.090,nan) 指令速度=(0.000,0.000,0.000) 指令加速度=(0.000,0.000,nan) 滚转角=-0.08度 俯仰角=-0.09度
15:39:23.679361 [轨迹] 序号=769 单调时间=20014.319054 时间=20014.319 模式=OFFBOARD 起飞状态=未执行起飞 水平控制=位置保持 类型掩码=3520 实际位置NED=(0.055,-0.068,-0.290) 实际速度=(-0.000,0.001,-0.001) 最终目标=(0.073,-0.090,-0.288) 指令位置=(0.073,-0.090,nan) 指令速度=(0.000,0.000,0.000) 指令加速度=(0.000,0.000,nan) 滚转角=-0.08度 俯仰角=-0.09度
15:39:23.782460 [轨迹] 序号=770 单调时间=20014.422110 时间=20014.422 模式=OFFBOARD 起飞状态=未执行起飞 水平控制=位置保持 类型掩码=3520 实际位置NED=(0.055,-0.068,-0.290) 实际速度=(-0.000,0.000,-0.001) 最终目标=(0.073,-0.090,-0.288) 指令位置=(0.073,-0.090,nan) 指令速度=(0.000,0.000,0.000) 指令加速度=(0.000,0.000,nan) 滚转角=-0.08度 俯仰角=-0.09度
15:39:23.887341 [轨迹] 序号=771 单调时间=20014.526937 时间=20014.527 模式=OFFBOARD 起飞状态=未执行起飞 水平控制=位置保持 类型掩码=3520 实际位置NED=(0.055,-0.068,-0.290) 实际速度=(-0.000,0.000,-0.001) 最终目标=(0.073,-0.090,-0.288) 指令位置=(0.073,-0.090,nan) 指令速度=(0.000,0.000,0.000) 指令加速度=(0.000,0.000,nan) 滚转角=-0.08度 俯仰角=-0.08度
15:39:23.990705 [轨迹] 序号=772 单调时间=20014.630280 时间=20014.630 模式=OFFBOARD 起飞状态=未执行起飞 水平控制=位置保持 类型掩码=3520 实际位置NED=(0.054,-0.068,-0.290) 实际速度=(-0.000,0.000,-0.001) 最终目标=(0.073,-0.090,-0.288) 指令位置=(0.073,-0.090,nan) 指令速度=(0.000,0.000,0.000) 指令加速度=(0.000,0.000,nan) 滚转角=-0.08度 俯仰角=-0.08度
15:39:24.094341 [轨迹] 序号=773 单调时间=20014.733626 时间=20014.734 模式=OFFBOARD 起飞状态=未执行起飞 水平控制=位置保持 类型掩码=3520 实际位置NED=(0.054,-0.068,-0.290) 实际速度=(0.000,0.000,-0.001) 最终目标=(0.073,-0.090,-0.288) 指令位置=(0.073,-0.090,nan) 指令速度=(0.000,0.000,0.000) 指令加速度=(0.000,0.000,nan) 滚转角=-0.08度 俯仰角=-0.08度
15:39:24.198087 [轨迹] 序号=774 单调时间=20014.837516 时间=20014.838 模式=OFFBOARD 起飞状态=未执行起飞 水平控制=位置保持 类型掩码=3520 实际位置NED=(0.054,-0.068,-0.290) 实际速度=(0.000,0.000,-0.001) 最终目标=(0.073,-0.090,-0.288) 指令位置=(0.073,-0.090,nan) 指令速度=(0.000,0.000,0.000) 指令加速度=(0.000,0.000,nan) 滚转角=-0.08度 俯仰角=-0.08度
15:39:24.301899 [轨迹] 序号=775 单调时间=20014.941368 时间=20014.941 模式=OFFBOARD 起飞状态=未执行起飞 水平控制=位置保持 类型掩码=3520 实际位置NED=(0.054,-0.068,-0.290) 实际速度=(-0.000,-0.000,-0.001) 最终目标=(0.073,-0.090,-0.288) 指令位置=(0.073,-0.090,nan) 指令速度=(0.000,0.000,0.000) 指令加速度=(0.000,0.000,nan) 滚转角=-0.08度 俯仰角=-0.08度
15:39:24.404785 [轨迹] 序号=776 单调时间=20015.044489 时间=20015.044 模式=OFFBOARD 起飞状态=未执行起飞 水平控制=位置保持 类型掩码=3520 实际位置NED=(0.054,-0.068,-0.290) 实际速度=(0.000,0.000,-0.001) 最终目标=(0.073,-0.090,-0.288) 指令位置=(0.073,-0.090,nan) 指令速度=(0.000,0.000,0.000) 指令加速度=(0.000,0.000,nan) 滚转角=-0.08度 俯仰角=-0.08度
15:39:24.507791 [轨迹] 序号=777 单调时间=20015.147405 时间=20015.147 模式=OFFBOARD 起飞状态=未执行起飞 水平控制=位置保持 类型掩码=3520 实际位置NED=(0.054,-0.068,-0.290) 实际速度=(-0.000,0.000,-0.001) 最终目标=(0.073,-0.090,-0.288) 指令位置=(0.073,-0.090,nan) 指令速度=(0.000,0.000,0.000) 指令加速度=(0.000,0.000,nan) 滚转角=-0.08度 俯仰角=-0.08度
15:39:24.610585 [轨迹] 序号=778 单调时间=20015.250234 时间=20015.250 模式=OFFBOARD 起飞状态=未执行起飞 水平控制=位置保持 类型掩码=3520 实际位置NED=(0.054,-0.068,-0.290) 实际速度=(-0.000,0.000,-0.001) 最终目标=(0.073,-0.090,-0.288) 指令位置=(0.073,-0.090,nan) 指令速度=(0.000,0.000,0.000) 指令加速度=(0.000,0.000,nan) 滚转角=-0.08度 俯仰角=-0.08度
15:39:24.713559 [轨迹] 序号=779 单调时间=20015.353155 时间=20015.353 模式=OFFBOARD 起飞状态=未执行起飞 水平控制=位置保持 类型掩码=3520 实际位置NED=(0.054,-0.068,-0.290) 实际速度=(-0.000,0.000,-0.001) 最终目标=(0.073,-0.090,-0.288) 指令位置=(0.073,-0.090,nan) 指令速度=(0.000,0.000,0.000) 指令加速度=(0.000,0.000,nan) 滚转角=-0.08度 俯仰角=-0.08度
15:39:24.816609 [轨迹] 序号=780 单调时间=20015.456206 时间=20015.456 模式=OFFBOARD 起飞状态=未执行起飞 水平控制=位置保持 类型掩码=3520 实际位置NED=(0.054,-0.067,-0.290) 实际速度=(-0.000,0.000,-0.001) 最终目标=(0.073,-0.090,-0.288) 指令位置=(0.073,-0.090,nan) 指令速度=(0.000,0.000,0.000) 指令加速度=(0.000,0.000,nan) 滚转角=-0.08度 俯仰角=-0.08度
15:39:24.920808 [轨迹] 序号=781 单调时间=20015.560433 时间=20015.560 模式=OFFBOARD 起飞状态=未执行起飞 水平控制=位置保持 类型掩码=3520 实际位置NED=(0.054,-0.067,-0.290) 实际速度=(-0.000,0.001,-0.001) 最终目标=(0.073,-0.090,-0.288) 指令位置=(0.073,-0.090,nan) 指令速度=(0.000,0.000,0.000) 指令加速度=(0.000,0.000,nan) 滚转角=-0.08度 俯仰角=-0.08度
15:39:25.023645 [轨迹] 序号=782 单调时间=20015.663303 时间=20015.663 模式=OFFBOARD 起飞状态=未执行起飞 水平控制=位置保持 类型掩码=3520 实际位置NED=(0.054,-0.067,-0.290) 实际速度=(-0.001,0.001,-0.001) 最终目标=(0.073,-0.090,-0.288) 指令位置=(0.073,-0.090,nan) 指令速度=(0.000,0.000,0.000) 指令加速度=(0.000,0.000,nan) 滚转角=-0.08度 俯仰角=-0.08度
15:39:25.126068 [轨迹] 序号=783 单调时间=20015.765747 时间=20015.766 模式=OFFBOARD 起飞状态=未执行起飞 水平控制=位置保持 类型掩码=3520 实际位置NED=(0.054,-0.067,-0.290) 实际速度=(-0.000,0.001,-0.001) 最终目标=(0.073,-0.090,-0.288) 指令位置=(0.073,-0.090,nan) 指令速度=(0.000,0.000,0.000) 指令加速度=(0.000,0.000,nan) 滚转角=-0.08度 俯仰角=-0.08度
15:39:25.228168 [轨迹] 序号=784 单调时间=20015.867854 时间=20015.868 模式=OFFBOARD 起飞状态=未执行起飞 水平控制=位置保持 类型掩码=3520 实际位置NED=(0.054,-0.067,-0.290) 实际速度=(-0.000,0.001,-0.001) 最终目标=(0.073,-0.090,-0.288) 指令位置=(0.073,-0.090,nan) 指令速度=(0.000,0.000,0.000) 指令加速度=(0.000,0.000,nan) 滚转角=-0.08度 俯仰角=-0.08度
15:39:25.331011 [轨迹] 序号=785 单调时间=20015.970643 时间=20015.971 模式=OFFBOARD 起飞状态=未执行起飞 水平控制=位置保持 类型掩码=3520 实际位置NED=(0.053,-0.067,-0.290) 实际速度=(-0.000,0.001,-0.001) 最终目标=(0.073,-0.090,-0.288) 指令位置=(0.073,-0.090,nan) 指令速度=(0.000,0.000,0.000) 指令加速度=(0.000,0.000,nan) 滚转角=-0.08度 俯仰角=-0.08度
15:39:25.433834 [轨迹] 序号=786 单调时间=20016.073382 时间=20016.073 模式=OFFBOARD 起飞状态=未执行起飞 水平控制=位置保持 类型掩码=3520 实际位置NED=(0.053,-0.067,-0.290) 实际速度=(-0.000,0.001,-0.001) 最终目标=(0.073,-0.090,-0.288) 指令位置=(0.073,-0.090,nan) 指令速度=(0.000,0.000,0.000) 指令加速度=(0.000,0.000,nan) 滚转角=-0.08度 俯仰角=-0.08度
15:39:25.536276 [轨迹] 序号=787 单调时间=20016.175988 时间=20016.176 模式=OFFBOARD 起飞状态=未执行起飞 水平控制=位置保持 类型掩码=3520 实际位置NED=(0.053,-0.067,-0.290) 实际速度=(-0.000,0.001,-0.001) 最终目标=(0.073,-0.090,-0.288) 指令位置=(0.073,-0.090,nan) 指令速度=(0.000,0.000,0.000) 指令加速度=(0.000,0.000,nan) 滚转角=-0.08度 俯仰角=-0.08度
15:39:25.639440 [轨迹] 序号=788 单调时间=20016.279178 时间=20016.279 模式=OFFBOARD 起飞状态=未执行起飞 水平控制=位置保持 类型掩码=3520 实际位置NED=(0.053,-0.067,-0.290) 实际速度=(-0.000,0.001,-0.001) 最终目标=(0.073,-0.090,-0.288) 指令位置=(0.073,-0.090,nan) 指令速度=(0.000,0.000,0.000) 指令加速度=(0.000,0.000,nan) 滚转角=-0.08度 俯仰角=-0.08度
15:39:25.742421 [轨迹] 序号=789 单调时间=20016.382003 时间=20016.382 模式=OFFBOARD 起飞状态=未执行起飞 水平控制=位置保持 类型掩码=3520 实际位置NED=(0.053,-0.066,-0.290) 实际速度=(0.000,0.001,-0.001) 最终目标=(0.073,-0.090,-0.288) 指令位置=(0.073,-0.090,nan) 指令速度=(0.000,0.000,0.000) 指令加速度=(0.000,0.000,nan) 滚转角=-0.08度 俯仰角=-0.08度
15:39:25.845330 [轨迹] 序号=790 单调时间=20016.484917 时间=20016.485 模式=OFFBOARD 起飞状态=未执行起飞 水平控制=位置保持 类型掩码=3520 实际位置NED=(0.053,-0.066,-0.290) 实际速度=(0.000,0.001,-0.001) 最终目标=(0.073,-0.090,-0.288) 指令位置=(0.073,-0.090,nan) 指令速度=(0.000,0.000,0.000) 指令加速度=(0.000,0.000,nan) 滚转角=-0.08度 俯仰角=-0.08度
15:39:25.948070 [轨迹] 序号=791 单调时间=20016.587529 时间=20016.588 模式=OFFBOARD 起飞状态=未执行起飞 水平控制=位置保持 类型掩码=3520 实际位置NED=(0.053,-0.066,-0.290) 实际速度=(0.000,0.001,-0.001) 最终目标=(0.073,-0.090,-0.288) 指令位置=(0.073,-0.090,nan) 指令速度=(0.000,0.000,0.000) 指令加速度=(0.000,0.000,nan) 滚转角=-0.08度 俯仰角=-0.08度
15:39:26.051237 [轨迹] 序号=792 单调时间=20016.690714 时间=20016.691 模式=OFFBOARD 起飞状态=未执行起飞 水平控制=位置保持 类型掩码=3520 实际位置NED=(0.053,-0.066,-0.290) 实际速度=(0.000,0.001,-0.001) 最终目标=(0.073,-0.090,-0.288) 指令位置=(0.073,-0.090,nan) 指令速度=(0.000,0.000,0.000) 指令加速度=(0.000,0.000,nan) 滚转角=-0.08度 俯仰角=-0.08度
15:39:26.154784 [轨迹] 序号=793 单调时间=20016.793702 时间=20016.794 模式=OFFBOARD 起飞状态=未执行起飞 水平控制=位置保持 类型掩码=3520 实际位置NED=(0.053,-0.066,-0.290) 实际速度=(0.000,0.001,-0.000) 最终目标=(0.073,-0.090,-0.288) 指令位置=(0.073,-0.090,nan) 指令速度=(0.000,0.000,0.000) 指令加速度=(0.000,0.000,nan) 滚转角=-0.08度 俯仰角=-0.08度
15:39:26.257520 [轨迹] 序号=794 单调时间=20016.897105 时间=20016.897 模式=OFFBOARD 起飞状态=未执行起飞 水平控制=位置保持 类型掩码=3520 实际位置NED=(0.053,-0.066,-0.290) 实际速度=(0.000,0.001,-0.000) 最终目标=(0.073,-0.090,-0.288) 指令位置=(0.073,-0.090,nan) 指令速度=(0.000,0.000,0.000) 指令加速度=(0.000,0.000,nan) 滚转角=-0.08度 俯仰角=-0.08度
15:39:26.360659 [轨迹] 序号=795 单调时间=20017.000195 时间=20017.000 模式=OFFBOARD 起飞状态=未执行起飞 水平控制=位置保持 类型掩码=3520 实际位置NED=(0.053,-0.066,-0.290) 实际速度=(0.000,0.001,-0.000) 最终目标=(0.073,-0.090,-0.288) 指令位置=(0.073,-0.090,nan) 指令速度=(0.000,0.000,0.000) 指令加速度=(0.000,0.000,nan) 滚转角=-0.08度 俯仰角=-0.08度
15:39:26.462689 [轨迹] 序号=796 单调时间=20017.102215 时间=20017.102 模式=OFFBOARD 起飞状态=未执行起飞 水平控制=位置保持 类型掩码=3520 实际位置NED=(0.053,-0.066,-0.290) 实际速度=(0.000,0.001,-0.000) 最终目标=(0.073,-0.090,-0.288) 指令位置=(0.073,-0.090,nan) 指令速度=(0.000,0.000,0.000) 指令加速度=(0.000,0.000,nan) 滚转角=-0.08度 俯仰角=-0.08度
15:39:26.565715 [轨迹] 序号=797 单调时间=20017.205181 时间=20017.205 模式=OFFBOARD 起飞状态=未执行起飞 水平控制=位置保持 类型掩码=3520 实际位置NED=(0.053,-0.066,-0.289) 实际速度=(0.000,0.001,-0.000) 最终目标=(0.073,-0.090,-0.288) 指令位置=(0.073,-0.090,nan) 指令速度=(0.000,0.000,0.000) 指令加速度=(0.000,0.000,nan) 滚转角=-0.08度 俯仰角=-0.08度
15:39:26.670097 [轨迹] 序号=798 单调时间=20017.309679 时间=20017.310 模式=OFFBOARD 起飞状态=未执行起飞 水平控制=位置保持 类型掩码=3520 实际位置NED=(0.053,-0.065,-0.289) 实际速度=(-0.000,0.001,-0.000) 最终目标=(0.073,-0.090,-0.288) 指令位置=(0.073,-0.090,nan) 指令速度=(0.000,0.000,0.000) 指令加速度=(0.000,0.000,nan) 滚转角=-0.08度 俯仰角=-0.08度
15:39:26.773527 [轨迹] 序号=799 单调时间=20017.413257 时间=20017.413 模式=OFFBOARD 起飞状态=未执行起飞 水平控制=位置保持 类型掩码=3520 实际位置NED=(0.053,-0.065,-0.289) 实际速度=(-0.000,0.001,-0.000) 最终目标=(0.073,-0.090,-0.288) 指令位置=(0.073,-0.090,nan) 指令速度=(0.000,0.000,0.000) 指令加速度=(0.000,0.000,nan) 滚转角=-0.08度 俯仰角=-0.08度
15:39:26.876673 [轨迹] 序号=800 单调时间=20017.516209 时间=20017.516 模式=OFFBOARD 起飞状态=未执行起飞 水平控制=位置保持 类型掩码=3520 实际位置NED=(0.053,-0.065,-0.289) 实际速度=(-0.000,0.001,-0.000) 最终目标=(0.073,-0.090,-0.288) 指令位置=(0.073,-0.090,nan) 指令速度=(0.000,0.000,0.000) 指令加速度=(0.000,0.000,nan) 滚转角=-0.08度 俯仰角=-0.08度
15:39:26.980313 [轨迹] 序号=801 单调时间=20017.619947 时间=20017.620 模式=OFFBOARD 起飞状态=未执行起飞 水平控制=位置保持 类型掩码=3520 实际位置NED=(0.053,-0.065,-0.289) 实际速度=(-0.000,0.001,-0.000) 最终目标=(0.073,-0.090,-0.288) 指令位置=(0.073,-0.090,nan) 指令速度=(0.000,0.000,0.000) 指令加速度=(0.000,0.000,nan) 滚转角=-0.08度 俯仰角=-0.08度
15:39:27.082807 [轨迹] 序号=802 单调时间=20017.722338 时间=20017.722 模式=OFFBOARD 起飞状态=未执行起飞 水平控制=位置保持 类型掩码=3520 实际位置NED=(0.052,-0.065,-0.289) 实际速度=(-0.000,0.001,0.000) 最终目标=(0.073,-0.090,-0.288) 指令位置=(0.073,-0.090,nan) 指令速度=(0.000,0.000,0.000) 指令加速度=(0.000,0.000,nan) 滚转角=-0.08度 俯仰角=-0.08度
15:39:27.185445 [轨迹] 序号=803 单调时间=20017.825067 时间=20017.825 模式=OFFBOARD 起飞状态=未执行起飞 水平控制=位置保持 类型掩码=3520 实际位置NED=(0.052,-0.065,-0.289) 实际速度=(-0.000,0.001,0.000) 最终目标=(0.073,-0.090,-0.288) 指令位置=(0.073,-0.090,nan) 指令速度=(0.000,0.000,0.000) 指令加速度=(0.000,0.000,nan) 滚转角=-0.08度 俯仰角=-0.08度
15:39:27.287953 [轨迹] 序号=804 单调时间=20017.927601 时间=20017.928 模式=OFFBOARD 起飞状态=未执行起飞 水平控制=位置保持 类型掩码=3520 实际位置NED=(0.052,-0.065,-0.289) 实际速度=(-0.000,0.001,0.000) 最终目标=(0.073,-0.090,-0.288) 指令位置=(0.073,-0.090,nan) 指令速度=(0.000,0.000,0.000) 指令加速度=(0.000,0.000,nan) 滚转角=-0.08度 俯仰角=-0.08度
15:39:27.391071 [轨迹] 序号=805 单调时间=20018.030584 时间=20018.031 模式=OFFBOARD 起飞状态=未执行起飞 水平控制=位置保持 类型掩码=3520 实际位置NED=(0.052,-0.065,-0.289) 实际速度=(-0.000,0.001,0.000) 最终目标=(0.073,-0.090,-0.288) 指令位置=(0.073,-0.090,nan) 指令速度=(0.000,0.000,0.000) 指令加速度=(0.000,0.000,nan) 滚转角=-0.08度 俯仰角=-0.08度
15:39:27.493479 [轨迹] 序号=806 单调时间=20018.133152 时间=20018.133 模式=OFFBOARD 起飞状态=未执行起飞 水平控制=位置保持 类型掩码=3520 实际位置NED=(0.052,-0.065,-0.289) 实际速度=(-0.000,0.001,0.000) 最终目标=(0.073,-0.090,-0.288) 指令位置=(0.073,-0.090,nan) 指令速度=(0.000,0.000,0.000) 指令加速度=(0.000,0.000,nan) 滚转角=-0.08度 俯仰角=-0.08度
15:39:27.596230 [轨迹] 序号=807 单调时间=20018.235685 时间=20018.236 模式=OFFBOARD 起飞状态=未执行起飞 水平控制=位置保持 类型掩码=3520 实际位置NED=(0.052,-0.064,-0.289) 实际速度=(-0.000,0.001,0.001) 最终目标=(0.073,-0.090,-0.288) 指令位置=(0.073,-0.090,nan) 指令速度=(0.000,0.000,0.000) 指令加速度=(0.000,0.000,nan) 滚转角=-0.08度 俯仰角=-0.08度
15:39:27.700024 [轨迹] 序号=808 单调时间=20018.339670 时间=20018.340 模式=OFFBOARD 起飞状态=未执行起飞 水平控制=位置保持 类型掩码=3520 实际位置NED=(0.052,-0.064,-0.289) 实际速度=(-0.000,0.001,0.001) 最终目标=(0.073,-0.090,-0.288) 指令位置=(0.073,-0.090,nan) 指令速度=(0.000,0.000,0.000) 指令加速度=(0.000,0.000,nan) 滚转角=-0.08度 俯仰角=-0.08度
15:39:27.802263 [轨迹] 序号=809 单调时间=20018.441971 时间=20018.442 模式=OFFBOARD 起飞状态=未执行起飞 水平控制=位置保持 类型掩码=3520 实际位置NED=(0.052,-0.064,-0.289) 实际速度=(-0.000,0.001,0.001) 最终目标=(0.073,-0.090,-0.288) 指令位置=(0.073,-0.090,nan) 指令速度=(0.000,0.000,0.000) 指令加速度=(0.000,0.000,nan) 滚转角=-0.08度 俯仰角=-0.08度
15:39:27.905826 [轨迹] 序号=810 单调时间=20018.545469 时间=20018.545 模式=OFFBOARD 起飞状态=未执行起飞 水平控制=位置保持 类型掩码=3520 实际位置NED=(0.051,-0.064,-0.289) 实际速度=(-0.000,0.000,0.001) 最终目标=(0.073,-0.090,-0.288) 指令位置=(0.073,-0.090,nan) 指令速度=(0.000,0.000,0.000) 指令加速度=(0.000,0.000,nan) 滚转角=-0.08度 俯仰角=-0.08度
15:39:28.008890 [轨迹] 序号=811 单调时间=20018.648501 时间=20018.649 模式=OFFBOARD 起飞状态=未执行起飞 水平控制=位置保持 类型掩码=3520 实际位置NED=(0.051,-0.064,-0.289) 实际速度=(-0.000,0.000,0.001) 最终目标=(0.073,-0.090,-0.288) 指令位置=(0.073,-0.090,nan) 指令速度=(0.000,0.000,0.000) 指令加速度=(0.000,0.000,nan) 滚转角=-0.08度 俯仰角=-0.08度
15:39:28.116095 [轨迹] 序号=812 单调时间=20018.753395 时间=20018.753 模式=OFFBOARD 起飞状态=未执行起飞 水平控制=位置保持 类型掩码=3520 实际位置NED=(0.051,-0.064,-0.289) 实际速度=(-0.000,0.001,0.001) 最终目标=(0.073,-0.090,-0.288) 指令位置=(0.073,-0.090,nan) 指令速度=(0.000,0.000,0.000) 指令加速度=(0.000,0.000,nan) 滚转角=-0.08度 俯仰角=-0.08度
15:39:28.218854 [轨迹] 序号=813 单调时间=20018.858456 时间=20018.858 模式=OFFBOARD 起飞状态=未执行起飞 水平控制=位置保持 类型掩码=3520 实际位置NED=(0.051,-0.064,-0.289) 实际速度=(0.000,0.001,0.001) 最终目标=(0.073,-0.090,-0.288) 指令位置=(0.073,-0.090,nan) 指令速度=(0.000,0.000,0.000) 指令加速度=(0.000,0.000,nan) 滚转角=-0.08度 俯仰角=-0.08度
15:39:28.321581 [轨迹] 序号=814 单调时间=20018.961199 时间=20018.961 模式=OFFBOARD 起飞状态=未执行起飞 水平控制=位置保持 类型掩码=3520 实际位置NED=(0.051,-0.064,-0.289) 实际速度=(0.000,0.001,0.001) 最终目标=(0.073,-0.090,-0.288) 指令位置=(0.073,-0.090,nan) 指令速度=(0.000,0.000,0.000) 指令加速度=(0.000,0.000,nan) 滚转角=-0.08度 俯仰角=-0.08度
15:39:28.421810 [轨迹] 序号=815 单调时间=20019.061476 时间=20019.061 模式=OFFBOARD 起飞状态=未执行起飞 水平控制=位置保持 类型掩码=3520 实际位置NED=(0.051,-0.064,-0.288) 实际速度=(0.000,0.001,0.001) 最终目标=(0.073,-0.090,-0.288) 指令位置=(0.073,-0.090,nan) 指令速度=(0.000,0.000,0.000) 指令加速度=(0.000,0.000,nan) 滚转角=-0.08度 俯仰角=-0.08度
15:39:28.524363 [轨迹] 序号=816 单调时间=20019.163959 时间=20019.164 模式=OFFBOARD 起飞状态=未执行起飞 水平控制=位置保持 类型掩码=3520 实际位置NED=(0.051,-0.064,-0.288) 实际速度=(0.001,0.001,0.001) 最终目标=(0.073,-0.090,-0.288) 指令位置=(0.073,-0.090,nan) 指令速度=(0.000,0.000,0.000) 指令加速度=(0.000,0.000,nan) 滚转角=-0.08度 俯仰角=-0.08度
15:39:28.626809 [轨迹] 序号=817 单调时间=20019.266433 时间=20019.266 模式=OFFBOARD 起飞状态=未执行起飞 水平控制=位置保持 类型掩码=3520 实际位置NED=(0.051,-0.064,-0.288) 实际速度=(0.001,0.001,0.001) 最终目标=(0.073,-0.090,-0.288) 指令位置=(0.073,-0.090,nan) 指令速度=(0.000,0.000,0.000) 指令加速度=(0.000,0.000,nan) 滚转角=-0.08度 俯仰角=-0.08度
15:39:28.729755 [轨迹] 序号=818 单调时间=20019.369420 时间=20019.369 模式=OFFBOARD 起飞状态=未执行起飞 水平控制=位置保持 类型掩码=3520 实际位置NED=(0.051,-0.063,-0.288) 实际速度=(0.001,0.001,0.001) 最终目标=(0.073,-0.090,-0.288) 指令位置=(0.073,-0.090,nan) 指令速度=(0.000,0.000,0.000) 指令加速度=(0.000,0.000,nan) 滚转角=-0.08度 俯仰角=-0.08度
15:39:28.832421 [轨迹] 序号=819 单调时间=20019.472239 时间=20019.472 模式=OFFBOARD 起飞状态=未执行起飞 水平控制=位置保持 类型掩码=3520 实际位置NED=(0.051,-0.063,-0.288) 实际速度=(0.001,0.001,0.001) 最终目标=(0.073,-0.090,-0.288) 指令位置=(0.073,-0.090,nan) 指令速度=(0.000,0.000,0.000) 指令加速度=(0.000,0.000,nan) 滚转角=-0.08度 俯仰角=-0.08度
15:39:28.934888 [轨迹] 序号=820 单调时间=20019.574388 时间=20019.574 模式=OFFBOARD 起飞状态=未执行起飞 水平控制=位置保持 类型掩码=3520 实际位置NED=(0.051,-0.063,-0.288) 实际速度=(0.001,0.001,0.001) 最终目标=(0.073,-0.090,-0.288) 指令位置=(0.073,-0.090,nan) 指令速度=(0.000,0.000,0.000) 指令加速度=(0.000,0.000,nan) 滚转角=-0.08度 俯仰角=-0.08度
15:39:29.038567 [轨迹] 序号=821 单调时间=20019.677302 时间=20019.677 模式=OFFBOARD 起飞状态=未执行起飞 水平控制=位置保持 类型掩码=3520 实际位置NED=(0.050,-0.063,-0.288) 实际速度=(0.001,0.001,0.001) 最终目标=(0.073,-0.090,-0.288) 指令位置=(0.073,-0.090,nan) 指令速度=(0.000,0.000,0.000) 指令加速度=(0.000,0.000,nan) 滚转角=-0.08度 俯仰角=-0.08度
15:39:29.141287 [轨迹] 序号=822 单调时间=20019.780940 时间=20019.781 模式=OFFBOARD 起飞状态=未执行起飞 水平控制=位置保持 类型掩码=3520 实际位置NED=(0.050,-0.063,-0.288) 实际速度=(0.000,0.001,0.001) 最终目标=(0.073,-0.090,-0.288) 指令位置=(0.073,-0.090,nan) 指令速度=(0.000,0.000,0.000) 指令加速度=(0.000,0.000,nan) 滚转角=-0.09度 俯仰角=-0.08度
15:39:29.243586 [轨迹] 序号=823 单调时间=20019.883216 时间=20019.883 模式=OFFBOARD 起飞状态=未执行起飞 水平控制=位置保持 类型掩码=3520 实际位置NED=(0.050,-0.063,-0.288) 实际速度=(0.000,0.001,0.001) 最终目标=(0.073,-0.090,-0.288) 指令位置=(0.073,-0.090,nan) 指令速度=(0.000,0.000,0.000) 指令加速度=(0.000,0.000,nan) 滚转角=-0.08度 俯仰角=-0.08度
15:39:29.346106 [轨迹] 序号=824 单调时间=20019.985777 时间=20019.986 模式=OFFBOARD 起飞状态=未执行起飞 水平控制=位置保持 类型掩码=3520 实际位置NED=(0.050,-0.063,-0.288) 实际速度=(0.000,0.001,0.001) 最终目标=(0.073,-0.090,-0.288) 指令位置=(0.073,-0.090,nan) 指令速度=(0.000,0.000,0.000) 指令加速度=(0.000,0.000,nan) 滚转角=-0.09度 俯仰角=-0.08度
15:39:29.448508 [轨迹] 序号=825 单调时间=20020.088192 时间=20020.088 模式=OFFBOARD 起飞状态=未执行起飞 水平控制=位置保持 类型掩码=3520 实际位置NED=(0.050,-0.063,-0.288) 实际速度=(0.000,0.001,0.000) 最终目标=(0.073,-0.090,-0.288) 指令位置=(0.073,-0.090,nan) 指令速度=(0.000,0.000,0.000) 指令加速度=(0.000,0.000,nan) 滚转角=-0.09度 俯仰角=-0.08度
15:39:29.552033 [轨迹] 序号=826 单调时间=20020.191498 时间=20020.191 模式=OFFBOARD 起飞状态=未执行起飞 水平控制=位置保持 类型掩码=3520 实际位置NED=(0.050,-0.063,-0.288) 实际速度=(0.000,0.001,0.000) 最终目标=(0.073,-0.090,-0.288) 指令位置=(0.073,-0.090,nan) 指令速度=(0.000,0.000,0.000) 指令加速度=(0.000,0.000,nan) 滚转角=-0.08度 俯仰角=-0.08度
15:39:29.654448 [轨迹] 序号=827 单调时间=20020.294171 时间=20020.294 模式=OFFBOARD 起飞状态=未执行起飞 水平控制=位置保持 类型掩码=3520 实际位置NED=(0.050,-0.062,-0.288) 实际速度=(0.000,0.001,0.000) 最终目标=(0.073,-0.090,-0.288) 指令位置=(0.073,-0.090,nan) 指令速度=(0.000,0.000,0.000) 指令加速度=(0.000,0.000,nan) 滚转角=-0.08度 俯仰角=-0.08度
15:39:29.756805 [轨迹] 序号=828 单调时间=20020.396492 时间=20020.396 模式=OFFBOARD 起飞状态=未执行起飞 水平控制=位置保持 类型掩码=3520 实际位置NED=(0.050,-0.062,-0.288) 实际速度=(0.000,0.001,0.000) 最终目标=(0.073,-0.090,-0.288) 指令位置=(0.073,-0.090,nan) 指令速度=(0.000,0.000,0.000) 指令加速度=(0.000,0.000,nan) 滚转角=-0.08度 俯仰角=-0.08度
15:39:29.859688 [轨迹] 序号=829 单调时间=20020.499380 时间=20020.499 模式=OFFBOARD 起飞状态=未执行起飞 水平控制=位置保持 类型掩码=3520 实际位置NED=(0.050,-0.062,-0.289) 实际速度=(0.000,0.001,0.000) 最终目标=(0.073,-0.090,-0.288) 指令位置=(0.073,-0.090,nan) 指令速度=(0.000,0.000,0.000) 指令加速度=(0.000,0.000,nan) 滚转角=-0.09度 俯仰角=-0.08度
15:39:29.961188 [轨迹] 序号=830 单调时间=20020.600863 时间=20020.601 模式=OFFBOARD 起飞状态=未执行起飞 水平控制=位置保持 类型掩码=3520 实际位置NED=(0.050,-0.062,-0.289) 实际速度=(0.000,0.000,0.000) 最终目标=(0.073,-0.090,-0.288) 指令位置=(0.073,-0.090,nan) 指令速度=(0.000,0.000,0.000) 指令加速度=(0.000,0.000,nan) 滚转角=-0.09度 俯仰角=-0.08度
15:39:30.061501 [轨迹] 序号=831 单调时间=20020.701142 时间=20020.701 模式=OFFBOARD 起飞状态=未执行起飞 水平控制=位置保持 类型掩码=3520 实际位置NED=(0.050,-0.062,-0.289) 实际速度=(0.000,0.000,0.000) 最终目标=(0.073,-0.090,-0.288) 指令位置=(0.073,-0.090,nan) 指令速度=(0.000,0.000,0.000) 指令加速度=(0.000,0.000,nan) 滚转角=-0.09度 俯仰角=-0.08度
15:39:30.164854 [轨迹] 序号=832 单调时间=20020.804499 时间=20020.804 模式=OFFBOARD 起飞状态=未执行起飞 水平控制=位置保持 类型掩码=3520 实际位置NED=(0.050,-0.062,-0.289) 实际速度=(0.000,0.000,0.000) 最终目标=(0.073,-0.090,-0.288) 指令位置=(0.073,-0.090,nan) 指令速度=(0.000,0.000,0.000) 指令加速度=(0.000,0.000,nan) 滚转角=-0.08度 俯仰角=-0.08度
15:39:30.270486 [轨迹] 序号=833 单调时间=20020.909389 时间=20020.909 模式=OFFBOARD 起飞状态=未执行起飞 水平控制=位置保持 类型掩码=3520 实际位置NED=(0.050,-0.062,-0.289) 实际速度=(0.000,0.000,0.000) 最终目标=(0.073,-0.090,-0.288) 指令位置=(0.073,-0.090,nan) 指令速度=(0.000,0.000,0.000) 指令加速度=(0.000,0.000,nan) 滚转角=-0.08度 俯仰角=-0.08度
15:39:30.373097 [轨迹] 序号=834 单调时间=20021.012841 时间=20021.013 模式=OFFBOARD 起飞状态=未执行起飞 水平控制=位置保持 类型掩码=3520 实际位置NED=(0.050,-0.061,-0.289) 实际速度=(0.000,0.000,0.000) 最终目标=(0.073,-0.090,-0.288) 指令位置=(0.073,-0.090,nan) 指令速度=(0.000,0.000,0.000) 指令加速度=(0.000,0.000,nan) 滚转角=-0.08度 俯仰角=-0.08度
15:39:30.475788 [轨迹] 序号=835 单调时间=20021.115362 时间=20021.115 模式=OFFBOARD 起飞状态=未执行起飞 水平控制=位置保持 类型掩码=3520 实际位置NED=(0.049,-0.061,-0.289) 实际速度=(0.000,0.000,0.000) 最终目标=(0.073,-0.090,-0.288) 指令位置=(0.073,-0.090,nan) 指令速度=(0.000,0.000,0.000) 指令加速度=(0.000,0.000,nan) 滚转角=-0.08度 俯仰角=-0.08度
15:39:30.576606 [轨迹] 序号=836 单调时间=20021.216242 时间=20021.216 模式=OFFBOARD 起飞状态=未执行起飞 水平控制=位置保持 类型掩码=3520 实际位置NED=(0.049,-0.061,-0.289) 实际速度=(0.000,0.000,0.000) 最终目标=(0.073,-0.090,-0.288) 指令位置=(0.073,-0.090,nan) 指令速度=(0.000,0.000,0.000) 指令加速度=(0.000,0.000,nan) 滚转角=-0.08度 俯仰角=-0.08度
15:39:30.678907 [轨迹] 序号=837 单调时间=20021.318496 时间=20021.318 模式=OFFBOARD 起飞状态=未执行起飞 水平控制=位置保持 类型掩码=3520 实际位置NED=(0.049,-0.061,-0.289) 实际速度=(0.000,0.000,0.000) 最终目标=(0.073,-0.090,-0.288) 指令位置=(0.073,-0.090,nan) 指令速度=(0.000,0.000,0.000) 指令加速度=(0.000,0.000,nan) 滚转角=-0.08度 俯仰角=-0.08度
15:39:30.782127 [轨迹] 序号=838 单调时间=20021.421516 时间=20021.422 模式=OFFBOARD 起飞状态=未执行起飞 水平控制=位置保持 类型掩码=3520 实际位置NED=(0.049,-0.061,-0.289) 实际速度=(0.000,0.000,0.000) 最终目标=(0.073,-0.090,-0.288) 指令位置=(0.073,-0.090,nan) 指令速度=(0.000,0.000,0.000) 指令加速度=(0.000,0.000,nan) 滚转角=-0.08度 俯仰角=-0.08度
15:39:30.885858 [轨迹] 序号=839 单调时间=20021.525343 时间=20021.525 模式=OFFBOARD 起飞状态=未执行起飞 水平控制=位置保持 类型掩码=3520 实际位置NED=(0.049,-0.061,-0.289) 实际速度=(0.000,0.000,0.000) 最终目标=(0.073,-0.090,-0.288) 指令位置=(0.073,-0.090,nan) 指令速度=(0.000,0.000,0.000) 指令加速度=(0.000,0.000,nan) 滚转角=-0.08度 俯仰角=-0.08度
15:39:30.988941 [轨迹] 序号=840 单调时间=20021.628592 时间=20021.629 模式=OFFBOARD 起飞状态=未执行起飞 水平控制=位置保持 类型掩码=3520 实际位置NED=(0.049,-0.061,-0.289) 实际速度=(0.000,0.000,0.000) 最终目标=(0.073,-0.090,-0.288) 指令位置=(0.073,-0.090,nan) 指令速度=(0.000,0.000,0.000) 指令加速度=(0.000,0.000,nan) 滚转角=-0.08度 俯仰角=-0.08度
15:39:31.091413 [轨迹] 序号=841 单调时间=20021.730936 时间=20021.731 模式=OFFBOARD 起飞状态=未执行起飞 水平控制=位置保持 类型掩码=3520 实际位置NED=(0.049,-0.061,-0.289) 实际速度=(0.000,0.001,0.000) 最终目标=(0.073,-0.090,-0.288) 指令位置=(0.073,-0.090,nan) 指令速度=(0.000,0.000,0.000) 指令加速度=(0.000,0.000,nan) 滚转角=-0.08度 俯仰角=-0.08度
15:39:31.193885 [轨迹] 序号=842 单调时间=20021.833552 时间=20021.834 模式=OFFBOARD 起飞状态=未执行起飞 水平控制=位置保持 类型掩码=3520 实际位置NED=(0.049,-0.060,-0.289) 实际速度=(0.000,0.001,0.000) 最终目标=(0.073,-0.090,-0.288) 指令位置=(0.073,-0.090,nan) 指令速度=(0.000,0.000,0.000) 指令加速度=(0.000,0.000,nan) 滚转角=-0.08度 俯仰角=-0.08度
15:39:31.297049 [轨迹] 序号=843 单调时间=20021.936648 时间=20021.937 模式=OFFBOARD 起飞状态=未执行起飞 水平控制=位置保持 类型掩码=3520 实际位置NED=(0.049,-0.060,-0.289) 实际速度=(0.000,0.001,0.000) 最终目标=(0.073,-0.090,-0.288) 指令位置=(0.073,-0.090,nan) 指令速度=(0.000,0.000,0.000) 指令加速度=(0.000,0.000,nan) 滚转角=-0.08度 俯仰角=-0.08度
15:39:31.397958 [轨迹] 序号=844 单调时间=20022.037271 时间=20022.037 模式=OFFBOARD 起飞状态=未执行起飞 水平控制=位置保持 类型掩码=3520 实际位置NED=(0.048,-0.060,-0.289) 实际速度=(0.000,0.001,0.000) 最终目标=(0.073,-0.090,-0.288) 指令位置=(0.073,-0.090,nan) 指令速度=(0.000,0.000,0.000) 指令加速度=(0.000,0.000,nan) 滚转角=-0.08度 俯仰角=-0.08度
15:39:31.500716 [轨迹] 序号=845 单调时间=20022.140299 时间=20022.140 模式=OFFBOARD 起飞状态=未执行起飞 水平控制=位置保持 类型掩码=3520 实际位置NED=(0.048,-0.060,-0.289) 实际速度=(0.000,0.001,0.000) 最终目标=(0.073,-0.090,-0.288) 指令位置=(0.073,-0.090,nan) 指令速度=(0.000,0.000,0.000) 指令加速度=(0.000,0.000,nan) 滚转角=-0.08度 俯仰角=-0.08度
15:39:31.603610 [轨迹] 序号=846 单调时间=20022.242904 时间=20022.243 模式=OFFBOARD 起飞状态=未执行起飞 水平控制=位置保持 类型掩码=3520 实际位置NED=(0.048,-0.060,-0.289) 实际速度=(0.000,0.001,0.000) 最终目标=(0.073,-0.090,-0.288) 指令位置=(0.073,-0.090,nan) 指令速度=(0.000,0.000,0.000) 指令加速度=(0.000,0.000,nan) 滚转角=-0.08度 俯仰角=-0.08度
15:39:31.706107 [轨迹] 序号=847 单调时间=20022.345721 时间=20022.346 模式=OFFBOARD 起飞状态=未执行起飞 水平控制=位置保持 类型掩码=3520 实际位置NED=(0.048,-0.060,-0.289) 实际速度=(0.000,0.000,0.000) 最终目标=(0.073,-0.090,-0.288) 指令位置=(0.073,-0.090,nan) 指令速度=(0.000,0.000,0.000) 指令加速度=(0.000,0.000,nan) 滚转角=-0.08度 俯仰角=-0.08度
15:39:31.808520 [轨迹] 序号=848 单调时间=20022.448163 时间=20022.448 模式=OFFBOARD 起飞状态=未执行起飞 水平控制=位置保持 类型掩码=3520 实际位置NED=(0.048,-0.060,-0.289) 实际速度=(0.000,0.000,0.000) 最终目标=(0.073,-0.090,-0.288) 指令位置=(0.073,-0.090,nan) 指令速度=(0.000,0.000,0.000) 指令加速度=(0.000,0.000,nan) 滚转角=-0.08度 俯仰角=-0.08度
15:39:31.911427 [轨迹] 序号=849 单调时间=20022.551030 时间=20022.551 模式=OFFBOARD 起飞状态=未执行起飞 水平控制=位置保持 类型掩码=3520 实际位置NED=(0.048,-0.060,-0.289) 实际速度=(0.000,0.000,0.000) 最终目标=(0.073,-0.090,-0.288) 指令位置=(0.073,-0.090,nan) 指令速度=(0.000,0.000,0.000) 指令加速度=(0.000,0.000,nan) 滚转角=-0.08度 俯仰角=-0.08度
15:39:32.016000 [轨迹] 序号=850 单调时间=20022.655609 时间=20022.656 模式=OFFBOARD 起飞状态=未执行起飞 水平控制=位置保持 类型掩码=3520 实际位置NED=(0.048,-0.060,-0.289) 实际速度=(0.000,0.000,0.000) 最终目标=(0.073,-0.090,-0.288) 指令位置=(0.073,-0.090,nan) 指令速度=(0.000,0.000,0.000) 指令加速度=(0.000,0.000,nan) 滚转角=-0.08度 俯仰角=-0.08度
15:39:32.118515 [轨迹] 序号=851 单调时间=20022.758259 时间=20022.758 模式=OFFBOARD 起飞状态=未执行起飞 水平控制=位置保持 类型掩码=3520 实际位置NED=(0.048,-0.060,-0.289) 实际速度=(0.000,0.000,0.001) 最终目标=(0.073,-0.090,-0.288) 指令位置=(0.073,-0.090,nan) 指令速度=(0.000,0.000,0.000) 指令加速度=(0.000,0.000,nan) 滚转角=-0.08度 俯仰角=-0.08度
15:39:32.221248 [轨迹] 序号=852 单调时间=20022.860726 时间=20022.861 模式=OFFBOARD 起飞状态=未执行起飞 水平控制=位置保持 类型掩码=3520 实际位置NED=(0.048,-0.059,-0.289) 实际速度=(-0.000,0.000,0.000) 最终目标=(0.073,-0.090,-0.288) 指令位置=(0.073,-0.090,nan) 指令速度=(0.000,0.000,0.000) 指令加速度=(0.000,0.000,nan) 滚转角=-0.08度 俯仰角=-0.07度
15:39:32.323901 [轨迹] 序号=853 单调时间=20022.963527 时间=20022.964 模式=OFFBOARD 起飞状态=未执行起飞 水平控制=位置保持 类型掩码=3520 实际位置NED=(0.048,-0.059,-0.289) 实际速度=(-0.000,0.000,0.000) 最终目标=(0.073,-0.090,-0.288) 指令位置=(0.073,-0.090,nan) 指令速度=(0.000,0.000,0.000) 指令加速度=(0.000,0.000,nan) 滚转角=-0.08度 俯仰角=-0.07度
15:39:32.427035 [轨迹] 序号=854 单调时间=20023.066304 时间=20023.066 模式=OFFBOARD 起飞状态=未执行起飞 水平控制=位置保持 类型掩码=3520 实际位置NED=(0.048,-0.059,-0.289) 实际速度=(-0.000,0.000,0.000) 最终目标=(0.073,-0.090,-0.288) 指令位置=(0.073,-0.090,nan) 指令速度=(0.000,0.000,0.000) 指令加速度=(0.000,0.000,nan) 滚转角=-0.08度 俯仰角=-0.07度
15:39:32.530242 [轨迹] 序号=855 单调时间=20023.169818 时间=20023.170 模式=OFFBOARD 起飞状态=未执行起飞 水平控制=位置保持 类型掩码=3520 实际位置NED=(0.048,-0.059,-0.289) 实际速度=(-0.000,-0.000,0.001) 最终目标=(0.073,-0.090,-0.288) 指令位置=(0.073,-0.090,nan) 指令速度=(0.000,0.000,0.000) 指令加速度=(0.000,0.000,nan) 滚转角=-0.08度 俯仰角=-0.07度
15:39:32.633113 [轨迹] 序号=856 单调时间=20023.272794 时间=20023.273 模式=OFFBOARD 起飞状态=未执行起飞 水平控制=位置保持 类型掩码=3520 实际位置NED=(0.048,-0.059,-0.289) 实际速度=(-0.000,-0.000,0.001) 最终目标=(0.073,-0.090,-0.288) 指令位置=(0.073,-0.090,nan) 指令速度=(0.000,0.000,0.000) 指令加速度=(0.000,0.000,nan) 滚转角=-0.08度 俯仰角=-0.07度
15:39:32.735602 [轨迹] 序号=857 单调时间=20023.375308 时间=20023.375 模式=OFFBOARD 起飞状态=未执行起飞 水平控制=位置保持 类型掩码=3520 实际位置NED=(0.048,-0.059,-0.289) 实际速度=(-0.000,-0.000,0.001) 最终目标=(0.073,-0.090,-0.288) 指令位置=(0.073,-0.090,nan) 指令速度=(0.000,0.000,0.000) 指令加速度=(0.000,0.000,nan) 滚转角=-0.08度 俯仰角=-0.07度
15:39:32.838277 [轨迹] 序号=858 单调时间=20023.478057 时间=20023.478 模式=OFFBOARD 起飞状态=未执行起飞 水平控制=位置保持 类型掩码=3520 实际位置NED=(0.047,-0.059,-0.289) 实际速度=(-0.000,-0.000,0.001) 最终目标=(0.073,-0.090,-0.288) 指令位置=(0.073,-0.090,nan) 指令速度=(0.000,0.000,0.000) 指令加速度=(0.000,0.000,nan) 滚转角=-0.08度 俯仰角=-0.07度
15:39:32.940524 [轨迹] 序号=859 单调时间=20023.580328 时间=20023.580 模式=OFFBOARD 起飞状态=未执行起飞 水平控制=位置保持 类型掩码=3520 实际位置NED=(0.047,-0.059,-0.289) 实际速度=(-0.000,-0.000,0.001) 最终目标=(0.073,-0.090,-0.288) 指令位置=(0.073,-0.090,nan) 指令速度=(0.000,0.000,0.000) 指令加速度=(0.000,0.000,nan) 滚转角=-0.08度 俯仰角=-0.07度
15:39:33.043178 [轨迹] 序号=860 单调时间=20023.682841 时间=20023.683 模式=OFFBOARD 起飞状态=未执行起飞 水平控制=位置保持 类型掩码=3520 实际位置NED=(0.047,-0.059,-0.289) 实际速度=(-0.000,-0.000,0.001) 最终目标=(0.073,-0.090,-0.288) 指令位置=(0.073,-0.090,nan) 指令速度=(0.000,0.000,0.000) 指令加速度=(0.000,0.000,nan) 滚转角=-0.08度 俯仰角=-0.07度
15:39:33.146149 [轨迹] 序号=861 单调时间=20023.785779 时间=20023.786 模式=OFFBOARD 起飞状态=未执行起飞 水平控制=位置保持 类型掩码=3520 实际位置NED=(0.047,-0.059,-0.288) 实际速度=(-0.000,-0.001,0.001) 最终目标=(0.073,-0.090,-0.288) 指令位置=(0.073,-0.090,nan) 指令速度=(0.000,0.000,0.000) 指令加速度=(0.000,0.000,nan) 滚转角=-0.08度 俯仰角=-0.07度
15:39:33.248584 [轨迹] 序号=862 单调时间=20023.888305 时间=20023.888 模式=OFFBOARD 起飞状态=未执行起飞 水平控制=位置保持 类型掩码=3520 实际位置NED=(0.047,-0.059,-0.288) 实际速度=(-0.000,-0.001,0.001) 最终目标=(0.073,-0.090,-0.288) 指令位置=(0.073,-0.090,nan) 指令速度=(0.000,0.000,0.000) 指令加速度=(0.000,0.000,nan) 滚转角=-0.08度 俯仰角=-0.07度
15:39:33.351585 [轨迹] 序号=863 单调时间=20023.991350 时间=20023.991 模式=OFFBOARD 起飞状态=未执行起飞 水平控制=位置保持 类型掩码=3520 实际位置NED=(0.047,-0.059,-0.288) 实际速度=(-0.000,-0.001,0.001) 最终目标=(0.073,-0.090,-0.288) 指令位置=(0.073,-0.090,nan) 指令速度=(0.000,0.000,0.000) 指令加速度=(0.000,0.000,nan) 滚转角=-0.08度 俯仰角=-0.07度
15:39:33.453997 [轨迹] 序号=864 单调时间=20024.093618 时间=20024.094 模式=OFFBOARD 起飞状态=未执行起飞 水平控制=位置保持 类型掩码=3520 实际位置NED=(0.047,-0.058,-0.288) 实际速度=(-0.000,-0.000,0.001) 最终目标=(0.073,-0.090,-0.288) 指令位置=(0.073,-0.090,nan) 指令速度=(0.000,0.000,0.000) 指令加速度=(0.000,0.000,nan) 滚转角=-0.08度 俯仰角=-0.07度
15:39:33.558755 [轨迹] 序号=865 单调时间=20024.198612 时间=20024.199 模式=OFFBOARD 起飞状态=未执行起飞 水平控制=位置保持 类型掩码=3520 实际位置NED=(0.047,-0.058,-0.288) 实际速度=(-0.000,-0.001,0.001) 最终目标=(0.073,-0.090,-0.288) 指令位置=(0.073,-0.090,nan) 指令速度=(0.000,0.000,0.000) 指令加速度=(0.000,0.000,nan) 滚转角=-0.08度 俯仰角=-0.07度
15:39:33.662179 [轨迹] 序号=866 单调时间=20024.301789 时间=20024.302 模式=OFFBOARD 起飞状态=未执行起飞 水平控制=位置保持 类型掩码=3520 实际位置NED=(0.047,-0.058,-0.288) 实际速度=(0.000,-0.001,0.001) 最终目标=(0.073,-0.090,-0.288) 指令位置=(0.073,-0.090,nan) 指令速度=(0.000,0.000,0.000) 指令加速度=(0.000,0.000,nan) 滚转角=-0.08度 俯仰角=-0.07度
15:39:33.764846 [轨迹] 序号=867 单调时间=20024.404475 时间=20024.404 模式=OFFBOARD 起飞状态=未执行起飞 水平控制=位置保持 类型掩码=3520 实际位置NED=(0.047,-0.058,-0.288) 实际速度=(0.000,-0.001,0.001) 最终目标=(0.073,-0.090,-0.288) 指令位置=(0.073,-0.090,nan) 指令速度=(0.000,0.000,0.000) 指令加速度=(0.000,0.000,nan) 滚转角=-0.08度 俯仰角=-0.07度
15:39:33.867665 [轨迹] 序号=868 单调时间=20024.507379 时间=20024.507 模式=OFFBOARD 起飞状态=未执行起飞 水平控制=位置保持 类型掩码=3520 实际位置NED=(0.047,-0.058,-0.288) 实际速度=(0.000,-0.001,0.001) 最终目标=(0.073,-0.090,-0.288) 指令位置=(0.073,-0.090,nan) 指令速度=(0.000,0.000,0.000) 指令加速度=(0.000,0.000,nan) 滚转角=-0.08度 俯仰角=-0.07度
15:39:33.970172 [轨迹] 序号=869 单调时间=20024.609673 时间=20024.610 模式=OFFBOARD 起飞状态=未执行起飞 水平控制=位置保持 类型掩码=3520 实际位置NED=(0.047,-0.058,-0.288) 实际速度=(0.000,-0.000,0.001) 最终目标=(0.073,-0.090,-0.288) 指令位置=(0.073,-0.090,nan) 指令速度=(0.000,0.000,0.000) 指令加速度=(0.000,0.000,nan) 滚转角=-0.08度 俯仰角=-0.07度
15:39:34.072872 [轨迹] 序号=870 单调时间=20024.712495 时间=20024.712 模式=OFFBOARD 起飞状态=未执行起飞 水平控制=位置保持 类型掩码=3520 实际位置NED=(0.047,-0.058,-0.288) 实际速度=(0.000,-0.000,0.001) 最终目标=(0.073,-0.090,-0.288) 指令位置=(0.073,-0.090,nan) 指令速度=(0.000,0.000,0.000) 指令加速度=(0.000,0.000,nan) 滚转角=-0.08度 俯仰角=-0.07度
15:39:34.175818 [轨迹] 序号=871 单调时间=20024.815469 时间=20024.815 模式=OFFBOARD 起飞状态=未执行起飞 水平控制=位置保持 类型掩码=3520 实际位置NED=(0.047,-0.058,-0.288) 实际速度=(0.000,-0.000,0.001) 最终目标=(0.073,-0.090,-0.288) 指令位置=(0.073,-0.090,nan) 指令速度=(0.000,0.000,0.000) 指令加速度=(0.000,0.000,nan) 滚转角=-0.08度 俯仰角=-0.07度
15:39:34.278470 [轨迹] 序号=872 单调时间=20024.918137 时间=20024.918 模式=OFFBOARD 起飞状态=未执行起飞 水平控制=位置保持 类型掩码=3520 实际位置NED=(0.047,-0.058,-0.288) 实际速度=(0.000,-0.000,0.001) 最终目标=(0.073,-0.090,-0.288) 指令位置=(0.073,-0.090,nan) 指令速度=(0.000,0.000,0.000) 指令加速度=(0.000,0.000,nan) 滚转角=-0.08度 俯仰角=-0.07度
15:39:34.380833 [轨迹] 序号=873 单调时间=20025.020423 时间=20025.020 模式=OFFBOARD 起飞状态=未执行起飞 水平控制=位置保持 类型掩码=3520 实际位置NED=(0.047,-0.057,-0.288) 实际速度=(0.000,-0.000,0.001) 最终目标=(0.073,-0.090,-0.288) 指令位置=(0.073,-0.090,nan) 指令速度=(0.000,0.000,0.000) 指令加速度=(0.000,0.000,nan) 滚转角=-0.08度 俯仰角=-0.07度
15:39:34.483421 [轨迹] 序号=874 单调时间=20025.123031 时间=20025.123 模式=OFFBOARD 起飞状态=未执行起飞 水平控制=位置保持 类型掩码=3520 实际位置NED=(0.047,-0.057,-0.288) 实际速度=(0.000,-0.000,0.001) 最终目标=(0.073,-0.090,-0.288) 指令位置=(0.073,-0.090,nan) 指令速度=(0.000,0.000,0.000) 指令加速度=(0.000,0.000,nan) 滚转角=-0.08度 俯仰角=-0.07度
15:39:34.586923 [轨迹] 序号=875 单调时间=20025.226482 时间=20025.226 模式=OFFBOARD 起飞状态=未执行起飞 水平控制=位置保持 类型掩码=3520 实际位置NED=(0.047,-0.057,-0.288) 实际速度=(0.000,-0.000,0.001) 最终目标=(0.073,-0.090,-0.288) 指令位置=(0.073,-0.090,nan) 指令速度=(0.000,0.000,0.000) 指令加速度=(0.000,0.000,nan) 滚转角=-0.08度 俯仰角=-0.07度
15:39:34.689988 [轨迹] 序号=876 单调时间=20025.329660 时间=20025.330 模式=OFFBOARD 起飞状态=未执行起飞 水平控制=位置保持 类型掩码=3520 实际位置NED=(0.047,-0.057,-0.288) 实际速度=(0.000,-0.000,0.001) 最终目标=(0.073,-0.090,-0.288) 指令位置=(0.073,-0.090,nan) 指令速度=(0.000,0.000,0.000) 指令加速度=(0.000,0.000,nan) 滚转角=-0.08度 俯仰角=-0.07度
15:39:34.800396 [轨迹] 序号=877 单调时间=20025.440117 时间=20025.440 模式=OFFBOARD 起飞状态=未执行起飞 水平控制=位置保持 类型掩码=3520 实际位置NED=(0.047,-0.057,-0.288) 实际速度=(0.000,-0.000,0.001) 最终目标=(0.073,-0.090,-0.288) 指令位置=(0.073,-0.090,nan) 指令速度=(0.000,0.000,0.000) 指令加速度=(0.000,0.000,nan) 滚转角=-0.08度 俯仰角=-0.07度
15:39:34.901125 [轨迹] 序号=878 单调时间=20025.540752 时间=20025.541 模式=OFFBOARD 起飞状态=未执行起飞 水平控制=位置保持 类型掩码=3520 实际位置NED=(0.047,-0.057,-0.288) 实际速度=(0.000,0.000,0.001) 最终目标=(0.073,-0.090,-0.288) 指令位置=(0.073,-0.090,nan) 指令速度=(0.000,0.000,0.000) 指令加速度=(0.000,0.000,nan) 滚转角=-0.08度 俯仰角=-0.07度
15:39:35.004183 [轨迹] 序号=879 单调时间=20025.643793 时间=20025.644 模式=OFFBOARD 起飞状态=未执行起飞 水平控制=位置保持 类型掩码=3520 实际位置NED=(0.047,-0.057,-0.288) 实际速度=(0.000,0.000,0.001) 最终目标=(0.073,-0.090,-0.288) 指令位置=(0.073,-0.090,nan) 指令速度=(0.000,0.000,0.000) 指令加速度=(0.000,0.000,nan) 滚转角=-0.08度 俯仰角=-0.07度
15:39:35.107093 [轨迹] 序号=880 单调时间=20025.746713 时间=20025.747 模式=OFFBOARD 起飞状态=未执行起飞 水平控制=位置保持 类型掩码=3520 实际位置NED=(0.047,-0.057,-0.288) 实际速度=(0.000,-0.000,0.001) 最终目标=(0.073,-0.090,-0.288) 指令位置=(0.073,-0.090,nan) 指令速度=(0.000,0.000,0.000) 指令加速度=(0.000,0.000,nan) 滚转角=-0.08度 俯仰角=-0.07度
15:39:35.210486 [轨迹] 序号=881 单调时间=20025.850135 时间=20025.850 模式=OFFBOARD 起飞状态=未执行起飞 水平控制=位置保持 类型掩码=3520 实际位置NED=(0.047,-0.056,-0.288) 实际速度=(0.000,-0.000,0.001) 最终目标=(0.073,-0.090,-0.288) 指令位置=(0.073,-0.090,nan) 指令速度=(0.000,0.000,0.000) 指令加速度=(0.000,0.000,nan) 滚转角=-0.08度 俯仰角=-0.07度
15:39:35.313040 [轨迹] 序号=882 单调时间=20025.952725 时间=20025.953 模式=OFFBOARD 起飞状态=未执行起飞 水平控制=位置保持 类型掩码=3520 实际位置NED=(0.047,-0.056,-0.288) 实际速度=(0.000,-0.000,0.001) 最终目标=(0.073,-0.090,-0.288) 指令位置=(0.073,-0.090,nan) 指令速度=(0.000,0.000,0.000) 指令加速度=(0.000,0.000,nan) 滚转角=-0.08度 俯仰角=-0.07度
15:39:35.415982 [轨迹] 序号=883 单调时间=20026.055606 时间=20026.056 模式=OFFBOARD 起飞状态=未执行起飞 水平控制=位置保持 类型掩码=3520 实际位置NED=(0.047,-0.056,-0.288) 实际速度=(0.000,-0.000,0.001) 最终目标=(0.073,-0.090,-0.288) 指令位置=(0.073,-0.090,nan) 指令速度=(0.000,0.000,0.000) 指令加速度=(0.000,0.000,nan) 滚转角=-0.08度 俯仰角=-0.07度
15:39:35.518477 [轨迹] 序号=884 单调时间=20026.158162 时间=20026.158 模式=OFFBOARD 起飞状态=未执行起飞 水平控制=位置保持 类型掩码=3520 实际位置NED=(0.047,-0.056,-0.288) 实际速度=(0.000,-0.000,0.001) 最终目标=(0.073,-0.090,-0.288) 指令位置=(0.073,-0.090,nan) 指令速度=(0.000,0.000,0.000) 指令加速度=(0.000,0.000,nan) 滚转角=-0.08度 俯仰角=-0.07度
15:39:35.621993 [轨迹] 序号=885 单调时间=20026.260761 时间=20026.261 模式=OFFBOARD 起飞状态=未执行起飞 水平控制=位置保持 类型掩码=3520 实际位置NED=(0.047,-0.056,-0.288) 实际速度=(0.000,-0.000,0.001) 最终目标=(0.073,-0.090,-0.288) 指令位置=(0.073,-0.090,nan) 指令速度=(0.000,0.000,0.000) 指令加速度=(0.000,0.000,nan) 滚转角=-0.08度 俯仰角=-0.07度
15:39:35.724825 [轨迹] 序号=886 单调时间=20026.364454 时间=20026.364 模式=OFFBOARD 起飞状态=未执行起飞 水平控制=位置保持 类型掩码=3520 实际位置NED=(0.047,-0.056,-0.288) 实际速度=(0.000,-0.000,0.001) 最终目标=(0.073,-0.090,-0.288) 指令位置=(0.073,-0.090,nan) 指令速度=(0.000,0.000,0.000) 指令加速度=(0.000,0.000,nan) 滚转角=-0.08度 俯仰角=-0.07度
15:39:35.827429 [轨迹] 序号=887 单调时间=20026.467010 时间=20026.467 模式=OFFBOARD 起飞状态=未执行起飞 水平控制=位置保持 类型掩码=3520 实际位置NED=(0.047,-0.056,-0.288) 实际速度=(0.000,-0.000,0.001) 最终目标=(0.073,-0.090,-0.288) 指令位置=(0.073,-0.090,nan) 指令速度=(0.000,0.000,0.000) 指令加速度=(0.000,0.000,nan) 滚转角=-0.08度 俯仰角=-0.07度
15:39:35.930903 [轨迹] 序号=888 单调时间=20026.570637 时间=20026.571 模式=OFFBOARD 起飞状态=未执行起飞 水平控制=位置保持 类型掩码=3520 实际位置NED=(0.047,-0.056,-0.288) 实际速度=(0.000,-0.000,0.001) 最终目标=(0.073,-0.090,-0.288) 指令位置=(0.073,-0.090,nan) 指令速度=(0.000,0.000,0.000) 指令加速度=(0.000,0.000,nan) 滚转角=-0.08度 俯仰角=-0.07度
15:39:36.033714 [轨迹] 序号=889 单调时间=20026.673463 时间=20026.673 模式=OFFBOARD 起飞状态=未执行起飞 水平控制=位置保持 类型掩码=3520 实际位置NED=(0.047,-0.056,-0.288) 实际速度=(-0.000,-0.000,0.001) 最终目标=(0.073,-0.090,-0.288) 指令位置=(0.073,-0.090,nan) 指令速度=(0.000,0.000,0.000) 指令加速度=(0.000,0.000,nan) 滚转角=-0.08度 俯仰角=-0.07度
15:39:36.136300 [轨迹] 序号=890 单调时间=20026.775956 时间=20026.776 模式=OFFBOARD 起飞状态=未执行起飞 水平控制=位置保持 类型掩码=3520 实际位置NED=(0.047,-0.055,-0.288) 实际速度=(-0.000,-0.000,0.001) 最终目标=(0.073,-0.090,-0.288) 指令位置=(0.073,-0.090,nan) 指令速度=(0.000,0.000,0.000) 指令加速度=(0.000,0.000,nan) 滚转角=-0.08度 俯仰角=-0.07度
15:39:36.239557 [轨迹] 序号=891 单调时间=20026.879228 时间=20026.879 模式=OFFBOARD 起飞状态=未执行起飞 水平控制=位置保持 类型掩码=3520 实际位置NED=(0.046,-0.055,-0.288) 实际速度=(-0.000,-0.000,0.001) 最终目标=(0.073,-0.090,-0.288) 指令位置=(0.073,-0.090,nan) 指令速度=(0.000,0.000,0.000) 指令加速度=(0.000,0.000,nan) 滚转角=-0.08度 俯仰角=-0.07度
15:39:36.342346 [轨迹] 序号=892 单调时间=20026.982017 时间=20026.982 模式=OFFBOARD 起飞状态=未执行起飞 水平控制=位置保持 类型掩码=3520 实际位置NED=(0.046,-0.055,-0.288) 实际速度=(-0.000,-0.000,0.001) 最终目标=(0.073,-0.090,-0.288) 指令位置=(0.073,-0.090,nan) 指令速度=(0.000,0.000,0.000) 指令加速度=(0.000,0.000,nan) 滚转角=-0.08度 俯仰角=-0.07度
15:39:36.444708 [轨迹] 序号=893 单调时间=20027.084361 时间=20027.084 模式=OFFBOARD 起飞状态=未执行起飞 水平控制=位置保持 类型掩码=3520 实际位置NED=(0.046,-0.055,-0.288) 实际速度=(-0.000,-0.000,0.001) 最终目标=(0.073,-0.090,-0.288) 指令位置=(0.073,-0.090,nan) 指令速度=(0.000,0.000,0.000) 指令加速度=(0.000,0.000,nan) 滚转角=-0.08度 俯仰角=-0.07度
15:39:36.549245 [轨迹] 序号=894 单调时间=20027.188777 时间=20027.189 模式=OFFBOARD 起飞状态=未执行起飞 水平控制=位置保持 类型掩码=3520 实际位置NED=(0.046,-0.055,-0.288) 实际速度=(-0.000,-0.000,0.001) 最终目标=(0.073,-0.090,-0.288) 指令位置=(0.073,-0.090,nan) 指令速度=(0.000,0.000,0.000) 指令加速度=(0.000,0.000,nan) 滚转角=-0.08度 俯仰角=-0.07度
15:39:36.651404 [轨迹] 序号=895 单调时间=20027.291085 时间=20027.291 模式=OFFBOARD 起飞状态=未执行起飞 水平控制=位置保持 类型掩码=3520 实际位置NED=(0.046,-0.055,-0.288) 实际速度=(-0.000,-0.000,0.001) 最终目标=(0.073,-0.090,-0.288) 指令位置=(0.073,-0.090,nan) 指令速度=(0.000,0.000,0.000) 指令加速度=(0.000,0.000,nan) 滚转角=-0.08度 俯仰角=-0.07度
15:39:36.754886 [轨迹] 序号=896 单调时间=20027.394582 时间=20027.395 模式=OFFBOARD 起飞状态=未执行起飞 水平控制=位置保持 类型掩码=3520 实际位置NED=(0.046,-0.055,-0.288) 实际速度=(-0.000,-0.000,0.001) 最终目标=(0.073,-0.090,-0.288) 指令位置=(0.073,-0.090,nan) 指令速度=(0.000,0.000,0.000) 指令加速度=(0.000,0.000,nan) 滚转角=-0.08度 俯仰角=-0.07度
15:39:36.858705 [轨迹] 序号=897 单调时间=20027.498505 时间=20027.499 模式=OFFBOARD 起飞状态=未执行起飞 水平控制=位置保持 类型掩码=3520 实际位置NED=(0.046,-0.055,-0.288) 实际速度=(-0.000,-0.000,0.001) 最终目标=(0.073,-0.090,-0.288) 指令位置=(0.073,-0.090,nan) 指令速度=(0.000,0.000,0.000) 指令加速度=(0.000,0.000,nan) 滚转角=-0.08度 俯仰角=-0.07度
15:39:36.961817 [轨迹] 序号=898 单调时间=20027.601315 时间=20027.601 模式=OFFBOARD 起飞状态=未执行起飞 水平控制=位置保持 类型掩码=3520 实际位置NED=(0.046,-0.055,-0.288) 实际速度=(-0.000,-0.000,0.001) 最终目标=(0.073,-0.090,-0.288) 指令位置=(0.073,-0.090,nan) 指令速度=(0.000,0.000,0.000) 指令加速度=(0.000,0.000,nan) 滚转角=-0.08度 俯仰角=-0.07度
15:39:37.064469 [轨迹] 序号=899 单调时间=20027.704129 时间=20027.704 模式=OFFBOARD 起飞状态=未执行起飞 水平控制=位置保持 类型掩码=3520 实际位置NED=(0.046,-0.055,-0.288) 实际速度=(-0.000,-0.000,0.001) 最终目标=(0.073,-0.090,-0.288) 指令位置=(0.073,-0.090,nan) 指令速度=(0.000,0.000,0.000) 指令加速度=(0.000,0.000,nan) 滚转角=-0.08度 俯仰角=-0.07度
15:39:37.166975 [轨迹] 序号=900 单调时间=20027.806588 时间=20027.807 模式=OFFBOARD 起飞状态=未执行起飞 水平控制=位置保持 类型掩码=3520 实际位置NED=(0.046,-0.055,-0.288) 实际速度=(-0.000,-0.000,0.001) 最终目标=(0.073,-0.090,-0.288) 指令位置=(0.073,-0.090,nan) 指令速度=(0.000,0.000,0.000) 指令加速度=(0.000,0.000,nan) 滚转角=-0.08度 俯仰角=-0.07度
15:39:37.269790 [轨迹] 序号=901 单调时间=20027.909409 时间=20027.909 模式=OFFBOARD 起飞状态=未执行起飞 水平控制=位置保持 类型掩码=3520 实际位置NED=(0.045,-0.055,-0.288) 实际速度=(-0.000,0.000,0.001) 最终目标=(0.073,-0.090,-0.288) 指令位置=(0.073,-0.090,nan) 指令速度=(0.000,0.000,0.000) 指令加速度=(0.000,0.000,nan) 滚转角=-0.08度 俯仰角=-0.07度
15:39:37.372642 [轨迹] 序号=902 单调时间=20028.012154 时间=20028.012 模式=OFFBOARD 起飞状态=未执行起飞 水平控制=位置保持 类型掩码=3520 实际位置NED=(0.045,-0.055,-0.288) 实际速度=(-0.000,0.000,0.001) 最终目标=(0.073,-0.090,-0.288) 指令位置=(0.073,-0.090,nan) 指令速度=(0.000,0.000,0.000) 指令加速度=(0.000,0.000,nan) 滚转角=-0.08度 俯仰角=-0.07度
15:39:37.476068 [轨迹] 序号=903 单调时间=20028.115744 时间=20028.116 模式=OFFBOARD 起飞状态=未执行起飞 水平控制=位置保持 类型掩码=3520 实际位置NED=(0.045,-0.055,-0.288) 实际速度=(-0.000,0.000,0.001) 最终目标=(0.073,-0.090,-0.288) 指令位置=(0.073,-0.090,nan) 指令速度=(0.000,0.000,0.000) 指令加速度=(0.000,0.000,nan) 滚转角=-0.08度 俯仰角=-0.07度
15:39:37.578650 [轨迹] 序号=904 单调时间=20028.218214 时间=20028.218 模式=OFFBOARD 起飞状态=未执行起飞 水平控制=位置保持 类型掩码=3520 实际位置NED=(0.045,-0.055,-0.288) 实际速度=(-0.000,-0.000,0.001) 最终目标=(0.073,-0.090,-0.288) 指令位置=(0.073,-0.090,nan) 指令速度=(0.000,0.000,0.000) 指令加速度=(0.000,0.000,nan) 滚转角=-0.08度 俯仰角=-0.07度
15:39:37.681450 [轨迹] 序号=905 单调时间=20028.321104 时间=20028.321 模式=OFFBOARD 起飞状态=未执行起飞 水平控制=位置保持 类型掩码=3520 实际位置NED=(0.045,-0.055,-0.288) 实际速度=(0.000,-0.000,0.001) 最终目标=(0.073,-0.090,-0.288) 指令位置=(0.073,-0.090,nan) 指令速度=(0.000,0.000,0.000) 指令加速度=(0.000,0.000,nan) 滚转角=-0.08度 俯仰角=-0.07度
15:39:37.784529 [轨迹] 序号=906 单调时间=20028.424205 时间=20028.424 模式=OFFBOARD 起飞状态=未执行起飞 水平控制=位置保持 类型掩码=3520 实际位置NED=(0.045,-0.055,-0.288) 实际速度=(0.000,-0.000,0.001) 最终目标=(0.073,-0.090,-0.288) 指令位置=(0.073,-0.090,nan) 指令速度=(0.000,0.000,0.000) 指令加速度=(0.000,0.000,nan) 滚转角=-0.08度 俯仰角=-0.07度
15:39:37.887682 [轨迹] 序号=907 单调时间=20028.527396 时间=20028.527 模式=OFFBOARD 起飞状态=未执行起飞 水平控制=位置保持 类型掩码=3520 实际位置NED=(0.045,-0.055,-0.288) 实际速度=(0.000,-0.000,0.001) 最终目标=(0.073,-0.090,-0.288) 指令位置=(0.073,-0.090,nan) 指令速度=(0.000,0.000,0.000) 指令加速度=(0.000,0.000,nan) 滚转角=-0.08度 俯仰角=-0.07度
15:39:37.990528 [轨迹] 序号=908 单调时间=20028.630127 时间=20028.630 模式=OFFBOARD 起飞状态=未执行起飞 水平控制=位置保持 类型掩码=3520 实际位置NED=(0.045,-0.055,-0.288) 实际速度=(0.000,-0.000,0.001) 最终目标=(0.073,-0.090,-0.288) 指令位置=(0.073,-0.090,nan) 指令速度=(0.000,0.000,0.000) 指令加速度=(0.000,0.000,nan) 滚转角=-0.08度 俯仰角=-0.07度
15:39:38.093598 [轨迹] 序号=909 单调时间=20028.733178 时间=20028.733 模式=OFFBOARD 起飞状态=未执行起飞 水平控制=位置保持 类型掩码=3520 实际位置NED=(0.045,-0.055,-0.288) 实际速度=(0.000,-0.000,0.001) 最终目标=(0.073,-0.090,-0.288) 指令位置=(0.073,-0.090,nan) 指令速度=(0.000,0.000,0.000) 指令加速度=(0.000,0.000,nan) 滚转角=-0.08度 俯仰角=-0.07度
15:39:38.196407 [轨迹] 序号=910 单调时间=20028.836074 时间=20028.836 模式=OFFBOARD 起飞状态=未执行起飞 水平控制=位置保持 类型掩码=3520 实际位置NED=(0.045,-0.055,-0.288) 实际速度=(0.000,-0.000,0.000) 最终目标=(0.073,-0.090,-0.288) 指令位置=(0.073,-0.090,nan) 指令速度=(0.000,0.000,0.000) 指令加速度=(0.000,0.000,nan) 滚转角=-0.08度 俯仰角=-0.07度
15:39:38.299056 [轨迹] 序号=911 单调时间=20028.938660 时间=20028.939 模式=OFFBOARD 起飞状态=未执行起飞 水平控制=位置保持 类型掩码=3520 实际位置NED=(0.045,-0.055,-0.288) 实际速度=(0.000,-0.000,0.001) 最终目标=(0.073,-0.090,-0.288) 指令位置=(0.073,-0.090,nan) 指令速度=(0.000,0.000,0.000) 指令加速度=(0.000,0.000,nan) 滚转角=-0.08度 俯仰角=-0.07度
15:39:38.401657 [轨迹] 序号=912 单调时间=20029.041357 时间=20029.041 模式=OFFBOARD 起飞状态=未执行起飞 水平控制=位置保持 类型掩码=3520 实际位置NED=(0.044,-0.054,-0.288) 实际速度=(0.000,-0.000,0.001) 最终目标=(0.073,-0.090,-0.288) 指令位置=(0.073,-0.090,nan) 指令速度=(0.000,0.000,0.000) 指令加速度=(0.000,0.000,nan) 滚转角=-0.08度 俯仰角=-0.07度
15:39:38.504660 [轨迹] 序号=913 单调时间=20029.144243 时间=20029.144 模式=OFFBOARD 起飞状态=未执行起飞 水平控制=位置保持 类型掩码=3520 实际位置NED=(0.044,-0.054,-0.288) 实际速度=(0.000,-0.000,0.001) 最终目标=(0.073,-0.090,-0.288) 指令位置=(0.073,-0.090,nan) 指令速度=(0.000,0.000,0.000) 指令加速度=(0.000,0.000,nan) 滚转角=-0.08度 俯仰角=-0.07度
15:39:38.607279 [轨迹] 序号=914 单调时间=20029.246961 时间=20029.247 模式=OFFBOARD 起飞状态=未执行起飞 水平控制=位置保持 类型掩码=3520 实际位置NED=(0.044,-0.054,-0.288) 实际速度=(0.000,-0.000,0.000) 最终目标=(0.073,-0.090,-0.288) 指令位置=(0.073,-0.090,nan) 指令速度=(0.000,0.000,0.000) 指令加速度=(0.000,0.000,nan) 滚转角=-0.08度 俯仰角=-0.07度
15:39:38.710093 [轨迹] 序号=915 单调时间=20029.349734 时间=20029.350 模式=OFFBOARD 起飞状态=未执行起飞 水平控制=位置保持 类型掩码=3520 实际位置NED=(0.044,-0.054,-0.289) 实际速度=(0.000,-0.000,0.000) 最终目标=(0.073,-0.090,-0.288) 指令位置=(0.073,-0.090,nan) 指令速度=(0.000,0.000,0.000) 指令加速度=(0.000,0.000,nan) 滚转角=-0.08度 俯仰角=-0.07度
15:39:38.814086 [轨迹] 序号=916 单调时间=20029.453734 时间=20029.454 模式=OFFBOARD 起飞状态=未执行起飞 水平控制=位置保持 类型掩码=3520 实际位置NED=(0.044,-0.054,-0.289) 实际速度=(0.000,-0.000,0.000) 最终目标=(0.073,-0.090,-0.288) 指令位置=(0.073,-0.090,nan) 指令速度=(0.000,0.000,0.000) 指令加速度=(0.000,0.000,nan) 滚转角=-0.08度 俯仰角=-0.07度
15:39:38.916879 [轨迹] 序号=917 单调时间=20029.556467 时间=20029.556 模式=OFFBOARD 起飞状态=未执行起飞 水平控制=位置保持 类型掩码=3520 实际位置NED=(0.044,-0.054,-0.289) 实际速度=(0.000,-0.001,0.000) 最终目标=(0.073,-0.090,-0.288) 指令位置=(0.073,-0.090,nan) 指令速度=(0.000,0.000,0.000) 指令加速度=(0.000,0.000,nan) 滚转角=-0.08度 俯仰角=-0.07度
15:39:39.019727 [轨迹] 序号=918 单调时间=20029.659266 时间=20029.659 模式=OFFBOARD 起飞状态=未执行起飞 水平控制=位置保持 类型掩码=3520 实际位置NED=(0.044,-0.054,-0.289) 实际速度=(0.000,-0.001,0.000) 最终目标=(0.073,-0.090,-0.288) 指令位置=(0.073,-0.090,nan) 指令速度=(0.000,0.000,0.000) 指令加速度=(0.000,0.000,nan) 滚转角=-0.08度 俯仰角=-0.07度
15:39:39.122019 [轨迹] 序号=919 单调时间=20029.761726 时间=20029.762 模式=OFFBOARD 起飞状态=未执行起飞 水平控制=位置保持 类型掩码=3520 实际位置NED=(0.044,-0.054,-0.289) 实际速度=(-0.000,-0.001,0.000) 最终目标=(0.073,-0.090,-0.288) 指令位置=(0.073,-0.090,nan) 指令速度=(0.000,0.000,0.000) 指令加速度=(0.000,0.000,nan) 滚转角=-0.08度 俯仰角=-0.07度
15:39:39.225044 [轨迹] 序号=920 单调时间=20029.864617 时间=20029.865 模式=OFFBOARD 起飞状态=未执行起飞 水平控制=位置保持 类型掩码=3520 实际位置NED=(0.044,-0.054,-0.289) 实际速度=(-0.000,-0.001,0.000) 最终目标=(0.073,-0.090,-0.288) 指令位置=(0.073,-0.090,nan) 指令速度=(0.000,0.000,0.000) 指令加速度=(0.000,0.000,nan) 滚转角=-0.08度 俯仰角=-0.07度
15:39:39.328122 [轨迹] 序号=921 单调时间=20029.967637 时间=20029.968 模式=OFFBOARD 起飞状态=未执行起飞 水平控制=位置保持 类型掩码=3520 实际位置NED=(0.044,-0.054,-0.289) 实际速度=(-0.000,-0.001,0.000) 最终目标=(0.073,-0.090,-0.288) 指令位置=(0.073,-0.090,nan) 指令速度=(0.000,0.000,0.000) 指令加速度=(0.000,0.000,nan) 滚转角=-0.08度 俯仰角=-0.07度
15:39:39.431364 [轨迹] 序号=922 单调时间=20030.070954 时间=20030.071 模式=OFFBOARD 起飞状态=未执行起飞 水平控制=位置保持 类型掩码=3520 实际位置NED=(0.044,-0.054,-0.289) 实际速度=(-0.000,-0.001,0.000) 最终目标=(0.073,-0.090,-0.288) 指令位置=(0.073,-0.090,nan) 指令速度=(0.000,0.000,0.000) 指令加速度=(0.000,0.000,nan) 滚转角=-0.08度 俯仰角=-0.07度
15:39:39.533701 [轨迹] 序号=923 单调时间=20030.173351 时间=20030.173 模式=OFFBOARD 起飞状态=未执行起飞 水平控制=位置保持 类型掩码=3520 实际位置NED=(0.044,-0.054,-0.289) 实际速度=(-0.000,-0.001,0.000) 最终目标=(0.073,-0.090,-0.288) 指令位置=(0.073,-0.090,nan) 指令速度=(0.000,0.000,0.000) 指令加速度=(0.000,0.000,nan) 滚转角=-0.08度 俯仰角=-0.07度
15:39:39.636396 [轨迹] 序号=924 单调时间=20030.275726 时间=20030.276 模式=OFFBOARD 起飞状态=未执行起飞 水平控制=位置保持 类型掩码=3520 实际位置NED=(0.044,-0.054,-0.289) 实际速度=(-0.000,-0.001,0.000) 最终目标=(0.073,-0.090,-0.288) 指令位置=(0.073,-0.090,nan) 指令速度=(0.000,0.000,0.000) 指令加速度=(0.000,0.000,nan) 滚转角=-0.08度 俯仰角=-0.07度
15:39:39.740069 [轨迹] 序号=925 单调时间=20030.379851 时间=20030.380 模式=OFFBOARD 起飞状态=未执行起飞 水平控制=位置保持 类型掩码=3520 实际位置NED=(0.044,-0.054,-0.289) 实际速度=(-0.000,-0.000,0.000) 最终目标=(0.073,-0.090,-0.288) 指令位置=(0.073,-0.090,nan) 指令速度=(0.000,0.000,0.000) 指令加速度=(0.000,0.000,nan) 滚转角=-0.08度 俯仰角=-0.07度
15:39:39.842741 [轨迹] 序号=926 单调时间=20030.482394 时间=20030.482 模式=OFFBOARD 起飞状态=未执行起飞 水平控制=位置保持 类型掩码=3520 实际位置NED=(0.044,-0.054,-0.289) 实际速度=(-0.001,-0.000,0.000) 最终目标=(0.073,-0.090,-0.288) 指令位置=(0.073,-0.090,nan) 指令速度=(0.000,0.000,0.000) 指令加速度=(0.000,0.000,nan) 滚转角=-0.08度 俯仰角=-0.07度
15:39:39.946025 [轨迹] 序号=927 单调时间=20030.585542 时间=20030.586 模式=OFFBOARD 起飞状态=未执行起飞 水平控制=位置保持 类型掩码=3520 实际位置NED=(0.044,-0.054,-0.289) 实际速度=(-0.001,-0.000,0.000) 最终目标=(0.073,-0.090,-0.288) 指令位置=(0.073,-0.090,nan) 指令速度=(0.000,0.000,0.000) 指令加速度=(0.000,0.000,nan) 滚转角=-0.08度 俯仰角=-0.07度
15:39:40.049335 [轨迹] 序号=928 单调时间=20030.689059 时间=20030.689 模式=OFFBOARD 起飞状态=未执行起飞 水平控制=位置保持 类型掩码=3520 实际位置NED=(0.044,-0.054,-0.289) 实际速度=(-0.001,-0.000,0.000) 最终目标=(0.073,-0.090,-0.288) 指令位置=(0.073,-0.090,nan) 指令速度=(0.000,0.000,0.000) 指令加速度=(0.000,0.000,nan) 滚转角=-0.08度 俯仰角=-0.07度
15:39:40.153072 [轨迹] 序号=929 单调时间=20030.792398 时间=20030.792 模式=OFFBOARD 起飞状态=未执行起飞 水平控制=位置保持 类型掩码=3520 实际位置NED=(0.044,-0.053,-0.289) 实际速度=(-0.000,-0.000,0.000) 最终目标=(0.073,-0.090,-0.288) 指令位置=(0.073,-0.090,nan) 指令速度=(0.000,0.000,0.000) 指令加速度=(0.000,0.000,nan) 滚转角=-0.08度 俯仰角=-0.07度
15:39:40.256061 [轨迹] 序号=930 单调时间=20030.895693 时间=20030.896 模式=OFFBOARD 起飞状态=未执行起飞 水平控制=位置保持 类型掩码=3520 实际位置NED=(0.044,-0.053,-0.289) 实际速度=(-0.000,-0.000,0.000) 最终目标=(0.073,-0.090,-0.288) 指令位置=(0.073,-0.090,nan) 指令速度=(0.000,0.000,0.000) 指令加速度=(0.000,0.000,nan) 滚转角=-0.08度 俯仰角=-0.07度
15:39:40.358687 [轨迹] 序号=931 单调时间=20030.998236 时间=20030.998 模式=OFFBOARD 起飞状态=未执行起飞 水平控制=位置保持 类型掩码=3520 实际位置NED=(0.044,-0.053,-0.289) 实际速度=(-0.000,-0.000,0.000) 最终目标=(0.073,-0.090,-0.288) 指令位置=(0.073,-0.090,nan) 指令速度=(0.000,0.000,0.000) 指令加速度=(0.000,0.000,nan) 滚转角=-0.08度 俯仰角=-0.07度
15:39:40.462478 [轨迹] 序号=932 单调时间=20031.101811 时间=20031.102 模式=OFFBOARD 起飞状态=未执行起飞 水平控制=位置保持 类型掩码=3520 实际位置NED=(0.044,-0.053,-0.289) 实际速度=(-0.000,-0.000,0.000) 最终目标=(0.073,-0.090,-0.288) 指令位置=(0.073,-0.090,nan) 指令速度=(0.000,0.000,0.000) 指令加速度=(0.000,0.000,nan) 滚转角=-0.08度 俯仰角=-0.07度
15:39:40.565633 [轨迹] 序号=933 单调时间=20031.205048 时间=20031.205 模式=OFFBOARD 起飞状态=未执行起飞 水平控制=位置保持 类型掩码=3520 实际位置NED=(0.044,-0.053,-0.289) 实际速度=(-0.000,-0.000,0.000) 最终目标=(0.073,-0.090,-0.288) 指令位置=(0.073,-0.090,nan) 指令速度=(0.000,0.000,0.000) 指令加速度=(0.000,0.000,nan) 滚转角=-0.08度 俯仰角=-0.07度
15:39:40.668495 [轨迹] 序号=934 单调时间=20031.307963 时间=20031.308 模式=OFFBOARD 起飞状态=未执行起飞 水平控制=位置保持 类型掩码=3520 实际位置NED=(0.044,-0.053,-0.289) 实际速度=(-0.000,-0.000,0.000) 最终目标=(0.073,-0.090,-0.288) 指令位置=(0.073,-0.090,nan) 指令速度=(0.000,0.000,0.000) 指令加速度=(0.000,0.000,nan) 滚转角=-0.08度 俯仰角=-0.07度
15:39:40.771751 [轨迹] 序号=935 单调时间=20031.410996 时间=20031.411 模式=OFFBOARD 起飞状态=未执行起飞 水平控制=位置保持 类型掩码=3520 实际位置NED=(0.044,-0.053,-0.289) 实际速度=(-0.000,-0.000,0.000) 最终目标=(0.073,-0.090,-0.288) 指令位置=(0.073,-0.090,nan) 指令速度=(0.000,0.000,0.000) 指令加速度=(0.000,0.000,nan) 滚转角=-0.08度 俯仰角=-0.07度
15:39:40.874680 [轨迹] 序号=936 单调时间=20031.514095 时间=20031.514 模式=OFFBOARD 起飞状态=未执行起飞 水平控制=位置保持 类型掩码=3520 实际位置NED=(0.044,-0.053,-0.289) 实际速度=(-0.000,-0.000,0.000) 最终目标=(0.073,-0.090,-0.288) 指令位置=(0.073,-0.090,nan) 指令速度=(0.000,0.000,0.000) 指令加速度=(0.000,0.000,nan) 滚转角=-0.08度 俯仰角=-0.07度
15:39:40.978128 [轨迹] 序号=937 单调时间=20031.617674 时间=20031.618 模式=OFFBOARD 起飞状态=未执行起飞 水平控制=位置保持 类型掩码=3520 实际位置NED=(0.044,-0.053,-0.289) 实际速度=(-0.000,-0.000,0.000) 最终目标=(0.073,-0.090,-0.288) 指令位置=(0.073,-0.090,nan) 指令速度=(0.000,0.000,0.000) 指令加速度=(0.000,0.000,nan) 滚转角=-0.08度 俯仰角=-0.07度
15:39:41.080553 [轨迹] 序号=938 单调时间=20031.720231 时间=20031.720 模式=OFFBOARD 起飞状态=未执行起飞 水平控制=位置保持 类型掩码=3520 实际位置NED=(0.044,-0.052,-0.289) 实际速度=(0.000,-0.000,0.000) 最终目标=(0.073,-0.090,-0.288) 指令位置=(0.073,-0.090,nan) 指令速度=(0.000,0.000,0.000) 指令加速度=(0.000,0.000,nan) 滚转角=-0.08度 俯仰角=-0.07度
15:39:41.182758 [轨迹] 序号=939 单调时间=20031.822398 时间=20031.822 模式=OFFBOARD 起飞状态=未执行起飞 水平控制=位置保持 类型掩码=3520 实际位置NED=(0.044,-0.052,-0.289) 实际速度=(0.000,-0.000,0.000) 最终目标=(0.073,-0.090,-0.288) 指令位置=(0.073,-0.090,nan) 指令速度=(0.000,0.000,0.000) 指令加速度=(0.000,0.000,nan) 滚转角=-0.08度 俯仰角=-0.07度
15:39:41.283573 [轨迹] 序号=940 单调时间=20031.923037 时间=20031.923 模式=OFFBOARD 起飞状态=未执行起飞 水平控制=位置保持 类型掩码=3520 实际位置NED=(0.044,-0.052,-0.289) 实际速度=(0.000,-0.000,0.000) 最终目标=(0.073,-0.090,-0.288) 指令位置=(0.073,-0.090,nan) 指令速度=(0.000,0.000,0.000) 指令加速度=(0.000,0.000,nan) 滚转角=-0.08度 俯仰角=-0.07度
15:39:41.387886 [轨迹] 序号=941 单调时间=20032.026790 时间=20032.027 模式=OFFBOARD 起飞状态=未执行起飞 水平控制=位置保持 类型掩码=3520 实际位置NED=(0.044,-0.052,-0.289) 实际速度=(0.000,-0.000,0.000) 最终目标=(0.073,-0.090,-0.288) 指令位置=(0.073,-0.090,nan) 指令速度=(0.000,0.000,0.000) 指令加速度=(0.000,0.000,nan) 滚转角=-0.08度 俯仰角=-0.07度
15:39:41.490419 [轨迹] 序号=942 单调时间=20032.130190 时间=20032.130 模式=OFFBOARD 起飞状态=未执行起飞 水平控制=位置保持 类型掩码=3520 实际位置NED=(0.044,-0.052,-0.289) 实际速度=(0.000,-0.000,0.000) 最终目标=(0.073,-0.090,-0.288) 指令位置=(0.073,-0.090,nan) 指令速度=(0.000,0.000,0.000) 指令加速度=(0.000,0.000,nan) 滚转角=-0.08度 俯仰角=-0.07度
15:39:41.593172 [轨迹] 序号=943 单调时间=20032.232421 时间=20032.232 模式=OFFBOARD 起飞状态=未执行起飞 水平控制=位置保持 类型掩码=3520 实际位置NED=(0.044,-0.052,-0.289) 实际速度=(0.000,-0.001,0.000) 最终目标=(0.073,-0.090,-0.288) 指令位置=(0.073,-0.090,nan) 指令速度=(0.000,0.000,0.000) 指令加速度=(0.000,0.000,nan) 滚转角=-0.08度 俯仰角=-0.07度
15:39:41.695766 [轨迹] 序号=944 单调时间=20032.335278 时间=20032.335 模式=OFFBOARD 起飞状态=未执行起飞 水平控制=位置保持 类型掩码=3520 实际位置NED=(0.044,-0.052,-0.289) 实际速度=(0.000,-0.000,0.000) 最终目标=(0.073,-0.090,-0.288) 指令位置=(0.073,-0.090,nan) 指令速度=(0.000,0.000,0.000) 指令加速度=(0.000,0.000,nan) 滚转角=-0.08度 俯仰角=-0.07度
15:39:41.798488 [轨迹] 序号=945 单调时间=20032.438088 时间=20032.438 模式=OFFBOARD 起飞状态=未执行起飞 水平控制=位置保持 类型掩码=3520 实际位置NED=(0.044,-0.052,-0.289) 实际速度=(0.000,-0.001,0.000) 最终目标=(0.073,-0.090,-0.288) 指令位置=(0.073,-0.090,nan) 指令速度=(0.000,0.000,0.000) 指令加速度=(0.000,0.000,nan) 滚转角=-0.08度 俯仰角=-0.07度
15:39:41.901525 [轨迹] 序号=946 单调时间=20032.541120 时间=20032.541 模式=OFFBOARD 起飞状态=未执行起飞 水平控制=位置保持 类型掩码=3520 实际位置NED=(0.044,-0.052,-0.289) 实际速度=(-0.000,-0.000,0.001) 最终目标=(0.073,-0.090,-0.288) 指令位置=(0.073,-0.090,nan) 指令速度=(0.000,0.000,0.000) 指令加速度=(0.000,0.000,nan) 滚转角=-0.08度 俯仰角=-0.07度
15:39:42.005436 [轨迹] 序号=947 单调时间=20032.645079 时间=20032.645 模式=OFFBOARD 起飞状态=未执行起飞 水平控制=位置保持 类型掩码=3520 实际位置NED=(0.044,-0.052,-0.289) 实际速度=(-0.000,-0.000,0.001) 最终目标=(0.073,-0.090,-0.288) 指令位置=(0.073,-0.090,nan) 指令速度=(0.000,0.000,0.000) 指令加速度=(0.000,0.000,nan) 滚转角=-0.08度 俯仰角=-0.07度
15:39:42.108523 [轨迹] 序号=948 单调时间=20032.748162 时间=20032.748 模式=OFFBOARD 起飞状态=未执行起飞 水平控制=位置保持 类型掩码=3520 实际位置NED=(0.044,-0.052,-0.289) 实际速度=(0.000,-0.001,0.001) 最终目标=(0.073,-0.090,-0.288) 指令位置=(0.073,-0.090,nan) 指令速度=(0.000,0.000,0.000) 指令加速度=(0.000,0.000,nan) 滚转角=-0.08度 俯仰角=-0.07度
15:39:42.211289 [轨迹] 序号=949 单调时间=20032.850909 时间=20032.851 模式=OFFBOARD 起飞状态=未执行起飞 水平控制=位置保持 类型掩码=3520 实际位置NED=(0.044,-0.052,-0.289) 实际速度=(0.000,-0.001,0.001) 最终目标=(0.073,-0.090,-0.288) 指令位置=(0.073,-0.090,nan) 指令速度=(0.000,0.000,0.000) 指令加速度=(0.000,0.000,nan) 滚转角=-0.08度 俯仰角=-0.07度
15:39:42.313851 [轨迹] 序号=950 单调时间=20032.953532 时间=20032.954 模式=OFFBOARD 起飞状态=未执行起飞 水平控制=位置保持 类型掩码=3520 实际位置NED=(0.044,-0.052,-0.288) 实际速度=(0.000,-0.001,0.001) 最终目标=(0.073,-0.090,-0.288) 指令位置=(0.073,-0.090,nan) 指令速度=(0.000,0.000,0.000) 指令加速度=(0.000,0.000,nan) 滚转角=-0.08度 俯仰角=-0.07度
15:39:42.414200 [轨迹] 序号=951 单调时间=20033.053884 时间=20033.054 模式=OFFBOARD 起飞状态=未执行起飞 水平控制=位置保持 类型掩码=3520 实际位置NED=(0.044,-0.051,-0.288) 实际速度=(0.000,-0.001,0.001) 最终目标=(0.073,-0.090,-0.288) 指令位置=(0.073,-0.090,nan) 指令速度=(0.000,0.000,0.000) 指令加速度=(0.000,0.000,nan) 滚转角=-0.08度 俯仰角=-0.07度
15:39:42.517165 [轨迹] 序号=952 单调时间=20033.156669 时间=20033.157 模式=OFFBOARD 起飞状态=未执行起飞 水平控制=位置保持 类型掩码=3520 实际位置NED=(0.044,-0.051,-0.288) 实际速度=(0.000,-0.001,0.001) 最终目标=(0.073,-0.090,-0.288) 指令位置=(0.073,-0.090,nan) 指令速度=(0.000,0.000,0.000) 指令加速度=(0.000,0.000,nan) 滚转角=-0.08度 俯仰角=-0.06度
15:39:42.619792 [轨迹] 序号=953 单调时间=20033.259414 时间=20033.259 模式=OFFBOARD 起飞状态=未执行起飞 水平控制=位置保持 类型掩码=3520 实际位置NED=(0.044,-0.051,-0.288) 实际速度=(0.000,-0.001,0.000) 最终目标=(0.073,-0.090,-0.288) 指令位置=(0.073,-0.090,nan) 指令速度=(0.000,0.000,0.000) 指令加速度=(0.000,0.000,nan) 滚转角=-0.08度 俯仰角=-0.07度
15:39:42.722427 [轨迹] 序号=954 单调时间=20033.362064 时间=20033.362 模式=OFFBOARD 起飞状态=未执行起飞 水平控制=位置保持 类型掩码=3520 实际位置NED=(0.044,-0.051,-0.288) 实际速度=(0.000,-0.001,0.001) 最终目标=(0.073,-0.090,-0.288) 指令位置=(0.073,-0.090,nan) 指令速度=(0.000,0.000,0.000) 指令加速度=(0.000,0.000,nan) 滚转角=-0.08度 俯仰角=-0.06度
15:39:42.825099 [轨迹] 序号=955 单调时间=20033.464738 时间=20033.465 模式=OFFBOARD 起飞状态=未执行起飞 水平控制=位置保持 类型掩码=3520 实际位置NED=(0.044,-0.051,-0.288) 实际速度=(0.000,-0.001,0.001) 最终目标=(0.073,-0.090,-0.288) 指令位置=(0.073,-0.090,nan) 指令速度=(0.000,0.000,0.000) 指令加速度=(0.000,0.000,nan) 滚转角=-0.08度 俯仰角=-0.07度
15:39:42.928280 [轨迹] 序号=956 单调时间=20033.567858 时间=20033.568 模式=OFFBOARD 起飞状态=未执行起飞 水平控制=位置保持 类型掩码=3520 实际位置NED=(0.044,-0.051,-0.288) 实际速度=(-0.000,-0.001,0.000) 最终目标=(0.073,-0.090,-0.288) 指令位置=(0.073,-0.090,nan) 指令速度=(0.000,0.000,0.000) 指令加速度=(0.000,0.000,nan) 滚转角=-0.08度 俯仰角=-0.06度
15:39:43.031020 [轨迹] 序号=957 单调时间=20033.670599 时间=20033.671 模式=OFFBOARD 起飞状态=未执行起飞 水平控制=位置保持 类型掩码=3520 实际位置NED=(0.044,-0.051,-0.288) 实际速度=(-0.000,-0.001,0.000) 最终目标=(0.073,-0.090,-0.288) 指令位置=(0.073,-0.090,nan) 指令速度=(0.000,0.000,0.000) 指令加速度=(0.000,0.000,nan) 滚转角=-0.08度 俯仰角=-0.07度
15:39:43.134068 [轨迹] 序号=958 单调时间=20033.773673 时间=20033.774 模式=OFFBOARD 起飞状态=未执行起飞 水平控制=位置保持 类型掩码=3520 实际位置NED=(0.044,-0.051,-0.288) 实际速度=(-0.000,-0.001,0.000) 最终目标=(0.073,-0.090,-0.288) 指令位置=(0.073,-0.090,nan) 指令速度=(0.000,0.000,0.000) 指令加速度=(0.000,0.000,nan) 滚转角=-0.08度 俯仰角=-0.07度
15:39:43.237043 [轨迹] 序号=959 单调时间=20033.876569 时间=20033.877 模式=OFFBOARD 起飞状态=未执行起飞 水平控制=位置保持 类型掩码=3520 实际位置NED=(0.044,-0.051,-0.288) 实际速度=(-0.000,-0.001,0.000) 最终目标=(0.073,-0.090,-0.288) 指令位置=(0.073,-0.090,nan) 指令速度=(0.000,0.000,0.000) 指令加速度=(0.000,0.000,nan) 滚转角=-0.08度 俯仰角=-0.07度
15:39:43.340948 [轨迹] 序号=960 单调时间=20033.980604 时间=20033.981 模式=OFFBOARD 起飞状态=未执行起飞 水平控制=位置保持 类型掩码=3520 实际位置NED=(0.044,-0.051,-0.288) 实际速度=(-0.000,-0.001,0.000) 最终目标=(0.073,-0.090,-0.288) 指令位置=(0.073,-0.090,nan) 指令速度=(0.000,0.000,0.000) 指令加速度=(0.000,0.000,nan) 滚转角=-0.08度 俯仰角=-0.07度
15:39:43.443309 [轨迹] 序号=961 单调时间=20034.082975 时间=20034.083 模式=OFFBOARD 起飞状态=未执行起飞 水平控制=位置保持 类型掩码=3520 实际位置NED=(0.044,-0.051,-0.288) 实际速度=(-0.000,-0.001,0.000) 最终目标=(0.073,-0.090,-0.288) 指令位置=(0.073,-0.090,nan) 指令速度=(0.000,0.000,0.000) 指令加速度=(0.000,0.000,nan) 滚转角=-0.08度 俯仰角=-0.07度
15:39:43.545925 [轨迹] 序号=962 单调时间=20034.185505 时间=20034.186 模式=OFFBOARD 起飞状态=未执行起飞 水平控制=位置保持 类型掩码=3520 实际位置NED=(0.044,-0.051,-0.289) 实际速度=(-0.000,-0.001,0.000) 最终目标=(0.073,-0.090,-0.288) 指令位置=(0.073,-0.090,nan) 指令速度=(0.000,0.000,0.000) 指令加速度=(0.000,0.000,nan) 滚转角=-0.08度 俯仰角=-0.07度
15:39:43.648445 [轨迹] 序号=963 单调时间=20034.288129 时间=20034.288 模式=OFFBOARD 起飞状态=未执行起飞 水平控制=位置保持 类型掩码=3520 实际位置NED=(0.044,-0.051,-0.289) 实际速度=(-0.000,-0.001,0.000) 最终目标=(0.073,-0.090,-0.288) 指令位置=(0.073,-0.090,nan) 指令速度=(0.000,0.000,0.000) 指令加速度=(0.000,0.000,nan) 滚转角=-0.08度 俯仰角=-0.07度
15:39:43.753002 [轨迹] 序号=964 单调时间=20034.392448 时间=20034.392 模式=OFFBOARD 起飞状态=未执行起飞 水平控制=位置保持 类型掩码=3520 实际位置NED=(0.044,-0.051,-0.289) 实际速度=(-0.000,-0.001,0.000) 最终目标=(0.073,-0.090,-0.288) 指令位置=(0.073,-0.090,nan) 指令速度=(0.000,0.000,0.000) 指令加速度=(0.000,0.000,nan) 滚转角=-0.08度 俯仰角=-0.07度
15:39:43.855261 [轨迹] 序号=965 单调时间=20034.494907 时间=20034.495 模式=OFFBOARD 起飞状态=未执行起飞 水平控制=位置保持 类型掩码=3520 实际位置NED=(0.044,-0.051,-0.289) 实际速度=(-0.000,-0.001,0.000) 最终目标=(0.073,-0.090,-0.288) 指令位置=(0.073,-0.090,nan) 指令速度=(0.000,0.000,0.000) 指令加速度=(0.000,0.000,nan) 滚转角=-0.08度 俯仰角=-0.07度
15:39:43.958540 [轨迹] 序号=966 单调时间=20034.597948 时间=20034.598 模式=OFFBOARD 起飞状态=未执行起飞 水平控制=位置保持 类型掩码=3520 实际位置NED=(0.044,-0.051,-0.289) 实际速度=(-0.000,-0.000,0.000) 最终目标=(0.073,-0.090,-0.288) 指令位置=(0.073,-0.090,nan) 指令速度=(0.000,0.000,0.000) 指令加速度=(0.000,0.000,nan) 滚转角=-0.08度 俯仰角=-0.07度
15:39:44.061811 [轨迹] 序号=967 单调时间=20034.701399 时间=20034.701 模式=OFFBOARD 起飞状态=未执行起飞 水平控制=位置保持 类型掩码=3520 实际位置NED=(0.044,-0.051,-0.289) 实际速度=(-0.000,-0.000,0.000) 最终目标=(0.073,-0.090,-0.288) 指令位置=(0.073,-0.090,nan) 指令速度=(0.000,0.000,0.000) 指令加速度=(0.000,0.000,nan) 滚转角=-0.08度 俯仰角=-0.07度
15:39:44.164643 [轨迹] 序号=968 单调时间=20034.804288 时间=20034.804 模式=OFFBOARD 起飞状态=未执行起飞 水平控制=位置保持 类型掩码=3520 实际位置NED=(0.044,-0.051,-0.289) 实际速度=(-0.000,-0.000,-0.000) 最终目标=(0.073,-0.090,-0.288) 指令位置=(0.073,-0.090,nan) 指令速度=(0.000,0.000,0.000) 指令加速度=(0.000,0.000,nan) 滚转角=-0.08度 俯仰角=-0.07度
15:39:44.267501 [轨迹] 序号=969 单调时间=20034.907099 时间=20034.907 模式=OFFBOARD 起飞状态=未执行起飞 水平控制=位置保持 类型掩码=3520 实际位置NED=(0.044,-0.051,-0.289) 实际速度=(-0.000,-0.000,-0.000) 最终目标=(0.073,-0.090,-0.288) 指令位置=(0.073,-0.090,nan) 指令速度=(0.000,0.000,0.000) 指令加速度=(0.000,0.000,nan) 滚转角=-0.08度 俯仰角=-0.07度
15:39:44.370047 [轨迹] 序号=970 单调时间=20035.009793 时间=20035.010 模式=OFFBOARD 起飞状态=未执行起飞 水平控制=位置保持 类型掩码=3520 实际位置NED=(0.044,-0.051,-0.289) 实际速度=(-0.000,-0.000,-0.000) 最终目标=(0.073,-0.090,-0.288) 指令位置=(0.073,-0.090,nan) 指令速度=(0.000,0.000,0.000) 指令加速度=(0.000,0.000,nan) 滚转角=-0.08度 俯仰角=-0.07度
15:39:44.472477 [轨迹] 序号=971 单调时间=20035.112188 时间=20035.112 模式=OFFBOARD 起飞状态=未执行起飞 水平控制=位置保持 类型掩码=3520 实际位置NED=(0.044,-0.051,-0.289) 实际速度=(-0.000,-0.000,-0.000) 最终目标=(0.073,-0.090,-0.288) 指令位置=(0.073,-0.090,nan) 指令速度=(0.000,0.000,0.000) 指令加速度=(0.000,0.000,nan) 滚转角=-0.08度 俯仰角=-0.07度
15:39:44.574942 [轨迹] 序号=972 单调时间=20035.214653 时间=20035.215 模式=OFFBOARD 起飞状态=未执行起飞 水平控制=位置保持 类型掩码=3520 实际位置NED=(0.044,-0.051,-0.289) 实际速度=(0.000,-0.000,0.000) 最终目标=(0.073,-0.090,-0.288) 指令位置=(0.073,-0.090,nan) 指令速度=(0.000,0.000,0.000) 指令加速度=(0.000,0.000,nan) 滚转角=-0.08度 俯仰角=-0.07度
15:39:44.678013 [轨迹] 序号=973 单调时间=20035.317439 时间=20035.317 模式=OFFBOARD 起飞状态=未执行起飞 水平控制=位置保持 类型掩码=3520 实际位置NED=(0.044,-0.051,-0.289) 实际速度=(0.000,-0.000,0.000) 最终目标=(0.073,-0.090,-0.288) 指令位置=(0.073,-0.090,nan) 指令速度=(0.000,0.000,0.000) 指令加速度=(0.000,0.000,nan) 滚转角=-0.08度 俯仰角=-0.07度
15:39:44.781182 [轨迹] 序号=974 单调时间=20035.420821 时间=20035.421 模式=OFFBOARD 起飞状态=未执行起飞 水平控制=位置保持 类型掩码=3520 实际位置NED=(0.044,-0.051,-0.289) 实际速度=(0.000,-0.000,0.000) 最终目标=(0.073,-0.090,-0.288) 指令位置=(0.073,-0.090,nan) 指令速度=(0.000,0.000,0.000) 指令加速度=(0.000,0.000,nan) 滚转角=-0.08度 俯仰角=-0.07度
15:39:44.885464 [轨迹] 序号=975 单调时间=20035.525125 时间=20035.525 模式=OFFBOARD 起飞状态=未执行起飞 水平控制=位置保持 类型掩码=3520 实际位置NED=(0.044,-0.051,-0.289) 实际速度=(0.000,-0.000,-0.000) 最终目标=(0.073,-0.090,-0.288) 指令位置=(0.073,-0.090,nan) 指令速度=(0.000,0.000,0.000) 指令加速度=(0.000,0.000,nan) 滚转角=-0.08度 俯仰角=-0.07度
15:39:44.988060 [轨迹] 序号=976 单调时间=20035.627720 时间=20035.628 模式=OFFBOARD 起飞状态=未执行起飞 水平控制=位置保持 类型掩码=3520 实际位置NED=(0.044,-0.051,-0.289) 实际速度=(0.000,-0.000,-0.000) 最终目标=(0.073,-0.090,-0.288) 指令位置=(0.073,-0.090,nan) 指令速度=(0.000,0.000,0.000) 指令加速度=(0.000,0.000,nan) 滚转角=-0.08度 俯仰角=-0.07度
15:39:45.090943 [轨迹] 序号=977 单调时间=20035.730641 时间=20035.731 模式=OFFBOARD 起飞状态=未执行起飞 水平控制=位置保持 类型掩码=3520 实际位置NED=(0.044,-0.051,-0.289) 实际速度=(0.000,-0.000,-0.000) 最终目标=(0.073,-0.090,-0.288) 指令位置=(0.073,-0.090,nan) 指令速度=(0.000,0.000,0.000) 指令加速度=(0.000,0.000,nan) 滚转角=-0.08度 俯仰角=-0.07度
15:39:45.193729 [轨迹] 序号=978 单调时间=20035.833417 时间=20035.833 模式=OFFBOARD 起飞状态=未执行起飞 水平控制=位置保持 类型掩码=3520 实际位置NED=(0.044,-0.051,-0.289) 实际速度=(0.000,-0.000,-0.000) 最终目标=(0.073,-0.090,-0.288) 指令位置=(0.073,-0.090,nan) 指令速度=(0.000,0.000,0.000) 指令加速度=(0.000,0.000,nan) 滚转角=-0.09度 俯仰角=-0.07度
15:39:45.294722 [轨迹] 序号=979 单调时间=20035.934393 时间=20035.934 模式=OFFBOARD 起飞状态=未执行起飞 水平控制=位置保持 类型掩码=3520 实际位置NED=(0.044,-0.051,-0.289) 实际速度=(0.000,-0.000,-0.000) 最终目标=(0.073,-0.090,-0.288) 指令位置=(0.073,-0.090,nan) 指令速度=(0.000,0.000,0.000) 指令加速度=(0.000,0.000,nan) 滚转角=-0.09度 俯仰角=-0.07度
15:39:45.397179 [轨迹] 序号=980 单调时间=20036.036767 时间=20036.037 模式=OFFBOARD 起飞状态=未执行起飞 水平控制=位置保持 类型掩码=3520 实际位置NED=(0.044,-0.051,-0.289) 实际速度=(0.000,-0.000,-0.000) 最终目标=(0.073,-0.090,-0.288) 指令位置=(0.073,-0.090,nan) 指令速度=(0.000,0.000,0.000) 指令加速度=(0.000,0.000,nan) 滚转角=-0.08度 俯仰角=-0.07度
15:39:45.499756 [轨迹] 序号=981 单调时间=20036.139419 时间=20036.139 模式=OFFBOARD 起飞状态=未执行起飞 水平控制=位置保持 类型掩码=3520 实际位置NED=(0.044,-0.051,-0.289) 实际速度=(0.000,-0.000,-0.000) 最终目标=(0.073,-0.090,-0.288) 指令位置=(0.073,-0.090,nan) 指令速度=(0.000,0.000,0.000) 指令加速度=(0.000,0.000,nan) 滚转角=-0.08度 俯仰角=-0.07度
15:39:45.603478 [轨迹] 序号=982 单调时间=20036.243098 时间=20036.243 模式=OFFBOARD 起飞状态=未执行起飞 水平控制=位置保持 类型掩码=3520 实际位置NED=(0.044,-0.051,-0.289) 实际速度=(0.000,-0.001,-0.000) 最终目标=(0.073,-0.090,-0.288) 指令位置=(0.073,-0.090,nan) 指令速度=(0.000,0.000,0.000) 指令加速度=(0.000,0.000,nan) 滚转角=-0.08度 俯仰角=-0.07度
15:39:45.705821 [轨迹] 序号=983 单调时间=20036.345481 时间=20036.345 模式=OFFBOARD 起飞状态=未执行起飞 水平控制=位置保持 类型掩码=3520 实际位置NED=(0.044,-0.051,-0.289) 实际速度=(0.000,-0.001,-0.001) 最终目标=(0.073,-0.090,-0.288) 指令位置=(0.073,-0.090,nan) 指令速度=(0.000,0.000,0.000) 指令加速度=(0.000,0.000,nan) 滚转角=-0.08度 俯仰角=-0.07度
15:39:45.808212 [轨迹] 序号=984 单调时间=20036.447871 时间=20036.448 模式=OFFBOARD 起飞状态=未执行起飞 水平控制=位置保持 类型掩码=3520 实际位置NED=(0.044,-0.051,-0.289) 实际速度=(-0.000,-0.001,-0.001) 最终目标=(0.073,-0.090,-0.288) 指令位置=(0.073,-0.090,nan) 指令速度=(0.000,0.000,0.000) 指令加速度=(0.000,0.000,nan) 滚转角=-0.08度 俯仰角=-0.07度
15:39:45.911258 [轨迹] 序号=985 单调时间=20036.550752 时间=20036.551 模式=OFFBOARD 起飞状态=未执行起飞 水平控制=位置保持 类型掩码=3520 实际位置NED=(0.044,-0.051,-0.289) 实际速度=(-0.000,-0.001,-0.001) 最终目标=(0.073,-0.090,-0.288) 指令位置=(0.073,-0.090,nan) 指令速度=(0.000,0.000,0.000) 指令加速度=(0.000,0.000,nan) 滚转角=-0.08度 俯仰角=-0.07度
15:39:46.014244 [轨迹] 序号=986 单调时间=20036.653929 时间=20036.654 模式=OFFBOARD 起飞状态=未执行起飞 水平控制=位置保持 类型掩码=3520 实际位置NED=(0.044,-0.051,-0.289) 实际速度=(-0.000,-0.001,-0.001) 最终目标=(0.073,-0.090,-0.288) 指令位置=(0.073,-0.090,nan) 指令速度=(0.000,0.000,0.000) 指令加速度=(0.000,0.000,nan) 滚转角=-0.08度 俯仰角=-0.07度
15:39:46.117569 [轨迹] 序号=987 单调时间=20036.757145 时间=20036.757 模式=OFFBOARD 起飞状态=未执行起飞 水平控制=位置保持 类型掩码=3520 实际位置NED=(0.044,-0.051,-0.289) 实际速度=(-0.000,-0.001,-0.001) 最终目标=(0.073,-0.090,-0.288) 指令位置=(0.073,-0.090,nan) 指令速度=(0.000,0.000,0.000) 指令加速度=(0.000,0.000,nan) 滚转角=-0.08度 俯仰角=-0.07度
15:39:46.220309 [轨迹] 序号=988 单调时间=20036.859803 时间=20036.860 模式=OFFBOARD 起飞状态=未执行起飞 水平控制=位置保持 类型掩码=3520 实际位置NED=(0.044,-0.051,-0.289) 实际速度=(-0.000,-0.001,-0.001) 最终目标=(0.073,-0.090,-0.288) 指令位置=(0.073,-0.090,nan) 指令速度=(0.000,0.000,0.000) 指令加速度=(0.000,0.000,nan) 滚转角=-0.08度 俯仰角=-0.07度
15:39:46.323600 [轨迹] 序号=989 单调时间=20036.963250 时间=20036.963 模式=OFFBOARD 起飞状态=未执行起飞 水平控制=位置保持 类型掩码=3520 实际位置NED=(0.043,-0.051,-0.289) 实际速度=(-0.000,-0.000,-0.001) 最终目标=(0.073,-0.090,-0.288) 指令位置=(0.073,-0.090,nan) 指令速度=(0.000,0.000,0.000) 指令加速度=(0.000,0.000,nan) 滚转角=-0.08度 俯仰角=-0.07度
15:39:46.426156 [轨迹] 序号=990 单调时间=20037.065604 时间=20037.066 模式=OFFBOARD 起飞状态=未执行起飞 水平控制=位置保持 类型掩码=3520 实际位置NED=(0.043,-0.051,-0.289) 实际速度=(-0.000,-0.000,-0.001) 最终目标=(0.073,-0.090,-0.288) 指令位置=(0.073,-0.090,nan) 指令速度=(0.000,0.000,0.000) 指令加速度=(0.000,0.000,nan) 滚转角=-0.08度 俯仰角=-0.07度
15:39:46.528817 [轨迹] 序号=991 单调时间=20037.168393 时间=20037.168 模式=OFFBOARD 起飞状态=未执行起飞 水平控制=位置保持 类型掩码=3520 实际位置NED=(0.043,-0.051,-0.289) 实际速度=(-0.000,-0.000,-0.001) 最终目标=(0.073,-0.090,-0.288) 指令位置=(0.073,-0.090,nan) 指令速度=(0.000,0.000,0.000) 指令加速度=(0.000,0.000,nan) 滚转角=-0.08度 俯仰角=-0.07度
15:39:46.632108 [轨迹] 序号=992 单调时间=20037.271673 时间=20037.272 模式=OFFBOARD 起飞状态=未执行起飞 水平控制=位置保持 类型掩码=3520 实际位置NED=(0.043,-0.051,-0.289) 实际速度=(-0.000,-0.000,-0.001) 最终目标=(0.073,-0.090,-0.288) 指令位置=(0.073,-0.090,nan) 指令速度=(0.000,0.000,0.000) 指令加速度=(0.000,0.000,nan) 滚转角=-0.08度 俯仰角=-0.07度
15:39:46.734617 [轨迹] 序号=993 单调时间=20037.374183 时间=20037.374 模式=OFFBOARD 起飞状态=未执行起飞 水平控制=位置保持 类型掩码=3520 实际位置NED=(0.043,-0.050,-0.289) 实际速度=(-0.000,-0.000,-0.000) 最终目标=(0.073,-0.090,-0.288) 指令位置=(0.073,-0.090,nan) 指令速度=(0.000,0.000,0.000) 指令加速度=(0.000,0.000,nan) 滚转角=-0.08度 俯仰角=-0.07度
15:39:46.838252 [轨迹] 序号=994 单调时间=20037.477909 时间=20037.478 模式=OFFBOARD 起飞状态=未执行起飞 水平控制=位置保持 类型掩码=3520 实际位置NED=(0.043,-0.050,-0.289) 实际速度=(-0.000,-0.000,-0.000) 最终目标=(0.073,-0.090,-0.288) 指令位置=(0.073,-0.090,nan) 指令速度=(0.000,0.000,0.000) 指令加速度=(0.000,0.000,nan) 滚转角=-0.08度 俯仰角=-0.07度
15:39:46.941577 [轨迹] 序号=995 单调时间=20037.581154 时间=20037.581 模式=OFFBOARD 起飞状态=未执行起飞 水平控制=位置保持 类型掩码=3520 实际位置NED=(0.043,-0.050,-0.289) 实际速度=(-0.000,-0.000,-0.000) 最终目标=(0.073,-0.090,-0.288) 指令位置=(0.073,-0.090,nan) 指令速度=(0.000,0.000,0.000) 指令加速度=(0.000,0.000,nan) 滚转角=-0.08度 俯仰角=-0.07度
15:39:47.044256 [轨迹] 序号=996 单调时间=20037.683747 时间=20037.684 模式=OFFBOARD 起飞状态=未执行起飞 水平控制=位置保持 类型掩码=3520 实际位置NED=(0.043,-0.050,-0.289) 实际速度=(-0.000,-0.000,-0.000) 最终目标=(0.073,-0.090,-0.288) 指令位置=(0.073,-0.090,nan) 指令速度=(0.000,0.000,0.000) 指令加速度=(0.000,0.000,nan) 滚转角=-0.08度 俯仰角=-0.07度
15:39:47.149014 [轨迹] 序号=997 单调时间=20037.788656 时间=20037.789 模式=OFFBOARD 起飞状态=未执行起飞 水平控制=位置保持 类型掩码=3520 实际位置NED=(0.043,-0.050,-0.289) 实际速度=(-0.000,-0.000,-0.000) 最终目标=(0.073,-0.090,-0.288) 指令位置=(0.073,-0.090,nan) 指令速度=(0.000,0.000,0.000) 指令加速度=(0.000,0.000,nan) 滚转角=-0.08度 俯仰角=-0.07度
15:39:47.251900 [轨迹] 序号=998 单调时间=20037.891625 时间=20037.892 模式=OFFBOARD 起飞状态=未执行起飞 水平控制=位置保持 类型掩码=3520 实际位置NED=(0.043,-0.050,-0.289) 实际速度=(-0.000,-0.000,-0.000) 最终目标=(0.073,-0.090,-0.288) 指令位置=(0.073,-0.090,nan) 指令速度=(0.000,0.000,0.000) 指令加速度=(0.000,0.000,nan) 滚转角=-0.08度 俯仰角=-0.07度
15:39:47.355339 [轨迹] 序号=999 单调时间=20037.994986 时间=20037.995 模式=OFFBOARD 起飞状态=未执行起飞 水平控制=位置保持 类型掩码=3520 实际位置NED=(0.043,-0.050,-0.289) 实际速度=(-0.000,-0.000,-0.000) 最终目标=(0.073,-0.090,-0.288) 指令位置=(0.073,-0.090,nan) 指令速度=(0.000,0.000,0.000) 指令加速度=(0.000,0.000,nan) 滚转角=-0.08度 俯仰角=-0.07度
15:39:47.458349 [轨迹] 序号=1000 单调时间=20038.097981 时间=20038.098 模式=OFFBOARD 起飞状态=未执行起飞 水平控制=位置保持 类型掩码=3520 实际位置NED=(0.043,-0.050,-0.289) 实际速度=(0.000,-0.000,-0.000) 最终目标=(0.073,-0.090,-0.288) 指令位置=(0.073,-0.090,nan) 指令速度=(0.000,0.000,0.000) 指令加速度=(0.000,0.000,nan) 滚转角=-0.08度 俯仰角=-0.07度
15:39:47.561064 [轨迹] 序号=1001 单调时间=20038.200545 时间=20038.201 模式=OFFBOARD 起飞状态=未执行起飞 水平控制=位置保持 类型掩码=3520 实际位置NED=(0.043,-0.050,-0.289) 实际速度=(0.000,-0.000,-0.000) 最终目标=(0.073,-0.090,-0.288) 指令位置=(0.073,-0.090,nan) 指令速度=(0.000,0.000,0.000) 指令加速度=(0.000,0.000,nan) 滚转角=-0.08度 俯仰角=-0.07度
15:39:47.663792 [轨迹] 序号=1002 单调时间=20038.303399 时间=20038.303 模式=OFFBOARD 起飞状态=未执行起飞 水平控制=位置保持 类型掩码=3520 实际位置NED=(0.043,-0.050,-0.289) 实际速度=(0.000,-0.000,-0.000) 最终目标=(0.073,-0.090,-0.288) 指令位置=(0.073,-0.090,nan) 指令速度=(0.000,0.000,0.000) 指令加速度=(0.000,0.000,nan) 滚转角=-0.08度 俯仰角=-0.07度
15:39:47.767228 [轨迹] 序号=1003 单调时间=20038.406251 时间=20038.406 模式=OFFBOARD 起飞状态=未执行起飞 水平控制=位置保持 类型掩码=3520 实际位置NED=(0.043,-0.050,-0.289) 实际速度=(0.000,-0.000,0.000) 最终目标=(0.073,-0.090,-0.288) 指令位置=(0.073,-0.090,nan) 指令速度=(0.000,0.000,0.000) 指令加速度=(0.000,0.000,nan) 滚转角=-0.08度 俯仰角=-0.07度
15:39:47.869660 [轨迹] 序号=1004 单调时间=20038.509440 时间=20038.509 模式=OFFBOARD 起飞状态=未执行起飞 水平控制=位置保持 类型掩码=3520 实际位置NED=(0.043,-0.050,-0.289) 实际速度=(0.000,-0.000,0.000) 最终目标=(0.073,-0.090,-0.288) 指令位置=(0.073,-0.090,nan) 指令速度=(0.000,0.000,0.000) 指令加速度=(0.000,0.000,nan) 滚转角=-0.08度 俯仰角=-0.07度
15:39:47.972502 [轨迹] 序号=1005 单调时间=20038.612035 时间=20038.612 模式=OFFBOARD 起飞状态=未执行起飞 水平控制=位置保持 类型掩码=3520 实际位置NED=(0.043,-0.050,-0.289) 实际速度=(0.000,-0.000,0.000) 最终目标=(0.073,-0.090,-0.288) 指令位置=(0.073,-0.090,nan) 指令速度=(0.000,0.000,0.000) 指令加速度=(0.000,0.000,nan) 滚转角=-0.08度 俯仰角=-0.07度
15:39:48.075674 [轨迹] 序号=1006 单调时间=20038.715236 时间=20038.715 模式=OFFBOARD 起飞状态=未执行起飞 水平控制=位置保持 类型掩码=3520 实际位置NED=(0.044,-0.050,-0.289) 实际速度=(0.001,-0.000,0.000) 最终目标=(0.073,-0.090,-0.288) 指令位置=(0.073,-0.090,nan) 指令速度=(0.000,0.000,0.000) 指令加速度=(0.000,0.000,nan) 滚转角=-0.08度 俯仰角=-0.07度
15:39:48.179446 [轨迹] 序号=1007 单调时间=20038.819016 时间=20038.819 模式=OFFBOARD 起飞状态=未执行起飞 水平控制=位置保持 类型掩码=3520 实际位置NED=(0.044,-0.050,-0.289) 实际速度=(0.001,-0.000,-0.004) 最终目标=(0.073,-0.090,-0.288) 指令位置=(0.073,-0.090,nan) 指令速度=(0.000,0.000,0.000) 指令加速度=(0.000,0.000,nan) 滚转角=-0.08度 俯仰角=-0.07度
15:39:48.281897 [轨迹] 序号=1008 单调时间=20038.921581 时间=20038.922 模式=OFFBOARD 起飞状态=未执行起飞 水平控制=位置保持 类型掩码=3520 实际位置NED=(0.044,-0.050,-0.289) 实际速度=(0.001,-0.000,-0.004) 最终目标=(0.073,-0.090,-0.288) 指令位置=(0.073,-0.090,nan) 指令速度=(0.000,0.000,0.000) 指令加速度=(0.000,0.000,nan) 滚转角=-0.08度 俯仰角=-0.07度
15:39:48.384372 [轨迹] 序号=1009 单调时间=20039.024031 时间=20039.024 模式=OFFBOARD 起飞状态=未执行起飞 水平控制=位置保持 类型掩码=3520 实际位置NED=(0.044,-0.050,-0.290) 实际速度=(0.001,-0.000,-0.009) 最终目标=(0.073,-0.090,-0.288) 指令位置=(0.073,-0.090,nan) 指令速度=(0.000,0.000,0.000) 指令加速度=(0.000,0.000,nan) 滚转角=-0.08度 俯仰角=-0.07度
15:39:48.487434 [轨迹] 序号=1010 单调时间=20039.127128 时间=20039.127 模式=OFFBOARD 起飞状态=未执行起飞 水平控制=位置保持 类型掩码=3520 实际位置NED=(0.044,-0.050,-0.291) 实际速度=(0.001,-0.000,-0.016) 最终目标=(0.073,-0.090,-0.288) 指令位置=(0.073,-0.090,nan) 指令速度=(0.000,0.000,0.000) 指令加速度=(0.000,0.000,nan) 滚转角=-0.08度 俯仰角=-0.07度
15:39:48.590102 [轨迹] 序号=1011 单调时间=20039.229797 时间=20039.230 模式=OFFBOARD 起飞状态=未执行起飞 水平控制=位置保持 类型掩码=3520 实际位置NED=(0.044,-0.050,-0.292) 实际速度=(0.000,-0.000,-0.020) 最终目标=(0.073,-0.090,-0.288) 指令位置=(0.073,-0.090,nan) 指令速度=(0.000,0.000,0.000) 指令加速度=(0.000,0.000,nan) 滚转角=-0.08度 俯仰角=-0.07度
15:39:48.692447 [轨迹] 序号=1012 单调时间=20039.332095 时间=20039.332 模式=OFFBOARD 起飞状态=未执行起飞 水平控制=位置保持 类型掩码=3520 实际位置NED=(0.044,-0.050,-0.295) 实际速度=(0.000,-0.000,-0.024) 最终目标=(0.073,-0.090,-0.288) 指令位置=(0.073,-0.090,nan) 指令速度=(0.000,0.000,0.000) 指令加速度=(0.000,0.000,nan) 滚转角=-0.08度 俯仰角=-0.07度
15:39:48.795273 [轨迹] 序号=1013 单调时间=20039.434900 时间=20039.435 模式=OFFBOARD 起飞状态=未执行起飞 水平控制=位置保持 类型掩码=3520 实际位置NED=(0.044,-0.050,-0.295) 实际速度=(0.000,-0.000,-0.024) 最终目标=(0.073,-0.090,-0.288) 指令位置=(0.073,-0.090,nan) 指令速度=(0.000,0.000,0.000) 指令加速度=(0.000,0.000,nan) 滚转角=-0.08度 俯仰角=-0.07度
15:39:48.899032 [轨迹] 序号=1014 单调时间=20039.538718 时间=20039.539 模式=OFFBOARD 起飞状态=未执行起飞 水平控制=位置保持 类型掩码=3520 实际位置NED=(0.044,-0.050,-0.297) 实际速度=(0.000,-0.000,-0.027) 最终目标=(0.073,-0.090,-0.288) 指令位置=(0.073,-0.090,nan) 指令速度=(0.000,0.000,0.000) 指令加速度=(0.000,0.000,nan) 滚转角=-0.08度 俯仰角=-0.07度
15:39:49.002206 [轨迹] 序号=1015 单调时间=20039.641140 时间=20039.641 模式=OFFBOARD 起飞状态=未执行起飞 水平控制=位置保持 类型掩码=3520 实际位置NED=(0.044,-0.050,-0.298) 实际速度=(0.001,-0.000,-0.028) 最终目标=(0.073,-0.090,-0.288) 指令位置=(0.073,-0.090,nan) 指令速度=(0.000,0.000,0.000) 指令加速度=(0.000,0.000,nan) 滚转角=-0.08度 俯仰角=-0.07度
15:39:49.104681 [轨迹] 序号=1016 单调时间=20039.744260 时间=20039.744 模式=OFFBOARD 起飞状态=未执行起飞 水平控制=位置保持 类型掩码=3520 实际位置NED=(0.044,-0.050,-0.300) 实际速度=(0.000,0.000,-0.029) 最终目标=(0.073,-0.090,-0.288) 指令位置=(0.073,-0.090,nan) 指令速度=(0.000,0.000,0.000) 指令加速度=(0.000,0.000,nan) 滚转角=-0.08度 俯仰角=-0.07度
15:39:49.207227 [轨迹] 序号=1017 单调时间=20039.846802 时间=20039.847 模式=OFFBOARD 起飞状态=未执行起飞 水平控制=位置保持 类型掩码=3520 实际位置NED=(0.044,-0.050,-0.302) 实际速度=(0.000,-0.000,-0.031) 最终目标=(0.073,-0.090,-0.288) 指令位置=(0.073,-0.090,nan) 指令速度=(0.000,0.000,0.000) 指令加速度=(0.000,0.000,nan) 滚转角=-0.08度 俯仰角=-0.07度
15:39:49.309916 [轨迹] 序号=1018 单调时间=20039.949530 时间=20039.950 模式=OFFBOARD 起飞状态=未执行起飞 水平控制=位置保持 类型掩码=3520 实际位置NED=(0.044,-0.050,-0.303) 实际速度=(0.000,-0.000,-0.031) 最终目标=(0.073,-0.090,-0.288) 指令位置=(0.073,-0.090,nan) 指令速度=(0.000,0.000,0.000) 指令加速度=(0.000,0.000,nan) 滚转角=-0.08度 俯仰角=-0.07度
15:39:49.412707 [轨迹] 序号=1019 单调时间=20040.052300 时间=20040.052 模式=OFFBOARD 起飞状态=未执行起飞 水平控制=位置保持 类型掩码=3520 实际位置NED=(0.044,-0.050,-0.304) 实际速度=(0.000,0.000,-0.031) 最终目标=(0.073,-0.090,-0.288) 指令位置=(0.073,-0.090,nan) 指令速度=(0.000,0.000,0.000) 指令加速度=(0.000,0.000,nan) 滚转角=-0.08度 俯仰角=-0.07度
15:39:49.515304 [轨迹] 序号=1020 单调时间=20040.154951 时间=20040.155 模式=OFFBOARD 起飞状态=未执行起飞 水平控制=位置保持 类型掩码=3520 实际位置NED=(0.044,-0.050,-0.305) 实际速度=(-0.000,-0.000,-0.031) 最终目标=(0.073,-0.090,-0.288) 指令位置=(0.073,-0.090,nan) 指令速度=(0.000,0.000,0.000) 指令加速度=(0.000,0.000,nan) 滚转角=-0.08度 俯仰角=-0.07度
15:39:49.618260 [轨迹] 序号=1021 单调时间=20040.257993 时间=20040.258 模式=OFFBOARD 起飞状态=未执行起飞 水平控制=位置保持 类型掩码=3520 实际位置NED=(0.044,-0.050,-0.306) 实际速度=(-0.000,0.000,-0.031) 最终目标=(0.073,-0.090,-0.288) 指令位置=(0.073,-0.090,nan) 指令速度=(0.000,0.000,0.000) 指令加速度=(0.000,0.000,nan) 滚转角=-0.08度 俯仰角=-0.07度
15:39:49.720843 [轨迹] 序号=1022 单调时间=20040.360478 时间=20040.360 模式=OFFBOARD 起飞状态=未执行起飞 水平控制=位置保持 类型掩码=3520 实际位置NED=(0.044,-0.049,-0.308) 实际速度=(-0.000,0.000,-0.031) 最终目标=(0.073,-0.090,-0.288) 指令位置=(0.073,-0.090,nan) 指令速度=(0.000,0.000,0.000) 指令加速度=(0.000,0.000,nan) 滚转角=-0.08度 俯仰角=-0.07度
15:39:49.823859 [轨迹] 序号=1023 单调时间=20040.463350 时间=20040.463 模式=OFFBOARD 起飞状态=未执行起飞 水平控制=位置保持 类型掩码=3520 实际位置NED=(0.044,-0.049,-0.308) 实际速度=(-0.000,-0.000,-0.031) 最终目标=(0.073,-0.090,-0.288) 指令位置=(0.073,-0.090,nan) 指令速度=(0.000,0.000,0.000) 指令加速度=(0.000,0.000,nan) 滚转角=-0.08度 俯仰角=-0.07度
15:39:49.926674 [轨迹] 序号=1024 单调时间=20040.566271 时间=20040.566 模式=OFFBOARD 起飞状态=未执行起飞 水平控制=位置保持 类型掩码=3520 实际位置NED=(0.044,-0.049,-0.309) 实际速度=(-0.000,-0.000,-0.031) 最终目标=(0.073,-0.090,-0.288) 指令位置=(0.073,-0.090,nan) 指令速度=(0.000,0.000,0.000) 指令加速度=(0.000,0.000,nan) 滚转角=-0.08度 俯仰角=-0.07度
15:39:50.030279 [轨迹] 序号=1025 单调时间=20040.669895 时间=20040.670 模式=OFFBOARD 起飞状态=未执行起飞 水平控制=位置保持 类型掩码=3520 实际位置NED=(0.044,-0.049,-0.309) 实际速度=(-0.000,0.000,-0.030) 最终目标=(0.073,-0.090,-0.288) 指令位置=(0.073,-0.090,nan) 指令速度=(0.000,0.000,0.000) 指令加速度=(0.000,0.000,nan) 滚转角=-0.08度 俯仰角=-0.07度
15:39:50.133071 [轨迹] 序号=1026 单调时间=20040.772778 时间=20040.773 模式=OFFBOARD 起飞状态=未执行起飞 水平控制=位置保持 类型掩码=3520 实际位置NED=(0.044,-0.049,-0.310) 实际速度=(-0.001,-0.000,-0.030) 最终目标=(0.073,-0.090,-0.288) 指令位置=(0.073,-0.090,nan) 指令速度=(0.000,0.000,0.000) 指令加速度=(0.000,0.000,nan) 滚转角=-0.08度 俯仰角=-0.07度
15:39:50.236134 [轨迹] 序号=1027 单调时间=20040.875618 时间=20040.876 模式=OFFBOARD 起飞状态=未执行起飞 水平控制=位置保持 类型掩码=3520 实际位置NED=(0.044,-0.049,-0.310) 实际速度=(-0.000,-0.000,-0.029) 最终目标=(0.073,-0.090,-0.288) 指令位置=(0.073,-0.090,nan) 指令速度=(0.000,0.000,0.000) 指令加速度=(0.000,0.000,nan) 滚转角=-0.08度 俯仰角=-0.07度
15:39:50.339180 [轨迹] 序号=1028 单调时间=20040.978664 时间=20040.979 模式=OFFBOARD 起飞状态=未执行起飞 水平控制=位置保持 类型掩码=3520 实际位置NED=(0.044,-0.049,-0.310) 实际速度=(-0.000,-0.000,-0.029) 最终目标=(0.073,-0.090,-0.288) 指令位置=(0.073,-0.090,nan) 指令速度=(0.000,0.000,0.000) 指令加速度=(0.000,0.000,nan) 滚转角=-0.08度 俯仰角=-0.07度
15:39:50.442926 [轨迹] 序号=1029 单调时间=20041.082626 时间=20041.083 模式=OFFBOARD 起飞状态=未执行起飞 水平控制=位置保持 类型掩码=3520 实际位置NED=(0.044,-0.049,-0.310) 实际速度=(-0.000,-0.000,-0.028) 最终目标=(0.073,-0.090,-0.288) 指令位置=(0.073,-0.090,nan) 指令速度=(0.000,0.000,0.000) 指令加速度=(0.000,0.000,nan) 滚转角=-0.08度 俯仰角=-0.07度
15:39:50.546381 [轨迹] 序号=1030 单调时间=20041.185796 时间=20041.186 模式=OFFBOARD 起飞状态=未执行起飞 水平控制=位置保持 类型掩码=3520 实际位置NED=(0.044,-0.049,-0.310) 实际速度=(-0.000,-0.000,-0.027) 最终目标=(0.073,-0.090,-0.288) 指令位置=(0.073,-0.090,nan) 指令速度=(0.000,0.000,0.000) 指令加速度=(0.000,0.000,nan) 滚转角=-0.08度 俯仰角=-0.07度
15:39:50.649814 [轨迹] 序号=1031 单调时间=20041.289429 时间=20041.289 模式=OFFBOARD 起飞状态=未执行起飞 水平控制=位置保持 类型掩码=3520 实际位置NED=(0.044,-0.049,-0.310) 实际速度=(-0.001,-0.000,-0.026) 最终目标=(0.073,-0.090,-0.288) 指令位置=(0.073,-0.090,nan) 指令速度=(0.000,0.000,0.000) 指令加速度=(0.000,0.000,nan) 滚转角=-0.08度 俯仰角=-0.07度
15:39:50.752364 [轨迹] 序号=1032 单调时间=20041.392064 时间=20041.392 模式=OFFBOARD 起飞状态=未执行起飞 水平控制=位置保持 类型掩码=3520 实际位置NED=(0.044,-0.049,-0.310) 实际速度=(-0.000,-0.000,-0.024) 最终目标=(0.073,-0.090,-0.288) 指令位置=(0.073,-0.090,nan) 指令速度=(0.000,0.000,0.000) 指令加速度=(0.000,0.000,nan) 滚转角=-0.08度 俯仰角=-0.07度
15:39:50.855019 [轨迹] 序号=1033 单调时间=20041.494392 时间=20041.494 模式=OFFBOARD 起飞状态=未执行起飞 水平控制=位置保持 类型掩码=3520 实际位置NED=(0.044,-0.049,-0.310) 实际速度=(-0.000,-0.000,-0.024) 最终目标=(0.073,-0.090,-0.288) 指令位置=(0.073,-0.090,nan) 指令速度=(0.000,0.000,0.000) 指令加速度=(0.000,0.000,nan) 滚转角=-0.09度 俯仰角=-0.07度
15:39:50.957559 [轨迹] 序号=1034 单调时间=20041.597240 时间=20041.597 模式=OFFBOARD 起飞状态=未执行起飞 水平控制=位置保持 类型掩码=3520 实际位置NED=(0.044,-0.049,-0.309) 实际速度=(-0.000,-0.000,-0.023) 最终目标=(0.073,-0.090,-0.288) 指令位置=(0.073,-0.090,nan) 指令速度=(0.000,0.000,0.000) 指令加速度=(0.000,0.000,nan) 滚转角=-0.09度 俯仰角=-0.07度
15:39:51.060400 [轨迹] 序号=1035 单调时间=20041.699960 时间=20041.700 模式=OFFBOARD 起飞状态=未执行起飞 水平控制=位置保持 类型掩码=3520 实际位置NED=(0.044,-0.049,-0.309) 实际速度=(-0.000,-0.000,-0.022) 最终目标=(0.073,-0.090,-0.288) 指令位置=(0.073,-0.090,nan) 指令速度=(0.000,0.000,0.000) 指令加速度=(0.000,0.000,nan) 滚转角=-0.09度 俯仰角=-0.07度
15:39:51.162881 [轨迹] 序号=1036 单调时间=20041.802563 时间=20041.803 模式=OFFBOARD 起飞状态=未执行起飞 水平控制=位置保持 类型掩码=3520 实际位置NED=(0.044,-0.049,-0.309) 实际速度=(-0.000,-0.000,-0.021) 最终目标=(0.073,-0.090,-0.288) 指令位置=(0.073,-0.090,nan) 指令速度=(0.000,0.000,0.000) 指令加速度=(0.000,0.000,nan) 滚转角=-0.09度 俯仰角=-0.07度
15:39:51.265852 [轨迹] 序号=1037 单调时间=20041.905527 时间=20041.906 模式=OFFBOARD 起飞状态=未执行起飞 水平控制=位置保持 类型掩码=3520 实际位置NED=(0.044,-0.049,-0.308) 实际速度=(-0.000,0.000,-0.019) 最终目标=(0.073,-0.090,-0.288) 指令位置=(0.073,-0.090,nan) 指令速度=(0.000,0.000,0.000) 指令加速度=(0.000,0.000,nan) 滚转角=-0.09度 俯仰角=-0.07度
15:39:51.368659 [轨迹] 序号=1038 单调时间=20042.008178 时间=20042.008 模式=OFFBOARD 起飞状态=未执行起飞 水平控制=位置保持 类型掩码=3520 实际位置NED=(0.044,-0.049,-0.307) 实际速度=(-0.000,0.000,-0.018) 最终目标=(0.073,-0.090,-0.288) 指令位置=(0.073,-0.090,nan) 指令速度=(0.000,0.000,0.000) 指令加速度=(0.000,0.000,nan) 滚转角=-0.09度 俯仰角=-0.07度
15:39:51.471956 [轨迹] 序号=1039 单调时间=20042.110934 时间=20042.111 模式=OFFBOARD 起飞状态=未执行起飞 水平控制=位置保持 类型掩码=3520 实际位置NED=(0.044,-0.048,-0.307) 实际速度=(-0.000,0.000,-0.018) 最终目标=(0.073,-0.090,-0.288) 指令位置=(0.073,-0.090,nan) 指令速度=(0.000,0.000,0.000) 指令加速度=(0.000,0.000,nan) 滚转角=-0.08度 俯仰角=-0.07度
15:39:51.574807 [轨迹] 序号=1040 单调时间=20042.214525 时间=20042.215 模式=OFFBOARD 起飞状态=未执行起飞 水平控制=位置保持 类型掩码=3520 实际位置NED=(0.044,-0.048,-0.307) 实际速度=(-0.000,0.000,-0.017) 最终目标=(0.073,-0.090,-0.288) 指令位置=(0.073,-0.090,nan) 指令速度=(0.000,0.000,0.000) 指令加速度=(0.000,0.000,nan) 滚转角=-0.09度 俯仰角=-0.07度
15:39:51.677645 [轨迹] 序号=1041 单调时间=20042.317221 时间=20042.317 模式=OFFBOARD 起飞状态=未执行起飞 水平控制=位置保持 类型掩码=3520 实际位置NED=(0.044,-0.048,-0.306) 实际速度=(0.000,0.000,-0.016) 最终目标=(0.073,-0.090,-0.288) 指令位置=(0.073,-0.090,nan) 指令速度=(0.000,0.000,0.000) 指令加速度=(0.000,0.000,nan) 滚转角=-0.09度 俯仰角=-0.07度
15:39:51.780871 [轨迹] 序号=1042 单调时间=20042.420525 时间=20042.421 模式=OFFBOARD 起飞状态=未执行起飞 水平控制=位置保持 类型掩码=3520 实际位置NED=(0.044,-0.048,-0.305) 实际速度=(0.000,-0.000,-0.014) 最终目标=(0.073,-0.090,-0.288) 指令位置=(0.073,-0.090,nan) 指令速度=(0.000,0.000,0.000) 指令加速度=(0.000,0.000,nan) 滚转角=-0.09度 俯仰角=-0.07度
15:39:52.875646 [轨迹] 序号=1043 单调时间=20042.523238 时间=20042.523 模式=OFFBOARD 起飞状态=未执行起飞 水平控制=位置保持 类型掩码=3520 实际位置NED=(0.044,-0.048,-0.304) 实际速度=(0.000,-0.000,-0.014) 最终目标=(0.073,-0.090,-0.288) 指令位置=(0.073,-0.090,nan) 指令速度=(0.000,0.000,0.000) 指令加速度=(0.000,0.000,nan) 滚转角=-0.09度 俯仰角=-0.07度
15:39:52.978363 [轨迹] 序号=1044 单调时间=20042.626017 时间=20042.626 模式=OFFBOARD 起飞状态=未执行起飞 水平控制=位置保持 类型掩码=3520 实际位置NED=(0.044,-0.048,-0.304) 实际速度=(0.000,-0.000,-0.013) 最终目标=(0.073,-0.090,-0.288) 指令位置=(0.073,-0.090,nan) 指令速度=(0.000,0.000,0.000) 指令加速度=(0.000,0.000,nan) 滚转角=-0.09度 俯仰角=-0.07度
15:39:53.088430 [轨迹] 序号=1045 单调时间=20042.731194 时间=20042.731 模式=OFFBOARD 起飞状态=未执行起飞 水平控制=位置保持 类型掩码=3520 实际位置NED=(0.044,-0.048,-0.303) 实际速度=(0.000,-0.000,-0.012) 最终目标=(0.073,-0.090,-0.288) 指令位置=(0.073,-0.090,nan) 指令速度=(0.000,0.000,0.000) 指令加速度=(0.000,0.000,nan) 滚转角=-0.09度 俯仰角=-0.07度
15:39:53.187244 [轨迹] 序号=1046 单调时间=20042.834402 时间=20042.834 模式=OFFBOARD 起飞状态=未执行起飞 水平控制=位置保持 类型掩码=3520 实际位置NED=(0.044,-0.048,-0.302) 实际速度=(0.000,-0.000,-0.011) 最终目标=(0.073,-0.090,-0.288) 指令位置=(0.073,-0.090,nan) 指令速度=(0.000,0.000,0.000) 指令加速度=(0.000,0.000,nan) 滚转角=-0.09度 俯仰角=-0.07度
15:39:53.289619 [轨迹] 序号=1047 单调时间=20042.937313 时间=20042.937 模式=OFFBOARD 起飞状态=未执行起飞 水平控制=位置保持 类型掩码=3520 实际位置NED=(0.044,-0.048,-0.301) 实际速度=(0.000,0.000,-0.010) 最终目标=(0.073,-0.090,-0.288) 指令位置=(0.073,-0.090,nan) 指令速度=(0.000,0.000,0.000) 指令加速度=(0.000,0.000,nan) 滚转角=-0.09度 俯仰角=-0.07度
15:39:53.392684 [轨迹] 序号=1048 单调时间=20043.039980 时间=20043.040 模式=OFFBOARD 起飞状态=未执行起飞 水平控制=位置保持 类型掩码=3520 实际位置NED=(0.044,-0.048,-0.301) 实际速度=(0.000,-0.000,-0.009) 最终目标=(0.073,-0.090,-0.288) 指令位置=(0.073,-0.090,nan) 指令速度=(0.000,0.000,0.000) 指令加速度=(0.000,0.000,nan) 滚转角=-0.09度 俯仰角=-0.07度
15:39:53.496324 [轨迹] 序号=1049 单调时间=20043.143960 时间=20043.144 模式=OFFBOARD 起飞状态=未执行起飞 水平控制=位置保持 类型掩码=3520 实际位置NED=(0.044,-0.048,-0.300) 实际速度=(0.001,-0.000,-0.009) 最终目标=(0.073,-0.090,-0.288) 指令位置=(0.073,-0.090,nan) 指令速度=(0.000,0.000,0.000) 指令加速度=(0.000,0.000,nan) 滚转角=-0.09度 俯仰角=-0.07度
15:39:53.599263 [轨迹] 序号=1050 单调时间=20043.246916 时间=20043.247 模式=OFFBOARD 起飞状态=未执行起飞 水平控制=位置保持 类型掩码=3520 实际位置NED=(0.044,-0.048,-0.300) 实际速度=(0.001,-0.000,-0.008) 最终目标=(0.073,-0.090,-0.288) 指令位置=(0.073,-0.090,nan) 指令速度=(0.000,0.000,0.000) 指令加速度=(0.000,0.000,nan) 滚转角=-0.09度 俯仰角=-0.07度
15:39:53.702362 [轨迹] 序号=1051 单调时间=20043.349864 时间=20043.350 模式=OFFBOARD 起飞状态=未执行起飞 水平控制=位置保持 类型掩码=3520 实际位置NED=(0.044,-0.048,-0.299) 实际速度=(0.001,-0.000,-0.008) 最终目标=(0.073,-0.090,-0.288) 指令位置=(0.073,-0.090,nan) 指令速度=(0.000,0.000,0.000) 指令加速度=(0.000,0.000,nan) 滚转角=-0.09度 俯仰角=-0.07度
15:39:53.804948 [轨迹] 序号=1052 单调时间=20043.452480 时间=20043.452 模式=OFFBOARD 起飞状态=未执行起飞 水平控制=位置保持 类型掩码=3520 实际位置NED=(0.044,-0.048,-0.298) 实际速度=(0.001,-0.000,-0.006) 最终目标=(0.073,-0.090,-0.288) 指令位置=(0.073,-0.090,nan) 指令速度=(0.000,0.000,0.000) 指令加速度=(0.000,0.000,nan) 滚转角=-0.09度 俯仰角=-0.07度
15:39:53.908142 [轨迹] 序号=1053 单调时间=20043.555596 时间=20043.556 模式=OFFBOARD 起飞状态=未执行起飞 水平控制=位置保持 类型掩码=3520 实际位置NED=(0.044,-0.048,-0.297) 实际速度=(0.001,-0.000,-0.006) 最终目标=(0.073,-0.090,-0.288) 指令位置=(0.073,-0.090,nan) 指令速度=(0.000,0.000,0.000) 指令加速度=(0.000,0.000,nan) 滚转角=-0.09度 俯仰角=-0.07度
15:39:54.011474 [轨迹] 序号=1054 单调时间=20043.659182 时间=20043.659 模式=OFFBOARD 起飞状态=未执行起飞 水平控制=位置保持 类型掩码=3520 实际位置NED=(0.044,-0.048,-0.296) 实际速度=(0.001,-0.000,-0.005) 最终目标=(0.073,-0.090,-0.288) 指令位置=(0.073,-0.090,nan) 指令速度=(0.000,0.000,0.000) 指令加速度=(0.000,0.000,nan) 滚转角=-0.09度 俯仰角=-0.07度
15:39:54.113146 [轨迹] 序号=1055 单调时间=20043.760774 时间=20043.761 模式=OFFBOARD 起飞状态=未执行起飞 水平控制=位置保持 类型掩码=3520 实际位置NED=(0.044,-0.048,-0.296) 实际速度=(0.001,-0.000,-0.005) 最终目标=(0.073,-0.090,-0.288) 指令位置=(0.073,-0.090,nan) 指令速度=(0.000,0.000,0.000) 指令加速度=(0.000,0.000,nan) 滚转角=-0.09度 俯仰角=-0.07度
15:39:54.215644 [轨迹] 序号=1056 单调时间=20043.863319 时间=20043.863 模式=OFFBOARD 起飞状态=未执行起飞 水平控制=位置保持 类型掩码=3520 实际位置NED=(0.044,-0.048,-0.296) 实际速度=(0.001,0.000,-0.004) 最终目标=(0.073,-0.090,-0.288) 指令位置=(0.073,-0.090,nan) 指令速度=(0.000,0.000,0.000) 指令加速度=(0.000,0.000,nan) 滚转角=-0.09度 俯仰角=-0.07度
15:39:54.318091 [轨迹] 序号=1057 单调时间=20043.965607 时间=20043.966 模式=OFFBOARD 起飞状态=未执行起飞 水平控制=位置保持 类型掩码=3520 实际位置NED=(0.044,-0.048,-0.295) 实际速度=(0.001,0.000,-0.003) 最终目标=(0.073,-0.090,-0.288) 指令位置=(0.073,-0.090,nan) 指令速度=(0.000,0.000,0.000) 指令加速度=(0.000,0.000,nan) 滚转角=-0.09度 俯仰角=-0.07度
15:39:54.420770 [轨迹] 序号=1058 单调时间=20044.068313 时间=20044.068 模式=OFFBOARD 起飞状态=未执行起飞 水平控制=位置保持 类型掩码=3520 实际位置NED=(0.044,-0.048,-0.294) 实际速度=(0.001,0.000,-0.003) 最终目标=(0.073,-0.090,-0.288) 指令位置=(0.073,-0.090,nan) 指令速度=(0.000,0.000,0.000) 指令加速度=(0.000,0.000,nan) 滚转角=-0.09度 俯仰角=-0.07度
15:39:54.523384 [轨迹] 序号=1059 单调时间=20044.170961 时间=20044.171 模式=OFFBOARD 起飞状态=未执行起飞 水平控制=位置保持 类型掩码=3520 实际位置NED=(0.044,-0.048,-0.294) 实际速度=(0.001,0.000,-0.002) 最终目标=(0.073,-0.090,-0.288) 指令位置=(0.073,-0.090,nan) 指令速度=(0.000,0.000,0.000) 指令加速度=(0.000,0.000,nan) 滚转角=-0.09度 俯仰角=-0.07度
15:39:54.625832 [轨迹] 序号=1060 单调时间=20044.273500 时间=20044.274 模式=OFFBOARD 起飞状态=未执行起飞 水平控制=位置保持 类型掩码=3520 实际位置NED=(0.044,-0.048,-0.293) 实际速度=(0.001,0.000,-0.002) 最终目标=(0.073,-0.090,-0.288) 指令位置=(0.073,-0.090,nan) 指令速度=(0.000,0.000,0.000) 指令加速度=(0.000,0.000,nan) 滚转角=-0.09度 俯仰角=-0.07度
15:39:54.728479 [轨迹] 序号=1061 单调时间=20044.376114 时间=20044.376 模式=OFFBOARD 起飞状态=未执行起飞 水平控制=位置保持 类型掩码=3520 实际位置NED=(0.044,-0.047,-0.293) 实际速度=(0.001,0.000,-0.002) 最终目标=(0.073,-0.090,-0.288) 指令位置=(0.073,-0.090,nan) 指令速度=(0.000,0.000,0.000) 指令加速度=(0.000,0.000,nan) 滚转角=-0.09度 俯仰角=-0.07度
15:39:54.831488 [轨迹] 序号=1062 单调时间=20044.479101 时间=20044.479 模式=OFFBOARD 起飞状态=未执行起飞 水平控制=位置保持 类型掩码=3520 实际位置NED=(0.044,-0.047,-0.292) 实际速度=(0.001,0.000,-0.001) 最终目标=(0.073,-0.090,-0.288) 指令位置=(0.073,-0.090,nan) 指令速度=(0.000,0.000,0.000) 指令加速度=(0.000,0.000,nan) 滚转角=-0.09度 俯仰角=-0.07度
15:39:54.934232 [轨迹] 序号=1063 单调时间=20044.581861 时间=20044.582 模式=OFFBOARD 起飞状态=未执行起飞 水平控制=位置保持 类型掩码=3520 实际位置NED=(0.044,-0.047,-0.292) 实际速度=(0.001,0.000,-0.001) 最终目标=(0.073,-0.090,-0.288) 指令位置=(0.073,-0.090,nan) 指令速度=(0.000,0.000,0.000) 指令加速度=(0.000,0.000,nan) 滚转角=-0.09度 俯仰角=-0.07度
15:39:55.036939 [轨迹] 序号=1064 单调时间=20044.684534 时间=20044.685 模式=OFFBOARD 起飞状态=未执行起飞 水平控制=位置保持 类型掩码=3520 实际位置NED=(0.044,-0.047,-0.291) 实际速度=(0.001,0.000,-0.001) 最终目标=(0.073,-0.090,-0.288) 指令位置=(0.073,-0.090,nan) 指令速度=(0.000,0.000,0.000) 指令加速度=(0.000,0.000,nan) 滚转角=-0.09度 俯仰角=-0.07度
15:39:55.139320 [轨迹] 序号=1065 单调时间=20044.786983 时间=20044.787 模式=OFFBOARD 起飞状态=未执行起飞 水平控制=位置保持 类型掩码=3520 实际位置NED=(0.044,-0.047,-0.291) 实际速度=(0.001,0.000,-0.000) 最终目标=(0.073,-0.090,-0.288) 指令位置=(0.073,-0.090,nan) 指令速度=(0.000,0.000,0.000) 指令加速度=(0.000,0.000,nan) 滚转角=-0.09度 俯仰角=-0.07度
15:39:55.241769 [轨迹] 序号=1066 单调时间=20044.889445 时间=20044.889 模式=OFFBOARD 起飞状态=未执行起飞 水平控制=位置保持 类型掩码=3520 实际位置NED=(0.044,-0.047,-0.290) 实际速度=(0.001,0.000,-0.000) 最终目标=(0.073,-0.090,-0.288) 指令位置=(0.073,-0.090,nan) 指令速度=(0.000,0.000,0.000) 指令加速度=(0.000,0.000,nan) 滚转角=-0.09度 俯仰角=-0.07度
15:39:55.344454 [轨迹] 序号=1067 单调时间=20044.991839 时间=20044.992 模式=OFFBOARD 起飞状态=未执行起飞 水平控制=位置保持 类型掩码=3520 实际位置NED=(0.044,-0.047,-0.290) 实际速度=(0.001,0.000,0.000) 最终目标=(0.073,-0.090,-0.288) 指令位置=(0.073,-0.090,nan) 指令速度=(0.000,0.000,0.000) 指令加速度=(0.000,0.000,nan) 滚转角=-0.09度 俯仰角=-0.07度
15:39:55.447309 [轨迹] 序号=1068 单调时间=20045.094901 时间=20045.095 模式=OFFBOARD 起飞状态=未执行起飞 水平控制=位置保持 类型掩码=3520 实际位置NED=(0.044,-0.047,-0.289) 实际速度=(0.001,0.000,0.001) 最终目标=(0.073,-0.090,-0.288) 指令位置=(0.073,-0.090,nan) 指令速度=(0.000,0.000,0.000) 指令加速度=(0.000,0.000,nan) 滚转角=-0.09度 俯仰角=-0.07度
15:39:55.550976 [轨迹] 序号=1069 单调时间=20045.198483 时间=20045.198 模式=OFFBOARD 起飞状态=未执行起飞 水平控制=位置保持 类型掩码=3520 实际位置NED=(0.044,-0.047,-0.289) 实际速度=(0.001,0.000,0.001) 最终目标=(0.073,-0.090,-0.288) 指令位置=(0.073,-0.090,nan) 指令速度=(0.000,0.000,0.000) 指令加速度=(0.000,0.000,nan) 滚转角=-0.09度 俯仰角=-0.07度
15:39:55.653539 [轨迹] 序号=1070 单调时间=20045.301114 时间=20045.301 模式=OFFBOARD 起飞状态=未执行起飞 水平控制=位置保持 类型掩码=3520 实际位置NED=(0.044,-0.047,-0.289) 实际速度=(0.001,0.000,0.001) 最终目标=(0.073,-0.090,-0.288) 指令位置=(0.073,-0.090,nan) 指令速度=(0.000,0.000,0.000) 指令加速度=(0.000,0.000,nan) 滚转角=-0.09度 俯仰角=-0.07度
15:39:55.755982 [轨迹] 序号=1071 单调时间=20045.403596 时间=20045.404 模式=OFFBOARD 起飞状态=未执行起飞 水平控制=位置保持 类型掩码=3520 实际位置NED=(0.044,-0.047,-0.288) 实际速度=(0.001,0.000,0.001) 最终目标=(0.073,-0.090,-0.288) 指令位置=(0.073,-0.090,nan) 指令速度=(0.000,0.000,0.000) 指令加速度=(0.000,0.000,nan) 滚转角=-0.09度 俯仰角=-0.07度
15:39:55.858908 [轨迹] 序号=1072 单调时间=20045.506408 时间=20045.506 模式=OFFBOARD 起飞状态=未执行起飞 水平控制=位置保持 类型掩码=3520 实际位置NED=(0.044,-0.047,-0.288) 实际速度=(0.001,0.000,0.001) 最终目标=(0.073,-0.090,-0.288) 指令位置=(0.073,-0.090,nan) 指令速度=(0.000,0.000,0.000) 指令加速度=(0.000,0.000,nan) 滚转角=-0.09度 俯仰角=-0.07度
15:39:55.961619 [轨迹] 序号=1073 单调时间=20045.609190 时间=20045.609 模式=OFFBOARD 起飞状态=未执行起飞 水平控制=位置保持 类型掩码=3520 实际位置NED=(0.044,-0.047,-0.288) 实际速度=(0.001,0.000,0.002) 最终目标=(0.073,-0.090,-0.288) 指令位置=(0.073,-0.090,nan) 指令速度=(0.000,0.000,0.000) 指令加速度=(0.000,0.000,nan) 滚转角=-0.09度 俯仰角=-0.07度
15:39:56.064210 [轨迹] 序号=1074 单调时间=20045.711781 时间=20045.712 模式=OFFBOARD 起飞状态=未执行起飞 水平控制=位置保持 类型掩码=3520 实际位置NED=(0.044,-0.047,-0.288) 实际速度=(0.001,0.000,0.002) 最终目标=(0.073,-0.090,-0.288) 指令位置=(0.073,-0.090,nan) 指令速度=(0.000,0.000,0.000) 指令加速度=(0.000,0.000,nan) 滚转角=-0.09度 俯仰角=-0.07度
15:39:56.167053 [轨迹] 序号=1075 单调时间=20045.814659 时间=20045.815 模式=OFFBOARD 起飞状态=未执行起飞 水平控制=位置保持 类型掩码=3520 实际位置NED=(0.044,-0.047,-0.287) 实际速度=(0.000,0.000,0.002) 最终目标=(0.073,-0.090,-0.288) 指令位置=(0.073,-0.090,nan) 指令速度=(0.000,0.000,0.000) 指令加速度=(0.000,0.000,nan) 滚转角=-0.09度 俯仰角=-0.07度
15:39:56.269961 [轨迹] 序号=1076 单调时间=20045.917430 时间=20045.917 模式=OFFBOARD 起飞状态=未执行起飞 水平控制=位置保持 类型掩码=3520 实际位置NED=(0.044,-0.047,-0.287) 实际速度=(0.000,0.000,0.002) 最终目标=(0.073,-0.090,-0.288) 指令位置=(0.073,-0.090,nan) 指令速度=(0.000,0.000,0.000) 指令加速度=(0.000,0.000,nan) 滚转角=-0.09度 俯仰角=-0.07度
15:39:56.373271 [轨迹] 序号=1077 单调时间=20046.020709 时间=20046.021 模式=OFFBOARD 起飞状态=未执行起飞 水平控制=位置保持 类型掩码=3520 实际位置NED=(0.044,-0.047,-0.287) 实际速度=(0.000,0.000,0.002) 最终目标=(0.073,-0.090,-0.288) 指令位置=(0.073,-0.090,nan) 指令速度=(0.000,0.000,0.000) 指令加速度=(0.000,0.000,nan) 滚转角=-0.09度 俯仰角=-0.07度
15:39:56.476413 [轨迹] 序号=1078 单调时间=20046.123892 时间=20046.124 模式=OFFBOARD 起飞状态=未执行起飞 水平控制=位置保持 类型掩码=3520 实际位置NED=(0.044,-0.047,-0.287) 实际速度=(0.000,0.000,0.002) 最终目标=(0.073,-0.090,-0.288) 指令位置=(0.073,-0.090,nan) 指令速度=(0.000,0.000,0.000) 指令加速度=(0.000,0.000,nan) 滚转角=-0.09度 俯仰角=-0.07度
15:39:56.579320 [轨迹] 序号=1079 单调时间=20046.226734 时间=20046.227 模式=OFFBOARD 起飞状态=未执行起飞 水平控制=位置保持 类型掩码=3520 实际位置NED=(0.044,-0.047,-0.287) 实际速度=(0.000,0.000,0.003) 最终目标=(0.073,-0.090,-0.288) 指令位置=(0.073,-0.090,nan) 指令速度=(0.000,0.000,0.000) 指令加速度=(0.000,0.000,nan) 滚转角=-0.09度 俯仰角=-0.07度
15:39:56.681904 [轨迹] 序号=1080 单调时间=20046.329510 时间=20046.330 模式=OFFBOARD 起飞状态=未执行起飞 水平控制=位置保持 类型掩码=3520 实际位置NED=(0.044,-0.047,-0.287) 实际速度=(0.000,0.000,0.003) 最终目标=(0.073,-0.090,-0.288) 指令位置=(0.073,-0.090,nan) 指令速度=(0.000,0.000,0.000) 指令加速度=(0.000,0.000,nan) 滚转角=-0.09度 俯仰角=-0.07度
15:39:56.784994 [轨迹] 序号=1081 单调时间=20046.432496 时间=20046.432 模式=OFFBOARD 起飞状态=未执行起飞 水平控制=位置保持 类型掩码=3520 实际位置NED=(0.044,-0.047,-0.286) 实际速度=(0.000,0.000,0.003) 最终目标=(0.073,-0.090,-0.288) 指令位置=(0.073,-0.090,nan) 指令速度=(0.000,0.000,0.000) 指令加速度=(0.000,0.000,nan) 滚转角=-0.09度 俯仰角=-0.07度
15:39:56.887544 [轨迹] 序号=1082 单调时间=20046.535286 时间=20046.535 模式=OFFBOARD 起飞状态=未执行起飞 水平控制=位置保持 类型掩码=3520 实际位置NED=(0.044,-0.047,-0.286) 实际速度=(0.000,0.000,0.003) 最终目标=(0.073,-0.090,-0.288) 指令位置=(0.073,-0.090,nan) 指令速度=(0.000,0.000,0.000) 指令加速度=(0.000,0.000,nan) 滚转角=-0.09度 俯仰角=-0.07度
15:39:56.989907 [轨迹] 序号=1083 单调时间=20046.637469 时间=20046.637 模式=OFFBOARD 起飞状态=未执行起飞 水平控制=位置保持 类型掩码=3520 实际位置NED=(0.044,-0.047,-0.286) 实际速度=(0.000,0.000,0.003) 最终目标=(0.073,-0.090,-0.288) 指令位置=(0.073,-0.090,nan) 指令速度=(0.000,0.000,0.000) 指令加速度=(0.000,0.000,nan) 滚转角=-0.09度 俯仰角=-0.07度
15:39:57.092394 [轨迹] 序号=1084 单调时间=20046.739895 时间=20046.740 模式=OFFBOARD 起飞状态=未执行起飞 水平控制=位置保持 类型掩码=3520 实际位置NED=(0.044,-0.047,-0.286) 实际速度=(0.001,-0.000,0.003) 最终目标=(0.073,-0.090,-0.288) 指令位置=(0.073,-0.090,nan) 指令速度=(0.000,0.000,0.000) 指令加速度=(0.000,0.000,nan) 滚转角=-0.09度 俯仰角=-0.07度
15:39:57.194908 [轨迹] 序号=1085 单调时间=20046.842488 时间=20046.842 模式=OFFBOARD 起飞状态=未执行起飞 水平控制=位置保持 类型掩码=3520 实际位置NED=(0.044,-0.047,-0.286) 实际速度=(0.000,-0.000,0.003) 最终目标=(0.073,-0.090,-0.288) 指令位置=(0.073,-0.090,nan) 指令速度=(0.000,0.000,0.000) 指令加速度=(0.000,0.000,nan) 滚转角=-0.09度 俯仰角=-0.07度
15:39:57.297503 [轨迹] 序号=1086 单调时间=20046.944913 时间=20046.945 模式=OFFBOARD 起飞状态=未执行起飞 水平控制=位置保持 类型掩码=3520 实际位置NED=(0.044,-0.047,-0.286) 实际速度=(0.001,-0.000,0.003) 最终目标=(0.073,-0.090,-0.288) 指令位置=(0.073,-0.090,nan) 指令速度=(0.000,0.000,0.000) 指令加速度=(0.000,0.000,nan) 滚转角=-0.09度 俯仰角=-0.07度
15:39:57.399769 [轨迹] 序号=1087 单调时间=20047.047353 时间=20047.047 模式=OFFBOARD 起飞状态=未执行起飞 水平控制=位置保持 类型掩码=3520 实际位置NED=(0.044,-0.047,-0.286) 实际速度=(0.001,-0.000,0.003) 最终目标=(0.073,-0.090,-0.288) 指令位置=(0.073,-0.090,nan) 指令速度=(0.000,0.000,0.000) 指令加速度=(0.000,0.000,nan) 滚转角=-0.09度 俯仰角=-0.07度
15:39:57.502655 [轨迹] 序号=1088 单调时间=20047.150079 时间=20047.150 模式=OFFBOARD 起飞状态=未执行起飞 水平控制=位置保持 类型掩码=3520 实际位置NED=(0.044,-0.047,-0.285) 实际速度=(0.001,-0.000,0.003) 最终目标=(0.073,-0.090,-0.288) 指令位置=(0.073,-0.090,nan) 指令速度=(0.000,0.000,0.000) 指令加速度=(0.000,0.000,nan) 滚转角=-0.09度 俯仰角=-0.07度
15:39:57.606131 [轨迹] 序号=1089 单调时间=20047.253655 时间=20047.254 模式=OFFBOARD 起飞状态=未执行起飞 水平控制=位置保持 类型掩码=3520 实际位置NED=(0.044,-0.047,-0.285) 实际速度=(0.001,-0.000,0.003) 最终目标=(0.073,-0.090,-0.288) 指令位置=(0.073,-0.090,nan) 指令速度=(0.000,0.000,0.000) 指令加速度=(0.000,0.000,nan) 滚转角=-0.09度 俯仰角=-0.07度
15:39:57.708923 [轨迹] 序号=1090 单调时间=20047.356266 时间=20047.356 模式=OFFBOARD 起飞状态=未执行起飞 水平控制=位置保持 类型掩码=3520 实际位置NED=(0.044,-0.047,-0.285) 实际速度=(0.001,-0.000,0.003) 最终目标=(0.073,-0.090,-0.288) 指令位置=(0.073,-0.090,nan) 指令速度=(0.000,0.000,0.000) 指令加速度=(0.000,0.000,nan) 滚转角=-0.09度 俯仰角=-0.07度
15:39:57.812054 [轨迹] 序号=1091 单调时间=20047.459279 时间=20047.459 模式=OFFBOARD 起飞状态=未执行起飞 水平控制=位置保持 类型掩码=3520 实际位置NED=(0.044,-0.047,-0.285) 实际速度=(0.001,-0.000,0.003) 最终目标=(0.073,-0.090,-0.288) 指令位置=(0.073,-0.090,nan) 指令速度=(0.000,0.000,0.000) 指令加速度=(0.000,0.000,nan) 滚转角=-0.09度 俯仰角=-0.07度
15:39:57.914994 [轨迹] 序号=1092 单调时间=20047.562585 时间=20047.563 模式=OFFBOARD 起飞状态=未执行起飞 水平控制=位置保持 类型掩码=3520 实际位置NED=(0.044,-0.047,-0.285) 实际速度=(0.001,-0.000,0.003) 最终目标=(0.073,-0.090,-0.288) 指令位置=(0.073,-0.090,nan) 指令速度=(0.000,0.000,0.000) 指令加速度=(0.000,0.000,nan) 滚转角=-0.09度 俯仰角=-0.07度
15:39:58.018090 [轨迹] 序号=1093 单调时间=20047.665615 时间=20047.666 模式=OFFBOARD 起飞状态=未执行起飞 水平控制=位置保持 类型掩码=3520 实际位置NED=(0.044,-0.047,-0.285) 实际速度=(0.001,-0.000,0.003) 最终目标=(0.073,-0.090,-0.288) 指令位置=(0.073,-0.090,nan) 指令速度=(0.000,0.000,0.000) 指令加速度=(0.000,0.000,nan) 滚转角=-0.09度 俯仰角=-0.07度
15:39:58.121152 [轨迹] 序号=1094 单调时间=20047.768685 时间=20047.769 模式=OFFBOARD 起飞状态=未执行起飞 水平控制=位置保持 类型掩码=3520 实际位置NED=(0.044,-0.047,-0.285) 实际速度=(0.001,-0.000,0.003) 最终目标=(0.073,-0.090,-0.288) 指令位置=(0.073,-0.090,nan) 指令速度=(0.000,0.000,0.000) 指令加速度=(0.000,0.000,nan) 滚转角=-0.09度 俯仰角=-0.07度
15:39:58.223552 [轨迹] 序号=1095 单调时间=20047.871134 时间=20047.871 模式=OFFBOARD 起飞状态=未执行起飞 水平控制=位置保持 类型掩码=3520 实际位置NED=(0.044,-0.047,-0.285) 实际速度=(0.001,-0.000,0.003) 最终目标=(0.073,-0.090,-0.288) 指令位置=(0.073,-0.090,nan) 指令速度=(0.000,0.000,0.000) 指令加速度=(0.000,0.000,nan) 滚转角=-0.09度 俯仰角=-0.07度
15:39:58.326214 [轨迹] 序号=1096 单调时间=20047.973710 时间=20047.974 模式=OFFBOARD 起飞状态=未执行起飞 水平控制=位置保持 类型掩码=3520 实际位置NED=(0.044,-0.047,-0.285) 实际速度=(0.001,-0.000,0.003) 最终目标=(0.073,-0.090,-0.288) 指令位置=(0.073,-0.090,nan) 指令速度=(0.000,0.000,0.000) 指令加速度=(0.000,0.000,nan) 滚转角=-0.09度 俯仰角=-0.07度
15:39:58.429532 [轨迹] 序号=1097 单调时间=20048.076492 时间=20048.076 模式=OFFBOARD 起飞状态=未执行起飞 水平控制=位置保持 类型掩码=3520 实际位置NED=(0.044,-0.047,-0.285) 实际速度=(0.001,-0.000,0.003) 最终目标=(0.073,-0.090,-0.288) 指令位置=(0.073,-0.090,nan) 指令速度=(0.000,0.000,0.000) 指令加速度=(0.000,0.000,nan) 滚转角=-0.09度 俯仰角=-0.07度
15:39:58.532571 [轨迹] 序号=1098 单调时间=20048.180047 时间=20048.180 模式=OFFBOARD 起飞状态=未执行起飞 水平控制=位置保持 类型掩码=3520 实际位置NED=(0.043,-0.047,-0.285) 实际速度=(0.001,-0.000,0.003) 最终目标=(0.073,-0.090,-0.288) 指令位置=(0.073,-0.090,nan) 指令速度=(0.000,0.000,0.000) 指令加速度=(0.000,0.000,nan) 滚转角=-0.09度 俯仰角=-0.07度
15:39:58.636484 [轨迹] 序号=1099 单调时间=20048.284151 时间=20048.284 模式=OFFBOARD 起飞状态=未执行起飞 水平控制=位置保持 类型掩码=3520 实际位置NED=(0.043,-0.047,-0.285) 实际速度=(0.001,-0.000,0.003) 最终目标=(0.073,-0.090,-0.288) 指令位置=(0.073,-0.090,nan) 指令速度=(0.000,0.000,0.000) 指令加速度=(0.000,0.000,nan) 滚转角=-0.09度 俯仰角=-0.07度
15:39:58.738913 [轨迹] 序号=1100 单调时间=20048.386638 时间=20048.387 模式=OFFBOARD 起飞状态=未执行起飞 水平控制=位置保持 类型掩码=3520 实际位置NED=(0.043,-0.046,-0.285) 实际速度=(0.001,-0.000,0.003) 最终目标=(0.073,-0.090,-0.288) 指令位置=(0.073,-0.090,nan) 指令速度=(0.000,0.000,0.000) 指令加速度=(0.000,0.000,nan) 滚转角=-0.09度 俯仰角=-0.07度
15:39:58.841891 [轨迹] 序号=1101 单调时间=20048.489460 时间=20048.489 模式=OFFBOARD 起飞状态=未执行起飞 水平控制=位置保持 类型掩码=3520 实际位置NED=(0.043,-0.046,-0.285) 实际速度=(0.001,-0.000,0.003) 最终目标=(0.073,-0.090,-0.288) 指令位置=(0.073,-0.090,nan) 指令速度=(0.000,0.000,0.000) 指令加速度=(0.000,0.000,nan) 滚转角=-0.09度 俯仰角=-0.07度
15:39:58.945039 [轨迹] 序号=1102 单调时间=20048.592535 时间=20048.593 模式=OFFBOARD 起飞状态=未执行起飞 水平控制=位置保持 类型掩码=3520 实际位置NED=(0.043,-0.046,-0.285) 实际速度=(0.001,-0.000,0.003) 最终目标=(0.073,-0.090,-0.288) 指令位置=(0.073,-0.090,nan) 指令速度=(0.000,0.000,0.000) 指令加速度=(0.000,0.000,nan) 滚转角=-0.09度 俯仰角=-0.07度
15:39:59.047597 [轨迹] 序号=1103 单调时间=20048.695149 时间=20048.695 模式=OFFBOARD 起飞状态=未执行起飞 水平控制=位置保持 类型掩码=3520 实际位置NED=(0.043,-0.046,-0.285) 实际速度=(0.001,-0.000,0.003) 最终目标=(0.073,-0.090,-0.288) 指令位置=(0.073,-0.090,nan) 指令速度=(0.000,0.000,0.000) 指令加速度=(0.000,0.000,nan) 滚转角=-0.09度 俯仰角=-0.07度
15:39:59.150120 [轨迹] 序号=1104 单调时间=20048.797656 时间=20048.798 模式=OFFBOARD 起飞状态=未执行起飞 水平控制=位置保持 类型掩码=3520 实际位置NED=(0.043,-0.046,-0.285) 实际速度=(0.001,-0.000,0.003) 最终目标=(0.073,-0.090,-0.288) 指令位置=(0.073,-0.090,nan) 指令速度=(0.000,0.000,0.000) 指令加速度=(0.000,0.000,nan) 滚转角=-0.09度 俯仰角=-0.07度
15:39:59.252721 [轨迹] 序号=1105 单调时间=20048.900426 时间=20048.900 模式=OFFBOARD 起飞状态=未执行起飞 水平控制=位置保持 类型掩码=3520 实际位置NED=(0.043,-0.046,-0.285) 实际速度=(0.000,-0.000,0.003) 最终目标=(0.073,-0.090,-0.288) 指令位置=(0.073,-0.090,nan) 指令速度=(0.000,0.000,0.000) 指令加速度=(0.000,0.000,nan) 滚转角=-0.09度 俯仰角=-0.07度
15:39:59.355884 [轨迹] 序号=1106 单调时间=20049.003435 时间=20049.003 模式=OFFBOARD 起飞状态=未执行起飞 水平控制=位置保持 类型掩码=3520 实际位置NED=(0.043,-0.046,-0.285) 实际速度=(0.000,-0.000,0.003) 最终目标=(0.073,-0.090,-0.288) 指令位置=(0.073,-0.090,nan) 指令速度=(0.000,0.000,0.000) 指令加速度=(0.000,0.000,nan) 滚转角=-0.09度 俯仰角=-0.07度
15:39:59.459982 [轨迹] 序号=1107 单调时间=20049.107621 时间=20049.108 模式=OFFBOARD 起飞状态=未执行起飞 水平控制=位置保持 类型掩码=3520 实际位置NED=(0.043,-0.046,-0.285) 实际速度=(0.000,-0.000,0.003) 最终目标=(0.073,-0.090,-0.288) 指令位置=(0.073,-0.090,nan) 指令速度=(0.000,0.000,0.000) 指令加速度=(0.000,0.000,nan) 滚转角=-0.09度 俯仰角=-0.07度
15:39:59.562784 [轨迹] 序号=1108 单调时间=20049.210262 时间=20049.210 模式=OFFBOARD 起飞状态=未执行起飞 水平控制=位置保持 类型掩码=3520 实际位置NED=(0.043,-0.046,-0.285) 实际速度=(0.000,-0.000,0.003) 最终目标=(0.073,-0.090,-0.288) 指令位置=(0.073,-0.090,nan) 指令速度=(0.000,0.000,0.000) 指令加速度=(0.000,0.000,nan) 滚转角=-0.09度 俯仰角=-0.07度
15:39:59.665866 [轨迹] 序号=1109 单调时间=20049.313393 时间=20049.313 模式=OFFBOARD 起飞状态=未执行起飞 水平控制=位置保持 类型掩码=3520 实际位置NED=(0.043,-0.046,-0.285) 实际速度=(0.001,-0.000,0.003) 最终目标=(0.073,-0.090,-0.288) 指令位置=(0.073,-0.090,nan) 指令速度=(0.000,0.000,0.000) 指令加速度=(0.000,0.000,nan) 滚转角=-0.09度 俯仰角=-0.07度
15:39:59.768914 [轨迹] 序号=1110 单调时间=20049.416502 时间=20049.417 模式=OFFBOARD 起飞状态=未执行起飞 水平控制=位置保持 类型掩码=3520 实际位置NED=(0.043,-0.046,-0.285) 实际速度=(0.001,-0.000,0.003) 最终目标=(0.073,-0.090,-0.288) 指令位置=(0.073,-0.090,nan) 指令速度=(0.000,0.000,0.000) 指令加速度=(0.000,0.000,nan) 滚转角=-0.09度 俯仰角=-0.07度
15:39:59.872682 [轨迹] 序号=1111 单调时间=20049.520318 时间=20049.520 模式=OFFBOARD 起飞状态=未执行起飞 水平控制=位置保持 类型掩码=3520 实际位置NED=(0.043,-0.046,-0.286) 实际速度=(0.001,-0.000,0.003) 最终目标=(0.073,-0.090,-0.288) 指令位置=(0.073,-0.090,nan) 指令速度=(0.000,0.000,0.000) 指令加速度=(0.000,0.000,nan) 滚转角=-0.09度 俯仰角=-0.07度
15:39:59.976108 [轨迹] 序号=1112 单调时间=20049.623636 时间=20049.624 模式=OFFBOARD 起飞状态=未执行起飞 水平控制=位置保持 类型掩码=3520 实际位置NED=(0.043,-0.046,-0.286) 实际速度=(0.001,-0.000,0.003) 最终目标=(0.073,-0.090,-0.288) 指令位置=(0.073,-0.090,nan) 指令速度=(0.000,0.000,0.000) 指令加速度=(0.000,0.000,nan) 滚转角=-0.09度 俯仰角=-0.07度
15:40:00.079284 [轨迹] 序号=1113 单调时间=20049.726723 时间=20049.727 模式=OFFBOARD 起飞状态=未执行起飞 水平控制=位置保持 类型掩码=3520 实际位置NED=(0.043,-0.046,-0.286) 实际速度=(0.001,0.000,0.003) 最终目标=(0.073,-0.090,-0.288) 指令位置=(0.073,-0.090,nan) 指令速度=(0.000,0.000,0.000) 指令加速度=(0.000,0.000,nan) 滚转角=-0.09度 俯仰角=-0.07度
15:40:00.181850 [轨迹] 序号=1114 单调时间=20049.829379 时间=20049.829 模式=OFFBOARD 起飞状态=未执行起飞 水平控制=位置保持 类型掩码=3520 实际位置NED=(0.043,-0.046,-0.286) 实际速度=(0.001,0.000,0.003) 最终目标=(0.073,-0.090,-0.288) 指令位置=(0.073,-0.090,nan) 指令速度=(0.000,0.000,0.000) 指令加速度=(0.000,0.000,nan) 滚转角=-0.09度 俯仰角=-0.07度
15:40:00.284317 [轨迹] 序号=1115 单调时间=20049.931915 时间=20049.932 模式=OFFBOARD 起飞状态=未执行起飞 水平控制=位置保持 类型掩码=3520 实际位置NED=(0.043,-0.046,-0.286) 实际速度=(0.001,0.000,0.003) 最终目标=(0.073,-0.090,-0.288) 指令位置=(0.073,-0.090,nan) 指令速度=(0.000,0.000,0.000) 指令加速度=(0.000,0.000,nan) 滚转角=-0.09度 俯仰角=-0.07度
15:40:00.386972 [轨迹] 序号=1116 单调时间=20050.034454 时间=20050.034 模式=OFFBOARD 起飞状态=未执行起飞 水平控制=位置保持 类型掩码=3520 实际位置NED=(0.043,-0.046,-0.286) 实际速度=(0.000,0.000,0.002) 最终目标=(0.073,-0.090,-0.288) 指令位置=(0.073,-0.090,nan) 指令速度=(0.000,0.000,0.000) 指令加速度=(0.000,0.000,nan) 滚转角=-0.09度 俯仰角=-0.07度
15:40:00.489946 [轨迹] 序号=1117 单调时间=20050.137236 时间=20050.137 模式=OFFBOARD 起飞状态=未执行起飞 水平控制=位置保持 类型掩码=3520 实际位置NED=(0.043,-0.046,-0.286) 实际速度=(0.000,0.000,0.002) 最终目标=(0.073,-0.090,-0.288) 指令位置=(0.073,-0.090,nan) 指令速度=(0.000,0.000,0.000) 指令加速度=(0.000,0.000,nan) 滚转角=-0.09度 俯仰角=-0.07度
15:40:00.592890 [轨迹] 序号=1118 单调时间=20050.240520 时间=20050.241 模式=OFFBOARD 起飞状态=未执行起飞 水平控制=位置保持 类型掩码=3520 实际位置NED=(0.043,-0.046,-0.286) 实际速度=(0.000,0.001,0.002) 最终目标=(0.073,-0.090,-0.288) 指令位置=(0.073,-0.090,nan) 指令速度=(0.000,0.000,0.000) 指令加速度=(0.000,0.000,nan) 滚转角=-0.09度 俯仰角=-0.07度
15:40:00.695523 [轨迹] 序号=1119 单调时间=20050.343122 时间=20050.343 模式=OFFBOARD 起飞状态=未执行起飞 水平控制=位置保持 类型掩码=3520 实际位置NED=(0.043,-0.046,-0.286) 实际速度=(0.000,0.001,0.002) 最终目标=(0.073,-0.090,-0.288) 指令位置=(0.073,-0.090,nan) 指令速度=(0.000,0.000,0.000) 指令加速度=(0.000,0.000,nan) 滚转角=-0.09度 俯仰角=-0.07度
15:40:00.798151 [轨迹] 序号=1120 单调时间=20050.445771 时间=20050.446 模式=OFFBOARD 起飞状态=未执行起飞 水平控制=位置保持 类型掩码=3520 实际位置NED=(0.043,-0.046,-0.286) 实际速度=(0.000,0.001,0.002) 最终目标=(0.073,-0.090,-0.288) 指令位置=(0.073,-0.090,nan) 指令速度=(0.000,0.000,0.000) 指令加速度=(0.000,0.000,nan) 滚转角=-0.09度 俯仰角=-0.07度
15:40:00.901287 [轨迹] 序号=1121 单调时间=20050.549005 时间=20050.549 模式=OFFBOARD 起飞状态=未执行起飞 水平控制=位置保持 类型掩码=3520 实际位置NED=(0.043,-0.045,-0.286) 实际速度=(0.000,0.001,0.002) 最终目标=(0.073,-0.090,-0.288) 指令位置=(0.073,-0.090,nan) 指令速度=(0.000,0.000,0.000) 指令加速度=(0.000,0.000,nan) 滚转角=-0.09度 俯仰角=-0.07度
15:40:01.004687 [轨迹] 序号=1122 单调时间=20050.652191 时间=20050.652 模式=OFFBOARD 起飞状态=未执行起飞 水平控制=位置保持 类型掩码=3520 实际位置NED=(0.043,-0.045,-0.286) 实际速度=(0.000,0.001,0.002) 最终目标=(0.073,-0.090,-0.288) 指令位置=(0.073,-0.090,nan) 指令速度=(0.000,0.000,0.000) 指令加速度=(0.000,0.000,nan) 滚转角=-0.09度 俯仰角=-0.07度
15:40:01.107578 [轨迹] 序号=1123 单调时间=20050.755127 时间=20050.755 模式=OFFBOARD 起飞状态=未执行起飞 水平控制=位置保持 类型掩码=3520 实际位置NED=(0.043,-0.045,-0.286) 实际速度=(0.000,0.001,0.001) 最终目标=(0.073,-0.090,-0.288) 指令位置=(0.073,-0.090,nan) 指令速度=(0.000,0.000,0.000) 指令加速度=(0.000,0.000,nan) 滚转角=-0.09度 俯仰角=-0.07度
15:40:01.210220 [轨迹] 序号=1124 单调时间=20050.857930 时间=20050.858 模式=OFFBOARD 起飞状态=未执行起飞 水平控制=位置保持 类型掩码=3520 实际位置NED=(0.043,-0.045,-0.286) 实际速度=(0.000,0.001,0.001) 最终目标=(0.073,-0.090,-0.288) 指令位置=(0.073,-0.090,nan) 指令速度=(0.000,0.000,0.000) 指令加速度=(0.000,0.000,nan) 滚转角=-0.09度 俯仰角=-0.07度
15:40:01.313216 [轨迹] 序号=1125 单调时间=20050.960786 时间=20050.961 模式=OFFBOARD 起飞状态=未执行起飞 水平控制=位置保持 类型掩码=3520 实际位置NED=(0.042,-0.045,-0.286) 实际速度=(0.000,0.001,0.001) 最终目标=(0.073,-0.090,-0.288) 指令位置=(0.073,-0.090,nan) 指令速度=(0.000,0.000,0.000) 指令加速度=(0.000,0.000,nan) 滚转角=-0.09度 俯仰角=-0.07度
15:40:01.416507 [轨迹] 序号=1126 单调时间=20051.063985 时间=20051.064 模式=OFFBOARD 起飞状态=未执行起飞 水平控制=位置保持 类型掩码=3520 实际位置NED=(0.042,-0.045,-0.287) 实际速度=(0.000,0.001,0.001) 最终目标=(0.073,-0.090,-0.288) 指令位置=(0.073,-0.090,nan) 指令速度=(0.000,0.000,0.000) 指令加速度=(0.000,0.000,nan) 滚转角=-0.09度 俯仰角=-0.07度
15:40:01.519867 [轨迹] 序号=1127 单调时间=20051.167373 时间=20051.167 模式=OFFBOARD 起飞状态=未执行起飞 水平控制=位置保持 类型掩码=3520 实际位置NED=(0.042,-0.045,-0.287) 实际速度=(0.000,0.001,0.001) 最终目标=(0.073,-0.090,-0.288) 指令位置=(0.073,-0.090,nan) 指令速度=(0.000,0.000,0.000) 指令加速度=(0.000,0.000,nan) 滚转角=-0.09度 俯仰角=-0.07度
15:40:01.622638 [轨迹] 序号=1128 单调时间=20051.270109 时间=20051.270 模式=OFFBOARD 起飞状态=未执行起飞 水平控制=位置保持 类型掩码=3520 实际位置NED=(0.042,-0.045,-0.287) 实际速度=(0.000,0.001,0.001) 最终目标=(0.073,-0.090,-0.288) 指令位置=(0.073,-0.090,nan) 指令速度=(0.000,0.000,0.000) 指令加速度=(0.000,0.000,nan) 滚转角=-0.09度 俯仰角=-0.07度
15:40:01.725186 [轨迹] 序号=1129 单调时间=20051.372790 时间=20051.373 模式=OFFBOARD 起飞状态=未执行起飞 水平控制=位置保持 类型掩码=3520 实际位置NED=(0.042,-0.045,-0.287) 实际速度=(0.000,0.001,0.000) 最终目标=(0.073,-0.090,-0.288) 指令位置=(0.073,-0.090,nan) 指令速度=(0.000,0.000,0.000) 指令加速度=(0.000,0.000,nan) 滚转角=-0.09度 俯仰角=-0.07度
15:40:01.828221 [轨迹] 序号=1130 单调时间=20051.475775 时间=20051.476 模式=OFFBOARD 起飞状态=未执行起飞 水平控制=位置保持 类型掩码=3520 实际位置NED=(0.042,-0.045,-0.287) 实际速度=(0.000,0.001,0.000) 最终目标=(0.073,-0.090,-0.288) 指令位置=(0.073,-0.090,nan) 指令速度=(0.000,0.000,0.000) 指令加速度=(0.000,0.000,nan) 滚转角=-0.09度 俯仰角=-0.07度
15:40:01.930967 [轨迹] 序号=1131 单调时间=20051.578570 时间=20051.579 模式=OFFBOARD 起飞状态=未执行起飞 水平控制=位置保持 类型掩码=3520 实际位置NED=(0.042,-0.045,-0.287) 实际速度=(0.000,0.000,0.000) 最终目标=(0.073,-0.090,-0.288) 指令位置=(0.073,-0.090,nan) 指令速度=(0.000,0.000,0.000) 指令加速度=(0.000,0.000,nan) 滚转角=-0.09度 俯仰角=-0.07度
15:40:02.033745 [轨迹] 序号=1132 单调时间=20051.681365 时间=20051.681 模式=OFFBOARD 起飞状态=未执行起飞 水平控制=位置保持 类型掩码=3520 实际位置NED=(0.042,-0.045,-0.287) 实际速度=(0.000,0.000,0.000) 最终目标=(0.073,-0.090,-0.288) 指令位置=(0.073,-0.090,nan) 指令速度=(0.000,0.000,0.000) 指令加速度=(0.000,0.000,nan) 滚转角=-0.09度 俯仰角=-0.07度
15:40:02.137030 [轨迹] 序号=1133 单调时间=20051.784484 时间=20051.784 模式=OFFBOARD 起飞状态=未执行起飞 水平控制=位置保持 类型掩码=3520 实际位置NED=(0.042,-0.045,-0.287) 实际速度=(0.000,0.001,0.000) 最终目标=(0.073,-0.090,-0.288) 指令位置=(0.073,-0.090,nan) 指令速度=(0.000,0.000,0.000) 指令加速度=(0.000,0.000,nan) 滚转角=-0.09度 俯仰角=-0.07度
15:40:02.239650 [轨迹] 序号=1134 单调时间=20051.887358 时间=20051.887 模式=OFFBOARD 起飞状态=未执行起飞 水平控制=位置保持 类型掩码=3520 实际位置NED=(0.042,-0.045,-0.287) 实际速度=(0.000,0.000,0.000) 最终目标=(0.073,-0.090,-0.288) 指令位置=(0.073,-0.090,nan) 指令速度=(0.000,0.000,0.000) 指令加速度=(0.000,0.000,nan) 滚转角=-0.09度 俯仰角=-0.07度
15:40:02.342254 [轨迹] 序号=1135 单调时间=20051.989836 时间=20051.990 模式=OFFBOARD 起飞状态=未执行起飞 水平控制=位置保持 类型掩码=3520 实际位置NED=(0.042,-0.045,-0.288) 实际速度=(-0.000,0.001,0.000) 最终目标=(0.073,-0.090,-0.288) 指令位置=(0.073,-0.090,nan) 指令速度=(0.000,0.000,0.000) 指令加速度=(0.000,0.000,nan) 滚转角=-0.09度 俯仰角=-0.07度
15:40:02.445545 [轨迹] 序号=1136 单调时间=20052.093190 时间=20052.093 模式=OFFBOARD 起飞状态=未执行起飞 水平控制=位置保持 类型掩码=3520 实际位置NED=(0.042,-0.045,-0.288) 实际速度=(0.000,0.001,-0.000) 最终目标=(0.073,-0.090,-0.288) 指令位置=(0.073,-0.090,nan) 指令速度=(0.000,0.000,0.000) 指令加速度=(0.000,0.000,nan) 滚转角=-0.09度 俯仰角=-0.07度
15:40:02.548775 [轨迹] 序号=1137 单调时间=20052.196479 时间=20052.196 模式=OFFBOARD 起飞状态=未执行起飞 水平控制=位置保持 类型掩码=3520 实际位置NED=(0.042,-0.045,-0.288) 实际速度=(0.000,0.001,-0.000) 最终目标=(0.073,-0.090,-0.288) 指令位置=(0.073,-0.090,nan) 指令速度=(0.000,0.000,0.000) 指令加速度=(0.000,0.000,nan) 滚转角=-0.09度 俯仰角=-0.07度
15:40:02.651438 [轨迹] 序号=1138 单调时间=20052.299037 时间=20052.299 模式=OFFBOARD 起飞状态=未执行起飞 水平控制=位置保持 类型掩码=3520 实际位置NED=(0.042,-0.045,-0.288) 实际速度=(0.000,0.001,-0.000) 最终目标=(0.073,-0.090,-0.288) 指令位置=(0.073,-0.090,nan) 指令速度=(0.000,0.000,0.000) 指令加速度=(0.000,0.000,nan) 滚转角=-0.09度 俯仰角=-0.07度
15:40:02.754366 [轨迹] 序号=1139 单调时间=20052.401906 时间=20052.402 模式=OFFBOARD 起飞状态=未执行起飞 水平控制=位置保持 类型掩码=3520 实际位置NED=(0.042,-0.045,-0.288) 实际速度=(0.000,0.001,-0.000) 最终目标=(0.073,-0.090,-0.288) 指令位置=(0.073,-0.090,nan) 指令速度=(0.000,0.000,0.000) 指令加速度=(0.000,0.000,nan) 滚转角=-0.09度 俯仰角=-0.07度
15:40:02.857355 [轨迹] 序号=1140 单调时间=20052.504585 时间=20052.505 模式=OFFBOARD 起飞状态=未执行起飞 水平控制=位置保持 类型掩码=3520 实际位置NED=(0.042,-0.045,-0.288) 实际速度=(-0.000,0.001,-0.000) 最终目标=(0.073,-0.090,-0.288) 指令位置=(0.073,-0.090,nan) 指令速度=(0.000,0.000,0.000) 指令加速度=(0.000,0.000,nan) 滚转角=-0.09度 俯仰角=-0.07度
15:40:02.960914 [轨迹] 序号=1141 单调时间=20052.608523 时间=20052.609 模式=OFFBOARD 起飞状态=未执行起飞 水平控制=位置保持 类型掩码=3520 实际位置NED=(0.042,-0.045,-0.288) 实际速度=(0.000,0.001,-0.000) 最终目标=(0.073,-0.090,-0.288) 指令位置=(0.073,-0.090,nan) 指令速度=(0.000,0.000,0.000) 指令加速度=(0.000,0.000,nan) 滚转角=-0.09度 俯仰角=-0.07度
15:40:03.063342 [轨迹] 序号=1142 单调时间=20052.710934 时间=20052.711 模式=OFFBOARD 起飞状态=未执行起飞 水平控制=位置保持 类型掩码=3520 实际位置NED=(0.041,-0.045,-0.288) 实际速度=(0.000,0.000,-0.000) 最终目标=(0.073,-0.090,-0.288) 指令位置=(0.073,-0.090,nan) 指令速度=(0.000,0.000,0.000) 指令加速度=(0.000,0.000,nan) 滚转角=-0.09度 俯仰角=-0.07度
15:40:03.167277 [轨迹] 序号=1143 单调时间=20052.814980 时间=20052.815 模式=OFFBOARD 起飞状态=未执行起飞 水平控制=位置保持 类型掩码=3520 实际位置NED=(0.041,-0.045,-0.288) 实际速度=(0.000,0.000,-0.000) 最终目标=(0.073,-0.090,-0.288) 指令位置=(0.073,-0.090,nan) 指令速度=(0.000,0.000,0.000) 指令加速度=(0.000,0.000,nan) 滚转角=-0.09度 俯仰角=-0.07度
15:40:03.269748 [轨迹] 序号=1144 单调时间=20052.917284 时间=20052.917 模式=OFFBOARD 起飞状态=未执行起飞 水平控制=位置保持 类型掩码=3520 实际位置NED=(0.041,-0.045,-0.288) 实际速度=(0.000,0.000,-0.000) 最终目标=(0.073,-0.090,-0.288) 指令位置=(0.073,-0.090,nan) 指令速度=(0.000,0.000,0.000) 指令加速度=(0.000,0.000,nan) 滚转角=-0.09度 俯仰角=-0.07度
15:40:03.372506 [轨迹] 序号=1145 单调时间=20053.020090 时间=20053.020 模式=OFFBOARD 起飞状态=未执行起飞 水平控制=位置保持 类型掩码=3520 实际位置NED=(0.041,-0.045,-0.289) 实际速度=(0.000,0.000,-0.000) 最终目标=(0.073,-0.090,-0.288) 指令位置=(0.073,-0.090,nan) 指令速度=(0.000,0.000,0.000) 指令加速度=(0.000,0.000,nan) 滚转角=-0.09度 俯仰角=-0.07度
15:40:03.475289 [轨迹] 序号=1146 单调时间=20053.123069 时间=20053.123 模式=OFFBOARD 起飞状态=未执行起飞 水平控制=位置保持 类型掩码=3520 实际位置NED=(0.041,-0.045,-0.289) 实际速度=(0.000,0.000,-0.000) 最终目标=(0.073,-0.090,-0.288) 指令位置=(0.073,-0.090,nan) 指令速度=(0.000,0.000,0.000) 指令加速度=(0.000,0.000,nan) 滚转角=-0.09度 俯仰角=-0.07度
15:40:03.578033 [轨迹] 序号=1147 单调时间=20053.225698 时间=20053.226 模式=OFFBOARD 起飞状态=未执行起飞 水平控制=位置保持 类型掩码=3520 实际位置NED=(0.041,-0.045,-0.289) 实际速度=(0.000,0.000,-0.000) 最终目标=(0.073,-0.090,-0.288) 指令位置=(0.073,-0.090,nan) 指令速度=(0.000,0.000,0.000) 指令加速度=(0.000,0.000,nan) 滚转角=-0.09度 俯仰角=-0.07度
15:40:03.680676 [轨迹] 序号=1148 单调时间=20053.328080 时间=20053.328 模式=OFFBOARD 起飞状态=未执行起飞 水平控制=位置保持 类型掩码=3520 实际位置NED=(0.041,-0.045,-0.289) 实际速度=(0.000,0.000,-0.000) 最终目标=(0.073,-0.090,-0.288) 指令位置=(0.073,-0.090,nan) 指令速度=(0.000,0.000,0.000) 指令加速度=(0.000,0.000,nan) 滚转角=-0.09度 俯仰角=-0.07度
15:40:03.783542 [轨迹] 序号=1149 单调时间=20053.431148 时间=20053.431 模式=OFFBOARD 起飞状态=未执行起飞 水平控制=位置保持 类型掩码=3520 实际位置NED=(0.041,-0.045,-0.289) 实际速度=(0.000,0.000,-0.000) 最终目标=(0.073,-0.090,-0.288) 指令位置=(0.073,-0.090,nan) 指令速度=(0.000,0.000,0.000) 指令加速度=(0.000,0.000,nan) 滚转角=-0.09度 俯仰角=-0.07度
15:40:03.886575 [轨迹] 序号=1150 单调时间=20053.534273 时间=20053.534 模式=OFFBOARD 起飞状态=未执行起飞 水平控制=位置保持 类型掩码=3520 实际位置NED=(0.041,-0.045,-0.289) 实际速度=(0.000,0.000,-0.000) 最终目标=(0.073,-0.090,-0.288) 指令位置=(0.073,-0.090,nan) 指令速度=(0.000,0.000,0.000) 指令加速度=(0.000,0.000,nan) 滚转角=-0.09度 俯仰角=-0.07度
15:40:03.989843 [轨迹] 序号=1151 单调时间=20053.636898 时间=20053.637 模式=OFFBOARD 起飞状态=未执行起飞 水平控制=位置保持 类型掩码=3520 实际位置NED=(0.041,-0.045,-0.289) 实际速度=(0.000,0.000,-0.000) 最终目标=(0.073,-0.090,-0.288) 指令位置=(0.073,-0.090,nan) 指令速度=(0.000,0.000,0.000) 指令加速度=(0.000,0.000,nan) 滚转角=-0.09度 俯仰角=-0.07度
15:40:04.092835 [轨迹] 序号=1152 单调时间=20053.740431 时间=20053.740 模式=OFFBOARD 起飞状态=未执行起飞 水平控制=位置保持 类型掩码=3520 实际位置NED=(0.041,-0.045,-0.289) 实际速度=(0.000,0.000,-0.000) 最终目标=(0.073,-0.090,-0.288) 指令位置=(0.073,-0.090,nan) 指令速度=(0.000,0.000,0.000) 指令加速度=(0.000,0.000,nan) 滚转角=-0.09度 俯仰角=-0.07度
15:40:04.195689 [轨迹] 序号=1153 单调时间=20053.843254 时间=20053.843 模式=OFFBOARD 起飞状态=未执行起飞 水平控制=位置保持 类型掩码=3520 实际位置NED=(0.041,-0.045,-0.289) 实际速度=(0.000,0.000,-0.000) 最终目标=(0.073,-0.090,-0.288) 指令位置=(0.073,-0.090,nan) 指令速度=(0.000,0.000,0.000) 指令加速度=(0.000,0.000,nan) 滚转角=-0.09度 俯仰角=-0.07度
15:40:04.298036 [轨迹] 序号=1154 单调时间=20053.945791 时间=20053.946 模式=OFFBOARD 起飞状态=未执行起飞 水平控制=位置保持 类型掩码=3520 实际位置NED=(0.041,-0.045,-0.289) 实际速度=(0.000,0.000,-0.000) 最终目标=(0.073,-0.090,-0.288) 指令位置=(0.073,-0.090,nan) 指令速度=(0.000,0.000,0.000) 指令加速度=(0.000,0.000,nan) 滚转角=-0.09度 俯仰角=-0.07度
15:40:04.400397 [轨迹] 序号=1155 单调时间=20054.047994 时间=20054.048 模式=OFFBOARD 起飞状态=未执行起飞 水平控制=位置保持 类型掩码=3520 实际位置NED=(0.041,-0.045,-0.289) 实际速度=(0.000,0.000,-0.005) 最终目标=(0.073,-0.090,-0.288) 指令位置=(0.073,-0.090,nan) 指令速度=(0.000,0.000,0.000) 指令加速度=(0.000,0.000,nan) 滚转角=-0.09度 俯仰角=-0.07度
15:40:04.505178 [轨迹] 序号=1156 单调时间=20054.152728 时间=20054.153 模式=OFFBOARD 起飞状态=未执行起飞 水平控制=位置保持 类型掩码=3520 实际位置NED=(0.041,-0.045,-0.289) 实际速度=(0.000,0.000,-0.011) 最终目标=(0.073,-0.090,-0.288) 指令位置=(0.073,-0.090,nan) 指令速度=(0.000,0.000,0.000) 指令加速度=(0.000,0.000,nan) 滚转角=-0.08度 俯仰角=-0.08度
15:40:04.605969 [轨迹] 序号=1157 单调时间=20054.253656 时间=20054.254 模式=OFFBOARD 起飞状态=未执行起飞 水平控制=位置保持 类型掩码=3520 实际位置NED=(0.041,-0.045,-0.290) 实际速度=(0.000,0.000,-0.014) 最终目标=(0.073,-0.090,-0.288) 指令位置=(0.073,-0.090,nan) 指令速度=(0.000,0.000,0.000) 指令加速度=(0.000,0.000,nan) 滚转角=-0.09度 俯仰角=-0.08度
15:40:04.708675 [轨迹] 序号=1158 单调时间=20054.356219 时间=20054.356 模式=OFFBOARD 起飞状态=未执行起飞 水平控制=位置保持 类型掩码=3520 实际位置NED=(0.041,-0.045,-0.291) 实际速度=(0.000,0.000,-0.017) 最终目标=(0.073,-0.090,-0.288) 指令位置=(0.073,-0.090,nan) 指令速度=(0.000,0.000,0.000) 指令加速度=(0.000,0.000,nan) 滚转角=-0.09度 俯仰角=-0.08度
15:40:04.811380 [轨迹] 序号=1159 单调时间=20054.459065 时间=20054.459 模式=OFFBOARD 起飞状态=未执行起飞 水平控制=位置保持 类型掩码=3520 实际位置NED=(0.041,-0.045,-0.292) 实际速度=(0.000,0.000,-0.020) 最终目标=(0.073,-0.090,-0.288) 指令位置=(0.073,-0.090,nan) 指令速度=(0.000,0.000,0.000) 指令加速度=(0.000,0.000,nan) 滚转角=-0.09度 俯仰角=-0.08度
15:40:04.914070 [轨迹] 序号=1160 单调时间=20054.561751 时间=20054.562 模式=OFFBOARD 起飞状态=未执行起飞 水平控制=位置保持 类型掩码=3520 实际位置NED=(0.041,-0.045,-0.295) 实际速度=(0.000,0.000,-0.024) 最终目标=(0.073,-0.090,-0.288) 指令位置=(0.073,-0.090,nan) 指令速度=(0.000,0.000,0.000) 指令加速度=(0.000,0.000,nan) 滚转角=-0.09度 俯仰角=-0.08度
15:40:05.016614 [轨迹] 序号=1161 单调时间=20054.664163 时间=20054.664 模式=OFFBOARD 起飞状态=未执行起飞 水平控制=位置保持 类型掩码=3520 实际位置NED=(0.041,-0.045,-0.296) 实际速度=(0.000,0.000,-0.026) 最终目标=(0.073,-0.090,-0.288) 指令位置=(0.073,-0.090,nan) 指令速度=(0.000,0.000,0.000) 指令加速度=(0.000,0.000,nan) 滚转角=-0.08度 俯仰角=-0.08度
15:40:05.119033 [轨迹] 序号=1162 单调时间=20054.766661 时间=20054.767 模式=OFFBOARD 起飞状态=未执行起飞 水平控制=位置保持 类型掩码=3520 实际位置NED=(0.040,-0.045,-0.299) 实际速度=(0.000,0.000,-0.029) 最终目标=(0.073,-0.090,-0.288) 指令位置=(0.073,-0.090,nan) 指令速度=(0.000,0.000,0.000) 指令加速度=(0.000,0.000,nan) 滚转角=-0.09度 俯仰角=-0.08度
15:40:05.221803 [轨迹] 序号=1163 单调时间=20054.869383 时间=20054.869 模式=OFFBOARD 起飞状态=未执行起飞 水平控制=位置保持 类型掩码=3520 实际位置NED=(0.040,-0.045,-0.300) 实际速度=(0.000,0.000,-0.030) 最终目标=(0.073,-0.090,-0.288) 指令位置=(0.073,-0.090,nan) 指令速度=(0.000,0.000,0.000) 指令加速度=(0.000,0.000,nan) 滚转角=-0.09度 俯仰角=-0.08度
15:40:05.325013 [轨迹] 序号=1164 单调时间=20054.971937 时间=20054.972 模式=OFFBOARD 起飞状态=未执行起飞 水平控制=位置保持 类型掩码=3520 实际位置NED=(0.040,-0.045,-0.301) 实际速度=(0.000,0.000,-0.030) 最终目标=(0.073,-0.090,-0.288) 指令位置=(0.073,-0.090,nan) 指令速度=(0.000,0.000,0.000) 指令加速度=(0.000,0.000,nan) 滚转角=-0.09度 俯仰角=-0.08度
15:40:05.427611 [轨迹] 序号=1165 单调时间=20055.075146 时间=20055.075 模式=OFFBOARD 起飞状态=未执行起飞 水平控制=位置保持 类型掩码=3520 实际位置NED=(0.040,-0.045,-0.302) 实际速度=(0.000,0.000,-0.031) 最终目标=(0.073,-0.090,-0.288) 指令位置=(0.073,-0.090,nan) 指令速度=(0.000,0.000,0.000) 指令加速度=(0.000,0.000,nan) 滚转角=-0.09度 俯仰角=-0.08度
15:40:05.530651 [轨迹] 序号=1166 单调时间=20055.178334 时间=20055.178 模式=OFFBOARD 起飞状态=未执行起飞 水平控制=位置保持 类型掩码=3520 实际位置NED=(0.040,-0.045,-0.305) 实际速度=(0.000,0.001,-0.032) 最终目标=(0.073,-0.090,-0.288) 指令位置=(0.073,-0.090,nan) 指令速度=(0.000,0.000,0.000) 指令加速度=(0.000,0.000,nan) 滚转角=-0.09度 俯仰角=-0.08度
15:40:05.634116 [轨迹] 序号=1167 单调时间=20055.280925 时间=20055.281 模式=OFFBOARD 起飞状态=未执行起飞 水平控制=位置保持 类型掩码=3520 实际位置NED=(0.040,-0.045,-0.305) 实际速度=(0.000,0.000,-0.032) 最终目标=(0.073,-0.090,-0.288) 指令位置=(0.073,-0.090,nan) 指令速度=(0.000,0.000,0.000) 指令加速度=(0.000,0.000,nan) 滚转角=-0.09度 俯仰角=-0.08度
15:40:05.737454 [轨迹] 序号=1168 单调时间=20055.384841 时间=20055.385 模式=OFFBOARD 起飞状态=未执行起飞 水平控制=位置保持 类型掩码=3520 实际位置NED=(0.040,-0.045,-0.306) 实际速度=(0.000,0.001,-0.032) 最终目标=(0.073,-0.090,-0.288) 指令位置=(0.073,-0.090,nan) 指令速度=(0.000,0.000,0.000) 指令加速度=(0.000,0.000,nan) 滚转角=-0.09度 俯仰角=-0.08度
15:40:05.841848 [轨迹] 序号=1169 单调时间=20055.489389 时间=20055.489 模式=OFFBOARD 起飞状态=未执行起飞 水平控制=位置保持 类型掩码=3520 实际位置NED=(0.040,-0.045,-0.308) 实际速度=(0.000,0.001,-0.031) 最终目标=(0.073,-0.090,-0.288) 指令位置=(0.073,-0.090,nan) 指令速度=(0.000,0.000,0.000) 指令加速度=(0.000,0.000,nan) 滚转角=-0.09度 俯仰角=-0.08度
15:40:05.944831 [轨迹] 序号=1170 单调时间=20055.592330 时间=20055.592 模式=OFFBOARD 起飞状态=未执行起飞 水平控制=位置保持 类型掩码=3520 实际位置NED=(0.040,-0.045,-0.308) 实际速度=(0.000,0.001,-0.031) 最终目标=(0.073,-0.090,-0.288) 指令位置=(0.073,-0.090,nan) 指令速度=(0.000,0.000,0.000) 指令加速度=(0.000,0.000,nan) 滚转角=-0.09度 俯仰角=-0.08度
15:40:06.047327 [轨迹] 序号=1171 单调时间=20055.694942 时间=20055.695 模式=OFFBOARD 起飞状态=未执行起飞 水平控制=位置保持 类型掩码=3520 实际位置NED=(0.040,-0.045,-0.308) 实际速度=(0.000,0.001,-0.031) 最终目标=(0.073,-0.090,-0.288) 指令位置=(0.073,-0.090,nan) 指令速度=(0.000,0.000,0.000) 指令加速度=(0.000,0.000,nan) 滚转角=-0.09度 俯仰角=-0.08度
15:40:06.151273 [轨迹] 序号=1172 单调时间=20055.798942 时间=20055.799 模式=OFFBOARD 起飞状态=未执行起飞 水平控制=位置保持 类型掩码=3520 实际位置NED=(0.040,-0.045,-0.309) 实际速度=(0.000,0.000,-0.030) 最终目标=(0.073,-0.090,-0.288) 指令位置=(0.073,-0.090,nan) 指令速度=(0.000,0.000,0.000) 指令加速度=(0.000,0.000,nan) 滚转角=-0.08度 俯仰角=-0.08度
15:40:06.254724 [轨迹] 序号=1173 单调时间=20055.902350 时间=20055.902 模式=OFFBOARD 起飞状态=未执行起飞 水平控制=位置保持 类型掩码=3520 实际位置NED=(0.040,-0.045,-0.310) 实际速度=(0.000,0.000,-0.029) 最终目标=(0.073,-0.090,-0.288) 指令位置=(0.073,-0.090,nan) 指令速度=(0.000,0.000,0.000) 指令加速度=(0.000,0.000,nan) 滚转角=-0.08度 俯仰角=-0.08度
15:40:06.357317 [轨迹] 序号=1174 单调时间=20056.004868 时间=20056.005 模式=OFFBOARD 起飞状态=未执行起飞 水平控制=位置保持 类型掩码=3520 实际位置NED=(0.040,-0.044,-0.310) 实际速度=(0.000,0.000,-0.028) 最终目标=(0.073,-0.090,-0.288) 指令位置=(0.073,-0.090,nan) 指令速度=(0.000,0.000,0.000) 指令加速度=(0.000,0.000,nan) 滚转角=-0.08度 俯仰角=-0.08度
15:40:06.459905 [轨迹] 序号=1175 单调时间=20056.107417 时间=20056.107 模式=OFFBOARD 起飞状态=未执行起飞 水平控制=位置保持 类型掩码=3520 实际位置NED=(0.040,-0.044,-0.310) 实际速度=(-0.000,0.000,-0.027) 最终目标=(0.073,-0.090,-0.288) 指令位置=(0.073,-0.090,nan) 指令速度=(0.000,0.000,0.000) 指令加速度=(0.000,0.000,nan) 滚转角=-0.08度 俯仰角=-0.08度
15:40:06.562537 [轨迹] 序号=1176 单调时间=20056.210024 时间=20056.210 模式=OFFBOARD 起飞状态=未执行起飞 水平控制=位置保持 类型掩码=3520 实际位置NED=(0.040,-0.044,-0.310) 实际速度=(0.000,0.000,-0.026) 最终目标=(0.073,-0.090,-0.288) 指令位置=(0.073,-0.090,nan) 指令速度=(0.000,0.000,0.000) 指令加速度=(0.000,0.000,nan) 滚转角=-0.08度 俯仰角=-0.08度
15:40:06.665118 [轨迹] 序号=1177 单调时间=20056.312686 时间=20056.313 模式=OFFBOARD 起飞状态=未执行起飞 水平控制=位置保持 类型掩码=3520 实际位置NED=(0.040,-0.044,-0.310) 实际速度=(0.000,0.000,-0.026) 最终目标=(0.073,-0.090,-0.288) 指令位置=(0.073,-0.090,nan) 指令速度=(0.000,0.000,0.000) 指令加速度=(0.000,0.000,nan) 滚转角=-0.08度 俯仰角=-0.08度
15:40:06.767986 [轨迹] 序号=1178 单调时间=20056.415264 时间=20056.415 模式=OFFBOARD 起飞状态=未执行起飞 水平控制=位置保持 类型掩码=3520 实际位置NED=(0.040,-0.044,-0.310) 实际速度=(-0.000,0.000,-0.024) 最终目标=(0.073,-0.090,-0.288) 指令位置=(0.073,-0.090,nan) 指令速度=(0.000,0.000,0.000) 指令加速度=(0.000,0.000,nan) 滚转角=-0.08度 俯仰角=-0.08度
15:40:06.870298 [轨迹] 序号=1179 单调时间=20056.518047 时间=20056.518 模式=OFFBOARD 起飞状态=未执行起飞 水平控制=位置保持 类型掩码=3520 实际位置NED=(0.040,-0.044,-0.310) 实际速度=(-0.000,0.000,-0.024) 最终目标=(0.073,-0.090,-0.288) 指令位置=(0.073,-0.090,nan) 指令速度=(0.000,0.000,0.000) 指令加速度=(0.000,0.000,nan) 滚转角=-0.08度 俯仰角=-0.08度
15:40:06.974004 [轨迹] 序号=1180 单调时间=20056.621667 时间=20056.622 模式=OFFBOARD 起飞状态=未执行起飞 水平控制=位置保持 类型掩码=3520 实际位置NED=(0.039,-0.044,-0.310) 实际速度=(-0.000,0.000,-0.023) 最终目标=(0.073,-0.090,-0.288) 指令位置=(0.073,-0.090,nan) 指令速度=(0.000,0.000,0.000) 指令加速度=(0.000,0.000,nan) 滚转角=-0.08度 俯仰角=-0.08度
15:40:07.078980 [轨迹] 序号=1181 单调时间=20056.724134 时间=20056.724 模式=OFFBOARD 起飞状态=未执行起飞 水平控制=位置保持 类型掩码=3520 实际位置NED=(0.039,-0.044,-0.309) 实际速度=(-0.000,0.000,-0.021) 最终目标=(0.073,-0.090,-0.288) 指令位置=(0.073,-0.090,nan) 指令速度=(0.000,0.000,0.000) 指令加速度=(0.000,0.000,nan) 滚转角=-0.08度 俯仰角=-0.08度
15:40:07.177170 [轨迹] 序号=1182 单调时间=20056.824716 时间=20056.825 模式=OFFBOARD 起飞状态=未执行起飞 水平控制=位置保持 类型掩码=3520 实际位置NED=(0.039,-0.044,-0.309) 实际速度=(-0.000,0.000,-0.020) 最终目标=(0.073,-0.090,-0.288) 指令位置=(0.073,-0.090,nan) 指令速度=(0.000,0.000,0.000) 指令加速度=(0.000,0.000,nan) 滚转角=-0.08度 俯仰角=-0.08度
15:40:07.280151 [轨迹] 序号=1183 单调时间=20056.927676 时间=20056.928 模式=OFFBOARD 起飞状态=未执行起飞 水平控制=位置保持 类型掩码=3520 实际位置NED=(0.039,-0.044,-0.308) 实际速度=(-0.000,0.000,-0.020) 最终目标=(0.073,-0.090,-0.288) 指令位置=(0.073,-0.090,nan) 指令速度=(0.000,0.000,0.000) 指令加速度=(0.000,0.000,nan) 滚转角=-0.08度 俯仰角=-0.08度
15:40:07.382501 [轨迹] 序号=1184 单调时间=20057.030259 时间=20057.030 模式=OFFBOARD 起飞状态=未执行起飞 水平控制=位置保持 类型掩码=3520 实际位置NED=(0.039,-0.044,-0.308) 实际速度=(-0.000,0.000,-0.019) 最终目标=(0.073,-0.090,-0.288) 指令位置=(0.073,-0.090,nan) 指令速度=(0.000,0.000,0.000) 指令加速度=(0.000,0.000,nan) 滚转角=-0.08度 俯仰角=-0.08度
15:40:07.485070 [轨迹] 序号=1185 单调时间=20057.132622 时间=20057.133 模式=OFFBOARD 起飞状态=未执行起飞 水平控制=位置保持 类型掩码=3520 实际位置NED=(0.039,-0.044,-0.307) 实际速度=(-0.000,0.000,-0.018) 最终目标=(0.073,-0.090,-0.288) 指令位置=(0.073,-0.090,nan) 指令速度=(0.000,0.000,0.000) 指令加速度=(0.000,0.000,nan) 滚转角=-0.08度 俯仰角=-0.08度
15:40:07.588416 [轨迹] 序号=1186 单调时间=20057.235983 时间=20057.236 模式=OFFBOARD 起飞状态=未执行起飞 水平控制=位置保持 类型掩码=3520 实际位置NED=(0.039,-0.044,-0.307) 实际速度=(-0.000,0.000,-0.017) 最终目标=(0.073,-0.090,-0.288) 指令位置=(0.073,-0.090,nan) 指令速度=(0.000,0.000,0.000) 指令加速度=(0.000,0.000,nan) 滚转角=-0.08度 俯仰角=-0.08度
15:40:07.691500 [轨迹] 序号=1187 单调时间=20057.338840 时间=20057.339 模式=OFFBOARD 起飞状态=未执行起飞 水平控制=位置保持 类型掩码=3520 实际位置NED=(0.039,-0.044,-0.306) 实际速度=(-0.000,0.000,-0.016) 最终目标=(0.073,-0.090,-0.288) 指令位置=(0.073,-0.090,nan) 指令速度=(0.000,0.000,0.000) 指令加速度=(0.000,0.000,nan) 滚转角=-0.08度 俯仰角=-0.08度
15:40:07.793989 [轨迹] 序号=1188 单调时间=20057.441569 时间=20057.442 模式=OFFBOARD 起飞状态=未执行起飞 水平控制=位置保持 类型掩码=3520 实际位置NED=(0.039,-0.044,-0.305) 实际速度=(-0.000,0.000,-0.014) 最终目标=(0.073,-0.090,-0.288) 指令位置=(0.073,-0.090,nan) 指令速度=(0.000,0.000,0.000) 指令加速度=(0.000,0.000,nan) 滚转角=-0.08度 俯仰角=-0.08度
15:40:07.897088 [轨迹] 序号=1189 单调时间=20057.544525 时间=20057.545 模式=OFFBOARD 起飞状态=未执行起飞 水平控制=位置保持 类型掩码=3520 实际位置NED=(0.039,-0.044,-0.305) 实际速度=(-0.000,0.000,-0.014) 最终目标=(0.073,-0.090,-0.288) 指令位置=(0.073,-0.090,nan) 指令速度=(0.000,0.000,0.000) 指令加速度=(0.000,0.000,nan) 滚转角=-0.08度 俯仰角=-0.08度
15:40:08.000005 [轨迹] 序号=1190 单调时间=20057.647555 时间=20057.648 模式=OFFBOARD 起飞状态=未执行起飞 水平控制=位置保持 类型掩码=3520 实际位置NED=(0.039,-0.044,-0.304) 实际速度=(-0.000,0.000,-0.013) 最终目标=(0.073,-0.090,-0.288) 指令位置=(0.073,-0.090,nan) 指令速度=(0.000,0.000,0.000) 指令加速度=(0.000,0.000,nan) 滚转角=-0.08度 俯仰角=-0.08度
15:40:08.102683 [轨迹] 序号=1191 单调时间=20057.750355 时间=20057.750 模式=OFFBOARD 起飞状态=未执行起飞 水平控制=位置保持 类型掩码=3520 实际位置NED=(0.039,-0.044,-0.303) 实际速度=(-0.000,0.000,-0.012) 最终目标=(0.073,-0.090,-0.288) 指令位置=(0.073,-0.090,nan) 指令速度=(0.000,0.000,0.000) 指令加速度=(0.000,0.000,nan) 滚转角=-0.08度 俯仰角=-0.08度
15:40:08.205575 [轨迹] 序号=1192 单调时间=20057.853066 时间=20057.853 模式=OFFBOARD 起飞状态=未执行起飞 水平控制=位置保持 类型掩码=3520 实际位置NED=(0.039,-0.044,-0.302) 实际速度=(-0.000,0.000,-0.011) 最终目标=(0.073,-0.090,-0.288) 指令位置=(0.073,-0.090,nan) 指令速度=(0.000,0.000,0.000) 指令加速度=(0.000,0.000,nan) 滚转角=-0.08度 俯仰角=-0.08度
15:40:08.309266 [轨迹] 序号=1193 单调时间=20057.956873 时间=20057.957 模式=OFFBOARD 起飞状态=未执行起飞 水平控制=位置保持 类型掩码=3520 实际位置NED=(0.039,-0.044,-0.301) 实际速度=(-0.000,0.001,-0.010) 最终目标=(0.073,-0.090,-0.288) 指令位置=(0.073,-0.090,nan) 指令速度=(0.000,0.000,0.000) 指令加速度=(0.000,0.000,nan) 滚转角=-0.08度 俯仰角=-0.08度
15:40:08.411768 [轨迹] 序号=1194 单调时间=20058.059317 时间=20058.059 模式=OFFBOARD 起飞状态=未执行起飞 水平控制=位置保持 类型掩码=3520 实际位置NED=(0.039,-0.044,-0.301) 实际速度=(-0.000,0.001,-0.009) 最终目标=(0.073,-0.090,-0.288) 指令位置=(0.073,-0.090,nan) 指令速度=(0.000,0.000,0.000) 指令加速度=(0.000,0.000,nan) 滚转角=-0.08度 俯仰角=-0.08度
15:40:08.514889 [轨迹] 序号=1195 单调时间=20058.162481 时间=20058.162 模式=OFFBOARD 起飞状态=未执行起飞 水平控制=位置保持 类型掩码=3520 实际位置NED=(0.039,-0.044,-0.300) 实际速度=(-0.000,0.001,-0.008) 最终目标=(0.073,-0.090,-0.288) 指令位置=(0.073,-0.090,nan) 指令速度=(0.000,0.000,0.000) 指令加速度=(0.000,0.000,nan) 滚转角=-0.08度 俯仰角=-0.08度
15:40:08.617481 [轨迹] 序号=1196 单调时间=20058.265114 时间=20058.265 模式=OFFBOARD 起飞状态=未执行起飞 水平控制=位置保持 类型掩码=3520 实际位置NED=(0.039,-0.044,-0.300) 实际速度=(-0.000,0.001,-0.008) 最终目标=(0.073,-0.090,-0.288) 指令位置=(0.073,-0.090,nan) 指令速度=(0.000,0.000,0.000) 指令加速度=(0.000,0.000,nan) 滚转角=-0.08度 俯仰角=-0.08度
15:40:08.720445 [轨迹] 序号=1197 单调时间=20058.367820 时间=20058.368 模式=OFFBOARD 起飞状态=未执行起飞 水平控制=位置保持 类型掩码=3520 实际位置NED=(0.039,-0.043,-0.299) 实际速度=(-0.000,0.001,-0.007) 最终目标=(0.073,-0.090,-0.288) 指令位置=(0.073,-0.090,nan) 指令速度=(0.000,0.000,0.000) 指令加速度=(0.000,0.000,nan) 滚转角=-0.08度 俯仰角=-0.08度
15:40:08.823488 [轨迹] 序号=1198 单调时间=20058.471059 时间=20058.471 模式=OFFBOARD 起飞状态=未执行起飞 水平控制=位置保持 类型掩码=3520 实际位置NED=(0.039,-0.043,-0.298) 实际速度=(-0.000,0.001,-0.006) 最终目标=(0.073,-0.090,-0.288) 指令位置=(0.073,-0.090,nan) 指令速度=(0.000,0.000,0.000) 指令加速度=(0.000,0.000,nan) 滚转角=-0.08度 俯仰角=-0.08度
15:40:08.927570 [轨迹] 序号=1199 单调时间=20058.575144 时间=20058.575 模式=OFFBOARD 起飞状态=未执行起飞 水平控制=位置保持 类型掩码=3520 实际位置NED=(0.039,-0.043,-0.297) 实际速度=(-0.000,0.001,-0.005) 最终目标=(0.073,-0.090,-0.288) 指令位置=(0.073,-0.090,nan) 指令速度=(0.000,0.000,0.000) 指令加速度=(0.000,0.000,nan) 滚转角=-0.08度 俯仰角=-0.08度
15:40:09.030146 [轨迹] 序号=1200 单调时间=20058.677673 时间=20058.678 模式=OFFBOARD 起飞状态=未执行起飞 水平控制=位置保持 类型掩码=3520 实际位置NED=(0.039,-0.043,-0.296) 实际速度=(-0.000,0.001,-0.004) 最终目标=(0.073,-0.090,-0.288) 指令位置=(0.073,-0.090,nan) 指令速度=(0.000,0.000,0.000) 指令加速度=(0.000,0.000,nan) 滚转角=-0.08度 俯仰角=-0.07度
15:40:09.132768 [轨迹] 序号=1201 单调时间=20058.780351 时间=20058.780 模式=OFFBOARD 起飞状态=未执行起飞 水平控制=位置保持 类型掩码=3520 实际位置NED=(0.039,-0.043,-0.296) 实际速度=(-0.000,0.001,-0.004) 最终目标=(0.073,-0.090,-0.288) 指令位置=(0.073,-0.090,nan) 指令速度=(0.000,0.000,0.000) 指令加速度=(0.000,0.000,nan) 滚转角=-0.08度 俯仰角=-0.07度
15:40:09.236807 [轨迹] 序号=1202 单调时间=20058.884386 时间=20058.884 模式=OFFBOARD 起飞状态=未执行起飞 水平控制=位置保持 类型掩码=3520 实际位置NED=(0.039,-0.043,-0.295) 实际速度=(-0.000,0.001,-0.004) 最终目标=(0.073,-0.090,-0.288) 指令位置=(0.073,-0.090,nan) 指令速度=(0.000,0.000,0.000) 指令加速度=(0.000,0.000,nan) 滚转角=-0.08度 俯仰角=-0.07度
15:40:09.339718 [轨迹] 序号=1203 单调时间=20058.987323 时间=20058.987 模式=OFFBOARD 起飞状态=未执行起飞 水平控制=位置保持 类型掩码=3520 实际位置NED=(0.039,-0.043,-0.295) 实际速度=(-0.000,0.001,-0.003) 最终目标=(0.073,-0.090,-0.288) 指令位置=(0.073,-0.090,nan) 指令速度=(0.000,0.000,0.000) 指令加速度=(0.000,0.000,nan) 滚转角=-0.08度 俯仰角=-0.07度
15:40:09.443980 [轨迹] 序号=1204 单调时间=20059.091353 时间=20059.091 模式=OFFBOARD 起飞状态=未执行起飞 水平控制=位置保持 类型掩码=3520 实际位置NED=(0.039,-0.043,-0.294) 实际速度=(-0.000,0.001,-0.003) 最终目标=(0.073,-0.090,-0.288) 指令位置=(0.073,-0.090,nan) 指令速度=(0.000,0.000,0.000) 指令加速度=(0.000,0.000,nan) 滚转角=-0.08度 俯仰角=-0.07度
15:40:09.547334 [轨迹] 序号=1205 单调时间=20059.194983 时间=20059.195 模式=OFFBOARD 起飞状态=未执行起飞 水平控制=位置保持 类型掩码=3520 实际位置NED=(0.039,-0.043,-0.293) 实际速度=(-0.000,0.001,-0.002) 最终目标=(0.073,-0.090,-0.288) 指令位置=(0.073,-0.090,nan) 指令速度=(0.000,0.000,0.000) 指令加速度=(0.000,0.000,nan) 滚转角=-0.08度 俯仰角=-0.07度
15:40:09.650427 [轨迹] 序号=1206 单调时间=20059.297870 时间=20059.298 模式=OFFBOARD 起飞状态=未执行起飞 水平控制=位置保持 类型掩码=3520 实际位置NED=(0.039,-0.043,-0.293) 实际速度=(-0.000,0.001,-0.002) 最终目标=(0.073,-0.090,-0.288) 指令位置=(0.073,-0.090,nan) 指令速度=(0.000,0.000,0.000) 指令加速度=(0.000,0.000,nan) 滚转角=-0.08度 俯仰角=-0.07度
15:40:09.754473 [轨迹] 序号=1207 单调时间=20059.401714 时间=20059.402 模式=OFFBOARD 起飞状态=未执行起飞 水平控制=位置保持 类型掩码=3520 实际位置NED=(0.039,-0.043,-0.292) 实际速度=(-0.000,0.001,-0.001) 最终目标=(0.073,-0.090,-0.288) 指令位置=(0.073,-0.090,nan) 指令速度=(0.000,0.000,0.000) 指令加速度=(0.000,0.000,nan) 滚转角=-0.08度 俯仰角=-0.07度
15:40:09.857152 [轨迹] 序号=1208 单调时间=20059.504825 时间=20059.505 模式=OFFBOARD 起飞状态=未执行起飞 水平控制=位置保持 类型掩码=3520 实际位置NED=(0.039,-0.043,-0.292) 实际速度=(-0.000,0.000,-0.000) 最终目标=(0.073,-0.090,-0.288) 指令位置=(0.073,-0.090,nan) 指令速度=(0.000,0.000,0.000) 指令加速度=(0.000,0.000,nan) 滚转角=-0.08度 俯仰角=-0.07度
15:40:09.960331 [轨迹] 序号=1209 单调时间=20059.608030 时间=20059.608 模式=OFFBOARD 起飞状态=未执行起飞 水平控制=位置保持 类型掩码=3520 实际位置NED=(0.039,-0.043,-0.291) 实际速度=(-0.000,0.001,-0.000) 最终目标=(0.073,-0.090,-0.288) 指令位置=(0.073,-0.090,nan) 指令速度=(0.000,0.000,0.000) 指令加速度=(0.000,0.000,nan) 滚转角=-0.08度 俯仰角=-0.07度
15:40:10.063567 [轨迹] 序号=1210 单调时间=20059.711192 时间=20059.711 模式=OFFBOARD 起飞状态=未执行起飞 水平控制=位置保持 类型掩码=3520 实际位置NED=(0.039,-0.043,-0.291) 实际速度=(-0.000,0.000,0.000) 最终目标=(0.073,-0.090,-0.288) 指令位置=(0.073,-0.090,nan) 指令速度=(0.000,0.000,0.000) 指令加速度=(0.000,0.000,nan) 滚转角=-0.08度 俯仰角=-0.07度
15:40:10.166519 [轨迹] 序号=1211 单调时间=20059.813915 时间=20059.814 模式=OFFBOARD 起飞状态=未执行起飞 水平控制=位置保持 类型掩码=3520 实际位置NED=(0.040,-0.043,-0.290) 实际速度=(-0.000,0.000,0.000) 最终目标=(0.073,-0.090,-0.288) 指令位置=(0.073,-0.090,nan) 指令速度=(0.000,0.000,0.000) 指令加速度=(0.000,0.000,nan) 滚转角=-0.08度 俯仰角=-0.07度
15:40:10.269387 [轨迹] 序号=1212 单调时间=20059.916929 时间=20059.917 模式=OFFBOARD 起飞状态=未执行起飞 水平控制=位置保持 类型掩码=3520 实际位置NED=(0.040,-0.043,-0.290) 实际速度=(-0.000,0.000,0.001) 最终目标=(0.073,-0.090,-0.288) 指令位置=(0.073,-0.090,nan) 指令速度=(0.000,0.000,0.000) 指令加速度=(0.000,0.000,nan) 滚转角=-0.08度 俯仰角=-0.07度
15:40:10.372587 [轨迹] 序号=1213 单调时间=20060.019951 时间=20060.020 模式=OFFBOARD 起飞状态=未执行起飞 水平控制=位置保持 类型掩码=3520 实际位置NED=(0.040,-0.043,-0.289) 实际速度=(-0.000,0.000,0.001) 最终目标=(0.073,-0.090,-0.288) 指令位置=(0.073,-0.090,nan) 指令速度=(0.000,0.000,0.000) 指令加速度=(0.000,0.000,nan) 滚转角=-0.08度 俯仰角=-0.07度
15:40:10.475705 [轨迹] 序号=1214 单调时间=20060.123264 时间=20060.123 模式=OFFBOARD 起飞状态=未执行起飞 水平控制=位置保持 类型掩码=3520 实际位置NED=(0.040,-0.043,-0.289) 实际速度=(-0.000,0.000,0.001) 最终目标=(0.073,-0.090,-0.288) 指令位置=(0.073,-0.090,nan) 指令速度=(0.000,0.000,0.000) 指令加速度=(0.000,0.000,nan) 滚转角=-0.08度 俯仰角=-0.07度
15:40:10.578228 [轨迹] 序号=1215 单调时间=20060.225919 时间=20060.226 模式=OFFBOARD 起飞状态=未执行起飞 水平控制=位置保持 类型掩码=3520 实际位置NED=(0.040,-0.043,-0.289) 实际速度=(0.000,0.000,0.002) 最终目标=(0.073,-0.090,-0.288) 指令位置=(0.073,-0.090,nan) 指令速度=(0.000,0.000,0.000) 指令加速度=(0.000,0.000,nan) 滚转角=-0.08度 俯仰角=-0.07度
15:40:10.681125 [轨迹] 序号=1216 单调时间=20060.328596 时间=20060.329 模式=OFFBOARD 起飞状态=未执行起飞 水平控制=位置保持 类型掩码=3520 实际位置NED=(0.040,-0.043,-0.288) 实际速度=(0.000,0.000,0.002) 最终目标=(0.073,-0.090,-0.288) 指令位置=(0.073,-0.090,nan) 指令速度=(0.000,0.000,0.000) 指令加速度=(0.000,0.000,nan) 滚转角=-0.08度 俯仰角=-0.07度
15:40:10.783304 [轨迹] 序号=1217 单调时间=20060.430884 时间=20060.431 模式=OFFBOARD 起飞状态=未执行起飞 水平控制=位置保持 类型掩码=3520 实际位置NED=(0.040,-0.043,-0.288) 实际速度=(0.000,0.000,0.002) 最终目标=(0.073,-0.090,-0.288) 指令位置=(0.073,-0.090,nan) 指令速度=(0.000,0.000,0.000) 指令加速度=(0.000,0.000,nan) 滚转角=-0.08度 俯仰角=-0.07度
15:40:10.886617 [轨迹] 序号=1218 单调时间=20060.534127 时间=20060.534 模式=OFFBOARD 起飞状态=未执行起飞 水平控制=位置保持 类型掩码=3520 实际位置NED=(0.040,-0.043,-0.288) 实际速度=(-0.000,-0.000,0.002) 最终目标=(0.073,-0.090,-0.288) 指令位置=(0.073,-0.090,nan) 指令速度=(0.000,0.000,0.000) 指令加速度=(0.000,0.000,nan) 滚转角=-0.08度 俯仰角=-0.07度
15:40:10.990521 [轨迹] 序号=1219 单调时间=20060.638094 时间=20060.638 模式=OFFBOARD 起飞状态=未执行起飞 水平控制=位置保持 类型掩码=3520 实际位置NED=(0.040,-0.043,-0.288) 实际速度=(-0.000,-0.000,0.002) 最终目标=(0.073,-0.090,-0.288) 指令位置=(0.073,-0.090,nan) 指令速度=(0.000,0.000,0.000) 指令加速度=(0.000,0.000,nan) 滚转角=-0.08度 俯仰角=-0.07度
15:40:11.093374 [轨迹] 序号=1220 单调时间=20060.740914 时间=20060.741 模式=OFFBOARD 起飞状态=未执行起飞 水平控制=位置保持 类型掩码=3520 实际位置NED=(0.040,-0.043,-0.288) 实际速度=(-0.000,-0.000,0.002) 最终目标=(0.073,-0.090,-0.288) 指令位置=(0.073,-0.090,nan) 指令速度=(0.000,0.000,0.000) 指令加速度=(0.000,0.000,nan) 滚转角=-0.08度 俯仰角=-0.07度
15:40:11.195810 [轨迹] 序号=1221 单调时间=20060.843547 时间=20060.844 模式=OFFBOARD 起飞状态=未执行起飞 水平控制=位置保持 类型掩码=3520 实际位置NED=(0.040,-0.043,-0.287) 实际速度=(-0.000,-0.000,0.002) 最终目标=(0.073,-0.090,-0.288) 指令位置=(0.073,-0.090,nan) 指令速度=(0.000,0.000,0.000) 指令加速度=(0.000,0.000,nan) 滚转角=-0.08度 俯仰角=-0.07度
15:40:11.298679 [轨迹] 序号=1222 单调时间=20060.946126 时间=20060.946 模式=OFFBOARD 起飞状态=未执行起飞 水平控制=位置保持 类型掩码=3520 实际位置NED=(0.040,-0.043,-0.287) 实际速度=(-0.000,-0.000,0.002) 最终目标=(0.073,-0.090,-0.288) 指令位置=(0.073,-0.090,nan) 指令速度=(0.000,0.000,0.000) 指令加速度=(0.000,0.000,nan) 滚转角=-0.08度 俯仰角=-0.07度
15:40:11.402019 [轨迹] 序号=1223 单调时间=20061.049618 时间=20061.050 模式=OFFBOARD 起飞状态=未执行起飞 水平控制=位置保持 类型掩码=3520 实际位置NED=(0.040,-0.043,-0.287) 实际速度=(-0.000,-0.000,0.003) 最终目标=(0.073,-0.090,-0.288) 指令位置=(0.073,-0.090,nan) 指令速度=(0.000,0.000,0.000) 指令加速度=(0.000,0.000,nan) 滚转角=-0.08度 俯仰角=-0.07度
15:40:11.505234 [轨迹] 序号=1224 单调时间=20061.152623 时间=20061.153 模式=OFFBOARD 起飞状态=未执行起飞 水平控制=位置保持 类型掩码=3520 实际位置NED=(0.040,-0.043,-0.287) 实际速度=(-0.000,-0.000,0.003) 最终目标=(0.073,-0.090,-0.288) 指令位置=(0.073,-0.090,nan) 指令速度=(0.000,0.000,0.000) 指令加速度=(0.000,0.000,nan) 滚转角=-0.08度 俯仰角=-0.07度
15:40:11.608051 [轨迹] 序号=1225 单调时间=20061.255503 时间=20061.256 模式=OFFBOARD 起飞状态=未执行起飞 水平控制=位置保持 类型掩码=3520 实际位置NED=(0.040,-0.043,-0.286) 实际速度=(-0.000,-0.000,0.003) 最终目标=(0.073,-0.090,-0.288) 指令位置=(0.073,-0.090,nan) 指令速度=(0.000,0.000,0.000) 指令加速度=(0.000,0.000,nan) 滚转角=-0.08度 俯仰角=-0.07度
15:40:11.711546 [轨迹] 序号=1226 单调时间=20061.358549 时间=20061.359 模式=OFFBOARD 起飞状态=未执行起飞 水平控制=位置保持 类型掩码=3520 实际位置NED=(0.040,-0.043,-0.286) 实际速度=(-0.000,-0.000,0.003) 最终目标=(0.073,-0.090,-0.288) 指令位置=(0.073,-0.090,nan) 指令速度=(0.000,0.000,0.000) 指令加速度=(0.000,0.000,nan) 滚转角=-0.08度 俯仰角=-0.07度
15:40:11.814959 [轨迹] 序号=1227 单调时间=20061.462333 时间=20061.462 模式=OFFBOARD 起飞状态=未执行起飞 水平控制=位置保持 类型掩码=3520 实际位置NED=(0.039,-0.043,-0.286) 实际速度=(-0.000,0.000,0.003) 最终目标=(0.073,-0.090,-0.288) 指令位置=(0.073,-0.090,nan) 指令速度=(0.000,0.000,0.000) 指令加速度=(0.000,0.000,nan) 滚转角=-0.08度 俯仰角=-0.07度
15:40:11.916566 [轨迹] 序号=1228 单调时间=20061.564037 时间=20061.564 模式=OFFBOARD 起飞状态=未执行起飞 水平控制=位置保持 类型掩码=3520 实际位置NED=(0.039,-0.043,-0.286) 实际速度=(-0.000,-0.000,0.003) 最终目标=(0.073,-0.090,-0.288) 指令位置=(0.073,-0.090,nan) 指令速度=(0.000,0.000,0.000) 指令加速度=(0.000,0.000,nan) 滚转角=-0.08度 俯仰角=-0.07度
15:40:12.019999 [轨迹] 序号=1229 单调时间=20061.667166 时间=20061.667 模式=OFFBOARD 起飞状态=未执行起飞 水平控制=位置保持 类型掩码=3520 实际位置NED=(0.039,-0.043,-0.286) 实际速度=(-0.000,0.000,0.003) 最终目标=(0.073,-0.090,-0.288) 指令位置=(0.073,-0.090,nan) 指令速度=(0.000,0.000,0.000) 指令加速度=(0.000,0.000,nan) 滚转角=-0.08度 俯仰角=-0.07度
15:40:12.122899 [轨迹] 序号=1230 单调时间=20061.770355 时间=20061.770 模式=OFFBOARD 起飞状态=未执行起飞 水平控制=位置保持 类型掩码=3520 实际位置NED=(0.039,-0.043,-0.286) 实际速度=(-0.000,0.000,0.003) 最终目标=(0.073,-0.090,-0.288) 指令位置=(0.073,-0.090,nan) 指令速度=(0.000,0.000,0.000) 指令加速度=(0.000,0.000,nan) 滚转角=-0.08度 俯仰角=-0.07度
15:40:12.222753 [轨迹] 序号=1231 单调时间=20061.870393 时间=20061.870 模式=OFFBOARD 起飞状态=未执行起飞 水平控制=位置保持 类型掩码=3520 实际位置NED=(0.039,-0.043,-0.286) 实际速度=(0.000,0.000,0.003) 最终目标=(0.073,-0.090,-0.288) 指令位置=(0.073,-0.090,nan) 指令速度=(0.000,0.000,0.000) 指令加速度=(0.000,0.000,nan) 滚转角=-0.08度 俯仰角=-0.07度
15:40:12.325283 [轨迹] 序号=1232 单调时间=20061.972952 时间=20061.973 模式=OFFBOARD 起飞状态=未执行起飞 水平控制=位置保持 类型掩码=3520 实际位置NED=(0.039,-0.043,-0.286) 实际速度=(-0.000,0.000,0.003) 最终目标=(0.073,-0.090,-0.288) 指令位置=(0.073,-0.090,nan) 指令速度=(0.000,0.000,0.000) 指令加速度=(0.000,0.000,nan) 滚转角=-0.08度 俯仰角=-0.07度
15:40:12.428156 [轨迹] 序号=1233 单调时间=20062.075570 时间=20062.076 模式=OFFBOARD 起飞状态=未执行起飞 水平控制=位置保持 类型掩码=3520 实际位置NED=(0.039,-0.043,-0.285) 实际速度=(-0.000,0.000,0.003) 最终目标=(0.073,-0.090,-0.288) 指令位置=(0.073,-0.090,nan) 指令速度=(0.000,0.000,0.000) 指令加速度=(0.000,0.000,nan) 滚转角=-0.08度 俯仰角=-0.07度
15:40:12.530685 [轨迹] 序号=1234 单调时间=20062.178414 时间=20062.178 模式=OFFBOARD 起飞状态=未执行起飞 水平控制=位置保持 类型掩码=3520 实际位置NED=(0.039,-0.043,-0.285) 实际速度=(0.000,0.000,0.003) 最终目标=(0.073,-0.090,-0.288) 指令位置=(0.073,-0.090,nan) 指令速度=(0.000,0.000,0.000) 指令加速度=(0.000,0.000,nan) 滚转角=-0.08度 俯仰角=-0.07度
15:40:12.633381 [轨迹] 序号=1235 单调时间=20062.280941 时间=20062.281 模式=OFFBOARD 起飞状态=未执行起飞 水平控制=位置保持 类型掩码=3520 实际位置NED=(0.039,-0.043,-0.285) 实际速度=(0.000,0.000,0.003) 最终目标=(0.073,-0.090,-0.288) 指令位置=(0.073,-0.090,nan) 指令速度=(0.000,0.000,0.000) 指令加速度=(0.000,0.000,nan) 滚转角=-0.08度 俯仰角=-0.07度
15:40:12.736466 [轨迹] 序号=1236 单调时间=20062.383671 时间=20062.384 模式=OFFBOARD 起飞状态=未执行起飞 水平控制=位置保持 类型掩码=3520 实际位置NED=(0.039,-0.043,-0.285) 实际速度=(-0.000,0.000,0.003) 最终目标=(0.073,-0.090,-0.288) 指令位置=(0.073,-0.090,nan) 指令速度=(0.000,0.000,0.000) 指令加速度=(0.000,0.000,nan) 滚转角=-0.08度 俯仰角=-0.07度
15:40:12.839769 [轨迹] 序号=1237 单调时间=20062.487178 时间=20062.487 模式=OFFBOARD 起飞状态=未执行起飞 水平控制=位置保持 类型掩码=3520 实际位置NED=(0.039,-0.043,-0.285) 实际速度=(-0.000,0.000,0.003) 最终目标=(0.073,-0.090,-0.288) 指令位置=(0.073,-0.090,nan) 指令速度=(0.000,0.000,0.000) 指令加速度=(0.000,0.000,nan) 滚转角=-0.08度 俯仰角=-0.07度
15:40:12.943473 [轨迹] 序号=1238 单调时间=20062.590719 时间=20062.591 模式=OFFBOARD 起飞状态=未执行起飞 水平控制=位置保持 类型掩码=3520 实际位置NED=(0.039,-0.043,-0.285) 实际速度=(-0.000,0.000,0.003) 最终目标=(0.073,-0.090,-0.288) 指令位置=(0.073,-0.090,nan) 指令速度=(0.000,0.000,0.000) 指令加速度=(0.000,0.000,nan) 滚转角=-0.08度 俯仰角=-0.07度
15:40:13.046854 [轨迹] 序号=1239 单调时间=20062.694129 时间=20062.694 模式=OFFBOARD 起飞状态=未执行起飞 水平控制=位置保持 类型掩码=3520 实际位置NED=(0.039,-0.043,-0.285) 实际速度=(-0.000,0.000,0.003) 最终目标=(0.073,-0.090,-0.288) 指令位置=(0.073,-0.090,nan) 指令速度=(0.000,0.000,0.000) 指令加速度=(0.000,0.000,nan) 滚转角=-0.08度 俯仰角=-0.07度
15:40:13.149814 [轨迹] 序号=1240 单调时间=20062.797069 时间=20062.797 模式=OFFBOARD 起飞状态=未执行起飞 水平控制=位置保持 类型掩码=3520 实际位置NED=(0.039,-0.042,-0.285) 实际速度=(-0.000,0.000,0.003) 最终目标=(0.073,-0.090,-0.288) 指令位置=(0.073,-0.090,nan) 指令速度=(0.000,0.000,0.000) 指令加速度=(0.000,0.000,nan) 滚转角=-0.08度 俯仰角=-0.07度
15:40:13.252683 [轨迹] 序号=1241 单调时间=20062.900259 时间=20062.900 模式=OFFBOARD 起飞状态=未执行起飞 水平控制=位置保持 类型掩码=3520 实际位置NED=(0.039,-0.042,-0.285) 实际速度=(-0.000,0.000,0.003) 最终目标=(0.073,-0.090,-0.288) 指令位置=(0.073,-0.090,nan) 指令速度=(0.000,0.000,0.000) 指令加速度=(0.000,0.000,nan) 滚转角=-0.08度 俯仰角=-0.07度
15:40:13.355710 [轨迹] 序号=1242 单调时间=20063.003305 时间=20063.003 模式=OFFBOARD 起飞状态=未执行起飞 水平控制=位置保持 类型掩码=3520 实际位置NED=(0.039,-0.042,-0.285) 实际速度=(-0.000,0.000,0.003) 最终目标=(0.073,-0.090,-0.288) 指令位置=(0.073,-0.090,nan) 指令速度=(0.000,0.000,0.000) 指令加速度=(0.000,0.000,nan) 滚转角=-0.08度 俯仰角=-0.07度
15:40:13.458778 [轨迹] 序号=1243 单调时间=20063.106188 时间=20063.106 模式=OFFBOARD 起飞状态=未执行起飞 水平控制=位置保持 类型掩码=3520 实际位置NED=(0.039,-0.042,-0.285) 实际速度=(-0.000,0.000,0.003) 最终目标=(0.073,-0.090,-0.288) 指令位置=(0.073,-0.090,nan) 指令速度=(0.000,0.000,0.000) 指令加速度=(0.000,0.000,nan) 滚转角=-0.08度 俯仰角=-0.07度
15:40:13.562062 [轨迹] 序号=1244 单调时间=20063.209606 时间=20063.210 模式=OFFBOARD 起飞状态=未执行起飞 水平控制=位置保持 类型掩码=3520 实际位置NED=(0.039,-0.042,-0.285) 实际速度=(-0.000,0.000,0.003) 最终目标=(0.073,-0.090,-0.288) 指令位置=(0.073,-0.090,nan) 指令速度=(0.000,0.000,0.000) 指令加速度=(0.000,0.000,nan) 滚转角=-0.08度 俯仰角=-0.07度
15:40:13.665266 [轨迹] 序号=1245 单调时间=20063.312588 时间=20063.313 模式=OFFBOARD 起飞状态=未执行起飞 水平控制=位置保持 类型掩码=3520 实际位置NED=(0.039,-0.042,-0.285) 实际速度=(-0.000,0.000,0.003) 最终目标=(0.073,-0.090,-0.288) 指令位置=(0.073,-0.090,nan) 指令速度=(0.000,0.000,0.000) 指令加速度=(0.000,0.000,nan) 滚转角=-0.08度 俯仰角=-0.07度
15:40:13.768538 [轨迹] 序号=1246 单调时间=20063.416070 时间=20063.416 模式=OFFBOARD 起飞状态=未执行起飞 水平控制=位置保持 类型掩码=3520 实际位置NED=(0.039,-0.042,-0.285) 实际速度=(-0.000,0.000,0.003) 最终目标=(0.073,-0.090,-0.288) 指令位置=(0.073,-0.090,nan) 指令速度=(0.000,0.000,0.000) 指令加速度=(0.000,0.000,nan) 滚转角=-0.08度 俯仰角=-0.07度
15:40:13.872239 [轨迹] 序号=1247 单调时间=20063.519671 时间=20063.520 模式=OFFBOARD 起飞状态=未执行起飞 水平控制=位置保持 类型掩码=3520 实际位置NED=(0.039,-0.042,-0.285) 实际速度=(0.000,0.000,0.004) 最终目标=(0.073,-0.090,-0.288) 指令位置=(0.073,-0.090,nan) 指令速度=(0.000,0.000,0.000) 指令加速度=(0.000,0.000,nan) 滚转角=-0.08度 俯仰角=-0.07度
15:40:13.974826 [轨迹] 序号=1248 单调时间=20063.622356 时间=20063.622 模式=OFFBOARD 起飞状态=未执行起飞 水平控制=位置保持 类型掩码=3520 实际位置NED=(0.039,-0.042,-0.285) 实际速度=(0.000,0.000,0.004) 最终目标=(0.073,-0.090,-0.288) 指令位置=(0.073,-0.090,nan) 指令速度=(0.000,0.000,0.000) 指令加速度=(0.000,0.000,nan) 滚转角=-0.08度 俯仰角=-0.07度
15:40:14.077434 [轨迹] 序号=1249 单调时间=20063.724975 时间=20063.725 模式=OFFBOARD 起飞状态=未执行起飞 水平控制=位置保持 类型掩码=3520 实际位置NED=(0.039,-0.042,-0.285) 实际速度=(0.000,-0.000,0.004) 最终目标=(0.073,-0.090,-0.288) 指令位置=(0.073,-0.090,nan) 指令速度=(0.000,0.000,0.000) 指令加速度=(0.000,0.000,nan) 滚转角=-0.08度 俯仰角=-0.07度
15:40:14.180456 [轨迹] 序号=1250 单调时间=20063.827944 时间=20063.828 模式=OFFBOARD 起飞状态=未执行起飞 水平控制=位置保持 类型掩码=3520 实际位置NED=(0.039,-0.042,-0.285) 实际速度=(0.000,-0.000,0.004) 最终目标=(0.073,-0.090,-0.288) 指令位置=(0.073,-0.090,nan) 指令速度=(0.000,0.000,0.000) 指令加速度=(0.000,0.000,nan) 滚转角=-0.08度 俯仰角=-0.07度
15:40:14 [地面待机] 已按当前位置重新定位；等待起飞指令
15:40:14.283575 [轨迹] 序号=1251 单调时间=20063.930619 时间=20063.931 模式=OFFBOARD 起飞状态=未执行起飞 水平控制=位置保持 类型掩码=3520 实际位置NED=(0.039,-0.042,-0.285) 实际速度=(-0.000,-0.000,0.004) 最终目标=(0.039,-0.042,-0.285) 指令位置=(0.039,-0.042,nan) 指令速度=(0.000,0.000,0.000) 指令加速度=(0.000,0.000,nan) 滚转角=-0.08度 俯仰角=-0.07度
15:40:14.386255 [轨迹] 序号=1252 单调时间=20064.033805 时间=20064.034 模式=OFFBOARD 起飞状态=未执行起飞 水平控制=位置保持 类型掩码=3520 实际位置NED=(0.039,-0.042,-0.285) 实际速度=(-0.000,-0.000,0.004) 最终目标=(0.039,-0.042,-0.285) 指令位置=(0.039,-0.042,nan) 指令速度=(0.000,0.000,0.000) 指令加速度=(0.000,0.000,nan) 滚转角=-0.08度 俯仰角=-0.07度
15:40:14.490047 [轨迹] 序号=1253 单调时间=20064.137604 时间=20064.138 模式=OFFBOARD 起飞状态=未执行起飞 水平控制=位置保持 类型掩码=3520 实际位置NED=(0.039,-0.042,-0.285) 实际速度=(0.000,-0.000,0.003) 最终目标=(0.039,-0.042,-0.285) 指令位置=(0.039,-0.042,nan) 指令速度=(0.000,0.000,0.000) 指令加速度=(0.000,0.000,nan) 滚转角=-0.08度 俯仰角=-0.07度
15:40:14.592794 [轨迹] 序号=1254 单调时间=20064.240336 时间=20064.240 模式=OFFBOARD 起飞状态=未执行起飞 水平控制=位置保持 类型掩码=3520 实际位置NED=(0.039,-0.042,-0.285) 实际速度=(0.000,-0.000,0.003) 最终目标=(0.039,-0.042,-0.285) 指令位置=(0.039,-0.042,nan) 指令速度=(0.000,0.000,0.000) 指令加速度=(0.000,0.000,nan) 滚转角=-0.08度 俯仰角=-0.07度
15:40:14.695589 [轨迹] 序号=1255 单调时间=20064.343044 时间=20064.343 模式=OFFBOARD 起飞状态=未执行起飞 水平控制=位置保持 类型掩码=3520 实际位置NED=(0.039,-0.042,-0.285) 实际速度=(0.000,-0.000,0.003) 最终目标=(0.039,-0.042,-0.285) 指令位置=(0.039,-0.042,nan) 指令速度=(0.000,0.000,0.000) 指令加速度=(0.000,0.000,nan) 滚转角=-0.08度 俯仰角=-0.07度
15:40:14.798281 [轨迹] 序号=1256 单调时间=20064.445878 时间=20064.446 模式=OFFBOARD 起飞状态=未执行起飞 水平控制=位置保持 类型掩码=3520 实际位置NED=(0.039,-0.042,-0.285) 实际速度=(0.000,-0.000,0.003) 最终目标=(0.039,-0.042,-0.285) 指令位置=(0.039,-0.042,nan) 指令速度=(0.000,0.000,0.000) 指令加速度=(0.000,0.000,nan) 滚转角=-0.08度 俯仰角=-0.07度
15:40:14.901450 [轨迹] 序号=1257 单调时间=20064.548985 时间=20064.549 模式=OFFBOARD 起飞状态=未执行起飞 水平控制=位置保持 类型掩码=3520 实际位置NED=(0.039,-0.042,-0.285) 实际速度=(0.000,-0.001,0.003) 最终目标=(0.039,-0.042,-0.285) 指令位置=(0.039,-0.042,nan) 指令速度=(0.000,0.000,0.000) 指令加速度=(0.000,0.000,nan) 滚转角=-0.08度 俯仰角=-0.07度
15:40:15.005601 [轨迹] 序号=1258 单调时间=20064.652693 时间=20064.653 模式=OFFBOARD 起飞状态=未执行起飞 水平控制=位置保持 类型掩码=3520 实际位置NED=(0.039,-0.042,-0.285) 实际速度=(0.000,-0.001,0.003) 最终目标=(0.039,-0.042,-0.285) 指令位置=(0.039,-0.042,nan) 指令速度=(0.000,0.000,0.000) 指令加速度=(0.000,0.000,nan) 滚转角=-0.08度 俯仰角=-0.07度
15:40:15.108502 [轨迹] 序号=1259 单调时间=20064.755985 时间=20064.756 模式=OFFBOARD 起飞状态=未执行起飞 水平控制=位置保持 类型掩码=3520 实际位置NED=(0.039,-0.042,-0.285) 实际速度=(0.000,-0.001,0.003) 最终目标=(0.039,-0.042,-0.285) 指令位置=(0.039,-0.042,nan) 指令速度=(0.000,0.000,0.000) 指令加速度=(0.000,0.000,nan) 滚转角=-0.08度 俯仰角=-0.07度
15:40:15.211212 [轨迹] 序号=1260 单调时间=20064.858728 时间=20064.859 模式=OFFBOARD 起飞状态=未执行起飞 水平控制=位置保持 类型掩码=3520 实际位置NED=(0.039,-0.042,-0.285) 实际速度=(0.000,-0.001,0.003) 最终目标=(0.039,-0.042,-0.285) 指令位置=(0.039,-0.042,nan) 指令速度=(0.000,0.000,0.000) 指令加速度=(0.000,0.000,nan) 滚转角=-0.08度 俯仰角=-0.07度
15:40:15.314313 [轨迹] 序号=1261 单调时间=20064.961807 时间=20064.962 模式=OFFBOARD 起飞状态=未执行起飞 水平控制=位置保持 类型掩码=3520 实际位置NED=(0.039,-0.042,-0.285) 实际速度=(0.000,-0.001,0.003) 最终目标=(0.039,-0.042,-0.285) 指令位置=(0.039,-0.042,nan) 指令速度=(0.000,0.000,0.000) 指令加速度=(0.000,0.000,nan) 滚转角=-0.08度 俯仰角=-0.07度
15:40:15.417081 [轨迹] 序号=1262 单调时间=20065.064661 时间=20065.065 模式=OFFBOARD 起飞状态=未执行起飞 水平控制=位置保持 类型掩码=3520 实际位置NED=(0.039,-0.042,-0.285) 实际速度=(0.000,-0.001,0.003) 最终目标=(0.039,-0.042,-0.285) 指令位置=(0.039,-0.042,nan) 指令速度=(0.000,0.000,0.000) 指令加速度=(0.000,0.000,nan) 滚转角=-0.08度 俯仰角=-0.07度
15:40:15.519679 [轨迹] 序号=1263 单调时间=20065.167191 时间=20065.167 模式=OFFBOARD 起飞状态=未执行起飞 水平控制=位置保持 类型掩码=3520 实际位置NED=(0.039,-0.042,-0.285) 实际速度=(0.000,-0.001,0.003) 最终目标=(0.039,-0.042,-0.285) 指令位置=(0.039,-0.042,nan) 指令速度=(0.000,0.000,0.000) 指令加速度=(0.000,0.000,nan) 滚转角=-0.08度 俯仰角=-0.07度
15:40:15.622291 [轨迹] 序号=1264 单调时间=20065.269907 时间=20065.270 模式=OFFBOARD 起飞状态=未执行起飞 水平控制=位置保持 类型掩码=3520 实际位置NED=(0.040,-0.042,-0.285) 实际速度=(0.000,-0.001,0.003) 最终目标=(0.039,-0.042,-0.285) 指令位置=(0.039,-0.042,nan) 指令速度=(0.000,0.000,0.000) 指令加速度=(0.000,0.000,nan) 滚转角=-0.08度 俯仰角=-0.07度
15:40:15.725420 [轨迹] 序号=1265 单调时间=20065.373020 时间=20065.373 模式=OFFBOARD 起飞状态=未执行起飞 水平控制=位置保持 类型掩码=3520 实际位置NED=(0.040,-0.042,-0.286) 实际速度=(-0.000,-0.001,0.003) 最终目标=(0.039,-0.042,-0.285) 指令位置=(0.039,-0.042,nan) 指令速度=(0.000,0.000,0.000) 指令加速度=(0.000,0.000,nan) 滚转角=-0.08度 俯仰角=-0.07度
15:40:15 [输入] 已按下一次起飞按钮
15:40:15 [目标] 修改前：北=0.039 东=-0.042 下=-0.285
15:40:15 [目标] 修改后：北=0.040 东=-0.042 下=-1.286
15:40:15 [起飞] 起始下轴位置=-0.286 离地阶段下轴目标=-0.636 最终下轴目标=-1.286；水平位置已锁定到当前位置
15:40:15.828978 [轨迹] 序号=1266 单调时间=20065.476508 时间=20065.477 模式=OFFBOARD 起飞状态=离地阶段 水平控制=位置保持 类型掩码=2496 实际位置NED=(0.040,-0.042,-0.286) 实际速度=(0.000,-0.001,0.003) 最终目标=(0.040,-0.042,-1.286) 指令位置=(0.040,-0.042,-0.293) 指令速度=(0.000,0.000,-0.075) 指令加速度=(0.000,0.000,-0.750) 滚转角=-0.08度 俯仰角=-0.07度
15:40:15.932160 [轨迹] 序号=1267 单调时间=20065.579526 时间=20065.580 模式=OFFBOARD 起飞状态=离地阶段 水平控制=位置保持 类型掩码=2496 实际位置NED=(0.040,-0.042,-0.286) 实际速度=(0.000,-0.001,0.002) 最终目标=(0.040,-0.042,-1.286) 指令位置=(0.040,-0.042,-0.309) 指令速度=(0.000,0.000,-0.152) 指令加速度=(0.000,0.000,-0.750) 滚转角=-0.08度 俯仰角=-0.07度
15:40:16.035748 [轨迹] 序号=1268 单调时间=20065.683219 时间=20065.683 模式=OFFBOARD 起飞状态=离地阶段 水平控制=位置保持 类型掩码=2496 实际位置NED=(0.040,-0.042,-0.286) 实际速度=(0.000,-0.001,0.002) 最终目标=(0.040,-0.042,-1.286) 指令位置=(0.040,-0.042,-0.333) 指令速度=(0.000,0.000,-0.230) 指令加速度=(0.000,0.000,-0.750) 滚转角=-0.08度 俯仰角=-0.07度
15:40:16.139422 [轨迹] 序号=1269 单调时间=20065.786878 时间=20065.787 模式=OFFBOARD 起飞状态=离地阶段 水平控制=位置保持 类型掩码=2496 实际位置NED=(0.040,-0.042,-0.286) 实际速度=(0.000,-0.001,0.003) 最终目标=(0.040,-0.042,-1.286) 指令位置=(0.040,-0.042,-0.364) 指令速度=(0.000,0.000,-0.308) 指令加速度=(0.000,0.000,-0.750) 滚转角=-0.08度 俯仰角=-0.07度
15:40:16.241981 [轨迹] 序号=1270 单调时间=20065.889664 时间=20065.890 模式=OFFBOARD 起飞状态=离地阶段 水平控制=位置保持 类型掩码=2496 实际位置NED=(0.040,-0.042,-0.286) 实际速度=(0.000,-0.001,0.003) 最终目标=(0.040,-0.042,-1.286) 指令位置=(0.040,-0.042,-0.404) 指令速度=(0.000,0.000,-0.385) 指令加速度=(0.000,0.000,-0.750) 滚转角=-0.08度 俯仰角=-0.07度
15:40:16.346569 [轨迹] 序号=1271 单调时间=20065.994050 时间=20065.994 模式=OFFBOARD 起飞状态=离地阶段 水平控制=位置保持 类型掩码=2496 实际位置NED=(0.040,-0.042,-0.286) 实际速度=(0.000,-0.001,0.002) 最终目标=(0.040,-0.042,-1.286) 指令位置=(0.040,-0.042,-0.452) 指令速度=(0.000,0.000,-0.463) 指令加速度=(0.000,0.000,-0.750) 滚转角=-0.08度 俯仰角=-0.07度
15:40:16.449261 [轨迹] 序号=1272 单调时间=20066.096763 时间=20066.097 模式=OFFBOARD 起飞状态=离地阶段 水平控制=位置保持 类型掩码=2496 实际位置NED=(0.040,-0.042,-0.286) 实际速度=(0.000,-0.001,0.002) 最终目标=(0.040,-0.042,-1.286) 指令位置=(0.040,-0.042,-0.504) 指令速度=(0.000,0.000,-0.500) 指令加速度=(0.000,0.000,-0.359) 滚转角=-0.08度 俯仰角=-0.07度
15:40:16.551853 [轨迹] 序号=1273 单调时间=20066.199353 时间=20066.199 模式=OFFBOARD 起飞状态=离地阶段 水平控制=位置保持 类型掩码=2496 实际位置NED=(0.040,-0.042,-0.286) 实际速度=(0.000,-0.001,0.002) 最终目标=(0.040,-0.042,-1.286) 指令位置=(0.040,-0.042,-0.555) 指令速度=(0.000,0.000,-0.500) 指令加速度=(0.000,0.000,0.000) 滚转角=-0.08度 俯仰角=-0.07度
15:40:16.654869 [轨迹] 序号=1274 单调时间=20066.302504 时间=20066.303 模式=OFFBOARD 起飞状态=离地阶段 水平控制=位置保持 类型掩码=2496 实际位置NED=(0.040,-0.042,-0.286) 实际速度=(0.000,-0.001,0.002) 最终目标=(0.040,-0.042,-1.286) 指令位置=(0.040,-0.042,-0.607) 指令速度=(0.000,0.000,-0.500) 指令加速度=(0.000,0.000,0.000) 滚转角=-0.08度 俯仰角=-0.07度
15:40:16.757989 [轨迹] 序号=1275 单调时间=20066.405465 时间=20066.405 模式=OFFBOARD 起飞状态=离地阶段 水平控制=位置保持 类型掩码=2496 实际位置NED=(0.040,-0.042,-0.286) 实际速度=(0.000,-0.000,0.002) 最终目标=(0.040,-0.042,-1.286) 指令位置=(0.040,-0.042,-0.658) 指令速度=(0.000,0.000,-0.500) 指令加速度=(0.000,0.000,0.000) 滚转角=-0.08度 俯仰角=-0.07度
15:40:16.861395 [轨迹] 序号=1276 单调时间=20066.508514 时间=20066.509 模式=OFFBOARD 起飞状态=爬升阶段 水平控制=位置保持 类型掩码=2496 实际位置NED=(0.040,-0.042,-0.286) 实际速度=(0.000,-0.000,0.002) 最终目标=(0.040,-0.042,-1.286) 指令位置=(0.040,-0.042,-0.706) 指令速度=(0.000,0.000,-0.469) 指令加速度=(0.000,0.000,0.300) 滚转角=-0.08度 俯仰角=-0.07度
15:40:16.965005 [轨迹] 序号=1277 单调时间=20066.612391 时间=20066.612 模式=OFFBOARD 起飞状态=爬升阶段 水平控制=位置保持 类型掩码=2496 实际位置NED=(0.040,-0.042,-0.286) 实际速度=(0.000,-0.000,0.002) 最终目标=(0.040,-0.042,-1.286) 指令位置=(0.040,-0.042,-0.752) 指令速度=(0.000,0.000,-0.438) 指令加速度=(0.000,0.000,0.300) 滚转角=-0.08度 俯仰角=-0.07度
15:40:17.067865 [轨迹] 序号=1278 单调时间=20066.715429 时间=20066.715 模式=OFFBOARD 起飞状态=爬升阶段 水平控制=位置保持 类型掩码=2496 实际位置NED=(0.040,-0.042,-0.286) 实际速度=(0.000,-0.000,0.002) 最终目标=(0.040,-0.042,-1.286) 指令位置=(0.040,-0.042,-0.794) 指令速度=(0.000,0.000,-0.407) 指令加速度=(0.000,0.000,0.300) 滚转角=-0.08度 俯仰角=-0.07度
15:40:17.171268 [轨迹] 序号=1279 单调时间=20066.818851 时间=20066.819 模式=OFFBOARD 起飞状态=爬升阶段 水平控制=位置保持 类型掩码=2496 实际位置NED=(0.040,-0.042,-0.287) 实际速度=(0.000,-0.000,0.002) 最终目标=(0.040,-0.042,-1.286) 指令位置=(0.040,-0.042,-0.833) 指令速度=(0.000,0.000,-0.376) 指令加速度=(0.000,0.000,0.300) 滚转角=-0.08度 俯仰角=-0.07度
15:40:17.273864 [轨迹] 序号=1280 单调时间=20066.921428 时间=20066.921 模式=OFFBOARD 起飞状态=爬升阶段 水平控制=位置保持 类型掩码=2496 实际位置NED=(0.040,-0.042,-0.287) 实际速度=(-0.000,-0.000,0.001) 最终目标=(0.040,-0.042,-1.286) 指令位置=(0.040,-0.042,-0.868) 指令速度=(0.000,0.000,-0.345) 指令加速度=(0.000,0.000,0.300) 滚转角=-0.08度 俯仰角=-0.07度
15:40:17.377484 [轨迹] 序号=1281 单调时间=20067.024957 时间=20067.025 模式=OFFBOARD 起飞状态=爬升阶段 水平控制=位置保持 类型掩码=2496 实际位置NED=(0.040,-0.042,-0.287) 实际速度=(-0.000,-0.000,0.001) 最终目标=(0.040,-0.042,-1.286) 指令位置=(0.040,-0.042,-0.901) 指令速度=(0.000,0.000,-0.314) 指令加速度=(0.000,0.000,0.300) 滚转角=-0.08度 俯仰角=-0.07度
15:40:17.479953 [轨迹] 序号=1282 单调时间=20067.127514 时间=20067.128 模式=OFFBOARD 起飞状态=爬升阶段 水平控制=位置保持 类型掩码=2496 实际位置NED=(0.040,-0.042,-0.287) 实际速度=(-0.000,0.000,0.001) 最终目标=(0.040,-0.042,-1.286) 指令位置=(0.040,-0.042,-0.931) 指令速度=(0.000,0.000,-0.300) 指令加速度=(0.000,0.000,0.138) 滚转角=-0.08度 俯仰角=-0.07度
15:40:17.583129 [轨迹] 序号=1283 单调时间=20067.230683 时间=20067.231 模式=OFFBOARD 起飞状态=爬升阶段 水平控制=位置保持 类型掩码=2496 实际位置NED=(0.040,-0.042,-0.287) 实际速度=(-0.000,0.000,0.001) 最终目标=(0.040,-0.042,-1.286) 指令位置=(0.040,-0.042,-0.962) 指令速度=(0.000,0.000,-0.300) 指令加速度=(0.000,0.000,0.000) 滚转角=-0.08度 俯仰角=-0.07度
15:40:17.686211 [轨迹] 序号=1284 单调时间=20067.333734 时间=20067.334 模式=OFFBOARD 起飞状态=爬升阶段 水平控制=位置保持 类型掩码=2496 实际位置NED=(0.040,-0.042,-0.287) 实际速度=(-0.000,0.000,0.001) 最终目标=(0.040,-0.042,-1.286) 指令位置=(0.040,-0.042,-0.993) 指令速度=(0.000,0.000,-0.300) 指令加速度=(0.000,0.000,0.000) 滚转角=-0.08度 俯仰角=-0.07度
15:40:17.789447 [轨迹] 序号=1285 单调时间=20067.436898 时间=20067.437 模式=OFFBOARD 起飞状态=爬升阶段 水平控制=位置保持 类型掩码=2496 实际位置NED=(0.040,-0.042,-0.287) 实际速度=(-0.000,0.000,0.001) 最终目标=(0.040,-0.042,-1.286) 指令位置=(0.040,-0.042,-1.024) 指令速度=(0.000,0.000,-0.300) 指令加速度=(0.000,0.000,0.000) 滚转角=-0.08度 俯仰角=-0.07度
15:40:17.892754 [轨迹] 序号=1286 单调时间=20067.540251 时间=20067.540 模式=OFFBOARD 起飞状态=爬升阶段 水平控制=位置保持 类型掩码=2496 实际位置NED=(0.040,-0.042,-0.287) 实际速度=(-0.000,0.000,0.001) 最终目标=(0.040,-0.042,-1.286) 指令位置=(0.040,-0.042,-1.055) 指令速度=(0.000,0.000,-0.300) 指令加速度=(0.000,0.000,0.000) 滚转角=-0.08度 俯仰角=-0.07度
15:40:17.996968 [轨迹] 序号=1287 单调时间=20067.644330 时间=20067.644 模式=OFFBOARD 起飞状态=爬升阶段 水平控制=位置保持 类型掩码=2496 实际位置NED=(0.040,-0.042,-0.287) 实际速度=(-0.000,0.000,0.001) 最终目标=(0.040,-0.042,-1.286) 指令位置=(0.040,-0.042,-1.086) 指令速度=(0.000,0.000,-0.300) 指令加速度=(0.000,0.000,0.000) 滚转角=-0.08度 俯仰角=-0.07度
15:40:18.099727 [轨迹] 序号=1288 单调时间=20067.747208 时间=20067.747 模式=OFFBOARD 起飞状态=爬升阶段 水平控制=位置保持 类型掩码=2496 实际位置NED=(0.040,-0.042,-0.287) 实际速度=(-0.000,0.000,0.001) 最终目标=(0.040,-0.042,-1.286) 指令位置=(0.040,-0.042,-1.116) 指令速度=(0.000,0.000,-0.284) 指令加速度=(0.000,0.000,0.157) 滚转角=-0.08度 俯仰角=-0.07度
15:40:18.203752 [轨迹] 序号=1289 单调时间=20067.851175 时间=20067.851 模式=OFFBOARD 起飞状态=爬升阶段 水平控制=位置保持 类型掩码=2496 实际位置NED=(0.040,-0.042,-0.288) 实际速度=(-0.000,0.000,0.001) 最终目标=(0.040,-0.042,-1.286) 指令位置=(0.040,-0.042,-1.142) 指令速度=(0.000,0.000,-0.257) 指令加速度=(0.000,0.000,0.260) 滚转角=-0.08度 俯仰角=-0.07度
15:40:18.305342 [轨迹] 序号=1290 单调时间=20067.953022 时间=20067.953 模式=OFFBOARD 起飞状态=减速阶段 水平控制=位置保持 类型掩码=2496 实际位置NED=(0.040,-0.041,-0.288) 实际速度=(-0.000,0.000,0.001) 最终目标=(0.040,-0.042,-1.286) 指令位置=(0.040,-0.042,-1.166) 指令速度=(0.000,0.000,-0.232) 指令加速度=(0.000,0.000,0.244) 滚转角=-0.08度 俯仰角=-0.07度
15:40:18.407984 [轨迹] 序号=1291 单调时间=20068.055610 时间=20068.056 模式=OFFBOARD 起飞状态=减速阶段 水平控制=位置保持 类型掩码=2496 实际位置NED=(0.040,-0.041,-0.288) 实际速度=(-0.000,0.000,0.001) 最终目标=(0.040,-0.042,-1.286) 指令位置=(0.040,-0.042,-1.187) 指令速度=(0.000,0.000,-0.206) 指令加速度=(0.000,0.000,0.251) 滚转角=-0.08度 俯仰角=-0.07度
15:40:18.512167 [轨迹] 序号=1292 单调时间=20068.159676 时间=20068.160 模式=OFFBOARD 起飞状态=减速阶段 水平控制=位置保持 类型掩码=2496 实际位置NED=(0.039,-0.041,-0.290) 实际速度=(-0.000,0.000,-0.001) 最终目标=(0.040,-0.042,-1.286) 指令位置=(0.040,-0.042,-1.206) 指令速度=(0.000,0.000,-0.180) 指令加速度=(0.000,0.000,0.247) 滚转角=-0.08度 俯仰角=-0.07度
15:40:18.613423 [轨迹] 序号=1293 单调时间=20068.261084 时间=20068.261 模式=OFFBOARD 起飞状态=减速阶段 水平控制=位置保持 类型掩码=2496 实际位置NED=(0.039,-0.041,-0.294) 实际速度=(-0.000,0.000,-0.004) 最终目标=(0.040,-0.042,-1.286) 指令位置=(0.040,-0.042,-1.222) 指令速度=(0.000,0.000,-0.158) 指令加速度=(0.000,0.000,0.225) 滚转角=-0.08度 俯仰角=-0.07度
15:40:18.716329 [轨迹] 序号=1294 单调时间=20068.364054 时间=20068.364 模式=OFFBOARD 起飞状态=减速阶段 水平控制=位置保持 类型掩码=2496 实际位置NED=(0.039,-0.041,-0.298) 实际速度=(-0.000,0.000,-0.007) 最终目标=(0.040,-0.042,-1.286) 指令位置=(0.040,-0.042,-1.236) 指令速度=(0.000,0.000,-0.134) 指令加速度=(0.000,0.000,0.234) 滚转角=-0.08度 俯仰角=-0.07度
15:40:18.819743 [轨迹] 序号=1295 单调时间=20068.467389 时间=20068.467 模式=OFFBOARD 起飞状态=减速阶段 水平控制=位置保持 类型掩码=2496 实际位置NED=(0.039,-0.041,-0.303) 实际速度=(-0.000,0.000,-0.011) 最终目标=(0.040,-0.042,-1.286) 指令位置=(0.040,-0.042,-1.247) 指令速度=(0.000,0.000,-0.111) 指令加速度=(0.000,0.000,0.219) 滚转角=-0.08度 俯仰角=-0.07度
15:40:18.922904 [轨迹] 序号=1296 单调时间=20068.570407 时间=20068.570 模式=OFFBOARD 起飞状态=减速阶段 水平控制=位置保持 类型掩码=2496 实际位置NED=(0.039,-0.041,-0.308) 实际速度=(-0.000,0.000,-0.014) 最终目标=(0.040,-0.042,-1.286) 指令位置=(0.040,-0.042,-1.256) 指令速度=(0.000,0.000,-0.090) 指令加速度=(0.000,0.000,0.204) 滚转角=-0.08度 俯仰角=-0.07度
15:40:19.025685 [轨迹] 序号=1297 单调时间=20068.673282 时间=20068.673 模式=OFFBOARD 起飞状态=减速阶段 水平控制=位置保持 类型掩码=2496 实际位置NED=(0.039,-0.041,-0.319) 实际速度=(-0.000,0.000,-0.022) 最终目标=(0.040,-0.042,-1.286) 指令位置=(0.040,-0.042,-1.264) 指令速度=(0.000,0.000,-0.070) 指令加速度=(0.000,0.000,0.189) 滚转角=-0.08度 俯仰角=-0.07度
15:40:19.128876 [轨迹] 序号=1298 单调时间=20068.775843 时间=20068.776 模式=OFFBOARD 起飞状态=减速阶段 水平控制=位置保持 类型掩码=2496 实际位置NED=(0.039,-0.041,-0.319) 实际速度=(-0.000,0.000,-0.022) 最终目标=(0.040,-0.042,-1.286) 指令位置=(0.040,-0.042,-1.269) 指令速度=(0.000,0.000,-0.053) 指令加速度=(0.000,0.000,0.170) 滚转角=-0.08度 俯仰角=-0.07度
15:40:19.231360 [轨迹] 序号=1299 单调时间=20068.879095 时间=20068.879 模式=OFFBOARD 起飞状态=减速阶段 水平控制=位置保持 类型掩码=2496 实际位置NED=(0.039,-0.041,-0.327) 实际速度=(-0.001,0.000,-0.028) 最终目标=(0.040,-0.042,-1.286) 指令位置=(0.040,-0.042,-1.273) 指令速度=(0.000,0.000,-0.037) 指令加速度=(0.000,0.000,0.152) 滚转角=-0.08度 俯仰角=-0.07度
15:40:19.334112 [轨迹] 序号=1300 单调时间=20068.981676 时间=20068.982 模式=OFFBOARD 起飞状态=高度保持 水平控制=位置保持 类型掩码=2496 实际位置NED=(0.039,-0.041,-0.340) 实际速度=(-0.001,0.000,-0.035) 最终目标=(0.040,-0.042,-1.286) 指令位置=(0.040,-0.042,-1.286) 指令速度=(0.000,0.000,0.000) 指令加速度=(0.000,0.000,0.364) 滚转角=-0.08度 俯仰角=-0.07度
15:40:19.438179 [轨迹] 序号=1301 单调时间=20069.085542 时间=20069.086 模式=OFFBOARD 起飞状态=高度保持 水平控制=位置保持 类型掩码=2496 实际位置NED=(0.039,-0.041,-0.346) 实际速度=(-0.001,0.000,-0.039) 最终目标=(0.040,-0.042,-1.286) 指令位置=(0.040,-0.042,-1.286) 指令速度=(0.000,0.000,0.000) 指令加速度=(0.000,0.000,0.000) 滚转角=-0.08度 俯仰角=-0.07度
15:40:19.541123 [轨迹] 序号=1302 单调时间=20069.188722 时间=20069.189 模式=OFFBOARD 起飞状态=高度保持 水平控制=位置保持 类型掩码=2496 实际位置NED=(0.039,-0.041,-0.353) 实际速度=(-0.001,0.000,-0.043) 最终目标=(0.040,-0.042,-1.286) 指令位置=(0.040,-0.042,-1.286) 指令速度=(0.000,0.000,0.000) 指令加速度=(0.000,0.000,0.000) 滚转角=-0.08度 俯仰角=-0.07度
15:40:19.643955 [轨迹] 序号=1303 单调时间=20069.291321 时间=20069.291 模式=OFFBOARD 起飞状态=高度保持 水平控制=位置保持 类型掩码=2496 实际位置NED=(0.039,-0.041,-0.359) 实际速度=(-0.001,0.000,-0.047) 最终目标=(0.040,-0.042,-1.286) 指令位置=(0.040,-0.042,-1.286) 指令速度=(0.000,0.000,0.000) 指令加速度=(0.000,0.000,0.000) 滚转角=-0.08度 俯仰角=-0.07度
15:40:19.746710 [轨迹] 序号=1304 单调时间=20069.394197 时间=20069.394 模式=OFFBOARD 起飞状态=高度保持 水平控制=位置保持 类型掩码=2496 实际位置NED=(0.039,-0.041,-0.367) 实际速度=(-0.001,0.001,-0.051) 最终目标=(0.040,-0.042,-1.286) 指令位置=(0.040,-0.042,-1.286) 指令速度=(0.000,0.000,0.000) 指令加速度=(0.000,0.000,0.000) 滚转角=-0.08度 俯仰角=-0.07度
15:40:19.849769 [轨迹] 序号=1305 单调时间=20069.497298 时间=20069.497 模式=OFFBOARD 起飞状态=高度保持 水平控制=位置保持 类型掩码=2496 实际位置NED=(0.039,-0.041,-0.374) 实际速度=(-0.001,0.001,-0.054) 最终目标=(0.040,-0.042,-1.286) 指令位置=(0.040,-0.042,-1.286) 指令速度=(0.000,0.000,0.000) 指令加速度=(0.000,0.000,0.000) 滚转角=-0.08度 俯仰角=-0.07度
15:40:19.952592 [轨迹] 序号=1306 单调时间=20069.600220 时间=20069.600 模式=OFFBOARD 起飞状态=高度保持 水平控制=位置保持 类型掩码=2496 实际位置NED=(0.039,-0.040,-0.380) 实际速度=(-0.000,0.001,-0.057) 最终目标=(0.040,-0.042,-1.286) 指令位置=(0.040,-0.042,-1.286) 指令速度=(0.000,0.000,0.000) 指令加速度=(0.000,0.000,0.000) 滚转角=-0.08度 俯仰角=-0.07度
15:40:20.055590 [轨迹] 序号=1307 单调时间=20069.703081 时间=20069.703 模式=OFFBOARD 起飞状态=高度保持 水平控制=位置保持 类型掩码=2496 实际位置NED=(0.039,-0.040,-0.386) 实际速度=(-0.000,0.001,-0.060) 最终目标=(0.040,-0.042,-1.286) 指令位置=(0.040,-0.042,-1.286) 指令速度=(0.000,0.000,0.000) 指令加速度=(0.000,0.000,0.000) 滚转角=-0.08度 俯仰角=-0.07度
15:40:20.158222 [轨迹] 序号=1308 单调时间=20069.805790 时间=20069.806 模式=OFFBOARD 起飞状态=高度保持 水平控制=位置保持 类型掩码=2496 实际位置NED=(0.039,-0.040,-0.398) 实际速度=(-0.000,0.001,-0.065) 最终目标=(0.040,-0.042,-1.286) 指令位置=(0.040,-0.042,-1.286) 指令速度=(0.000,0.000,0.000) 指令加速度=(0.000,0.000,0.000) 滚转角=-0.08度 俯仰角=-0.07度
15:40:20.261892 [轨迹] 序号=1309 单调时间=20069.909428 时间=20069.909 模式=OFFBOARD 起飞状态=高度保持 水平控制=位置保持 类型掩码=2496 实际位置NED=(0.039,-0.040,-0.405) 实际速度=(0.000,0.001,-0.068) 最终目标=(0.040,-0.042,-1.286) 指令位置=(0.040,-0.042,-1.286) 指令速度=(0.000,0.000,0.000) 指令加速度=(0.000,0.000,0.000) 滚转角=-0.08度 俯仰角=-0.07度
15:40:20.364353 [轨迹] 序号=1310 单调时间=20070.011873 时间=20070.012 模式=OFFBOARD 起飞状态=高度保持 水平控制=位置保持 类型掩码=2496 实际位置NED=(0.039,-0.040,-0.411) 实际速度=(0.000,0.001,-0.070) 最终目标=(0.040,-0.042,-1.286) 指令位置=(0.040,-0.042,-1.286) 指令速度=(0.000,0.000,0.000) 指令加速度=(0.000,0.000,0.000) 滚转角=-0.08度 俯仰角=-0.07度
15:40:20.468536 [轨迹] 序号=1311 单调时间=20070.115651 时间=20070.116 模式=OFFBOARD 起飞状态=高度保持 水平控制=位置保持 类型掩码=2496 实际位置NED=(0.039,-0.040,-0.416) 实际速度=(0.000,0.001,-0.072) 最终目标=(0.040,-0.042,-1.286) 指令位置=(0.040,-0.042,-1.286) 指令速度=(0.000,0.000,0.000) 指令加速度=(0.000,0.000,0.000) 滚转角=-0.08度 俯仰角=-0.07度
15:40:20.571181 [轨迹] 序号=1312 单调时间=20070.218678 时间=20070.219 模式=OFFBOARD 起飞状态=高度保持 水平控制=位置保持 类型掩码=2496 实际位置NED=(0.039,-0.040,-0.421) 实际速度=(0.000,0.001,-0.073) 最终目标=(0.040,-0.042,-1.286) 指令位置=(0.040,-0.042,-1.286) 指令速度=(0.000,0.000,0.000) 指令加速度=(0.000,0.000,0.000) 滚转角=-0.09度 俯仰角=-0.08度
15:40:20.673850 [轨迹] 序号=1313 单调时间=20070.321363 时间=20070.321 模式=OFFBOARD 起飞状态=高度保持 水平控制=位置保持 类型掩码=2496 实际位置NED=(0.040,-0.040,-0.430) 实际速度=(0.001,0.001,-0.076) 最终目标=(0.040,-0.042,-1.286) 指令位置=(0.040,-0.042,-1.286) 指令速度=(0.000,0.000,0.000) 指令加速度=(0.000,0.000,0.000) 滚转角=-0.09度 俯仰角=-0.08度
15:40:20.776909 [轨迹] 序号=1314 单调时间=20070.424315 时间=20070.424 模式=OFFBOARD 起飞状态=高度保持 水平控制=位置保持 类型掩码=2496 实际位置NED=(0.040,-0.039,-0.435) 实际速度=(0.001,0.002,-0.077) 最终目标=(0.040,-0.042,-1.286) 指令位置=(0.040,-0.042,-1.286) 指令速度=(0.000,0.000,0.000) 指令加速度=(0.000,0.000,0.000) 滚转角=-0.09度 俯仰角=-0.08度
15:40:20.880587 [轨迹] 序号=1315 单调时间=20070.527449 时间=20070.527 模式=OFFBOARD 起飞状态=高度保持 水平控制=位置保持 类型掩码=2496 实际位置NED=(0.040,-0.039,-0.439) 实际速度=(0.001,0.002,-0.077) 最终目标=(0.040,-0.042,-1.286) 指令位置=(0.040,-0.042,-1.286) 指令速度=(0.000,0.000,0.000) 指令加速度=(0.000,0.000,0.000) 滚转角=-0.09度 俯仰角=-0.08度
15:40:20.984494 [轨迹] 序号=1316 单调时间=20070.632140 时间=20070.632 模式=OFFBOARD 起飞状态=高度保持 水平控制=位置保持 类型掩码=2496 实际位置NED=(0.040,-0.039,-0.443) 实际速度=(0.001,0.002,-0.078) 最终目标=(0.040,-0.042,-1.286) 指令位置=(0.040,-0.042,-1.286) 指令速度=(0.000,0.000,0.000) 指令加速度=(0.000,0.000,0.000) 滚转角=-0.09度 俯仰角=-0.08度
15:40:21.087479 [轨迹] 序号=1317 单调时间=20070.735039 时间=20070.735 模式=OFFBOARD 起飞状态=高度保持 水平控制=位置保持 类型掩码=2496 实际位置NED=(0.040,-0.039,-0.447) 实际速度=(0.001,0.002,-0.078) 最终目标=(0.040,-0.042,-1.286) 指令位置=(0.040,-0.042,-1.286) 指令速度=(0.000,0.000,0.000) 指令加速度=(0.000,0.000,0.000) 滚转角=-0.09度 俯仰角=-0.08度
15:40:21.190672 [轨迹] 序号=1318 单调时间=20070.838100 时间=20070.838 模式=OFFBOARD 起飞状态=高度保持 水平控制=位置保持 类型掩码=2496 实际位置NED=(0.040,-0.039,-0.453) 实际速度=(0.001,0.003,-0.079) 最终目标=(0.040,-0.042,-1.286) 指令位置=(0.040,-0.042,-1.286) 指令速度=(0.000,0.000,0.000) 指令加速度=(0.000,0.000,0.000) 滚转角=-0.09度 俯仰角=-0.08度
15:40:21.293470 [轨迹] 序号=1319 单调时间=20070.940974 时间=20070.941 模式=OFFBOARD 起飞状态=高度保持 水平控制=位置保持 类型掩码=2496 实际位置NED=(0.040,-0.039,-0.453) 实际速度=(0.001,0.003,-0.079) 最终目标=(0.040,-0.042,-1.286) 指令位置=(0.040,-0.042,-1.286) 指令速度=(0.000,0.000,0.000) 指令加速度=(0.000,0.000,0.000) 滚转角=-0.09度 俯仰角=-0.08度
15:40:21.396172 [轨迹] 序号=1320 单调时间=20071.043657 时间=20071.044 模式=OFFBOARD 起飞状态=高度保持 水平控制=位置保持 类型掩码=2496 实际位置NED=(0.040,-0.038,-0.457) 实际速度=(0.001,0.003,-0.078) 最终目标=(0.040,-0.042,-1.286) 指令位置=(0.040,-0.042,-1.286) 指令速度=(0.000,0.000,0.000) 指令加速度=(0.000,0.000,0.000) 滚转角=-0.09度 俯仰角=-0.08度
15:40:21.499179 [轨迹] 序号=1321 单调时间=20071.146600 时间=20071.147 模式=OFFBOARD 起飞状态=高度保持 水平控制=位置保持 类型掩码=2496 实际位置NED=(0.040,-0.038,-0.462) 实际速度=(0.001,0.003,-0.078) 最终目标=(0.040,-0.042,-1.286) 指令位置=(0.040,-0.042,-1.286) 指令速度=(0.000,0.000,0.000) 指令加速度=(0.000,0.000,0.000) 滚转角=-0.09度 俯仰角=-0.08度
15:40:21.605243 [轨迹] 序号=1322 单调时间=20071.252604 时间=20071.253 模式=OFFBOARD 起飞状态=高度保持 水平控制=位置保持 类型掩码=2496 实际位置NED=(0.040,-0.038,-0.462) 实际速度=(0.001,0.003,-0.078) 最终目标=(0.040,-0.042,-1.286) 指令位置=(0.040,-0.042,-1.286) 指令速度=(0.000,0.000,0.000) 指令加速度=(0.000,0.000,0.000) 滚转角=-0.09度 俯仰角=-0.08度
15:40:21.709828 [轨迹] 序号=1323 单调时间=20071.357263 时间=20071.357 模式=OFFBOARD 起飞状态=高度保持 水平控制=位置保持 类型掩码=2496 实际位置NED=(0.040,-0.037,-0.466) 实际速度=(0.001,0.004,-0.077) 最终目标=(0.040,-0.042,-1.286) 指令位置=(0.040,-0.042,-1.286) 指令速度=(0.000,0.000,0.000) 指令加速度=(0.000,0.000,0.000) 滚转角=-0.09度 俯仰角=-0.08度
15:40:21.813473 [轨迹] 序号=1324 单调时间=20071.461085 时间=20071.461 模式=OFFBOARD 起飞状态=高度保持 水平控制=位置保持 类型掩码=2496 实际位置NED=(0.040,-0.037,-0.467) 实际速度=(0.001,0.004,-0.076) 最终目标=(0.040,-0.042,-1.286) 指令位置=(0.040,-0.042,-1.286) 指令速度=(0.000,0.000,0.000) 指令加速度=(0.000,0.000,0.000) 滚转角=-0.09度 俯仰角=-0.08度
15:40:21.916075 [轨迹] 序号=1325 单调时间=20071.563567 时间=20071.564 模式=OFFBOARD 起飞状态=高度保持 水平控制=位置保持 类型掩码=2496 实际位置NED=(0.040,-0.037,-0.469) 实际速度=(0.001,0.004,-0.075) 最终目标=(0.040,-0.042,-1.286) 指令位置=(0.040,-0.042,-1.286) 指令速度=(0.000,0.000,0.000) 指令加速度=(0.000,0.000,0.000) 滚转角=-0.09度 俯仰角=-0.08度
15:40:22.018931 [轨迹] 序号=1326 单调时间=20071.666536 时间=20071.667 模式=OFFBOARD 起飞状态=高度保持 水平控制=位置保持 类型掩码=2496 实际位置NED=(0.040,-0.037,-0.470) 实际速度=(0.001,0.004,-0.073) 最终目标=(0.040,-0.042,-1.286) 指令位置=(0.040,-0.042,-1.286) 指令速度=(0.000,0.000,0.000) 指令加速度=(0.000,0.000,0.000) 滚转角=-0.09度 俯仰角=-0.08度
15:40:22.121948 [轨迹] 序号=1327 单调时间=20071.769498 时间=20071.769 模式=OFFBOARD 起飞状态=高度保持 水平控制=位置保持 类型掩码=2496 实际位置NED=(0.040,-0.036,-0.472) 实际速度=(0.001,0.004,-0.072) 最终目标=(0.040,-0.042,-1.286) 指令位置=(0.040,-0.042,-1.286) 指令速度=(0.000,0.000,0.000) 指令加速度=(0.000,0.000,0.000) 滚转角=-0.09度 俯仰角=-0.08度
15:40:22.223103 [轨迹] 序号=1328 单调时间=20071.870772 时间=20071.871 模式=OFFBOARD 起飞状态=高度保持 水平控制=位置保持 类型掩码=2496 实际位置NED=(0.040,-0.036,-0.472) 实际速度=(0.001,0.005,-0.071) 最终目标=(0.040,-0.042,-1.286) 指令位置=(0.040,-0.042,-1.286) 指令速度=(0.000,0.000,0.000) 指令加速度=(0.000,0.000,0.000) 滚转角=-0.09度 俯仰角=-0.08度
15:40:22.325967 [轨迹] 序号=1329 单调时间=20071.973508 时间=20071.974 模式=OFFBOARD 起飞状态=高度保持 水平控制=位置保持 类型掩码=2496 实际位置NED=(0.040,-0.036,-0.474) 实际速度=(0.001,0.005,-0.068) 最终目标=(0.040,-0.042,-1.286) 指令位置=(0.040,-0.042,-1.286) 指令速度=(0.000,0.000,0.000) 指令加速度=(0.000,0.000,0.000) 滚转角=-0.09度 俯仰角=-0.08度
15:40:22.428895 [轨迹] 序号=1330 单调时间=20072.076384 时间=20072.076 模式=OFFBOARD 起飞状态=高度保持 水平控制=位置保持 类型掩码=2496 实际位置NED=(0.040,-0.036,-0.474) 实际速度=(0.001,0.005,-0.068) 最终目标=(0.040,-0.042,-1.286) 指令位置=(0.040,-0.042,-1.286) 指令速度=(0.000,0.000,0.000) 指令加速度=(0.000,0.000,0.000) 滚转角=-0.09度 俯仰角=-0.08度
15:40:22.531757 [轨迹] 序号=1331 单调时间=20072.179321 时间=20072.179 模式=OFFBOARD 起飞状态=高度保持 水平控制=位置保持 类型掩码=2496 实际位置NED=(0.040,-0.036,-0.474) 实际速度=(0.001,0.005,-0.066) 最终目标=(0.040,-0.042,-1.286) 指令位置=(0.040,-0.042,-1.286) 指令速度=(0.000,0.000,0.000) 指令加速度=(0.000,0.000,0.000) 滚转角=-0.09度 俯仰角=-0.08度
15:40:22.635510 [轨迹] 序号=1332 单调时间=20072.282948 时间=20072.283 模式=OFFBOARD 起飞状态=高度保持 水平控制=位置保持 类型掩码=2496 实际位置NED=(0.040,-0.035,-0.475) 实际速度=(0.000,0.005,-0.063) 最终目标=(0.040,-0.042,-1.286) 指令位置=(0.040,-0.042,-1.286) 指令速度=(0.000,0.000,0.000) 指令加速度=(0.000,0.000,0.000) 滚转角=-0.09度 俯仰角=-0.08度
15:40:22.737866 [轨迹] 序号=1333 单调时间=20072.385463 时间=20072.385 模式=OFFBOARD 起飞状态=高度保持 水平控制=位置保持 类型掩码=2496 实际位置NED=(0.040,-0.035,-0.475) 实际速度=(0.000,0.005,-0.062) 最终目标=(0.040,-0.042,-1.286) 指令位置=(0.040,-0.042,-1.286) 指令速度=(0.000,0.000,0.000) 指令加速度=(0.000,0.000,0.000) 滚转角=-0.09度 俯仰角=-0.08度
15:40:22.840667 [轨迹] 序号=1334 单调时间=20072.488178 时间=20072.488 模式=OFFBOARD 起飞状态=高度保持 水平控制=位置保持 类型掩码=2496 实际位置NED=(0.040,-0.035,-0.475) 实际速度=(-0.000,0.005,-0.060) 最终目标=(0.040,-0.042,-1.286) 指令位置=(0.040,-0.042,-1.286) 指令速度=(0.000,0.000,0.000) 指令加速度=(0.000,0.000,0.000) 滚转角=-0.09度 俯仰角=-0.08度
15:40:22.945658 [轨迹] 序号=1335 单调时间=20072.593261 时间=20072.593 模式=OFFBOARD 起飞状态=高度保持 水平控制=位置保持 类型掩码=2496 实际位置NED=(0.039,-0.035,-0.474) 实际速度=(-0.000,0.005,-0.058) 最终目标=(0.040,-0.042,-1.286) 指令位置=(0.040,-0.042,-1.286) 指令速度=(0.000,0.000,0.000) 指令加速度=(0.000,0.000,0.000) 滚转角=-0.08度 俯仰角=-0.08度
15:40:23.049706 [轨迹] 序号=1336 单调时间=20072.697275 时间=20072.697 模式=OFFBOARD 起飞状态=高度保持 水平控制=位置保持 类型掩码=2496 实际位置NED=(0.039,-0.035,-0.474) 实际速度=(-0.001,0.005,-0.056) 最终目标=(0.040,-0.042,-1.286) 指令位置=(0.040,-0.042,-1.286) 指令速度=(0.000,0.000,0.000) 指令加速度=(0.000,0.000,0.000) 滚转角=-0.08度 俯仰角=-0.08度
15:40:23.153353 [轨迹] 序号=1337 单调时间=20072.800916 时间=20072.801 模式=OFFBOARD 起飞状态=高度保持 水平控制=位置保持 类型掩码=2496 实际位置NED=(0.038,-0.034,-0.473) 实际速度=(-0.002,0.005,-0.053) 最终目标=(0.040,-0.042,-1.286) 指令位置=(0.040,-0.042,-1.286) 指令速度=(0.000,0.000,0.000) 指令加速度=(0.000,0.000,0.000) 滚转角=-0.08度 俯仰角=-0.08度
15:40:23.256813 [轨迹] 序号=1338 单调时间=20072.904466 时间=20072.904 模式=OFFBOARD 起飞状态=高度保持 水平控制=位置保持 类型掩码=2496 实际位置NED=(0.038,-0.034,-0.473) 实际速度=(-0.002,0.005,-0.053) 最终目标=(0.040,-0.042,-1.286) 指令位置=(0.040,-0.042,-1.286) 指令速度=(0.000,0.000,0.000) 指令加速度=(0.000,0.000,0.000) 滚转角=-0.08度 俯仰角=-0.08度
15:40:23.359340 [轨迹] 序号=1339 单调时间=20073.006964 时间=20073.007 模式=OFFBOARD 起飞状态=高度保持 水平控制=位置保持 类型掩码=2496 实际位置NED=(0.037,-0.034,-0.471) 实际速度=(-0.003,0.005,-0.049) 最终目标=(0.040,-0.042,-1.286) 指令位置=(0.040,-0.042,-1.286) 指令速度=(0.000,0.000,0.000) 指令加速度=(0.000,0.000,0.000) 滚转角=-0.08度 俯仰角=-0.08度
15:40:23.461735 [轨迹] 序号=1340 单调时间=20073.109325 时间=20073.109 模式=OFFBOARD 起飞状态=高度保持 水平控制=位置保持 类型掩码=2496 实际位置NED=(0.036,-0.034,-0.470) 实际速度=(-0.004,0.005,-0.047) 最终目标=(0.040,-0.042,-1.286) 指令位置=(0.040,-0.042,-1.286) 指令速度=(0.000,0.000,0.000) 指令加速度=(0.000,0.000,0.000) 滚转角=-0.08度 俯仰角=-0.08度
15:40:23.565141 [轨迹] 序号=1341 单调时间=20073.212610 时间=20073.213 模式=OFFBOARD 起飞状态=高度保持 水平控制=位置保持 类型掩码=2496 实际位置NED=(0.036,-0.034,-0.469) 实际速度=(-0.004,0.005,-0.045) 最终目标=(0.040,-0.042,-1.286) 指令位置=(0.040,-0.042,-1.286) 指令速度=(0.000,0.000,0.000) 指令加速度=(0.000,0.000,0.000) 滚转角=-0.08度 俯仰角=-0.08度
15:40:23.668575 [轨迹] 序号=1342 单调时间=20073.316172 时间=20073.316 模式=OFFBOARD 起飞状态=高度保持 水平控制=位置保持 类型掩码=2496 实际位置NED=(0.035,-0.033,-0.467) 实际速度=(-0.005,0.005,-0.041) 最终目标=(0.040,-0.042,-1.286) 指令位置=(0.040,-0.042,-1.286) 指令速度=(0.000,0.000,0.000) 指令加速度=(0.000,0.000,0.000) 滚转角=-0.07度 俯仰角=-0.08度
15:40:23.771256 [轨迹] 序号=1343 单调时间=20073.418665 时间=20073.419 模式=OFFBOARD 起飞状态=高度保持 水平控制=位置保持 类型掩码=2496 实际位置NED=(0.035,-0.033,-0.467) 实际速度=(-0.005,0.005,-0.041) 最终目标=(0.040,-0.042,-1.286) 指令位置=(0.040,-0.042,-1.286) 指令速度=(0.000,0.000,0.000) 指令加速度=(0.000,0.000,0.000) 滚转角=-0.07度 俯仰角=-0.08度
15:40:23.874268 [轨迹] 序号=1344 单调时间=20073.521733 时间=20073.522 模式=OFFBOARD 起飞状态=高度保持 水平控制=位置保持 类型掩码=2496 实际位置NED=(0.034,-0.033,-0.466) 实际速度=(-0.005,0.005,-0.040) 最终目标=(0.040,-0.042,-1.286) 指令位置=(0.040,-0.042,-1.286) 指令速度=(0.000,0.000,0.000) 指令加速度=(0.000,0.000,0.000) 滚转角=-0.07度 俯仰角=-0.08度
15:40:23.977366 [轨迹] 序号=1345 单调时间=20073.624868 时间=20073.625 模式=OFFBOARD 起飞状态=高度保持 水平控制=位置保持 类型掩码=2496 实际位置NED=(0.035,-0.034,-0.464) 实际速度=(-0.004,0.004,-0.036) 最终目标=(0.040,-0.042,-1.286) 指令位置=(0.040,-0.042,-1.286) 指令速度=(0.000,0.000,0.000) 指令加速度=(0.000,0.000,0.000) 滚转角=-0.07度 俯仰角=-0.07度
15:40:24.080064 [轨迹] 序号=1346 单调时间=20073.727484 时间=20073.727 模式=OFFBOARD 起飞状态=高度保持 水平控制=位置保持 类型掩码=2496 实际位置NED=(0.035,-0.034,-0.462) 实际速度=(-0.004,0.004,-0.034) 最终目标=(0.040,-0.042,-1.286) 指令位置=(0.040,-0.042,-1.286) 指令速度=(0.000,0.000,0.000) 指令加速度=(0.000,0.000,0.000) 滚转角=-0.07度 俯仰角=-0.07度
15:40:24.182649 [轨迹] 序号=1347 单调时间=20073.830298 时间=20073.830 模式=OFFBOARD 起飞状态=高度保持 水平控制=位置保持 类型掩码=2496 实际位置NED=(0.035,-0.035,-0.461) 实际速度=(-0.003,0.003,-0.033) 最终目标=(0.040,-0.042,-1.286) 指令位置=(0.040,-0.042,-1.286) 指令速度=(0.000,0.000,0.000) 指令加速度=(0.000,0.000,0.000) 滚转角=-0.08度 俯仰角=-0.07度
15:40:24.283526 [轨迹] 序号=1348 单调时间=20073.931058 时间=20073.931 模式=OFFBOARD 起飞状态=高度保持 水平控制=位置保持 类型掩码=2496 实际位置NED=(0.035,-0.035,-0.460) 实际速度=(-0.003,0.003,-0.031) 最终目标=(0.040,-0.042,-1.286) 指令位置=(0.040,-0.042,-1.286) 指令速度=(0.000,0.000,0.000) 指令加速度=(0.000,0.000,0.000) 滚转角=-0.08度 俯仰角=-0.07度
15:40:24.386532 [轨迹] 序号=1349 单调时间=20074.034071 时间=20074.034 模式=OFFBOARD 起飞状态=高度保持 水平控制=位置保持 类型掩码=2496 实际位置NED=(0.036,-0.035,-0.458) 实际速度=(-0.003,0.003,-0.029) 最终目标=(0.040,-0.042,-1.286) 指令位置=(0.040,-0.042,-1.286) 指令速度=(0.000,0.000,0.000) 指令加速度=(0.000,0.000,0.000) 滚转角=-0.08度 俯仰角=-0.07度
15:40:24.489209 [轨迹] 序号=1350 单调时间=20074.136680 时间=20074.137 模式=OFFBOARD 起飞状态=高度保持 水平控制=位置保持 类型掩码=2496 实际位置NED=(0.036,-0.036,-0.456) 实际速度=(-0.002,0.002,-0.026) 最终目标=(0.040,-0.042,-1.286) 指令位置=(0.040,-0.042,-1.286) 指令速度=(0.000,0.000,0.000) 指令加速度=(0.000,0.000,0.000) 滚转角=-0.08度 俯仰角=-0.07度
15:40:24.592957 [轨迹] 序号=1351 单调时间=20074.240355 时间=20074.240 模式=OFFBOARD 起飞状态=高度保持 水平控制=位置保持 类型掩码=2496 实际位置NED=(0.036,-0.036,-0.456) 实际速度=(-0.002,0.002,-0.026) 最终目标=(0.040,-0.042,-1.286) 指令位置=(0.040,-0.042,-1.286) 指令速度=(0.000,0.000,0.000) 指令加速度=(0.000,0.000,0.000) 滚转角=-0.08度 俯仰角=-0.06度
15:40:24.697381 [轨迹] 序号=1352 单调时间=20074.344826 时间=20074.345 模式=OFFBOARD 起飞状态=高度保持 水平控制=位置保持 类型掩码=2496 实际位置NED=(0.036,-0.036,-0.454) 实际速度=(-0.002,0.001,-0.025) 最终目标=(0.040,-0.042,-1.286) 指令位置=(0.040,-0.042,-1.286) 指令速度=(0.000,0.000,0.000) 指令加速度=(0.000,0.000,0.000) 滚转角=-0.08度 俯仰角=-0.05度
15:40:24.800648 [轨迹] 序号=1353 单调时间=20074.448180 时间=20074.448 模式=OFFBOARD 起飞状态=高度保持 水平控制=位置保持 类型掩码=2496 实际位置NED=(0.037,-0.037,-0.451) 实际速度=(-0.002,-0.000,-0.029) 最终目标=(0.040,-0.042,-1.286) 指令位置=(0.040,-0.042,-1.286) 指令速度=(0.000,0.000,0.000) 指令加速度=(0.000,0.000,0.000) 滚转角=-0.06度 俯仰角=0.00度
15:40:24.904131 [轨迹] 序号=1354 单调时间=20074.551633 时间=20074.552 模式=OFFBOARD 起飞状态=高度保持 水平控制=位置保持 类型掩码=2496 实际位置NED=(0.037,-0.037,-0.450) 实际速度=(-0.002,-0.001,-0.034) 最终目标=(0.040,-0.042,-1.286) 指令位置=(0.040,-0.042,-1.286) 指令速度=(0.000,0.000,0.000) 指令加速度=(0.000,0.000,0.000) 滚转角=-0.03度 俯仰角=0.05度
15:40:25.007730 [轨迹] 序号=1355 单调时间=20074.655206 时间=20074.655 模式=OFFBOARD 起飞状态=高度保持 水平控制=位置保持 类型掩码=2496 实际位置NED=(0.037,-0.037,-0.450) 实际速度=(-0.002,-0.002,-0.041) 最终目标=(0.040,-0.042,-1.286) 指令位置=(0.040,-0.042,-1.286) 指令速度=(0.000,0.000,0.000) 指令加速度=(0.000,0.000,0.000) 滚转角=-0.00度 俯仰角=0.09度
15:40:25.109414 [轨迹] 序号=1356 单调时间=20074.757013 时间=20074.757 模式=OFFBOARD 起飞状态=高度保持 水平控制=位置保持 类型掩码=2496 实际位置NED=(0.037,-0.038,-0.449) 实际速度=(-0.003,-0.003,-0.049) 最终目标=(0.040,-0.042,-1.286) 指令位置=(0.040,-0.042,-1.286) 指令速度=(0.000,0.000,0.000) 指令加速度=(0.000,0.000,0.000) 滚转角=0.01度 俯仰角=0.11度
15:40:25.212410 [轨迹] 序号=1357 单调时间=20074.859865 时间=20074.860 模式=OFFBOARD 起飞状态=高度保持 水平控制=位置保持 类型掩码=2496 实际位置NED=(0.037,-0.038,-0.449) 实际速度=(-0.003,-0.005,-0.061) 最终目标=(0.040,-0.042,-1.286) 指令位置=(0.040,-0.042,-1.286) 指令速度=(0.000,0.000,0.000) 指令加速度=(0.000,0.000,0.000) 滚转角=0.04度 俯仰角=0.14度
15:40:25.316157 [轨迹] 序号=1358 单调时间=20074.963609 时间=20074.964 模式=OFFBOARD 起飞状态=高度保持 水平控制=位置保持 类型掩码=2496 实际位置NED=(0.037,-0.039,-0.450) 实际速度=(-0.004,-0.007,-0.081) 最终目标=(0.040,-0.042,-1.286) 指令位置=(0.040,-0.042,-1.286) 指令速度=(0.000,0.000,0.000) 指令加速度=(0.000,0.000,0.000) 滚转角=0.06度 俯仰角=0.16度
15:40:25.419720 [轨迹] 序号=1359 单调时间=20075.067234 时间=20075.067 模式=OFFBOARD 起飞状态=高度保持 水平控制=位置保持 类型掩码=2496 实际位置NED=(0.037,-0.039,-0.450) 实际速度=(-0.004,-0.007,-0.081) 最终目标=(0.040,-0.042,-1.286) 指令位置=(0.040,-0.042,-1.286) 指令速度=(0.000,0.000,0.000) 指令加速度=(0.000,0.000,0.000) 滚转角=0.07度 俯仰角=0.16度
15:40:26.626817 [轨迹] 序号=1360 单调时间=20075.170688 时间=20075.171 模式=OFFBOARD 起飞状态=高度保持 水平控制=位置保持 类型掩码=2496 实际位置NED=(0.037,-0.039,-0.451) 实际速度=(-0.005,-0.009,-0.092) 最终目标=(0.040,-0.042,-1.286) 指令位置=(0.040,-0.042,-1.286) 指令速度=(0.000,0.000,0.000) 指令加速度=(0.000,0.000,0.000) 滚转角=0.07度 俯仰角=0.16度
15:40:26.730836 [轨迹] 序号=1361 单调时间=20075.274808 时间=20075.275 模式=OFFBOARD 起飞状态=高度保持 水平控制=位置保持 类型掩码=2496 实际位置NED=(0.037,-0.040,-0.455) 实际速度=(-0.007,-0.011,-0.113) 最终目标=(0.040,-0.042,-1.286) 指令位置=(0.040,-0.042,-1.286) 指令速度=(0.000,0.000,0.000) 指令加速度=(0.000,0.000,0.000) 滚转角=0.07度 俯仰角=0.15度
15:40:26.835074 [轨迹] 序号=1362 单调时间=20075.378872 时间=20075.379 模式=OFFBOARD 起飞状态=高度保持 水平控制=位置保持 类型掩码=2496 实际位置NED=(0.037,-0.040,-0.455) 实际速度=(-0.007,-0.011,-0.113) 最终目标=(0.040,-0.042,-1.286) 指令位置=(0.040,-0.042,-1.286) 指令速度=(0.000,0.000,0.000) 指令加速度=(0.000,0.000,0.000) 滚转角=0.07度 俯仰角=0.14度
15:40:26.938667 [轨迹] 序号=1363 单调时间=20075.483004 时间=20075.483 模式=OFFBOARD 起飞状态=高度保持 水平控制=位置保持 类型掩码=2496 实际位置NED=(0.036,-0.041,-0.461) 实际速度=(-0.008,-0.014,-0.137) 最终目标=(0.040,-0.042,-1.286) 指令位置=(0.040,-0.042,-1.286) 指令速度=(0.000,0.000,0.000) 指令加速度=(0.000,0.000,0.000) 滚转角=0.06度 俯仰角=0.12度
15:40:27.042738 [轨迹] 序号=1364 单调时间=20075.586648 时间=20075.587 模式=OFFBOARD 起飞状态=高度保持 水平控制=位置保持 类型掩码=2496 实际位置NED=(0.036,-0.041,-0.464) 实际速度=(-0.008,-0.014,-0.147) 最终目标=(0.040,-0.042,-1.286) 指令位置=(0.040,-0.042,-1.286) 指令速度=(0.000,0.000,0.000) 指令加速度=(0.000,0.000,0.000) 滚转角=0.05度 俯仰角=0.11度
15:40:27.147190 [轨迹] 序号=1365 单调时间=20075.691329 时间=20075.691 模式=OFFBOARD 起飞状态=高度保持 水平控制=位置保持 类型掩码=2496 实际位置NED=(0.036,-0.042,-0.468) 实际速度=(-0.009,-0.015,-0.157) 最终目标=(0.040,-0.042,-1.286) 指令位置=(0.040,-0.042,-1.286) 指令速度=(0.000,0.000,0.000) 指令加速度=(0.000,0.000,0.000) 滚转角=0.04度 俯仰角=0.09度
15:40:27.248776 [轨迹] 序号=1366 单调时间=20075.792925 时间=20075.793 模式=OFFBOARD 起飞状态=高度保持 水平控制=位置保持 类型掩码=2496 实际位置NED=(0.036,-0.042,-0.472) 实际速度=(-0.009,-0.015,-0.166) 最终目标=(0.040,-0.042,-1.286) 指令位置=(0.040,-0.042,-1.286) 指令速度=(0.000,0.000,0.000) 指令加速度=(0.000,0.000,0.000) 滚转角=0.02度 俯仰角=0.06度
15:40:27.351806 [轨迹] 序号=1367 单调时间=20075.895922 时间=20075.896 模式=OFFBOARD 起飞状态=高度保持 水平控制=位置保持 类型掩码=2496 实际位置NED=(0.035,-0.043,-0.476) 实际速度=(-0.009,-0.015,-0.175) 最终目标=(0.040,-0.042,-1.286) 指令位置=(0.040,-0.042,-1.286) 指令速度=(0.000,0.000,0.000) 指令加速度=(0.000,0.000,0.000) 滚转角=0.01度 俯仰角=0.04度
15:40:27.455434 [轨迹] 序号=1368 单调时间=20075.999701 时间=20076.000 模式=OFFBOARD 起飞状态=高度保持 水平控制=位置保持 类型掩码=2496 实际位置NED=(0.035,-0.043,-0.482) 实际速度=(-0.010,-0.015,-0.186) 最终目标=(0.040,-0.042,-1.286) 指令位置=(0.040,-0.042,-1.286) 指令速度=(0.000,0.000,0.000) 指令加速度=(0.000,0.000,0.000) 滚转角=0.00度 俯仰角=0.04度
15:40:27.560149 [轨迹] 序号=1369 单调时间=20076.104296 时间=20076.104 模式=OFFBOARD 起飞状态=高度保持 水平控制=位置保持 类型掩码=2496 实际位置NED=(0.034,-0.044,-0.492) 实际速度=(-0.016,-0.016,-0.201) 最终目标=(0.040,-0.042,-1.286) 指令位置=(0.040,-0.042,-1.286) 指令速度=(0.000,0.000,0.000) 指令加速度=(0.000,0.000,0.000) 滚转角=-0.01度 俯仰角=0.02度
15:40:27.663222 [轨迹] 序号=1370 单调时间=20076.207371 时间=20076.207 模式=OFFBOARD 起飞状态=高度保持 水平控制=位置保持 类型掩码=2496 实际位置NED=(0.034,-0.044,-0.492) 实际速度=(-0.016,-0.016,-0.201) 最终目标=(0.040,-0.042,-1.286) 指令位置=(0.040,-0.042,-1.286) 指令速度=(0.000,0.000,0.000) 指令加速度=(0.000,0.000,0.000) 滚转角=-0.01度 俯仰角=0.01度
15:40:27.766798 [轨迹] 序号=1371 单调时间=20076.311040 时间=20076.311 模式=OFFBOARD 起飞状态=高度保持 水平控制=位置保持 类型掩码=2496 实际位置NED=(0.032,-0.045,-0.502) 实际速度=(-0.024,-0.016,-0.213) 最终目标=(0.040,-0.042,-1.286) 指令位置=(0.040,-0.042,-1.286) 指令速度=(0.000,0.000,0.000) 指令加速度=(0.000,0.000,0.000) 滚转角=-0.02度 俯仰角=-0.00度
15:40:27.869838 [轨迹] 序号=1372 单调时间=20076.414004 时间=20076.414 模式=OFFBOARD 起飞状态=高度保持 水平控制=位置保持 类型掩码=2496 实际位置NED=(0.030,-0.045,-0.507) 实际速度=(-0.028,-0.017,-0.219) 最终目标=(0.040,-0.042,-1.286) 指令位置=(0.040,-0.042,-1.286) 指令速度=(0.000,0.000,0.000) 指令加速度=(0.000,0.000,0.000) 滚转角=-0.04度 俯仰角=-0.01度
15:40:27.973079 [轨迹] 序号=1373 单调时间=20076.517162 时间=20076.517 模式=OFFBOARD 起飞状态=高度保持 水平控制=位置保持 类型掩码=2496 实际位置NED=(0.028,-0.046,-0.514) 实际速度=(-0.034,-0.017,-0.225) 最终目标=(0.040,-0.042,-1.286) 指令位置=(0.040,-0.042,-1.286) 指令速度=(0.000,0.000,0.000) 指令加速度=(0.000,0.000,0.000) 滚转角=-0.07度 俯仰角=-0.03度
15:40:28.077392 [轨迹] 序号=1374 单调时间=20076.621517 时间=20076.622 模式=OFFBOARD 起飞状态=高度保持 水平控制=位置保持 类型掩码=2496 实际位置NED=(0.025,-0.046,-0.520) 实际速度=(-0.038,-0.017,-0.230) 最终目标=(0.040,-0.042,-1.286) 指令位置=(0.040,-0.042,-1.286) 指令速度=(0.000,0.000,0.000) 指令加速度=(0.000,0.000,0.000) 滚转角=-0.11度 俯仰角=-0.04度
15:40:28.181149 [轨迹] 序号=1375 单调时间=20076.725178 时间=20076.725 模式=OFFBOARD 起飞状态=高度保持 水平控制=位置保持 类型掩码=2496 实际位置NED=(0.023,-0.047,-0.526) 实际速度=(-0.042,-0.016,-0.235) 最终目标=(0.040,-0.042,-1.286) 指令位置=(0.040,-0.042,-1.286) 指令速度=(0.000,0.000,0.000) 指令加速度=(0.000,0.000,0.000) 滚转角=-0.17度 俯仰角=-0.06度
15:40:28.284486 [轨迹] 序号=1376 单调时间=20076.828653 时间=20076.829 模式=OFFBOARD 起飞状态=高度保持 水平控制=位置保持 类型掩码=2496 实际位置NED=(0.020,-0.047,-0.532) 实际速度=(-0.045,-0.016,-0.240) 最终目标=(0.040,-0.042,-1.286) 指令位置=(0.040,-0.042,-1.286) 指令速度=(0.000,0.000,0.000) 指令加速度=(0.000,0.000,0.000) 滚转角=-0.20度 俯仰角=-0.06度
15:40:28.388036 [轨迹] 序号=1377 单调时间=20076.932089 时间=20076.932 模式=OFFBOARD 起飞状态=高度保持 水平控制=位置保持 类型掩码=2496 实际位置NED=(0.015,-0.048,-0.545) 实际速度=(-0.051,-0.013,-0.248) 最终目标=(0.040,-0.042,-1.286) 指令位置=(0.040,-0.042,-1.286) 指令速度=(0.000,0.000,0.000) 指令加速度=(0.000,0.000,0.000) 滚转角=-0.31度 俯仰角=-0.08度
15:40:28.492181 [轨迹] 序号=1378 单调时间=20077.036480 时间=20077.036 模式=OFFBOARD 起飞状态=高度保持 水平控制=位置保持 类型掩码=2496 实际位置NED=(0.011,-0.048,-0.554) 实际速度=(-0.053,-0.011,-0.253) 最终目标=(0.040,-0.042,-1.286) 指令位置=(0.040,-0.042,-1.286) 指令速度=(0.000,0.000,0.000) 指令加速度=(0.000,0.000,0.000) 滚转角=-0.37度 俯仰角=-0.08度
15:40:28.596745 [轨迹] 序号=1379 单调时间=20077.140820 时间=20077.141 模式=OFFBOARD 起飞状态=高度保持 水平控制=位置保持 类型掩码=2496 实际位置NED=(0.008,-0.048,-0.561) 实际速度=(-0.054,-0.009,-0.256) 最终目标=(0.040,-0.042,-1.286) 指令位置=(0.040,-0.042,-1.286) 指令速度=(0.000,0.000,0.000) 指令加速度=(0.000,0.000,0.000) 滚转角=-0.46度 俯仰角=-0.08度
15:40:28.700257 [轨迹] 序号=1380 单调时间=20077.244216 时间=20077.244 模式=OFFBOARD 起飞状态=高度保持 水平控制=位置保持 类型掩码=2496 实际位置NED=(0.005,-0.047,-0.568) 实际速度=(-0.054,-0.007,-0.259) 最终目标=(0.040,-0.042,-1.286) 指令位置=(0.040,-0.042,-1.286) 指令速度=(0.000,0.000,0.000) 指令加速度=(0.000,0.000,0.000) 滚转角=-0.54度 俯仰角=-0.08度
15:40:28.800281 [轨迹] 序号=1381 单调时间=20077.344588 时间=20077.345 模式=OFFBOARD 起飞状态=高度保持 水平控制=位置保持 类型掩码=2496 实际位置NED=(0.002,-0.047,-0.576) 实际速度=(-0.053,-0.005,-0.261) 最终目标=(0.040,-0.042,-1.286) 指令位置=(0.040,-0.042,-1.286) 指令速度=(0.000,0.000,0.000) 指令加速度=(0.000,0.000,0.000) 滚转角=-0.58度 俯仰角=-0.07度
15:40:28.903646 [轨迹] 序号=1382 单调时间=20077.447645 时间=20077.448 模式=OFFBOARD 起飞状态=高度保持 水平控制=位置保持 类型掩码=2496 实际位置NED=(-0.000,-0.047,-0.584) 实际速度=(-0.052,-0.003,-0.264) 最终目标=(0.040,-0.042,-1.286) 指令位置=(0.040,-0.042,-1.286) 指令速度=(0.000,0.000,0.000) 指令加速度=(0.000,0.000,0.000) 滚转角=-0.65度 俯仰角=-0.06度
15:40:29.006615 [轨迹] 序号=1383 单调时间=20077.550779 时间=20077.551 模式=OFFBOARD 起飞状态=高度保持 水平控制=位置保持 类型掩码=2496 实际位置NED=(-0.003,-0.046,-0.592) 实际速度=(-0.050,-0.002,-0.265) 最终目标=(0.040,-0.042,-1.286) 指令位置=(0.040,-0.042,-1.286) 指令速度=(0.000,0.000,0.000) 指令加速度=(0.000,0.000,0.000) 滚转角=-0.71度 俯仰角=-0.05度
15:40:29.110543 [轨迹] 序号=1384 单调时间=20077.654725 时间=20077.655 模式=OFFBOARD 起飞状态=高度保持 水平控制=位置保持 类型掩码=2496 实际位置NED=(-0.006,-0.046,-0.602) 实际速度=(-0.047,0.000,-0.267) 最终目标=(0.040,-0.042,-1.286) 指令位置=(0.040,-0.042,-1.286) 指令速度=(0.000,0.000,0.000) 指令加速度=(0.000,0.000,0.000) 滚转角=-0.75度 俯仰角=-0.04度
15:40:29.213619 [轨迹] 序号=1385 单调时间=20077.757803 时间=20077.758 模式=OFFBOARD 起飞状态=高度保持 水平控制=位置保持 类型掩码=2496 实际位置NED=(-0.011,-0.045,-0.619) 实际速度=(-0.040,0.003,-0.268) 最终目标=(0.040,-0.042,-1.286) 指令位置=(0.040,-0.042,-1.286) 指令速度=(0.000,0.000,0.000) 指令加速度=(0.000,0.000,0.000) 滚转角=-0.83度 俯仰角=-0.01度
15:40:29.316604 [轨迹] 序号=1386 单调时间=20077.860722 时间=20077.861 模式=OFFBOARD 起飞状态=高度保持 水平控制=位置保持 类型掩码=2496 实际位置NED=(-0.011,-0.045,-0.619) 实际速度=(-0.040,0.003,-0.268) 最终目标=(0.040,-0.042,-1.286) 指令位置=(0.040,-0.042,-1.286) 指令速度=(0.000,0.000,0.000) 指令加速度=(0.000,0.000,0.000) 滚转角=-0.85度 俯仰角=0.00度
15:40:29.419261 [轨迹] 序号=1387 单调时间=20077.963511 时间=20077.964 模式=OFFBOARD 起飞状态=高度保持 水平控制=位置保持 类型掩码=2496 实际位置NED=(-0.012,-0.044,-0.628) 实际速度=(-0.036,0.004,-0.268) 最终目标=(0.040,-0.042,-1.286) 指令位置=(0.040,-0.042,-1.286) 指令速度=(0.000,0.000,0.000) 指令加速度=(0.000,0.000,0.000) 滚转角=-0.87度 俯仰角=0.02度
15:40:29.521953 [轨迹] 序号=1388 单调时间=20078.066210 时间=20078.066 模式=OFFBOARD 起飞状态=高度保持 水平控制=位置保持 类型掩码=2496 实际位置NED=(-0.014,-0.044,-0.636) 实际速度=(-0.032,0.004,-0.268) 最终目标=(0.040,-0.042,-1.286) 指令位置=(0.040,-0.042,-1.286) 指令速度=(0.000,0.000,0.000) 指令加速度=(0.000,0.000,0.000) 滚转角=-0.89度 俯仰角=0.03度
15:40:29.625021 [轨迹] 序号=1389 单调时间=20078.169159 时间=20078.169 模式=OFFBOARD 起飞状态=高度保持 水平控制=位置保持 类型掩码=2496 实际位置NED=(-0.015,-0.043,-0.645) 实际速度=(-0.027,0.004,-0.267) 最终目标=(0.040,-0.042,-1.286) 指令位置=(0.040,-0.042,-1.286) 指令速度=(0.000,0.000,0.000) 指令加速度=(0.000,0.000,0.000) 滚转角=-0.90度 俯仰角=0.05度
15:40:29.727940 [轨迹] 序号=1390 单调时间=20078.271884 时间=20078.272 模式=OFFBOARD 起飞状态=高度保持 水平控制=位置保持 类型掩码=2496 实际位置NED=(-0.016,-0.042,-0.656) 实际速度=(-0.021,0.004,-0.266) 最终目标=(0.040,-0.042,-1.286) 指令位置=(0.040,-0.042,-1.286) 指令速度=(0.000,0.000,0.000) 指令加速度=(0.000,0.000,0.000) 滚转角=-0.91度 俯仰角=0.06度
15:40:29 [应答] UP INTENT：已接受（MAV_RESULT_ACCEPTED）
15:40:29 [输入] 已按下一次上升按钮
15:40:29 [目标] 修改前：北=0.040 东=-0.042 下=-1.286
15:40:29 [目标] 修改后：北=0.040 东=-0.042 下=-1.786
15:40:29.829239 [轨迹] 序号=1391 单调时间=20078.373607 时间=20078.374 模式=OFFBOARD 起飞状态=未执行起飞 水平控制=位置保持 类型掩码=3520 实际位置NED=(-0.017,-0.042,-0.665) 实际速度=(-0.015,0.005,-0.264) 最终目标=(0.040,-0.042,-1.786) 指令位置=(0.040,-0.042,-1.289) 指令速度=(0.000,0.000,-0.031) 指令加速度=(0.000,0.000,-0.300) 滚转角=-0.90度 俯仰角=0.08度
15:40:29.932701 [轨迹] 序号=1392 单调时间=20078.476848 时间=20078.477 模式=OFFBOARD 起飞状态=未执行起飞 水平控制=位置保持 类型掩码=3520 实际位置NED=(-0.017,-0.041,-0.673) 实际速度=(-0.010,0.005,-0.263) 最终目标=(0.040,-0.042,-1.786) 指令位置=(0.040,-0.042,-1.295) 指令速度=(0.000,0.000,-0.061) 指令加速度=(0.000,0.000,-0.300) 滚转角=-0.89度 俯仰角=0.09度
15:40:30 [应答] UP INTENT：已接受（MAV_RESULT_ACCEPTED）
15:40:30 [输入] 已按下一次上升按钮
15:40:30 [目标] 修改前：北=0.040 东=-0.042 下=-1.786
15:40:30 [目标] 修改后：北=0.040 东=-0.042 下=-2.286
15:40:30.036408 [轨迹] 序号=1393 单调时间=20078.580628 时间=20078.581 模式=OFFBOARD 起飞状态=未执行起飞 水平控制=位置保持 类型掩码=3520 实际位置NED=(-0.017,-0.041,-0.682) 实际速度=(-0.004,0.004,-0.264) 最终目标=(0.040,-0.042,-2.286) 指令位置=(0.040,-0.042,-1.305) 指令速度=(0.000,0.000,-0.093) 指令加速度=(0.000,0.000,-0.300) 滚转角=-0.86度 俯仰角=0.09度
15:40:30.139602 [轨迹] 序号=1394 单调时间=20078.683731 时间=20078.684 模式=OFFBOARD 起飞状态=未执行起飞 水平控制=位置保持 类型掩码=3520 实际位置NED=(-0.016,-0.040,-0.699) 实际速度=(0.009,0.004,-0.279) 最终目标=(0.040,-0.042,-2.286) 指令位置=(0.040,-0.042,-1.317) 指令速度=(0.000,0.000,-0.124) 指令加速度=(0.000,0.000,-0.300) 滚转角=-0.82度 俯仰角=0.10度
15:40:30.242635 [轨迹] 序号=1395 单调时间=20078.786736 时间=20078.787 模式=OFFBOARD 起飞状态=未执行起飞 水平控制=位置保持 类型掩码=3520 实际位置NED=(-0.016,-0.040,-0.699) 实际速度=(0.009,0.004,-0.279) 最终目标=(0.040,-0.042,-2.286) 指令位置=(0.040,-0.042,-1.333) 指令速度=(0.000,0.000,-0.154) 指令加速度=(0.000,0.000,-0.300) 滚转角=-0.78度 俯仰角=0.10度
15:40:30.345719 [轨迹] 序号=1396 单调时间=20078.890025 时间=20078.890 模式=OFFBOARD 起飞状态=未执行起飞 水平控制=位置保持 类型掩码=3520 实际位置NED=(-0.015,-0.039,-0.711) 实际速度=(0.017,0.004,-0.297) 最终目标=(0.040,-0.042,-2.286) 指令位置=(0.040,-0.042,-1.352) 指令速度=(0.000,0.000,-0.185) 指令加速度=(0.000,0.000,-0.300) 滚转角=-0.74度 俯仰角=0.10度
15:40:30.449205 [轨迹] 序号=1397 单调时间=20078.993415 时间=20078.993 模式=OFFBOARD 起飞状态=未执行起飞 水平控制=位置保持 类型掩码=3520 实际位置NED=(-0.011,-0.038,-0.732) 实际速度=(0.029,0.004,-0.340) 最终目标=(0.040,-0.042,-2.286) 指令位置=(0.040,-0.042,-1.375) 指令速度=(0.000,0.000,-0.216) 指令加速度=(0.000,0.000,-0.300) 滚转角=-0.67度 俯仰角=0.10度
15:40:30.551930 [轨迹] 序号=1398 单调时间=20079.096090 时间=20079.096 模式=OFFBOARD 起飞状态=未执行起飞 水平控制=位置保持 类型掩码=3520 实际位置NED=(-0.009,-0.038,-0.743) 实际速度=(0.035,0.004,-0.368) 最终目标=(0.040,-0.042,-2.286) 指令位置=(0.040,-0.042,-1.400) 指令速度=(0.000,0.000,-0.247) 指令加速度=(0.000,0.000,-0.300) 滚转角=-0.59度 俯仰角=0.10度
15:40:30.654599 [轨迹] 序号=1399 单调时间=20079.198717 时间=20079.199 模式=OFFBOARD 起飞状态=未执行起飞 水平控制=位置保持 类型掩码=3520 实际位置NED=(-0.007,-0.037,-0.756) 实际速度=(0.040,0.004,-0.398) 最终目标=(0.040,-0.042,-2.286) 指令位置=(0.040,-0.042,-1.429) 指令速度=(0.000,0.000,-0.278) 指令加速度=(0.000,0.000,-0.300) 滚转角=-0.51度 俯仰角=0.10度
15:40:30.757558 [轨迹] 序号=1400 单调时间=20079.301943 时间=20079.302 模式=OFFBOARD 起飞状态=未执行起飞 水平控制=位置保持 类型掩码=3520 实际位置NED=(-0.005,-0.037,-0.770) 实际速度=(0.044,0.004,-0.431) 最终目标=(0.040,-0.042,-2.286) 指令位置=(0.040,-0.042,-1.460) 指令速度=(0.000,0.000,-0.300) 指令加速度=(0.000,0.000,-0.213) 滚转角=-0.42度 俯仰角=0.10度
15:40:30.860036 [轨迹] 序号=1401 单调时间=20079.404267 时间=20079.404 模式=OFFBOARD 起飞状态=未执行起飞 水平控制=位置保持 类型掩码=3520 实际位置NED=(-0.001,-0.036,-0.788) 实际速度=(0.049,0.004,-0.474) 最终目标=(0.040,-0.042,-2.286) 指令位置=(0.040,-0.042,-1.490) 指令速度=(0.000,0.000,-0.300) 指令加速度=(0.000,0.000,0.000) 滚转角=-0.38度 俯仰角=0.10度
15:40:30.963068 [轨迹] 序号=1402 单调时间=20079.507378 时间=20079.507 模式=OFFBOARD 起飞状态=未执行起飞 水平控制=位置保持 类型掩码=3520 实际位置NED=(0.004,-0.035,-0.822) 实际速度=(0.056,0.004,-0.545) 最终目标=(0.040,-0.042,-2.286) 指令位置=(0.040,-0.042,-1.521) 指令速度=(0.000,0.000,-0.300) 指令加速度=(0.000,0.000,0.000) 滚转角=-0.25度 俯仰角=0.10度
15:40:31.065501 [轨迹] 序号=1403 单调时间=20079.609668 时间=20079.610 模式=OFFBOARD 起飞状态=未执行起飞 水平控制=位置保持 类型掩码=3520 实际位置NED=(0.004,-0.035,-0.822) 实际速度=(0.056,0.004,-0.545) 最终目标=(0.040,-0.042,-2.286) 指令位置=(0.040,-0.042,-1.552) 指令速度=(0.000,0.000,-0.300) 指令加速度=(0.000,0.000,0.000) 滚转角=-0.20度 俯仰角=0.10度
15:40:31.168357 [轨迹] 序号=1404 单调时间=20079.712485 时间=20079.712 模式=OFFBOARD 起飞状态=未执行起飞 水平控制=位置保持 类型掩码=3520 实际位置NED=(0.007,-0.035,-0.840) 实际速度=(0.057,0.004,-0.576) 最终目标=(0.040,-0.042,-2.286) 指令位置=(0.040,-0.042,-1.583) 指令速度=(0.000,0.000,-0.300) 指令加速度=(0.000,0.000,0.000) 滚转角=-0.14度 俯仰角=0.10度
15:40:31.271169 [轨迹] 序号=1405 单调时间=20079.815349 时间=20079.815 模式=OFFBOARD 起飞状态=未执行起飞 水平控制=位置保持 类型掩码=3520 实际位置NED=(0.013,-0.034,-0.880) 实际速度=(0.059,0.004,-0.632) 最终目标=(0.040,-0.042,-2.286) 指令位置=(0.040,-0.042,-1.614) 指令速度=(0.000,0.000,-0.300) 指令加速度=(0.000,0.000,0.000) 滚转角=-0.05度 俯仰角=0.11度
15:40:31.374158 [轨迹] 序号=1406 单调时间=20079.917848 时间=20079.918 模式=OFFBOARD 起飞状态=未执行起飞 水平控制=位置保持 类型掩码=3520 实际位置NED=(0.016,-0.034,-0.907) 实际速度=(0.059,0.003,-0.662) 最终目标=(0.040,-0.042,-2.286) 指令位置=(0.040,-0.042,-1.644) 指令速度=(0.000,0.000,-0.300) 指令加速度=(0.000,0.000,0.000) 滚转角=0.00度 俯仰角=0.11度
15:40:31.477035 [轨迹] 序号=1407 单调时间=20080.021152 时间=20080.021 模式=OFFBOARD 起飞状态=未执行起飞 水平控制=位置保持 类型掩码=3520 实际位置NED=(0.019,-0.033,-0.929) 实际速度=(0.059,0.002,-0.683) 最终目标=(0.040,-0.042,-2.286) 指令位置=(0.040,-0.042,-1.675) 指令速度=(0.000,0.000,-0.300) 指令加速度=(0.000,0.000,0.000) 滚转角=0.07度 俯仰角=0.12度
15:40:31.579453 [轨迹] 序号=1408 单调时间=20080.123680 时间=20080.124 模式=OFFBOARD 起飞状态=未执行起飞 水平控制=位置保持 类型掩码=3520 实际位置NED=(0.022,-0.033,-0.952) 实际速度=(0.058,0.002,-0.701) 最终目标=(0.040,-0.042,-2.286) 指令位置=(0.040,-0.042,-1.706) 指令速度=(0.000,0.000,-0.300) 指令加速度=(0.000,0.000,0.000) 滚转角=0.12度 俯仰角=0.12度
15:40:31.682186 [轨迹] 序号=1409 单调时间=20080.226288 时间=20080.226 模式=OFFBOARD 起飞状态=未执行起飞 水平控制=位置保持 类型掩码=3520 实际位置NED=(0.024,-0.033,-0.975) 实际速度=(0.057,0.001,-0.717) 最终目标=(0.040,-0.042,-2.286) 指令位置=(0.040,-0.042,-1.737) 指令速度=(0.000,0.000,-0.300) 指令加速度=(0.000,0.000,0.000) 滚转角=0.15度 俯仰角=0.12度
15:40:31.784966 [轨迹] 序号=1410 单调时间=20080.329142 时间=20080.329 模式=OFFBOARD 起飞状态=未执行起飞 水平控制=位置保持 类型掩码=3520 实际位置NED=(0.030,-0.033,-1.023) 实际速度=(0.055,-0.000,-0.747) 最终目标=(0.040,-0.042,-2.286) 指令位置=(0.040,-0.042,-1.768) 指令速度=(0.000,0.000,-0.300) 指令加速度=(0.000,0.000,0.000) 滚转角=0.19度 俯仰角=0.12度
15:40:31.887932 [轨迹] 序号=1411 单调时间=20080.432077 时间=20080.432 模式=OFFBOARD 起飞状态=未执行起飞 水平控制=位置保持 类型掩码=3520 实际位置NED=(0.030,-0.033,-1.023) 实际速度=(0.055,-0.000,-0.747) 最终目标=(0.040,-0.042,-2.286) 指令位置=(0.040,-0.042,-1.799) 指令速度=(0.000,0.000,-0.300) 指令加速度=(0.000,0.000,0.000) 滚转角=0.21度 俯仰角=0.11度
15:40:31.992082 [轨迹] 序号=1412 单调时间=20080.535305 时间=20080.535 模式=OFFBOARD 起飞状态=未执行起飞 水平控制=位置保持 类型掩码=3520 实际位置NED=(0.036,-0.032,-1.079) 实际速度=(0.055,-0.001,-0.771) 最终目标=(0.040,-0.042,-2.286) 指令位置=(0.040,-0.042,-1.830) 指令速度=(0.000,0.000,-0.300) 指令加速度=(0.000,0.000,0.000) 滚转角=0.23度 俯仰角=0.11度
15:40:32.095808 [轨迹] 序号=1413 单调时间=20080.640213 时间=20080.640 模式=OFFBOARD 起飞状态=未执行起飞 水平控制=位置保持 类型掩码=3520 实际位置NED=(0.039,-0.032,-1.104) 实际速度=(0.055,-0.002,-0.779) 最终目标=(0.040,-0.042,-2.286) 指令位置=(0.040,-0.042,-1.861) 指令速度=(0.000,0.000,-0.300) 指令加速度=(0.000,0.000,0.000) 滚转角=0.25度 俯仰角=0.11度
15:40:32.198870 [轨迹] 序号=1414 单调时间=20080.742868 时间=20080.743 模式=OFFBOARD 起飞状态=未执行起飞 水平控制=位置保持 类型掩码=3520 实际位置NED=(0.042,-0.032,-1.129) 实际速度=(0.055,-0.002,-0.788) 最终目标=(0.040,-0.042,-2.286) 指令位置=(0.040,-0.042,-1.892) 指令速度=(0.000,0.000,-0.300) 指令加速度=(0.000,0.000,0.000) 滚转角=0.26度 俯仰角=0.11度
15:40:32.301694 [轨迹] 序号=1415 单调时间=20080.845786 时间=20080.846 模式=OFFBOARD 起飞状态=未执行起飞 水平控制=位置保持 类型掩码=3520 实际位置NED=(0.045,-0.032,-1.155) 实际速度=(0.055,-0.003,-0.796) 最终目标=(0.040,-0.042,-2.286) 指令位置=(0.040,-0.042,-1.923) 指令速度=(0.000,0.000,-0.300) 指令加速度=(0.000,0.000,0.000) 滚转角=0.29度 俯仰角=0.10度
15:40:32.404183 [轨迹] 序号=1416 单调时间=20080.948475 时间=20080.948 模式=OFFBOARD 起飞状态=未执行起飞 水平控制=位置保持 类型掩码=3520 实际位置NED=(0.049,-0.032,-1.181) 实际速度=(0.055,-0.004,-0.804) 最终目标=(0.040,-0.042,-2.286) 指令位置=(0.040,-0.042,-1.954) 指令速度=(0.000,0.000,-0.300) 指令加速度=(0.000,0.000,0.000) 滚转角=0.32度 俯仰角=0.09度
15:40:32.507004 [轨迹] 序号=1417 单调时间=20081.051253 时间=20081.051 模式=OFFBOARD 起飞状态=未执行起飞 水平控制=位置保持 类型掩码=3520 实际位置NED=(0.053,-0.032,-1.213) 实际速度=(0.055,-0.004,-0.811) 最终目标=(0.040,-0.042,-2.286) 指令位置=(0.040,-0.042,-1.984) 指令速度=(0.000,0.000,-0.300) 指令加速度=(0.000,0.000,0.000) 滚转角=0.34度 俯仰角=0.09度
15:40:32.610353 [轨迹] 序号=1418 单调时间=20081.154078 时间=20081.154 模式=OFFBOARD 起飞状态=未执行起飞 水平控制=位置保持 类型掩码=3520 实际位置NED=(0.060,-0.033,-1.266) 实际速度=(0.055,-0.006,-0.821) 最终目标=(0.040,-0.042,-2.286) 指令位置=(0.040,-0.042,-2.015) 指令速度=(0.000,0.000,-0.300) 指令加速度=(0.000,0.000,0.000) 滚转角=0.37度 俯仰角=0.09度
15:40:32.713523 [轨迹] 序号=1419 单调时间=20081.257666 时间=20081.258 模式=OFFBOARD 起飞状态=未执行起飞 水平控制=位置保持 类型掩码=3520 实际位置NED=(0.063,-0.033,-1.293) 实际速度=(0.055,-0.007,-0.826) 最终目标=(0.040,-0.042,-2.286) 指令位置=(0.040,-0.042,-2.046) 指令速度=(0.000,0.000,-0.300) 指令加速度=(0.000,0.000,0.000) 滚转角=0.40度 俯仰角=0.08度
15:40:32.815924 [轨迹] 序号=1420 单调时间=20081.360243 时间=20081.360 模式=OFFBOARD 起飞状态=未执行起飞 水平控制=位置保持 类型掩码=3520 实际位置NED=(0.066,-0.033,-1.319) 实际速度=(0.055,-0.008,-0.831) 最终目标=(0.040,-0.042,-2.286) 指令位置=(0.040,-0.042,-2.077) 指令速度=(0.000,0.000,-0.300) 指令加速度=(0.000,0.000,0.000) 滚转角=0.44度 俯仰角=0.07度
15:40:32.919010 [轨迹] 序号=1421 单调时间=20081.463218 时间=20081.463 模式=OFFBOARD 起飞状态=未执行起飞 水平控制=位置保持 类型掩码=3520 实际位置NED=(0.070,-0.034,-1.346) 实际速度=(0.054,-0.009,-0.835) 最终目标=(0.040,-0.042,-2.286) 指令位置=(0.040,-0.042,-2.107) 指令速度=(0.000,0.000,-0.292) 指令加速度=(0.000,0.000,0.080) 滚转角=0.48度 俯仰角=0.06度
15:40:33.022180 [轨迹] 序号=1422 单调时间=20081.566211 时间=20081.566 模式=OFFBOARD 起飞状态=未执行起飞 水平控制=位置保持 类型掩码=3520 实际位置NED=(0.074,-0.034,-1.380) 实际速度=(0.053,-0.010,-0.838) 最终目标=(0.040,-0.042,-2.286) 指令位置=(0.040,-0.042,-2.135) 指令速度=(0.000,0.000,-0.265) 指令加速度=(0.000,0.000,0.257) 滚转角=0.51度 俯仰角=0.05度
15:40:33.125535 [轨迹] 序号=1423 单调时间=20081.669836 时间=20081.670 模式=OFFBOARD 起飞状态=未执行起飞 水平控制=位置保持 类型掩码=3520 实际位置NED=(0.081,-0.036,-1.434) 实际速度=(0.051,-0.011,-0.840) 最终目标=(0.040,-0.042,-2.286) 指令位置=(0.040,-0.042,-2.159) 指令速度=(0.000,0.000,-0.239) 指令加速度=(0.000,0.000,0.256) 滚转角=0.55度 俯仰角=0.04度
15:40:33.226184 [轨迹] 序号=1424 单调时间=20081.770361 时间=20081.770 模式=OFFBOARD 起飞状态=未执行起飞 水平控制=位置保持 类型掩码=3520 实际位置NED=(0.081,-0.036,-1.434) 实际速度=(0.051,-0.011,-0.840) 最终目标=(0.040,-0.042,-2.286) 指令位置=(0.040,-0.042,-2.181) 指令速度=(0.000,0.000,-0.215) 指令加速度=(0.000,0.000,0.238) 滚转角=0.59度 俯仰角=0.03度
15:40:33.330958 [轨迹] 序号=1425 单调时间=20081.875293 时间=20081.875 模式=OFFBOARD 起飞状态=未执行起飞 水平控制=位置保持 类型掩码=3520 实际位置NED=(0.088,-0.037,-1.487) 实际速度=(0.048,-0.013,-0.829) 最终目标=(0.040,-0.042,-2.286) 指令位置=(0.040,-0.042,-2.201) 指令速度=(0.000,0.000,-0.188) 指令加速度=(0.000,0.000,0.260) 滚转角=0.63度 俯仰角=0.01度
15:40:33.433444 [轨迹] 序号=1426 单调时间=20081.977755 时间=20081.978 模式=OFFBOARD 起飞状态=未执行起飞 水平控制=位置保持 类型掩码=3520 实际位置NED=(0.091,-0.038,-1.514) 实际速度=(0.046,-0.014,-0.817) 最终目标=(0.040,-0.042,-2.286) 指令位置=(0.040,-0.042,-2.217) 指令速度=(0.000,0.000,-0.164) 指令加速度=(0.000,0.000,0.228) 滚转角=0.66度 俯仰角=-0.00度
15:40:33.536027 [轨迹] 序号=1427 单调时间=20082.080296 时间=20082.080 模式=OFFBOARD 起飞状态=未执行起飞 水平控制=位置保持 类型掩码=3520 实际位置NED=(0.095,-0.039,-1.546) 实际速度=(0.043,-0.014,-0.798) 最终目标=(0.040,-0.042,-2.286) 指令位置=(0.040,-0.042,-2.232) 指令速度=(0.000,0.000,-0.141) 指令加速度=(0.000,0.000,0.231) 滚转角=0.69度 俯仰角=-0.01度
15:40:33.638757 [轨迹] 序号=1428 单调时间=20082.182963 时间=20082.183 模式=OFFBOARD 起飞状态=未执行起飞 水平控制=位置保持 类型掩码=3520 实际位置NED=(0.100,-0.041,-1.596) 实际速度=(0.037,-0.016,-0.759) 最终目标=(0.040,-0.042,-2.286) 指令位置=(0.040,-0.042,-2.244) 指令速度=(0.000,0.000,-0.118) 指令加速度=(0.000,0.000,0.222) 滚转角=0.73度 俯仰角=-0.04度
15:40:33.741517 [轨迹] 序号=1429 单调时间=20082.285668 时间=20082.286 模式=OFFBOARD 起飞状态=未执行起飞 水平控制=位置保持 类型掩码=3520 实际位置NED=(0.100,-0.041,-1.596) 实际速度=(0.037,-0.016,-0.759) 最终目标=(0.040,-0.042,-2.286) 指令位置=(0.040,-0.042,-2.254) 指令速度=(0.000,0.000,-0.096) 指令加速度=(0.000,0.000,0.210) 滚转角=0.76度 俯仰角=-0.05度
15:40:33.845265 [轨迹] 序号=1430 单调时间=20082.389362 时间=20082.389 模式=OFFBOARD 起飞状态=未执行起飞 水平控制=位置保持 类型掩码=3520 实际位置NED=(0.104,-0.043,-1.643) 实际速度=(0.031,-0.017,-0.712) 最终目标=(0.040,-0.042,-2.286) 指令位置=(0.040,-0.042,-2.262) 指令速度=(0.000,0.000,-0.076) 指令加速度=(0.000,0.000,0.199) 滚转角=0.78度 俯仰角=-0.07度
15:40:33.947995 [轨迹] 序号=1431 单调时间=20082.492231 时间=20082.492 模式=OFFBOARD 起飞状态=未执行起飞 水平控制=位置保持 类型掩码=3520 实际位置NED=(0.106,-0.044,-1.665) 实际速度=(0.027,-0.017,-0.686) 最终目标=(0.040,-0.042,-2.286) 指令位置=(0.040,-0.042,-2.268) 指令速度=(0.000,0.000,-0.058) 指令加速度=(0.000,0.000,0.173) 滚转角=0.79度 俯仰角=-0.08度
15:40:34.050975 [轨迹] 序号=1432 单调时间=20082.595029 时间=20082.595 模式=OFFBOARD 起飞状态=未执行起飞 水平控制=位置保持 类型掩码=3520 实际位置NED=(0.109,-0.045,-1.692) 实际速度=(0.023,-0.018,-0.652) 最终目标=(0.040,-0.042,-2.286) 指令位置=(0.040,-0.042,-2.272) 指令速度=(0.000,0.000,-0.042) 指令加速度=(0.000,0.000,0.155) 滚转角=0.81度 俯仰角=-0.10度
15:40:34.154906 [轨迹] 序号=1433 单调时间=20082.698938 时间=20082.699 模式=OFFBOARD 起飞状态=未执行起飞 水平控制=位置保持 类型掩码=3520 实际位置NED=(0.111,-0.047,-1.732) 实际速度=(0.015,-0.018,-0.595) 最终目标=(0.040,-0.042,-2.286) 指令位置=(0.040,-0.042,-2.286) 指令速度=(0.000,0.000,0.000) 指令加速度=(0.000,0.000,0.404) 滚转角=0.81度 俯仰角=-0.13度
15:40:34.258137 [轨迹] 序号=1434 单调时间=20082.802067 时间=20082.802 模式=OFFBOARD 起飞状态=未执行起飞 水平控制=位置保持 类型掩码=3520 实际位置NED=(0.111,-0.047,-1.732) 实际速度=(0.015,-0.018,-0.595) 最终目标=(0.040,-0.042,-2.286) 指令位置=(0.040,-0.042,-2.286) 指令速度=(0.000,0.000,0.000) 指令加速度=(0.000,0.000,0.000) 滚转角=0.81度 俯仰角=-0.14度
15:40:34.361502 [轨迹] 序号=1435 单调时间=20082.905721 时间=20082.906 模式=OFFBOARD 起飞状态=未执行起飞 水平控制=位置保持 类型掩码=3520 实际位置NED=(0.113,-0.049,-1.768) 实际速度=(0.006,-0.018,-0.535) 最终目标=(0.040,-0.042,-2.286) 指令位置=(0.040,-0.042,-2.286) 指令速度=(0.000,0.000,0.000) 指令加速度=(0.000,0.000,0.000) 滚转角=0.80度 俯仰角=-0.15度
15:40:34.464666 [轨迹] 序号=1436 单调时间=20083.008840 时间=20083.009 模式=OFFBOARD 起飞状态=未执行起飞 水平控制=位置保持 类型掩码=3520 实际位置NED=(0.113,-0.051,-1.784) 实际速度=(0.002,-0.018,-0.506) 最终目标=(0.040,-0.042,-2.286) 指令位置=(0.040,-0.042,-2.286) 指令速度=(0.000,0.000,0.000) 指令加速度=(0.000,0.000,0.000) 滚转角=0.79度 俯仰角=-0.16度
15:40:34.567489 [轨迹] 序号=1437 单调时间=20083.111603 时间=20083.112 模式=OFFBOARD 起飞状态=未执行起飞 水平控制=位置保持 类型掩码=3520 实际位置NED=(0.114,-0.052,-1.804) 实际速度=(-0.004,-0.018,-0.472) 最终目标=(0.040,-0.042,-2.286) 指令位置=(0.040,-0.042,-2.286) 指令速度=(0.000,0.000,0.000) 指令加速度=(0.000,0.000,0.000) 滚转角=0.77度 俯仰角=-0.18度
15:40:34.670975 [轨迹] 序号=1438 单调时间=20083.215209 时间=20083.215 模式=OFFBOARD 起飞状态=未执行起飞 水平控制=位置保持 类型掩码=3520 实际位置NED=(0.113,-0.055,-1.832) 实际速度=(-0.012,-0.018,-0.423) 最终目标=(0.040,-0.042,-2.286) 指令位置=(0.040,-0.042,-2.286) 指令速度=(0.000,0.000,0.000) 指令加速度=(0.000,0.000,0.000) 滚转角=0.74度 俯仰角=-0.20度
15:40:34.773955 [轨迹] 序号=1439 单调时间=20083.317994 时间=20083.318 模式=OFFBOARD 起飞状态=未执行起飞 水平控制=位置保持 类型掩码=3520 实际位置NED=(0.113,-0.055,-1.832) 实际速度=(-0.012,-0.018,-0.423) 最终目标=(0.040,-0.042,-2.286) 指令位置=(0.040,-0.042,-2.286) 指令速度=(0.000,0.000,0.000) 指令加速度=(0.000,0.000,0.000) 滚转角=0.71度 俯仰角=-0.21度
15:40:34.877681 [轨迹] 序号=1440 单调时间=20083.421632 时间=20083.422 模式=OFFBOARD 起飞状态=未执行起飞 水平控制=位置保持 类型掩码=3520 实际位置NED=(0.113,-0.056,-1.845) 实际速度=(-0.017,-0.018,-0.401) 最终目标=(0.040,-0.042,-2.286) 指令位置=(0.040,-0.042,-2.286) 指令速度=(0.000,0.000,0.000) 指令加速度=(0.000,0.000,0.000) 滚转角=0.69度 俯仰角=-0.22度
15:40:34.981344 [轨迹] 序号=1441 单调时间=20083.525568 时间=20083.526 模式=OFFBOARD 起飞状态=未执行起飞 水平控制=位置保持 类型掩码=3520 实际位置NED=(0.112,-0.059,-1.870) 实际速度=(-0.025,-0.017,-0.362) 最终目标=(0.040,-0.042,-2.286) 指令位置=(0.040,-0.042,-2.286) 指令速度=(0.000,0.000,0.000) 指令加速度=(0.000,0.000,0.000) 滚转角=0.64度 俯仰角=-0.24度
15:40:35.084021 [轨迹] 序号=1442 单调时间=20083.628256 时间=20083.628 模式=OFFBOARD 起飞状态=未执行起飞 水平控制=位置保持 类型掩码=3520 实际位置NED=(0.110,-0.061,-1.884) 实际速度=(-0.030,-0.017,-0.341) 最终目标=(0.040,-0.042,-2.286) 指令位置=(0.040,-0.042,-2.286) 指令速度=(0.000,0.000,0.000) 指令加速度=(0.000,0.000,0.000) 滚转角=0.61度 俯仰角=-0.25度
15:40:35.188030 [轨迹] 序号=1443 单调时间=20083.732076 时间=20083.732 模式=OFFBOARD 起飞状态=未执行起飞 水平控制=位置保持 类型掩码=3520 实际位置NED=(0.108,-0.064,-1.905) 实际速度=(-0.037,-0.016,-0.309) 最终目标=(0.040,-0.042,-2.286) 指令位置=(0.040,-0.042,-2.286) 指令速度=(0.000,0.000,0.000) 指令加速度=(0.000,0.000,0.000) 滚转角=0.54度 俯仰角=-0.28度
15:40:35.290939 [轨迹] 序号=1444 单调时间=20083.835015 时间=20083.835 模式=OFFBOARD 起飞状态=未执行起飞 水平控制=位置保持 类型掩码=3520 实际位置NED=(0.108,-0.064,-1.905) 实际速度=(-0.037,-0.016,-0.309) 最终目标=(0.040,-0.042,-2.286) 指令位置=(0.040,-0.042,-2.286) 指令速度=(0.000,0.000,0.000) 指令加速度=(0.000,0.000,0.000) 滚转角=0.50度 俯仰角=-0.29度
15:40:35.393666 [轨迹] 序号=1445 单调时间=20083.937922 时间=20083.938 模式=OFFBOARD 起飞状态=未执行起飞 水平控制=位置保持 类型掩码=3520 实际位置NED=(0.104,-0.067,-1.924) 实际速度=(-0.044,-0.016,-0.282) 最终目标=(0.040,-0.042,-2.286) 指令位置=(0.040,-0.042,-2.286) 指令速度=(0.000,0.000,0.000) 指令加速度=(0.000,0.000,0.000) 滚转角=0.45度 俯仰角=-0.30度
15:40:35.496720 [轨迹] 序号=1446 单调时间=20084.040676 时间=20084.041 模式=OFFBOARD 起飞状态=未执行起飞 水平控制=位置保持 类型掩码=3520 实际位置NED=(0.103,-0.068,-1.932) 实际速度=(-0.047,-0.015,-0.270) 最终目标=(0.040,-0.042,-2.286) 指令位置=(0.040,-0.042,-2.286) 指令速度=(0.000,0.000,0.000) 指令加速度=(0.000,0.000,0.000) 滚转角=0.41度 俯仰角=-0.32度
15:40:35.600095 [轨迹] 序号=1447 单调时间=20084.144159 时间=20084.144 模式=OFFBOARD 起飞状态=未执行起飞 水平控制=位置保持 类型掩码=3520 实际位置NED=(0.100,-0.070,-1.943) 实际速度=(-0.051,-0.015,-0.256) 最终目标=(0.040,-0.042,-2.286) 指令位置=(0.040,-0.042,-2.286) 指令速度=(0.000,0.000,0.000) 指令加速度=(0.000,0.000,0.000) 滚转角=0.36度 俯仰角=-0.33度
15:40:35.703530 [轨迹] 序号=1448 单调时间=20084.247642 时间=20084.248 模式=OFFBOARD 起飞状态=未执行起飞 水平控制=位置保持 类型掩码=3520 实际位置NED=(0.098,-0.072,-1.951) 实际速度=(-0.053,-0.014,-0.245) 最终目标=(0.040,-0.042,-2.286) 指令位置=(0.040,-0.042,-2.286) 指令速度=(0.000,0.000,0.000) 指令加速度=(0.000,0.000,0.000) 滚转角=0.31度 俯仰角=-0.34度
15:40:35.806357 [轨迹] 序号=1449 单调时间=20084.350523 时间=20084.351 模式=OFFBOARD 起飞状态=未执行起飞 水平控制=位置保持 类型掩码=3520 实际位置NED=(0.096,-0.074,-1.959) 实际速度=(-0.055,-0.014,-0.236) 最终目标=(0.040,-0.042,-2.286) 指令位置=(0.040,-0.042,-2.286) 指令速度=(0.000,0.000,0.000) 指令加速度=(0.000,0.000,0.000) 滚转角=0.25度 俯仰角=-0.36度
15:40:35.909031 [轨迹] 序号=1450 单调时间=20084.453411 时间=20084.453 模式=OFFBOARD 起飞状态=未执行起飞 水平控制=位置保持 类型掩码=3520 实际位置NED=(0.094,-0.075,-1.967) 实际速度=(-0.057,-0.013,-0.226) 最终目标=(0.040,-0.042,-2.286) 指令位置=(0.040,-0.042,-2.286) 指令速度=(0.000,0.000,0.000) 指令加速度=(0.000,0.000,0.000) 滚转角=0.22度 俯仰角=-0.37度
15:40:36.011565 [轨迹] 序号=1451 单调时间=20084.555728 时间=20084.556 模式=OFFBOARD 起飞状态=未执行起飞 水平控制=位置保持 类型掩码=3520 实际位置NED=(0.090,-0.079,-1.981) 实际速度=(-0.060,-0.012,-0.210) 最终目标=(0.040,-0.042,-2.286) 指令位置=(0.040,-0.042,-2.286) 指令速度=(0.000,0.000,0.000) 指令加速度=(0.000,0.000,0.000) 滚转角=0.16度 俯仰角=-0.39度
15:40:36.115022 [轨迹] 序号=1452 单调时间=20084.659195 时间=20084.659 模式=OFFBOARD 起飞状态=未执行起飞 水平控制=位置保持 类型掩码=3520 实际位置NED=(0.090,-0.079,-1.981) 实际速度=(-0.060,-0.012,-0.210) 最终目标=(0.040,-0.042,-2.286) 指令位置=(0.040,-0.042,-2.286) 指令速度=(0.000,0.000,0.000) 指令加速度=(0.000,0.000,0.000) 滚转角=0.12度 俯仰角=-0.40度
15:40:36.217416 [轨迹] 序号=1453 单调时间=20084.761726 时间=20084.762 模式=OFFBOARD 起飞状态=未执行起飞 水平控制=位置保持 类型掩码=3520 实际位置NED=(0.087,-0.081,-1.989) 实际速度=(-0.062,-0.012,-0.200) 最终目标=(0.040,-0.042,-2.286) 指令位置=(0.040,-0.042,-2.286) 指令速度=(0.000,0.000,0.000) 指令加速度=(0.000,0.000,0.000) 滚转角=0.08度 俯仰角=-0.41度
15:40:36.320024 [轨迹] 序号=1454 单调时间=20084.864323 时间=20084.864 模式=OFFBOARD 起飞状态=未执行起飞 水平控制=位置保持 类型掩码=3520 实际位置NED=(0.082,-0.084,-2.002) 实际速度=(-0.064,-0.010,-0.186) 最终目标=(0.040,-0.042,-2.286) 指令位置=(0.040,-0.042,-2.286) 指令速度=(0.000,0.000,0.000) 指令加速度=(0.000,0.000,0.000) 滚转角=0.01度 俯仰角=-0.43度
15:40:36.422936 [轨迹] 序号=1455 单调时间=20084.967071 时间=20084.967 模式=OFFBOARD 起飞状态=未执行起飞 水平控制=位置保持 类型掩码=3520 实际位置NED=(0.079,-0.086,-2.008) 实际速度=(-0.065,-0.009,-0.180) 最终目标=(0.040,-0.042,-2.286) 指令位置=(0.040,-0.042,-2.286) 指令速度=(0.000,0.000,0.000) 指令加速度=(0.000,0.000,0.000) 滚转角=-0.01度 俯仰角=-0.44度
15:40:36.522916 [轨迹] 序号=1456 单调时间=20085.067179 时间=20085.067 模式=OFFBOARD 起飞状态=未执行起飞 水平控制=位置保持 类型掩码=3520 实际位置NED=(0.074,-0.089,-2.020) 实际速度=(-0.066,-0.007,-0.168) 最终目标=(0.040,-0.042,-2.286) 指令位置=(0.040,-0.042,-2.286) 指令速度=(0.000,0.000,0.000) 指令加速度=(0.000,0.000,0.000) 滚转角=-0.07度 俯仰角=-0.46度
15:40:36.626020 [轨迹] 序号=1457 单调时间=20085.170177 时间=20085.170 模式=OFFBOARD 起飞状态=未执行起飞 水平控制=位置保持 类型掩码=3520 实际位置NED=(0.074,-0.089,-2.020) 实际速度=(-0.066,-0.007,-0.168) 最终目标=(0.040,-0.042,-2.286) 指令位置=(0.040,-0.042,-2.286) 指令速度=(0.000,0.000,0.000) 指令加速度=(0.000,0.000,0.000) 滚转角=-0.10度 俯仰角=-0.47度
15:40:36.729242 [轨迹] 序号=1458 单调时间=20085.273338 时间=20085.273 模式=OFFBOARD 起飞状态=未执行起飞 水平控制=位置保持 类型掩码=3520 实际位置NED=(0.069,-0.093,-2.032) 实际速度=(-0.066,-0.004,-0.156) 最终目标=(0.040,-0.042,-2.286) 指令位置=(0.040,-0.042,-2.286) 指令速度=(0.000,0.000,0.000) 指令加速度=(0.000,0.000,0.000) 滚转角=-0.14度 俯仰角=-0.48度
15:40:36.831767 [轨迹] 序号=1459 单调时间=20085.376045 时间=20085.376 模式=OFFBOARD 起飞状态=未执行起飞 水平控制=位置保持 类型掩码=3520 实际位置NED=(0.066,-0.094,-2.037) 实际速度=(-0.065,-0.003,-0.151) 最终目标=(0.040,-0.042,-2.286) 指令位置=(0.040,-0.042,-2.286) 指令速度=(0.000,0.000,0.000) 指令加速度=(0.000,0.000,0.000) 滚转角=-0.19度 俯仰角=-0.50度
15:40:36.934683 [轨迹] 序号=1460 单调时间=20085.479018 时间=20085.479 模式=OFFBOARD 起飞状态=未执行起飞 水平控制=位置保持 类型掩码=3520 实际位置NED=(0.064,-0.096,-2.042) 实际速度=(-0.065,-0.001,-0.146) 最终目标=(0.040,-0.042,-2.286) 指令位置=(0.040,-0.042,-2.286) 指令速度=(0.000,0.000,0.000) 指令加速度=(0.000,0.000,0.000) 滚转角=-0.20度 俯仰角=-0.50度
15:40:37.037656 [轨迹] 序号=1461 单调时间=20085.581763 时间=20085.582 模式=OFFBOARD 起飞状态=未执行起飞 水平控制=位置保持 类型掩码=3520 实际位置NED=(0.059,-0.098,-2.052) 实际速度=(-0.064,0.002,-0.137) 最终目标=(0.040,-0.042,-2.286) 指令位置=(0.040,-0.042,-2.286) 指令速度=(0.000,0.000,0.000) 指令加速度=(0.000,0.000,0.000) 滚转角=-0.25度 俯仰角=-0.51度
15:40:37.141694 [轨迹] 序号=1462 单调时间=20085.686003 时间=20085.686 模式=OFFBOARD 起飞状态=未执行起飞 水平控制=位置保持 类型掩码=3520 实际位置NED=(0.056,-0.100,-2.057) 实际速度=(-0.063,0.004,-0.132) 最终目标=(0.040,-0.042,-2.286) 指令位置=(0.040,-0.042,-2.286) 指令速度=(0.000,0.000,0.000) 指令加速度=(0.000,0.000,0.000) 滚转角=-0.28度 俯仰角=-0.52度
15:40:37.244328 [轨迹] 序号=1463 单调时间=20085.788551 时间=20085.789 模式=OFFBOARD 起飞状态=未执行起飞 水平控制=位置保持 类型掩码=3520 实际位置NED=(0.053,-0.101,-2.062) 实际速度=(-0.062,0.005,-0.129) 最终目标=(0.040,-0.042,-2.286) 指令位置=(0.040,-0.042,-2.286) 指令速度=(0.000,0.000,0.000) 指令加速度=(0.000,0.000,0.000) 滚转角=-0.31度 俯仰角=-0.53度
15:40:37.347471 [轨迹] 序号=1464 单调时间=20085.891625 时间=20085.892 模式=OFFBOARD 起飞状态=未执行起飞 水平控制=位置保持 类型掩码=3520 实际位置NED=(0.051,-0.102,-2.066) 实际速度=(-0.061,0.007,-0.125) 最终目标=(0.040,-0.042,-2.286) 指令位置=(0.040,-0.042,-2.286) 指令速度=(0.000,0.000,0.000) 指令加速度=(0.000,0.000,0.000) 滚转角=-0.33度 俯仰角=-0.53度
15:40:37.449844 [轨迹] 序号=1465 单调时间=20085.994205 时间=20085.994 模式=OFFBOARD 起飞状态=未执行起飞 水平控制=位置保持 类型掩码=3520 实际位置NED=(0.046,-0.104,-2.075) 实际速度=(-0.058,0.010,-0.118) 最终目标=(0.040,-0.042,-2.286) 指令位置=(0.040,-0.042,-2.286) 指令速度=(0.000,0.000,0.000) 指令加速度=(0.000,0.000,0.000) 滚转角=-0.36度 俯仰角=-0.53度
15:40:37.552812 [轨迹] 序号=1466 单调时间=20086.097004 时间=20086.097 模式=OFFBOARD 起飞状态=未执行起飞 水平控制=位置保持 类型掩码=3520 实际位置NED=(0.044,-0.105,-2.079) 实际速度=(-0.057,0.012,-0.114) 最终目标=(0.040,-0.042,-2.286) 指令位置=(0.040,-0.042,-2.286) 指令速度=(0.000,0.000,0.000) 指令加速度=(0.000,0.000,0.000) 滚转角=-0.39度 俯仰角=-0.53度
15:40:37.655385 [轨迹] 序号=1467 单调时间=20086.199626 时间=20086.200 模式=OFFBOARD 起飞状态=未执行起飞 水平控制=位置保持 类型掩码=3520 实际位置NED=(0.041,-0.106,-2.083) 实际速度=(-0.055,0.014,-0.111) 最终目标=(0.040,-0.042,-2.286) 指令位置=(0.040,-0.042,-2.286) 指令速度=(0.000,0.000,0.000) 指令加速度=(0.000,0.000,0.000) 滚转角=-0.41度 俯仰角=-0.53度
15:40:37.758157 [轨迹] 序号=1468 单调时间=20086.302418 时间=20086.302 模式=OFFBOARD 起飞状态=未执行起飞 水平控制=位置保持 类型掩码=3520 实际位置NED=(0.037,-0.107,-2.091) 实际速度=(-0.052,0.018,-0.105) 最终目标=(0.040,-0.042,-2.286) 指令位置=(0.040,-0.042,-2.286) 指令速度=(0.000,0.000,0.000) 指令加速度=(0.000,0.000,0.000) 滚转角=-0.42度 俯仰角=-0.52度
15:40:37.861287 [轨迹] 序号=1469 单调时间=20086.405532 时间=20086.406 模式=OFFBOARD 起飞状态=未执行起飞 水平控制=位置保持 类型掩码=3520 实际位置NED=(0.035,-0.108,-2.094) 实际速度=(-0.051,0.019,-0.102) 最终目标=(0.040,-0.042,-2.286) 指令位置=(0.040,-0.042,-2.286) 指令速度=(0.000,0.000,0.000) 指令加速度=(0.000,0.000,0.000) 滚转角=-0.44度 俯仰角=-0.52度
15:40:37.969126 [轨迹] 序号=1470 单调时间=20086.513151 时间=20086.513 模式=OFFBOARD 起飞状态=未执行起飞 水平控制=位置保持 类型掩码=3520 实际位置NED=(0.032,-0.108,-2.098) 实际速度=(-0.049,0.021,-0.099) 最终目标=(0.040,-0.042,-2.286) 指令位置=(0.040,-0.042,-2.286) 指令速度=(0.000,0.000,0.000) 指令加速度=(0.000,0.000,0.000) 滚转角=-0.46度 俯仰角=-0.51度
15:40:38.073697 [轨迹] 序号=1471 单调时间=20086.617457 时间=20086.617 模式=OFFBOARD 起飞状态=未执行起飞 水平控制=位置保持 类型掩码=3520 实际位置NED=(0.030,-0.109,-2.101) 实际速度=(-0.047,0.023,-0.097) 最终目标=(0.040,-0.042,-2.286) 指令位置=(0.040,-0.042,-2.286) 指令速度=(0.000,0.000,0.000) 指令加速度=(0.000,0.000,0.000) 滚转角=-0.46度 俯仰角=-0.51度
15:40:38.176673 [轨迹] 序号=1472 单调时间=20086.720884 时间=20086.721 模式=OFFBOARD 起飞状态=未执行起飞 水平控制=位置保持 类型掩码=3520 实际位置NED=(0.028,-0.110,-2.105) 实际速度=(-0.045,0.025,-0.094) 最终目标=(0.040,-0.042,-2.286) 指令位置=(0.040,-0.042,-2.286) 指令速度=(0.000,0.000,0.000) 指令加速度=(0.000,0.000,0.000) 滚转角=-0.47度 俯仰角=-0.51度
15:40:38.279395 [轨迹] 序号=1473 单调时间=20086.823556 时间=20086.824 模式=OFFBOARD 起飞状态=未执行起飞 水平控制=位置保持 类型掩码=3520 实际位置NED=(0.024,-0.110,-2.112) 实际速度=(-0.041,0.028,-0.089) 最终目标=(0.040,-0.042,-2.286) 指令位置=(0.040,-0.042,-2.286) 指令速度=(0.000,0.000,0.000) 指令加速度=(0.000,0.000,0.000) 滚转角=-0.49度 俯仰角=-0.49度
15:40:38.382220 [轨迹] 序号=1474 单调时间=20086.926398 时间=20086.926 模式=OFFBOARD 起飞状态=未执行起飞 水平控制=位置保持 类型掩码=3520 实际位置NED=(0.024,-0.110,-2.112) 实际速度=(-0.041,0.028,-0.089) 最终目标=(0.040,-0.042,-2.286) 指令位置=(0.040,-0.042,-2.286) 指令速度=(0.000,0.000,0.000) 指令加速度=(0.000,0.000,0.000) 滚转角=-0.50度 俯仰角=-0.49度
15:40:38.485217 [轨迹] 序号=1475 单调时间=20087.029323 时间=20087.029 模式=OFFBOARD 起飞状态=未执行起飞 水平控制=位置保持 类型掩码=3520 实际位置NED=(0.020,-0.111,-2.118) 实际速度=(-0.038,0.031,-0.085) 最终目标=(0.040,-0.042,-2.286) 指令位置=(0.040,-0.042,-2.286) 指令速度=(0.000,0.000,0.000) 指令加速度=(0.000,0.000,0.000) 滚转角=-0.51度 俯仰角=-0.48度
15:40:38.600457 [轨迹] 序号=1476 单调时间=20087.138066 时间=20087.138 模式=OFFBOARD 起飞状态=未执行起飞 水平控制=位置保持 类型掩码=3520 实际位置NED=(0.019,-0.111,-2.120) 实际速度=(-0.036,0.032,-0.083) 最终目标=(0.040,-0.042,-2.286) 指令位置=(0.040,-0.042,-2.286) 指令速度=(0.000,0.000,0.000) 指令加速度=(0.000,0.000,0.000) 滚转角=-0.51度 俯仰角=-0.47度
15:40:38 [贴顶流程] 启动指令已发送
15:40:38.698799 [轨迹] 序号=1477 单调时间=20087.243014 时间=20087.243 模式=OFFBOARD 起飞状态=未执行起飞 水平控制=位置保持 类型掩码=3520 实际位置NED=(0.017,-0.111,-2.124) 实际速度=(-0.033,0.034,-0.080) 最终目标=(0.040,-0.042,-2.286) 指令位置=(0.040,-0.042,-2.286) 指令速度=(0.000,0.000,0.000) 指令加速度=(0.000,0.000,0.000) 滚转角=-0.52度 俯仰角=-0.46度
15:40:39 [贴顶流程] 正在快速寻顶
15:40:53 [贴顶流程] 正在缓慢贴顶
15:40:55 [贴顶流程] 贴顶加压中，原因：顶部距离确认
15:41:09 [输入] 已按下一次降落按钮；后续移动目标已禁用
15:41:09 [安全离顶] 降落前先保留轻微贴力完成调平，再快速离开顶部并进入LAND
15:41:09 [安全离顶] 飞控已经开始减压、调平和离顶
15:41:09 [应答] 安全离顶：已接受（MAV_RESULT_ACCEPTED）
15:41:10 [贴顶流程] 正在降低顶部压力，原因：执行降落
15:41:13 [贴顶流程] 正在垂直离开顶部，原因：执行降落
15:41:15 [安全离顶] 已达到离顶距离，飞控正在直接进入LAND模式
15:41:16 [贴顶流程] 待机，原因：执行降落
15:41:16 [安全离顶] 飞控已经进入LAND模式，正在自动降落
15:41:16 [模式] 已退出OFFBOARD；旧目标已丢弃，开始跟随飞机当前位置
15:41:16.451485 [轨迹] 序号=1478 单调时间=20123.927951 时间=20123.928 模式=AUTO.LAND 起飞状态=未执行起飞 水平控制=位置保持 类型掩码=3520 实际位置NED=(-0.005,-0.118,-2.452) 实际速度=(-0.004,0.011,0.489) 最终目标=(-0.005,-0.118,-2.452) 指令位置=(-0.005,-0.118,nan) 指令速度=(0.000,0.000,0.000) 指令加速度=(0.000,0.000,nan) 滚转角=-0.06度 俯仰角=0.05度
15:41:16.554275 [轨迹] 序号=1479 单调时间=20124.030635 时间=20124.031 模式=AUTO.LAND 起飞状态=未执行起飞 水平控制=位置保持 类型掩码=3520 实际位置NED=(-0.005,-0.117,-2.431) 实际速度=(-0.004,0.010,0.562) 最终目标=(-0.005,-0.117,-2.431) 指令位置=(-0.005,-0.117,nan) 指令速度=(0.000,0.000,0.000) 指令加速度=(0.000,0.000,nan) 滚转角=-0.06度 俯仰角=0.05度
15:41:16.657074 [轨迹] 序号=1480 单调时间=20124.133518 时间=20124.134 模式=AUTO.LAND 起飞状态=未执行起飞 水平控制=位置保持 类型掩码=3520 实际位置NED=(-0.005,-0.117,-2.391) 实际速度=(-0.005,0.008,0.664) 最终目标=(-0.005,-0.117,-2.391) 指令位置=(-0.005,-0.117,nan) 指令速度=(0.000,0.000,0.000) 指令加速度=(0.000,0.000,nan) 滚转角=-0.06度 俯仰角=0.06度
15:41:16.760026 [轨迹] 序号=1481 单调时间=20124.236225 时间=20124.236 模式=AUTO.LAND 起飞状态=未执行起飞 水平控制=位置保持 类型掩码=3520 实际位置NED=(-0.005,-0.116,-2.370) 实际速度=(-0.005,0.007,0.700) 最终目标=(-0.005,-0.116,-2.370) 指令位置=(-0.005,-0.116,nan) 指令速度=(0.000,0.000,0.000) 指令加速度=(0.000,0.000,nan) 滚转角=-0.06度 俯仰角=0.07度
15:41:16.864178 [轨迹] 序号=1482 单调时间=20124.340104 时间=20124.340 模式=AUTO.LAND 起飞状态=未执行起飞 水平控制=位置保持 类型掩码=3520 实际位置NED=(-0.005,-0.116,-2.347) 实际速度=(-0.005,0.007,0.728) 最终目标=(-0.005,-0.116,-2.347) 指令位置=(-0.005,-0.116,nan) 指令速度=(0.000,0.000,0.000) 指令加速度=(0.000,0.000,nan) 滚转角=-0.07度 俯仰角=0.07度
15:41:16.967005 [轨迹] 序号=1483 单调时间=20124.443388 时间=20124.443 模式=AUTO.LAND 起飞状态=未执行起飞 水平控制=位置保持 类型掩码=3520 实际位置NED=(-0.005,-0.116,-2.323) 实际速度=(-0.005,0.006,0.747) 最终目标=(-0.005,-0.116,-2.323) 指令位置=(-0.005,-0.116,nan) 指令速度=(0.000,0.000,0.000) 指令加速度=(0.000,0.000,nan) 滚转角=-0.07度 俯仰角=0.07度
15:41:17.070066 [轨迹] 序号=1484 单调时间=20124.546696 时间=20124.547 模式=AUTO.LAND 起飞状态=未执行起飞 水平控制=位置保持 类型掩码=3520 实际位置NED=(-0.005,-0.116,-2.293) 实际速度=(-0.006,0.004,0.760) 最终目标=(-0.005,-0.116,-2.293) 指令位置=(-0.005,-0.116,nan) 指令速度=(0.000,0.000,0.000) 指令加速度=(0.000,0.000,nan) 滚转角=-0.07度 俯仰角=0.07度
15:41:17.173075 [轨迹] 序号=1485 单调时间=20124.649384 时间=20124.649 模式=AUTO.LAND 起飞状态=未执行起飞 水平控制=位置保持 类型掩码=3520 实际位置NED=(-0.006,-0.116,-2.244) 实际速度=(-0.006,0.002,0.761) 最终目标=(-0.006,-0.116,-2.244) 指令位置=(-0.006,-0.116,nan) 指令速度=(0.000,0.000,0.000) 指令加速度=(0.000,0.000,nan) 滚转角=-0.08度 俯仰角=0.07度
15:41:17.276302 [轨迹] 序号=1486 单调时间=20124.752599 时间=20124.753 模式=AUTO.LAND 起飞状态=未执行起飞 水平控制=位置保持 类型掩码=3520 实际位置NED=(-0.007,-0.116,-2.220) 实际速度=(-0.007,0.001,0.754) 最终目标=(-0.007,-0.116,-2.220) 指令位置=(-0.007,-0.116,nan) 指令速度=(0.000,0.000,0.000) 指令加速度=(0.000,0.000,nan) 滚转角=-0.08度 俯仰角=0.07度
15:41:17.379395 [轨迹] 序号=1487 单调时间=20124.855570 时间=20124.856 模式=AUTO.LAND 起飞状态=未执行起飞 水平控制=位置保持 类型掩码=3520 实际位置NED=(-0.008,-0.116,-2.172) 实际速度=(-0.008,-0.001,0.724) 最终目标=(-0.008,-0.116,-2.172) 指令位置=(-0.008,-0.116,nan) 指令速度=(0.000,0.000,0.000) 指令加速度=(0.000,0.000,nan) 滚转角=-0.09度 俯仰角=0.07度
15:41:17.482363 [轨迹] 序号=1488 单调时间=20124.958712 时间=20124.959 模式=AUTO.LAND 起飞状态=未执行起飞 水平控制=位置保持 类型掩码=3520 实际位置NED=(-0.008,-0.116,-2.172) 实际速度=(-0.008,-0.001,0.724) 最终目标=(-0.008,-0.116,-2.172) 指令位置=(-0.008,-0.116,nan) 指令速度=(0.000,0.000,0.000) 指令加速度=(0.000,0.000,nan) 滚转角=-0.10度 俯仰角=0.06度
15:41:17.586151 [轨迹] 序号=1489 单调时间=20125.062408 时间=20125.062 模式=AUTO.LAND 起飞状态=未执行起飞 水平控制=位置保持 类型掩码=3520 实际位置NED=(-0.009,-0.116,-2.122) 实际速度=(-0.008,-0.002,0.687) 最终目标=(-0.009,-0.116,-2.122) 指令位置=(-0.009,-0.116,nan) 指令速度=(0.000,0.000,0.000) 指令加速度=(0.000,0.000,nan) 滚转角=-0.10度 俯仰角=0.05度
15:41:17.688967 [轨迹] 序号=1490 单调时间=20125.165255 时间=20125.165 模式=AUTO.LAND 起飞状态=未执行起飞 水平控制=位置保持 类型掩码=3520 实际位置NED=(-0.009,-0.116,-2.101) 实际速度=(-0.009,-0.002,0.675) 最终目标=(-0.009,-0.116,-2.101) 指令位置=(-0.009,-0.116,nan) 指令速度=(0.000,0.000,0.000) 指令加速度=(0.000,0.000,nan) 滚转角=-0.11度 俯仰角=0.03度
15:41:17.792483 [轨迹] 序号=1491 单调时间=20125.268988 时间=20125.269 模式=AUTO.LAND 起飞状态=未执行起飞 水平控制=位置保持 类型掩码=3520 实际位置NED=(-0.010,-0.115,-2.079) 实际速度=(-0.009,-0.003,0.666) 最终目标=(-0.010,-0.115,-2.079) 指令位置=(-0.010,-0.115,nan) 指令速度=(0.000,0.000,0.000) 指令加速度=(0.000,0.000,nan) 滚转角=-0.12度 俯仰角=0.01度
15:41:17.895383 [轨迹] 序号=1492 单调时间=20125.371682 时间=20125.372 模式=AUTO.LAND 起飞状态=未执行起飞 水平控制=位置保持 类型掩码=3520 实际位置NED=(-0.010,-0.114,-2.038) 实际速度=(-0.009,-0.003,0.656) 最终目标=(-0.010,-0.114,-2.038) 指令位置=(-0.010,-0.114,nan) 指令速度=(0.000,0.000,0.000) 指令加速度=(0.000,0.000,nan) 滚转角=-0.13度 俯仰角=-0.00度
15:41:17.998381 [轨迹] 序号=1493 单调时间=20125.474841 时间=20125.475 模式=AUTO.LAND 起飞状态=未执行起飞 水平控制=位置保持 类型掩码=3520 实际位置NED=(-0.011,-0.114,-2.012) 实际速度=(-0.009,-0.003,0.653) 最终目标=(-0.011,-0.114,-2.012) 指令位置=(-0.011,-0.114,nan) 指令速度=(0.000,0.000,0.000) 指令加速度=(0.000,0.000,nan) 滚转角=-0.14度 俯仰角=-0.01度
15:41:18.102411 [轨迹] 序号=1494 单调时间=20125.578782 时间=20125.579 模式=AUTO.LAND 起飞状态=未执行起飞 水平控制=位置保持 类型掩码=3520 实际位置NED=(-0.012,-0.114,-1.991) 实际速度=(-0.009,-0.003,0.651) 最终目标=(-0.012,-0.114,-1.991) 指令位置=(-0.012,-0.114,nan) 指令速度=(0.000,0.000,0.000) 指令加速度=(0.000,0.000,nan) 滚转角=-0.14度 俯仰角=-0.02度
15:41:18.205226 [轨迹] 序号=1495 单调时间=20125.681565 时间=20125.682 模式=AUTO.LAND 起飞状态=未执行起飞 水平控制=位置保持 类型掩码=3520 实际位置NED=(-0.012,-0.114,-1.971) 实际速度=(-0.009,-0.003,0.651) 最终目标=(-0.012,-0.114,-1.971) 指令位置=(-0.012,-0.114,nan) 指令速度=(0.000,0.000,0.000) 指令加速度=(0.000,0.000,nan) 滚转角=-0.15度 俯仰角=-0.03度
15:41:18.308097 [轨迹] 序号=1496 单调时间=20125.784446 时间=20125.784 模式=AUTO.LAND 起飞状态=未执行起飞 水平控制=位置保持 类型掩码=3520 实际位置NED=(-0.013,-0.114,-1.950) 实际速度=(-0.009,-0.004,0.652) 最终目标=(-0.013,-0.114,-1.950) 指令位置=(-0.013,-0.114,nan) 指令速度=(0.000,0.000,0.000) 指令加速度=(0.000,0.000,nan) 滚转角=-0.15度 俯仰角=-0.03度
15:41:18.411169 [轨迹] 序号=1497 单调时间=20125.887401 时间=20125.887 模式=AUTO.LAND 起飞状态=未执行起飞 水平控制=位置保持 类型掩码=3520 实际位置NED=(-0.014,-0.114,-1.909) 实际速度=(-0.009,-0.004,0.654) 最终目标=(-0.014,-0.114,-1.909) 指令位置=(-0.014,-0.114,nan) 指令速度=(0.000,0.000,0.000) 指令加速度=(0.000,0.000,nan) 滚转角=-0.16度 俯仰角=-0.03度
15:41:18.513743 [轨迹] 序号=1498 单调时间=20125.990115 时间=20125.990 模式=AUTO.LAND 起飞状态=未执行起飞 水平控制=位置保持 类型掩码=3520 实际位置NED=(-0.015,-0.114,-1.883) 实际速度=(-0.009,-0.005,0.656) 最终目标=(-0.015,-0.114,-1.883) 指令位置=(-0.015,-0.114,nan) 指令速度=(0.000,0.000,0.000) 指令加速度=(0.000,0.000,nan) 滚转角=-0.17度 俯仰角=-0.02度
15:41:18.616544 [轨迹] 序号=1499 单调时间=20126.092886 时间=20126.093 模式=AUTO.LAND 起飞状态=未执行起飞 水平控制=位置保持 类型掩码=3520 实际位置NED=(-0.016,-0.115,-1.842) 实际速度=(-0.009,-0.006,0.660) 最终目标=(-0.016,-0.115,-1.842) 指令位置=(-0.016,-0.115,nan) 指令速度=(0.000,0.000,0.000) 指令加速度=(0.000,0.000,nan) 滚转角=-0.18度 俯仰角=-0.03度
15:41:18.719301 [轨迹] 序号=1500 单调时间=20126.195562 时间=20126.196 模式=AUTO.LAND 起飞状态=未执行起飞 水平控制=位置保持 类型掩码=3520 实际位置NED=(-0.016,-0.115,-1.842) 实际速度=(-0.009,-0.006,0.660) 最终目标=(-0.016,-0.115,-1.842) 指令位置=(-0.016,-0.115,nan) 指令速度=(0.000,0.000,0.000) 指令加速度=(0.000,0.000,nan) 滚转角=-0.18度 俯仰角=-0.03度
15:41:18.822725 [轨迹] 序号=1501 单调时间=20126.299264 时间=20126.299 模式=AUTO.LAND 起飞状态=未执行起飞 水平控制=位置保持 类型掩码=3520 实际位置NED=(-0.018,-0.116,-1.800) 实际速度=(-0.009,-0.007,0.663) 最终目标=(-0.018,-0.116,-1.800) 指令位置=(-0.018,-0.116,nan) 指令速度=(0.000,0.000,0.000) 指令加速度=(0.000,0.000,nan) 滚转角=-0.19度 俯仰角=-0.03度
15:41:18.926305 [轨迹] 序号=1502 单调时间=20126.401688 时间=20126.402 模式=AUTO.LAND 起飞状态=未执行起飞 水平控制=位置保持 类型掩码=3520 实际位置NED=(-0.019,-0.117,-1.779) 实际速度=(-0.009,-0.008,0.665) 最终目标=(-0.019,-0.117,-1.779) 指令位置=(-0.019,-0.117,nan) 指令速度=(0.000,0.000,0.000) 指令加速度=(0.000,0.000,nan) 滚转角=-0.20度 俯仰角=-0.04度
15:41:19.029177 [轨迹] 序号=1503 单调时间=20126.505493 时间=20126.505 模式=AUTO.LAND 起飞状态=未执行起飞 水平控制=位置保持 类型掩码=3520 实际位置NED=(-0.020,-0.118,-1.752) 实际速度=(-0.010,-0.009,0.668) 最终目标=(-0.020,-0.118,-1.752) 指令位置=(-0.020,-0.118,nan) 指令速度=(0.000,0.000,0.000) 指令加速度=(0.000,0.000,nan) 滚转角=-0.20度 俯仰角=-0.05度
15:41:19.131818 [轨迹] 序号=1504 单调时间=20126.608183 时间=20126.608 模式=AUTO.LAND 起飞状态=未执行起飞 水平控制=位置保持 类型掩码=3520 实际位置NED=(-0.022,-0.119,-1.710) 实际速度=(-0.010,-0.010,0.671) 最终目标=(-0.022,-0.119,-1.710) 指令位置=(-0.022,-0.119,nan) 指令速度=(0.000,0.000,0.000) 指令加速度=(0.000,0.000,nan) 滚转角=-0.21度 俯仰角=-0.06度
15:41:19.234442 [轨迹] 序号=1505 单调时间=20126.710819 时间=20126.711 模式=AUTO.LAND 起飞状态=未执行起飞 水平控制=位置保持 类型掩码=3520 实际位置NED=(-0.023,-0.119,-1.689) 实际速度=(-0.010,-0.010,0.673) 最终目标=(-0.023,-0.119,-1.689) 指令位置=(-0.023,-0.119,nan) 指令速度=(0.000,0.000,0.000) 指令加速度=(0.000,0.000,nan) 滚转角=-0.22度 俯仰角=-0.07度
15:41:19.337521 [轨迹] 序号=1506 单调时间=20126.814119 时间=20126.814 模式=AUTO.LAND 起飞状态=未执行起飞 水平控制=位置保持 类型掩码=3520 实际位置NED=(-0.023,-0.120,-1.667) 实际速度=(-0.010,-0.010,0.675) 最终目标=(-0.023,-0.120,-1.667) 指令位置=(-0.023,-0.120,nan) 指令速度=(0.000,0.000,0.000) 指令加速度=(0.000,0.000,nan) 滚转角=-0.24度 俯仰角=-0.09度
15:41:19.441327 [轨迹] 序号=1507 单调时间=20126.917789 时间=20126.918 模式=AUTO.LAND 起飞状态=未执行起飞 水平控制=位置保持 类型掩码=3520 实际位置NED=(-0.024,-0.120,-1.646) 实际速度=(-0.009,-0.010,0.676) 最终目标=(-0.024,-0.120,-1.646) 指令位置=(-0.024,-0.120,nan) 指令速度=(0.000,0.000,0.000) 指令加速度=(0.000,0.000,nan) 滚转角=-0.26度 俯仰角=-0.10度
15:41:19.544603 [轨迹] 序号=1508 单调时间=20127.021141 时间=20127.021 模式=AUTO.LAND 起飞状态=未执行起飞 水平控制=位置保持 类型掩码=3520 实际位置NED=(-0.024,-0.120,-1.619) 实际速度=(-0.008,-0.009,0.678) 最终目标=(-0.024,-0.120,-1.619) 指令位置=(-0.024,-0.120,nan) 指令速度=(0.000,0.000,0.000) 指令加速度=(0.000,0.000,nan) 滚转角=-0.27度 俯仰角=-0.11度
15:41:19.647479 [轨迹] 序号=1509 单调时间=20127.123751 时间=20127.124 模式=AUTO.LAND 起飞状态=未执行起飞 水平控制=位置保持 类型掩码=3520 实际位置NED=(-0.023,-0.120,-1.576) 实际速度=(-0.004,-0.008,0.681) 最终目标=(-0.023,-0.120,-1.576) 指令位置=(-0.023,-0.120,nan) 指令速度=(0.000,0.000,0.000) 指令加速度=(0.000,0.000,nan) 滚转角=-0.28度 俯仰角=-0.12度
15:41:19.751546 [轨迹] 序号=1510 单调时间=20127.228034 时间=20127.228 模式=AUTO.LAND 起飞状态=未执行起飞 水平控制=位置保持 类型掩码=3520 实际位置NED=(-0.022,-0.120,-1.554) 实际速度=(-0.002,-0.007,0.682) 最终目标=(-0.022,-0.120,-1.554) 指令位置=(-0.022,-0.120,nan) 指令速度=(0.000,0.000,0.000) 指令加速度=(0.000,0.000,nan) 滚转角=-0.29度 俯仰角=-0.12度
15:41:19.854339 [轨迹] 序号=1511 单调时间=20127.330848 时间=20127.331 模式=AUTO.LAND 起飞状态=未执行起飞 水平控制=位置保持 类型掩码=3520 实际位置NED=(-0.021,-0.119,-1.533) 实际速度=(-0.000,-0.006,0.683) 最终目标=(-0.021,-0.119,-1.533) 指令位置=(-0.021,-0.119,nan) 指令速度=(0.000,0.000,0.000) 指令加速度=(0.000,0.000,nan) 滚转角=-0.29度 俯仰角=-0.13度
15:41:19.957292 [轨迹] 序号=1512 单调时间=20127.433621 时间=20127.434 模式=AUTO.LAND 起飞状态=未执行起飞 水平控制=位置保持 类型掩码=3520 实际位置NED=(-0.020,-0.118,-1.511) 实际速度=(0.002,-0.004,0.684) 最终目标=(-0.020,-0.118,-1.511) 指令位置=(-0.020,-0.118,nan) 指令速度=(0.000,0.000,0.000) 指令加速度=(0.000,0.000,nan) 滚转角=-0.29度 俯仰角=-0.13度
15:41:20.060188 [轨迹] 序号=1513 单调时间=20127.536498 时间=20127.536 模式=AUTO.LAND 起飞状态=未执行起飞 水平控制=位置保持 类型掩码=3520 实际位置NED=(-0.019,-0.117,-1.484) 实际速度=(0.004,-0.002,0.686) 最终目标=(-0.019,-0.117,-1.484) 指令位置=(-0.019,-0.117,nan) 指令速度=(0.000,0.000,0.000) 指令加速度=(0.000,0.000,nan) 滚转角=-0.28度 俯仰角=-0.13度
15:41:20.163014 [轨迹] 序号=1514 单调时间=20127.639357 时间=20127.639 模式=AUTO.LAND 起飞状态=未执行起飞 水平控制=位置保持 类型掩码=3520 实际位置NED=(-0.017,-0.113,-1.440) 实际速度=(0.006,0.002,0.688) 最终目标=(-0.017,-0.113,-1.440) 指令位置=(-0.017,-0.113,nan) 指令速度=(0.000,0.000,0.000) 指令加速度=(0.000,0.000,nan) 滚转角=-0.25度 俯仰角=-0.11度
15:41:20.266700 [轨迹] 序号=1515 单调时间=20127.742648 时间=20127.743 模式=AUTO.LAND 起飞状态=未执行起飞 水平控制=位置保持 类型掩码=3520 实际位置NED=(-0.017,-0.111,-1.418) 实际速度=(0.007,0.005,0.689) 最终目标=(-0.017,-0.111,-1.418) 指令位置=(-0.017,-0.111,nan) 指令速度=(0.000,0.000,0.000) 指令加速度=(0.000,0.000,nan) 滚转角=-0.22度 俯仰角=-0.10度
15:41:20.367893 [轨迹] 序号=1516 单调时间=20127.844261 时间=20127.844 模式=AUTO.LAND 起飞状态=未执行起飞 水平控制=位置保持 类型掩码=3520 实际位置NED=(-0.016,-0.109,-1.396) 实际速度=(0.008,0.007,0.690) 最终目标=(-0.016,-0.109,-1.396) 指令位置=(-0.016,-0.109,nan) 指令速度=(0.000,0.000,0.000) 指令加速度=(0.000,0.000,nan) 滚转角=-0.19度 俯仰角=-0.07度
15:41:20.470629 [轨迹] 序号=1517 单调时间=20127.947036 时间=20127.947 模式=AUTO.LAND 起飞状态=未执行起飞 水平控制=位置保持 类型掩码=3520 实际位置NED=(-0.015,-0.107,-1.374) 实际速度=(0.008,0.009,0.691) 最终目标=(-0.015,-0.107,-1.374) 指令位置=(-0.015,-0.107,nan) 指令速度=(0.000,0.000,0.000) 指令加速度=(0.000,0.000,nan) 滚转角=-0.17度 俯仰角=-0.04度
15:41:20.573349 [轨迹] 序号=1518 单调时间=20128.049837 时间=20128.050 模式=AUTO.LAND 起飞状态=未执行起飞 水平控制=位置保持 类型掩码=3520 实际位置NED=(-0.014,-0.104,-1.347) 实际速度=(0.009,0.011,0.692) 最终目标=(-0.014,-0.104,-1.347) 指令位置=(-0.014,-0.104,nan) 指令速度=(0.000,0.000,0.000) 指令加速度=(0.000,0.000,nan) 滚转角=-0.16度 俯仰角=-0.03度
15:41:20.676412 [轨迹] 序号=1519 单调时间=20128.152815 时间=20128.153 模式=AUTO.LAND 起飞状态=未执行起飞 水平控制=位置保持 类型掩码=3520 实际位置NED=(-0.012,-0.099,-1.303) 实际速度=(0.010,0.015,0.693) 最终目标=(-0.012,-0.099,-1.303) 指令位置=(-0.012,-0.099,nan) 指令速度=(0.000,0.000,0.000) 指令加速度=(0.000,0.000,nan) 滚转角=-0.12度 俯仰角=0.03度
15:41:20.779574 [轨迹] 序号=1520 单调时间=20128.255914 时间=20128.256 模式=AUTO.LAND 起飞状态=未执行起飞 水平控制=位置保持 类型掩码=3520 实际位置NED=(-0.012,-0.099,-1.303) 实际速度=(0.010,0.015,0.693) 最终目标=(-0.012,-0.099,-1.303) 指令位置=(-0.012,-0.099,nan) 指令速度=(0.000,0.000,0.000) 指令加速度=(0.000,0.000,nan) 滚转角=-0.11度 俯仰角=0.06度
15:41:20.883027 [轨迹] 序号=1521 单调时间=20128.359392 时间=20128.359 模式=AUTO.LAND 起飞状态=未执行起飞 水平控制=位置保持 类型掩码=3520 实际位置NED=(-0.011,-0.094,-1.258) 实际速度=(0.010,0.018,0.694) 最终目标=(-0.011,-0.094,-1.258) 指令位置=(-0.011,-0.094,nan) 指令速度=(0.000,0.000,0.000) 指令加速度=(0.000,0.000,nan) 滚转角=-0.08度 俯仰角=0.10度
15:41:20.985708 [轨迹] 序号=1522 单调时间=20128.462056 时间=20128.462 模式=AUTO.LAND 起飞状态=未执行起飞 水平控制=位置保持 类型掩码=3520 实际位置NED=(-0.010,-0.091,-1.236) 实际速度=(0.010,0.019,0.695) 最终目标=(-0.010,-0.091,-1.236) 指令位置=(-0.010,-0.091,nan) 指令速度=(0.000,0.000,0.000) 指令加速度=(0.000,0.000,nan) 滚转角=-0.07度 俯仰角=0.14度
15:41:21.088306 [轨迹] 序号=1523 单调时间=20128.564728 时间=20128.565 模式=AUTO.LAND 起飞状态=未执行起飞 水平控制=位置保持 类型掩码=3520 实际位置NED=(-0.008,-0.088,-1.208) 实际速度=(0.011,0.020,0.696) 最终目标=(-0.008,-0.088,-1.208) 指令位置=(-0.008,-0.088,nan) 指令速度=(0.000,0.000,0.000) 指令加速度=(0.000,0.000,nan) 滚转角=-0.06度 俯仰角=0.17度
15:41:21.191793 [轨迹] 序号=1524 单调时间=20128.667819 时间=20128.668 模式=AUTO.LAND 起飞状态=未执行起飞 水平控制=位置保持 类型掩码=3520 实际位置NED=(-0.007,-0.085,-1.186) 实际速度=(0.011,0.021,0.696) 最终目标=(-0.007,-0.085,-1.186) 指令位置=(-0.007,-0.085,nan) 指令速度=(0.000,0.000,0.000) 指令加速度=(0.000,0.000,nan) 滚转角=-0.04度 俯仰角=0.23度
15:41:21.294890 [轨迹] 序号=1525 单调时间=20128.771355 时间=20128.771 模式=AUTO.LAND 起飞状态=未执行起飞 水平控制=位置保持 类型掩码=3520 实际位置NED=(-0.005,-0.082,-1.164) 实际速度=(0.012,0.022,0.697) 最终目标=(-0.005,-0.082,-1.164) 指令位置=(-0.005,-0.082,nan) 指令速度=(0.000,0.000,0.000) 指令加速度=(0.000,0.000,nan) 滚转角=-0.03度 俯仰角=0.27度
15:41:21.399712 [轨迹] 序号=1526 单调时间=20128.876066 时间=20128.876 模式=AUTO.LAND 起飞状态=未执行起飞 水平控制=位置保持 类型掩码=3520 实际位置NED=(-0.004,-0.079,-1.142) 实际速度=(0.012,0.022,0.697) 最终目标=(-0.004,-0.079,-1.142) 指令位置=(-0.004,-0.079,nan) 指令速度=(0.000,0.000,0.000) 指令加速度=(0.000,0.000,nan) 滚转角=-0.02度 俯仰角=0.30度
15:41:21.502305 [轨迹] 序号=1527 单调时间=20128.978648 时间=20128.979 模式=AUTO.LAND 起飞状态=未执行起飞 水平控制=位置保持 类型掩码=3520 实际位置NED=(-0.002,-0.076,-1.119) 实际速度=(0.013,0.023,0.696) 最终目标=(-0.002,-0.076,-1.119) 指令位置=(-0.002,-0.076,nan) 指令速度=(0.000,0.000,0.000) 指令加速度=(0.000,0.000,nan) 滚转角=0.00度 俯仰角=0.36度
15:41:21.604985 [轨迹] 序号=1528 单调时间=20129.081413 时间=20129.081 模式=AUTO.LAND 起飞状态=未执行起飞 水平控制=位置保持 类型掩码=3520 实际位置NED=(-0.000,-0.074,-1.097) 实际速度=(0.013,0.022,0.689) 最终目标=(-0.000,-0.074,-1.097) 指令位置=(-0.000,-0.074,nan) 指令速度=(0.000,0.000,0.000) 指令加速度=(0.000,0.000,nan) 滚转角=0.02度 俯仰角=0.40度
15:41:21.707658 [轨迹] 序号=1529 单调时间=20129.184061 时间=20129.184 模式=AUTO.LAND 起飞状态=未执行起飞 水平控制=位置保持 类型掩码=3520 实际位置NED=(0.001,-0.071,-1.070) 实际速度=(0.013,0.021,0.670) 最终目标=(0.001,-0.071,-1.070) 指令位置=(0.001,-0.071,nan) 指令速度=(0.000,0.000,0.000) 指令加速度=(0.000,0.000,nan) 滚转角=0.04度 俯仰角=0.44度
15:41:21.810506 [轨迹] 序号=1530 单调时间=20129.286890 时间=20129.287 模式=AUTO.LAND 起飞状态=未执行起飞 水平控制=位置保持 类型掩码=3520 实际位置NED=(0.004,-0.068,-1.029) 实际速度=(0.013,0.016,0.618) 最终目标=(0.004,-0.068,-1.029) 指令位置=(0.004,-0.068,nan) 指令速度=(0.000,0.000,0.000) 指令加速度=(0.000,0.000,nan) 滚转角=0.06度 俯仰角=0.48度
15:41:21.913785 [轨迹] 序号=1531 单调时间=20129.390168 时间=20129.390 模式=AUTO.LAND 起飞状态=未执行起飞 水平控制=位置保持 类型掩码=3520 实际位置NED=(0.005,-0.067,-1.009) 实际速度=(0.012,0.012,0.583) 最终目标=(0.005,-0.067,-1.009) 指令位置=(0.005,-0.067,nan) 指令速度=(0.000,0.000,0.000) 指令加速度=(0.000,0.000,nan) 滚转角=0.08度 俯仰角=0.51度
15:41:22.016753 [轨迹] 序号=1532 单调时间=20129.493040 时间=20129.493 模式=AUTO.LAND 起飞状态=未执行起飞 水平控制=位置保持 类型掩码=3520 实际位置NED=(0.006,-0.067,-0.991) 实际速度=(0.011,0.008,0.543) 最终目标=(0.006,-0.067,-0.991) 指令位置=(0.006,-0.067,nan) 指令速度=(0.000,0.000,0.000) 指令加速度=(0.000,0.000,nan) 滚转角=0.10度 俯仰角=0.54度
15:41:22.119605 [轨迹] 序号=1533 单调时间=20129.595893 时间=20129.596 模式=AUTO.LAND 起飞状态=未执行起飞 水平控制=位置保持 类型掩码=3520 实际位置NED=(0.006,-0.068,-0.975) 实际速度=(0.010,0.002,0.498) 最终目标=(0.006,-0.068,-0.975) 指令位置=(0.006,-0.068,nan) 指令速度=(0.000,0.000,0.000) 指令加速度=(0.000,0.000,nan) 滚转角=0.12度 俯仰角=0.55度
15:41:22.223218 [轨迹] 序号=1534 单调时间=20129.699566 时间=20129.700 模式=AUTO.LAND 起飞状态=未执行起飞 水平控制=位置保持 类型掩码=3520 实际位置NED=(0.007,-0.070,-0.956) 实际速度=(0.008,-0.006,0.435) 最终目标=(0.007,-0.070,-0.956) 指令位置=(0.007,-0.070,nan) 指令速度=(0.000,0.000,0.000) 指令加速度=(0.000,0.000,nan) 滚转角=0.13度 俯仰角=0.55度
15:41:22.326457 [轨迹] 序号=1535 单调时间=20129.802676 时间=20129.803 模式=AUTO.LAND 起飞状态=未执行起飞 水平控制=位置保持 类型掩码=3520 实际位置NED=(0.009,-0.075,-0.932) 实际速度=(0.005,-0.020,0.330) 最终目标=(0.009,-0.075,-0.932) 指令位置=(0.009,-0.075,nan) 指令速度=(0.000,0.000,0.000) 指令加速度=(0.000,0.000,nan) 滚转角=0.14度 俯仰角=0.53度
15:41:22.429043 [轨迹] 序号=1536 单调时间=20129.905475 时间=20129.905 模式=AUTO.LAND 起飞状态=未执行起飞 水平控制=位置保持 类型掩码=3520 实际位置NED=(0.009,-0.075,-0.932) 实际速度=(0.005,-0.020,0.330) 最终目标=(0.009,-0.075,-0.932) 指令位置=(0.009,-0.075,nan) 指令速度=(0.000,0.000,0.000) 指令加速度=(0.000,0.000,nan) 滚转角=0.15度 俯仰角=0.51度
15:41:22.532813 [轨迹] 序号=1537 单调时间=20130.009118 时间=20130.009 模式=AUTO.LAND 起飞状态=未执行起飞 水平控制=位置保持 类型掩码=3520 实际位置NED=(0.009,-0.083,-0.913) 实际速度=(0.002,-0.036,0.260) 最终目标=(0.009,-0.083,-0.913) 指令位置=(0.009,-0.083,nan) 指令速度=(0.000,0.000,0.000) 指令加速度=(0.000,0.000,nan) 滚转角=0.15度 俯仰角=0.45度
15:41:22.636021 [轨迹] 序号=1538 单调时间=20130.112444 时间=20130.112 模式=AUTO.LAND 起飞状态=未执行起飞 水平控制=位置保持 类型掩码=3520 实际位置NED=(0.010,-0.088,-0.905) 实际速度=(-0.000,-0.043,0.240) 最终目标=(0.010,-0.088,-0.905) 指令位置=(0.010,-0.088,nan) 指令速度=(0.000,0.000,0.000) 指令加速度=(0.000,0.000,nan) 滚转角=0.14度 俯仰角=0.40度
15:41:22.738689 [轨迹] 序号=1539 单调时间=20130.214919 时间=20130.215 模式=AUTO.LAND 起飞状态=未执行起飞 水平控制=位置保持 类型掩码=3520 实际位置NED=(0.010,-0.094,-0.896) 实际速度=(-0.002,-0.052,0.227) 最终目标=(0.010,-0.094,-0.896) 指令位置=(0.010,-0.094,nan) 指令速度=(0.000,0.000,0.000) 指令加速度=(0.000,0.000,nan) 滚转角=0.14度 俯仰角=0.32度
15:41:22.841541 [轨迹] 序号=1540 单调时间=20130.317829 时间=20130.318 模式=AUTO.LAND 起飞状态=未执行起飞 水平控制=位置保持 类型掩码=3520 实际位置NED=(0.010,-0.105,-0.881) 实际速度=(-0.006,-0.064,0.231) 最终目标=(0.010,-0.105,-0.881) 指令位置=(0.010,-0.105,nan) 指令速度=(0.000,0.000,0.000) 指令加速度=(0.000,0.000,nan) 滚转角=0.12度 俯仰角=0.17度
15:41:22.944593 [轨迹] 序号=1541 单调时间=20130.420861 时间=20130.421 模式=AUTO.LAND 起飞状态=未执行起飞 水平控制=位置保持 类型掩码=3520 实际位置NED=(0.010,-0.105,-0.881) 实际速度=(-0.006,-0.064,0.231) 最终目标=(0.010,-0.105,-0.881) 指令位置=(0.010,-0.105,nan) 指令速度=(0.000,0.000,0.000) 指令加速度=(0.000,0.000,nan) 滚转角=0.10度 俯仰角=0.09度
15:41:23.047775 [轨迹] 序号=1542 单调时间=20130.524101 时间=20130.524 模式=AUTO.LAND 起飞状态=未执行起飞 水平控制=位置保持 类型掩码=3520 实际位置NED=(0.010,-0.110,-0.873) 实际速度=(-0.007,-0.070,0.241) 最终目标=(0.010,-0.110,-0.873) 指令位置=(0.010,-0.110,nan) 指令速度=(0.000,0.000,0.000) 指令加速度=(0.000,0.000,nan) 滚转角=0.09度 俯仰角=0.00度
15:41:23.150950 [轨迹] 序号=1543 单调时间=20130.627209 时间=20130.627 模式=AUTO.LAND 起飞状态=未执行起飞 水平控制=位置保持 类型掩码=3520 实际位置NED=(0.010,-0.122,-0.856) 实际速度=(-0.009,-0.078,0.274) 最终目标=(0.010,-0.122,-0.856) 指令位置=(0.010,-0.122,nan) 指令速度=(0.000,0.000,0.000) 指令加速度=(0.000,0.000,nan) 滚转角=0.07度 俯仰角=-0.12度
15:41:23.253713 [轨迹] 序号=1544 单调时间=20130.730027 时间=20130.730 模式=AUTO.LAND 起飞状态=未执行起飞 水平控制=位置保持 类型掩码=3520 实际位置NED=(0.010,-0.129,-0.845) 实际速度=(-0.010,-0.083,0.296) 最终目标=(0.010,-0.129,-0.845) 指令位置=(0.010,-0.129,nan) 指令速度=(0.000,0.000,0.000) 指令加速度=(0.000,0.000,nan) 滚转角=0.05度 俯仰角=-0.24度
15:41:23.356479 [轨迹] 序号=1545 单调时间=20130.832757 时间=20130.833 模式=AUTO.LAND 起飞状态=未执行起飞 水平控制=位置保持 类型掩码=3520 实际位置NED=(0.011,-0.135,-0.835) 实际速度=(-0.011,-0.085,0.311) 最终目标=(0.011,-0.135,-0.835) 指令位置=(0.011,-0.135,nan) 指令速度=(0.000,0.000,0.000) 指令加速度=(0.000,0.000,nan) 滚转角=0.03度 俯仰角=-0.36度
15:41:23.458686 [轨迹] 序号=1546 单调时间=20130.935177 时间=20130.935 模式=AUTO.LAND 起飞状态=未执行起飞 水平控制=位置保持 类型掩码=3520 实际位置NED=(0.011,-0.141,-0.824) 实际速度=(-0.011,-0.087,0.321) 最终目标=(0.011,-0.141,-0.824) 指令位置=(0.011,-0.141,nan) 指令速度=(0.000,0.000,0.000) 指令加速度=(0.000,0.000,nan) 滚转角=0.01度 俯仰角=-0.48度
15:41:23.562666 [轨迹] 序号=1547 单调时间=20131.038948 时间=20131.039 模式=AUTO.LAND 起飞状态=未执行起飞 水平控制=位置保持 类型掩码=3520 实际位置NED=(0.011,-0.147,-0.814) 实际速度=(-0.011,-0.089,0.330) 最终目标=(0.011,-0.147,-0.814) 指令位置=(0.011,-0.147,nan) 指令速度=(0.000,0.000,0.000) 指令加速度=(0.000,0.000,nan) 滚转角=0.00度 俯仰角=-0.54度
15:41:23.665434 [轨迹] 序号=1548 单调时间=20131.141765 时间=20131.142 模式=AUTO.LAND 起飞状态=未执行起飞 水平控制=位置保持 类型掩码=3520 实际位置NED=(0.012,-0.160,-0.791) 实际速度=(-0.011,-0.090,0.340) 最终目标=(0.012,-0.160,-0.791) 指令位置=(0.012,-0.160,nan) 指令速度=(0.000,0.000,0.000) 指令加速度=(0.000,0.000,nan) 滚转角=-0.02度 俯仰角=-0.71度
15:41:23.768195 [轨迹] 序号=1549 单调时间=20131.244594 时间=20131.245 模式=AUTO.LAND 起飞状态=未执行起飞 水平控制=位置保持 类型掩码=3520 实际位置NED=(0.012,-0.160,-0.791) 实际速度=(-0.011,-0.090,0.340) 最终目标=(0.012,-0.160,-0.791) 指令位置=(0.012,-0.160,nan) 指令速度=(0.000,0.000,0.000) 指令加速度=(0.000,0.000,nan) 滚转角=-0.03度 俯仰角=-0.78度
15:41:23.870624 [轨迹] 序号=1550 单调时间=20131.346928 时间=20131.347 模式=AUTO.LAND 起飞状态=未执行起飞 水平控制=位置保持 类型掩码=3520 实际位置NED=(0.013,-0.167,-0.777) 实际速度=(-0.010,-0.090,0.343) 最终目标=(0.013,-0.167,-0.777) 指令位置=(0.013,-0.167,nan) 指令速度=(0.000,0.000,0.000) 指令加速度=(0.000,0.000,nan) 滚转角=-0.03度 俯仰角=-0.86度
15:41:23.973605 [轨迹] 序号=1551 单调时间=20131.449875 时间=20131.450 模式=AUTO.LAND 起飞状态=未执行起飞 水平控制=位置保持 类型掩码=3520 实际位置NED=(0.015,-0.178,-0.755) 实际速度=(-0.009,-0.088,0.345) 最终目标=(0.015,-0.178,-0.755) 指令位置=(0.015,-0.178,nan) 指令速度=(0.000,0.000,0.000) 指令加速度=(0.000,0.000,nan) 滚转角=-0.04度 俯仰角=-0.96度
15:41:24.076583 [轨迹] 序号=1552 单调时间=20131.552765 时间=20131.553 模式=AUTO.LAND 起飞状态=未执行起飞 水平控制=位置保持 类型掩码=3520 实际位置NED=(0.016,-0.184,-0.743) 实际速度=(-0.008,-0.086,0.344) 最终目标=(0.016,-0.184,-0.743) 指令位置=(0.016,-0.184,nan) 指令速度=(0.000,0.000,0.000) 指令加速度=(0.000,0.000,nan) 滚转角=-0.03度 俯仰角=-1.05度
15:41:24.179866 [轨迹] 序号=1553 单调时间=20131.656099 时间=20131.656 模式=AUTO.LAND 起飞状态=未执行起飞 水平控制=位置保持 类型掩码=3520 实际位置NED=(0.017,-0.189,-0.732) 实际速度=(-0.007,-0.084,0.343) 最终目标=(0.017,-0.189,-0.732) 指令位置=(0.017,-0.189,nan) 指令速度=(0.000,0.000,0.000) 指令加速度=(0.000,0.000,nan) 滚转角=-0.03度 俯仰角=-1.13度
15:41:24.283560 [轨迹] 序号=1554 单调时间=20131.759712 时间=20131.760 模式=AUTO.LAND 起飞状态=未执行起飞 水平控制=位置保持 类型掩码=3520 实际位置NED=(0.018,-0.195,-0.720) 实际速度=(-0.005,-0.082,0.342) 最终目标=(0.018,-0.195,-0.720) 指令位置=(0.018,-0.195,nan) 指令速度=(0.000,0.000,0.000) 指令加速度=(0.000,0.000,nan) 滚转角=-0.02度 俯仰角=-1.20度
15:41:24.386976 [轨迹] 序号=1555 单调时间=20131.862778 时间=20131.863 模式=AUTO.LAND 起飞状态=未执行起飞 水平控制=位置保持 类型掩码=3520 实际位置NED=(0.020,-0.202,-0.706) 实际速度=(-0.003,-0.079,0.340) 最终目标=(0.020,-0.202,-0.706) 指令位置=(0.020,-0.202,nan) 指令速度=(0.000,0.000,0.000) 指令加速度=(0.000,0.000,nan) 滚转角=-0.01度 俯仰角=-1.24度
15:41:24.490152 [轨迹] 序号=1556 单调时间=20131.966422 时间=20131.966 模式=AUTO.LAND 起飞状态=未执行起飞 水平控制=位置保持 类型掩码=3520 实际位置NED=(0.024,-0.212,-0.684) 实际速度=(0.002,-0.073,0.336) 最终目标=(0.024,-0.212,-0.684) 指令位置=(0.024,-0.212,nan) 指令速度=(0.000,0.000,0.000) 指令加速度=(0.000,0.000,nan) 滚转角=0.01度 俯仰角=-1.32度
15:41:24.593017 [轨迹] 序号=1557 单调时间=20132.069316 时间=20132.069 模式=AUTO.LAND 起飞状态=未执行起飞 水平控制=位置保持 类型掩码=3520 实际位置NED=(0.026,-0.217,-0.673) 实际速度=(0.003,-0.070,0.334) 最终目标=(0.026,-0.217,-0.673) 指令位置=(0.026,-0.217,nan) 指令速度=(0.000,0.000,0.000) 指令加速度=(0.000,0.000,nan) 滚转角=0.03度 俯仰角=-1.36度
15:41:24.696582 [轨迹] 序号=1558 单调时间=20132.172785 时间=20132.173 模式=AUTO.LAND 起飞状态=未执行起飞 水平控制=位置保持 类型掩码=3520 实际位置NED=(0.027,-0.221,-0.662) 实际速度=(0.004,-0.066,0.332) 最终目标=(0.027,-0.221,-0.662) 指令位置=(0.027,-0.221,nan) 指令速度=(0.000,0.000,0.000) 指令加速度=(0.000,0.000,nan) 滚转角=0.06度 俯仰角=-1.41度
15:41:24.799750 [轨迹] 序号=1559 单调时间=20132.276063 时间=20132.276 模式=AUTO.LAND 起飞状态=未执行起飞 水平控制=位置保持 类型掩码=3520 实际位置NED=(0.029,-0.225,-0.651) 实际速度=(0.005,-0.061,0.330) 最终目标=(0.029,-0.225,-0.651) 指令位置=(0.029,-0.225,nan) 指令速度=(0.000,0.000,0.000) 指令加速度=(0.000,0.000,nan) 滚转角=0.09度 俯仰角=-1.45度
15:41:24.902359 [轨迹] 序号=1560 单调时间=20132.378721 时间=20132.379 模式=AUTO.LAND 起飞状态=未执行起飞 水平控制=位置保持 类型掩码=3520 实际位置NED=(0.032,-0.230,-0.638) 实际速度=(0.006,-0.055,0.328) 最终目标=(0.032,-0.230,-0.638) 指令位置=(0.032,-0.230,nan) 指令速度=(0.000,0.000,0.000) 指令加速度=(0.000,0.000,nan) 滚转角=0.13度 俯仰角=-1.49度
15:41:25.005163 [轨迹] 序号=1561 单调时间=20132.481504 时间=20132.482 模式=AUTO.LAND 起飞状态=未执行起飞 水平控制=位置保持 类型掩码=3520 实际位置NED=(0.033,-0.234,-0.627) 实际速度=(0.007,-0.050,0.326) 最终目标=(0.033,-0.234,-0.627) 指令位置=(0.033,-0.234,nan) 指令速度=(0.000,0.000,0.000) 指令加速度=(0.000,0.000,nan) 滚转角=0.17度 俯仰角=-1.53度
15:41:25.108382 [轨迹] 序号=1562 单调时间=20132.584793 时间=20132.585 模式=AUTO.LAND 起飞状态=未执行起飞 水平控制=位置保持 类型掩码=3520 实际位置NED=(0.035,-0.237,-0.617) 实际速度=(0.007,-0.045,0.324) 最终目标=(0.035,-0.237,-0.617) 指令位置=(0.035,-0.237,nan) 指令速度=(0.000,0.000,0.000) 指令加速度=(0.000,0.000,nan) 滚转角=0.20度 俯仰角=-1.55度
15:41:25.211455 [轨迹] 序号=1563 单调时间=20132.687714 时间=20132.688 模式=AUTO.LAND 起飞状态=未执行起飞 水平控制=位置保持 类型掩码=3520 实际位置NED=(0.037,-0.240,-0.606) 实际速度=(0.006,-0.039,0.322) 最终目标=(0.037,-0.240,-0.606) 指令位置=(0.037,-0.240,nan) 指令速度=(0.000,0.000,0.000) 指令加速度=(0.000,0.000,nan) 滚转角=0.23度 俯仰角=-1.56度
15:41:25.314265 [轨迹] 序号=1564 单调时间=20132.790642 时间=20132.791 模式=AUTO.LAND 起飞状态=未执行起飞 水平控制=位置保持 类型掩码=3520 实际位置NED=(0.039,-0.244,-0.586) 实际速度=(0.004,-0.026,0.319) 最终目标=(0.039,-0.244,-0.586) 指令位置=(0.039,-0.244,nan) 指令速度=(0.000,0.000,0.000) 指令加速度=(0.000,0.000,nan) 滚转角=0.29度 俯仰角=-1.58度
15:41:25.417676 [轨迹] 序号=1565 单调时间=20132.894080 时间=20132.894 模式=AUTO.LAND 起飞状态=未执行起飞 水平控制=位置保持 类型掩码=3520 实际位置NED=(0.039,-0.244,-0.586) 实际速度=(0.004,-0.026,0.319) 最终目标=(0.039,-0.244,-0.586) 指令位置=(0.039,-0.244,nan) 指令速度=(0.000,0.000,0.000) 指令加速度=(0.000,0.000,nan) 滚转角=0.31度 俯仰角=-1.59度
15:41:25.520913 [轨迹] 序号=1566 单调时间=20132.997417 时间=20132.997 模式=AUTO.LAND 起飞状态=未执行起飞 水平控制=位置保持 类型掩码=3520 实际位置NED=(0.041,-0.247,-0.563) 实际速度=(-0.002,-0.010,0.316) 最终目标=(0.041,-0.247,-0.563) 指令位置=(0.041,-0.247,nan) 指令速度=(0.000,0.000,0.000) 指令加速度=(0.000,0.000,nan) 滚转角=0.34度 俯仰角=-1.58度
15:41:25.623611 [轨迹] 序号=1567 单调时间=20133.099971 时间=20133.100 模式=AUTO.LAND 起飞状态=未执行起飞 水平控制=位置保持 类型掩码=3520 实际位置NED=(0.042,-0.248,-0.553) 实际速度=(-0.005,-0.002,0.315) 最终目标=(0.042,-0.248,-0.553) 指令位置=(0.042,-0.248,nan) 指令速度=(0.000,0.000,0.000) 指令加速度=(0.000,0.000,nan) 滚转角=0.35度 俯仰角=-1.57度
15:41:25.726275 [轨迹] 序号=1568 单调时间=20133.202723 时间=20133.203 模式=AUTO.LAND 起飞状态=未执行起飞 水平控制=位置保持 类型掩码=3520 实际位置NED=(0.042,-0.248,-0.543) 实际速度=(-0.009,0.006,0.314) 最终目标=(0.042,-0.248,-0.543) 指令位置=(0.042,-0.248,nan) 指令速度=(0.000,0.000,0.000) 指令加速度=(0.000,0.000,nan) 滚转角=0.37度 俯仰角=-1.55度
15:41:25.829276 [轨迹] 序号=1569 单调时间=20133.305639 时间=20133.306 模式=AUTO.LAND 起飞状态=未执行起飞 水平控制=位置保持 类型掩码=3520 实际位置NED=(0.042,-0.248,-0.532) 实际速度=(-0.013,0.014,0.313) 最终目标=(0.042,-0.248,-0.532) 指令位置=(0.042,-0.248,nan) 指令速度=(0.000,0.000,0.000) 指令加速度=(0.000,0.000,nan) 滚转角=0.37度 俯仰角=-1.51度
15:41:25.930663 [轨迹] 序号=1570 单调时间=20133.406961 时间=20133.407 模式=AUTO.LAND 起飞状态=未执行起飞 水平控制=位置保持 类型掩码=3520 实际位置NED=(0.042,-0.247,-0.522) 实际速度=(-0.017,0.022,0.312) 最终目标=(0.042,-0.247,-0.522) 指令位置=(0.042,-0.247,nan) 指令速度=(0.000,0.000,0.000) 指令加速度=(0.000,0.000,nan) 滚转角=0.36度 俯仰角=-1.48度
15:41:26.034308 [轨迹] 序号=1571 单调时间=20133.510793 时间=20133.511 模式=AUTO.LAND 起飞状态=未执行起飞 水平控制=位置保持 类型掩码=3520 实际位置NED=(0.041,-0.245,-0.510) 实际速度=(-0.022,0.032,0.312) 最终目标=(0.041,-0.245,-0.510) 指令位置=(0.041,-0.245,nan) 指令速度=(0.000,0.000,0.000) 指令加速度=(0.000,0.000,nan) 滚转角=0.35度 俯仰角=-1.44度
15:41:26.138131 [轨迹] 序号=1572 单调时间=20133.614513 时间=20133.615 模式=AUTO.LAND 起飞状态=未执行起飞 水平控制=位置保持 类型掩码=3520 实际位置NED=(0.038,-0.241,-0.490) 实际速度=(-0.032,0.049,0.311) 最终目标=(0.038,-0.241,-0.490) 指令位置=(0.038,-0.241,nan) 指令速度=(0.000,0.000,0.000) 指令加速度=(0.000,0.000,nan) 滚转角=0.31度 俯仰角=-1.36度
15:41:26.241146 [轨迹] 序号=1573 单调时间=20133.717398 时间=20133.717 模式=AUTO.LAND 起飞状态=未执行起飞 水平控制=位置保持 类型掩码=3520 实际位置NED=(0.036,-0.238,-0.479) 实际速度=(-0.038,0.057,0.310) 最终目标=(0.036,-0.238,-0.479) 指令位置=(0.036,-0.238,nan) 指令速度=(0.000,0.000,0.000) 指令加速度=(0.000,0.000,nan) 滚转角=0.28度 俯仰角=-1.28度
15:41:26.345232 [轨迹] 序号=1574 单调时间=20133.821519 时间=20133.822 模式=AUTO.LAND 起飞状态=未执行起飞 水平控制=位置保持 类型掩码=3520 实际位置NED=(0.034,-0.236,-0.469) 实际速度=(-0.043,0.064,0.310) 最终目标=(0.034,-0.236,-0.469) 指令位置=(0.034,-0.236,nan) 指令速度=(0.000,0.000,0.000) 指令加速度=(0.000,0.000,nan) 滚转角=0.23度 俯仰角=-1.19度
15:41:26.448628 [轨迹] 序号=1575 单调时间=20133.924952 时间=20133.925 模式=AUTO.LAND 起飞状态=未执行起飞 水平控制=位置保持 类型掩码=3520 实际位置NED=(0.032,-0.232,-0.459) 实际速度=(-0.048,0.070,0.309) 最终目标=(0.032,-0.232,-0.459) 指令位置=(0.032,-0.232,nan) 指令速度=(0.000,0.000,0.000) 指令加速度=(0.000,0.000,nan) 滚转角=0.16度 俯仰角=-1.07度
15:41:26.551579 [轨迹] 序号=1576 单调时间=20134.027802 时间=20134.028 模式=AUTO.LAND 起飞状态=未执行起飞 水平控制=位置保持 类型掩码=3520 实际位置NED=(0.029,-0.228,-0.448) 实际速度=(-0.052,0.075,0.306) 最终目标=(0.029,-0.228,-0.448) 指令位置=(0.029,-0.228,nan) 指令速度=(0.000,0.000,0.000) 指令加速度=(0.000,0.000,nan) 滚转角=0.11度 俯仰角=-0.99度
15:41:26.654848 [轨迹] 序号=1577 单调时间=20134.131216 时间=20134.131 模式=AUTO.LAND 起飞状态=未执行起飞 水平控制=位置保持 类型掩码=3520 实际位置NED=(0.024,-0.222,-0.431) 实际速度=(-0.052,0.079,0.303) 最终目标=(0.024,-0.222,-0.431) 指令位置=(0.024,-0.222,nan) 指令速度=(0.000,0.000,0.000) 指令加速度=(0.000,0.000,nan) 滚转角=0.03度 俯仰角=-0.88度
15:41:26.757496 [轨迹] 序号=1578 单调时间=20134.233866 时间=20134.234 模式=AUTO.LAND 起飞状态=未执行起飞 水平控制=位置保持 类型掩码=3520 实际位置NED=(0.023,-0.219,-0.422) 实际速度=(-0.051,0.078,0.302) 最终目标=(0.023,-0.219,-0.422) 指令位置=(0.023,-0.219,nan) 指令速度=(0.000,0.000,0.000) 指令加速度=(0.000,0.000,nan) 滚转角=-0.05度 俯仰角=-0.75度
15:41:26.860657 [轨迹] 序号=1579 单调时间=20134.337124 时间=20134.337 模式=AUTO.LAND 起飞状态=未执行起飞 水平控制=位置保持 类型掩码=3520 实际位置NED=(0.021,-0.223,-0.423) 实际速度=(-0.016,-0.094,-0.006) 最终目标=(0.021,-0.223,-0.423) 指令位置=(0.021,-0.223,nan) 指令速度=(0.000,0.000,0.000) 指令加速度=(0.000,0.000,nan) 滚转角=-0.07度 俯仰角=-0.33度
15:41:26.963564 [轨迹] 序号=1580 单调时间=20134.439748 时间=20134.440 模式=AUTO.LAND 起飞状态=未执行起飞 水平控制=位置保持 类型掩码=3520 实际位置NED=(0.021,-0.223,-0.423) 实际速度=(-0.016,-0.094,-0.006) 最终目标=(0.021,-0.223,-0.423) 指令位置=(0.021,-0.223,nan) 指令速度=(0.000,0.000,0.000) 指令加速度=(0.000,0.000,nan) 滚转角=-0.08度 俯仰角=-0.41度
15:41:27.066975 [轨迹] 序号=1581 单调时间=20134.543109 时间=20134.543 模式=AUTO.LAND 起飞状态=未执行起飞 水平控制=位置保持 类型掩码=3520 实际位置NED=(0.022,-0.233,-0.426) 实际速度=(0.003,-0.158,-0.006) 最终目标=(0.022,-0.233,-0.426) 指令位置=(0.022,-0.233,nan) 指令速度=(0.000,0.000,0.000) 指令加速度=(0.000,0.000,nan) 滚转角=-0.10度 俯仰角=-0.48度
15:41:27.170139 [轨迹] 序号=1582 单调时间=20134.646325 时间=20134.646 模式=AUTO.LAND 起飞状态=未执行起飞 水平控制=位置保持 类型掩码=3520 实际位置NED=(0.023,-0.239,-0.427) 实际速度=(0.007,-0.182,0.001) 最终目标=(0.023,-0.239,-0.427) 指令位置=(0.023,-0.239,nan) 指令速度=(0.000,0.000,0.000) 指令加速度=(0.000,0.000,nan) 滚转角=-0.11度 俯仰角=-0.39度
15:41:27.273214 [轨迹] 序号=1583 单调时间=20134.749404 时间=20134.749 模式=AUTO.LAND 起飞状态=未执行起飞 水平控制=位置保持 类型掩码=3520 实际位置NED=(0.024,-0.245,-0.427) 实际速度=(0.011,-0.202,0.007) 最终目标=(0.024,-0.245,-0.427) 指令位置=(0.024,-0.245,nan) 指令速度=(0.000,0.000,0.000) 指令加速度=(0.000,0.000,nan) 滚转角=-0.12度 俯仰角=-0.19度
15:41:27.377002 [轨迹] 序号=1584 单调时间=20134.853431 时间=20134.853 模式=AUTO.LAND 起飞状态=未执行起飞 水平控制=位置保持 类型掩码=3520 实际位置NED=(0.026,-0.261,-0.428) 实际速度=(0.017,-0.199,-0.008) 最终目标=(0.026,-0.261,-0.428) 指令位置=(0.026,-0.261,nan) 指令速度=(0.000,0.000,0.000) 指令加速度=(0.000,0.000,nan) 滚转角=-0.14度 俯仰角=0.28度
15:41:27.480247 [轨迹] 序号=1585 单调时间=20134.956614 时间=20134.957 模式=AUTO.LAND 起飞状态=未执行起飞 水平控制=位置保持 类型掩码=3520 实际位置NED=(0.026,-0.261,-0.428) 实际速度=(0.017,-0.199,-0.008) 最终目标=(0.026,-0.261,-0.428) 指令位置=(0.026,-0.261,nan) 指令速度=(0.000,0.000,0.000) 指令加速度=(0.000,0.000,nan) 滚转角=-0.15度 俯仰角=0.30度
15:41:27.583269 [轨迹] 序号=1586 单调时间=20135.059440 时间=20135.059 模式=AUTO.LAND 起飞状态=未执行起飞 水平控制=位置保持 类型掩码=3520 实际位置NED=(0.028,-0.269,-0.429) 实际速度=(0.021,-0.200,-0.007) 最终目标=(0.028,-0.269,-0.429) 指令位置=(0.028,-0.269,nan) 指令速度=(0.000,0.000,0.000) 指令加速度=(0.000,0.000,nan) 滚转角=-0.15度 俯仰角=0.31度
15:41:27.686860 [轨迹] 序号=1587 单调时间=20135.163134 时间=20135.163 模式=AUTO.LAND 起飞状态=未执行起飞 水平控制=位置保持 类型掩码=3520 实际位置NED=(0.032,-0.284,-0.429) 实际速度=(0.026,-0.212,-0.007) 最终目标=(0.032,-0.284,-0.429) 指令位置=(0.032,-0.284,nan) 指令速度=(0.000,0.000,0.000) 指令加速度=(0.000,0.000,nan) 滚转角=-0.16度 俯仰角=0.33度
15:41:27.790356 [轨迹] 序号=1588 单调时间=20135.266742 时间=20135.267 模式=AUTO.LAND 起飞状态=未执行起飞 水平控制=位置保持 类型掩码=3520 实际位置NED=(0.032,-0.284,-0.429) 实际速度=(0.026,-0.212,-0.007) 最终目标=(0.032,-0.284,-0.429) 指令位置=(0.032,-0.284,nan) 指令速度=(0.000,0.000,0.000) 指令加速度=(0.000,0.000,nan) 滚转角=-0.16度 俯仰角=0.34度
15:41:27.893010 [轨迹] 序号=1589 单调时间=20135.369519 时间=20135.370 模式=AUTO.LAND 起飞状态=未执行起飞 水平控制=位置保持 类型掩码=3520 实际位置NED=(0.034,-0.292,-0.430) 实际速度=(0.028,-0.217,-0.007) 最终目标=(0.034,-0.292,-0.430) 指令位置=(0.034,-0.292,nan) 指令速度=(0.000,0.000,0.000) 指令加速度=(0.000,0.000,nan) 滚转角=-0.17度 俯仰角=0.35度
15:41:27.995647 [轨迹] 序号=1590 单调时间=20135.472070 时间=20135.472 模式=AUTO.LAND 起飞状态=未执行起飞 水平控制=位置保持 类型掩码=3520 实际位置NED=(0.037,-0.307,-0.430) 实际速度=(0.033,-0.227,-0.007) 最终目标=(0.037,-0.307,-0.430) 指令位置=(0.037,-0.307,nan) 指令速度=(0.000,0.000,0.000) 指令加速度=(0.000,0.000,nan) 滚转角=-0.17度 俯仰角=0.35度
15:41:28.098711 [轨迹] 序号=1591 单调时间=20135.575066 时间=20135.575 模式=AUTO.LAND 起飞状态=未执行起飞 水平控制=位置保持 类型掩码=3520 实际位置NED=(0.040,-0.317,-0.430) 实际速度=(0.035,-0.232,-0.006) 最终目标=(0.040,-0.317,-0.430) 指令位置=(0.040,-0.317,nan) 指令速度=(0.000,0.000,0.000) 指令加速度=(0.000,0.000,nan) 滚转角=-0.17度 俯仰角=0.36度
15:41:28.201201 [轨迹] 序号=1592 单调时间=20135.677628 时间=20135.678 模式=AUTO.LAND 起飞状态=未执行起飞 水平控制=位置保持 类型掩码=3520 实际位置NED=(0.042,-0.324,-0.430) 实际速度=(0.037,-0.236,-0.006) 最终目标=(0.042,-0.324,-0.430) 指令位置=(0.042,-0.324,nan) 指令速度=(0.000,0.000,0.000) 指令加速度=(0.000,0.000,nan) 滚转角=-0.17度 俯仰角=0.36度
15:41:28.303810 [轨迹] 序号=1593 单调时间=20135.780224 时间=20135.780 模式=AUTO.LAND 起飞状态=未执行起飞 水平控制=位置保持 类型掩码=3520 实际位置NED=(0.044,-0.332,-0.430) 实际速度=(0.038,-0.240,-0.006) 最终目标=(0.044,-0.332,-0.430) 指令位置=(0.044,-0.332,nan) 指令速度=(0.000,0.000,0.000) 指令加速度=(0.000,0.000,nan) 滚转角=-0.17度 俯仰角=0.36度
15:41:28.406714 [轨迹] 序号=1594 单调时间=20135.883114 时间=20135.883 模式=AUTO.LAND 起飞状态=未执行起飞 水平控制=位置保持 类型掩码=3520 实际位置NED=(0.046,-0.340,-0.430) 实际速度=(0.040,-0.243,-0.005) 最终目标=(0.046,-0.340,-0.430) 指令位置=(0.046,-0.340,nan) 指令速度=(0.000,0.000,0.000) 指令加速度=(0.000,0.000,nan) 滚转角=-0.17度 俯仰角=0.36度
15:41:28.509985 [轨迹] 序号=1595 单调时间=20135.986297 时间=20135.986 模式=AUTO.LAND 起飞状态=未执行起飞 水平控制=位置保持 类型掩码=3520 实际位置NED=(0.049,-0.355,-0.429) 实际速度=(0.042,-0.249,-0.005) 最终目标=(0.049,-0.355,-0.429) 指令位置=(0.049,-0.355,nan) 指令速度=(0.000,0.000,0.000) 指令加速度=(0.000,0.000,nan) 滚转角=-0.17度 俯仰角=0.36度
15:41:28.612710 [轨迹] 序号=1596 单调时间=20136.088967 时间=20136.089 模式=AUTO.LAND 起飞状态=未执行起飞 水平控制=位置保持 类型掩码=3520 实际位置NED=(0.052,-0.364,-0.429) 实际速度=(0.043,-0.252,-0.004) 最终目标=(0.052,-0.364,-0.429) 指令位置=(0.052,-0.364,nan) 指令速度=(0.000,0.000,0.000) 指令加速度=(0.000,0.000,nan) 滚转角=-0.17度 俯仰角=0.36度
15:41:28.717443 [轨迹] 序号=1597 单调时间=20136.193794 时间=20136.194 模式=AUTO.LAND 起飞状态=未执行起飞 水平控制=位置保持 类型掩码=3520 实际位置NED=(0.053,-0.371,-0.429) 实际速度=(0.044,-0.255,-0.004) 最终目标=(0.053,-0.371,-0.429) 指令位置=(0.053,-0.371,nan) 指令速度=(0.000,0.000,0.000) 指令加速度=(0.000,0.000,nan) 滚转角=-0.17度 俯仰角=0.36度
15:41:28.820046 [轨迹] 序号=1598 单调时间=20136.296479 时间=20136.296 模式=AUTO.LAND 起飞状态=未执行起飞 水平控制=位置保持 类型掩码=3520 实际位置NED=(0.055,-0.379,-0.428) 实际速度=(0.045,-0.257,-0.003) 最终目标=(0.055,-0.379,-0.428) 指令位置=(0.055,-0.379,nan) 指令速度=(0.000,0.000,0.000) 指令加速度=(0.000,0.000,nan) 滚转角=-0.17度 俯仰角=0.36度
15:41:28.922968 [轨迹] 序号=1599 单调时间=20136.399356 时间=20136.399 模式=AUTO.LAND 起飞状态=未执行起飞 水平控制=位置保持 类型掩码=3520 实际位置NED=(0.057,-0.386,-0.428) 实际速度=(0.045,-0.259,-0.003) 最终目标=(0.057,-0.386,-0.428) 指令位置=(0.057,-0.386,nan) 指令速度=(0.000,0.000,0.000) 指令加速度=(0.000,0.000,nan) 滚转角=-0.17度 俯仰角=0.35度
15:41:29.026141 [轨迹] 序号=1600 单调时间=20136.502463 时间=20136.502 模式=AUTO.LAND 起飞状态=未执行起飞 水平控制=位置保持 类型掩码=3520 实际位置NED=(0.060,-0.400,-0.427) 实际速度=(0.046,-0.262,-0.002) 最终目标=(0.060,-0.400,-0.427) 指令位置=(0.060,-0.400,nan) 指令速度=(0.000,0.000,0.000) 指令加速度=(0.000,0.000,nan) 滚转角=-0.17度 俯仰角=0.35度
15:41:29.129092 [轨迹] 序号=1601 单调时间=20136.605325 时间=20136.605 模式=AUTO.LAND 起飞状态=未执行起飞 水平控制=位置保持 类型掩码=3520 实际位置NED=(0.060,-0.400,-0.427) 实际速度=(0.046,-0.262,-0.002) 最终目标=(0.060,-0.400,-0.427) 指令位置=(0.060,-0.400,nan) 指令速度=(0.000,0.000,0.000) 指令加速度=(0.000,0.000,nan) 滚转角=-0.17度 俯仰角=0.35度
15:41:29.231819 [轨迹] 序号=1602 单调时间=20136.708287 时间=20136.708 模式=AUTO.LAND 起飞状态=未执行起飞 水平控制=位置保持 类型掩码=3520 实际位置NED=(0.062,-0.408,-0.427) 实际速度=(0.046,-0.263,-0.002) 最终目标=(0.062,-0.408,-0.427) 指令位置=(0.062,-0.408,nan) 指令速度=(0.000,0.000,0.000) 指令加速度=(0.000,0.000,nan) 滚转角=-0.16度 俯仰角=0.34度
15:41:29.335518 [轨迹] 序号=1603 单调时间=20136.811590 时间=20136.812 模式=AUTO.LAND 起飞状态=未执行起飞 水平控制=位置保持 类型掩码=3520 实际位置NED=(0.064,-0.421,-0.426) 实际速度=(0.046,-0.265,-0.001) 最终目标=(0.064,-0.421,-0.426) 指令位置=(0.064,-0.421,nan) 指令速度=(0.000,0.000,0.000) 指令加速度=(0.000,0.000,nan) 滚转角=-0.16度 俯仰角=0.34度
15:41:29.439260 [轨迹] 序号=1604 单调时间=20136.915316 时间=20136.915 模式=AUTO.LAND 起飞状态=未执行起飞 水平控制=位置保持 类型掩码=3520 实际位置NED=(0.066,-0.427,-0.426) 实际速度=(0.046,-0.265,-0.001) 最终目标=(0.066,-0.427,-0.426) 指令位置=(0.066,-0.427,nan) 指令速度=(0.000,0.000,0.000) 指令加速度=(0.000,0.000,nan) 滚转角=-0.16度 俯仰角=0.34度
15:41:29.542076 [轨迹] 序号=1605 单调时间=20137.018286 时间=20137.018 模式=AUTO.LAND 起飞状态=未执行起飞 水平控制=位置保持 类型掩码=3520 实际位置NED=(0.067,-0.434,-0.425) 实际速度=(0.046,-0.266,-0.000) 最终目标=(0.067,-0.434,-0.425) 指令位置=(0.067,-0.434,nan) 指令速度=(0.000,0.000,0.000) 指令加速度=(0.000,0.000,nan) 滚转角=-0.16度 俯仰角=0.33度
15:41:29.645319 [轨迹] 序号=1606 单调时间=20137.121743 时间=20137.122 模式=AUTO.LAND 起飞状态=未执行起飞 水平控制=位置保持 类型掩码=3520 实际位置NED=(0.068,-0.440,-0.425) 实际速度=(0.046,-0.266,0.000) 最终目标=(0.068,-0.440,-0.425) 指令位置=(0.068,-0.440,nan) 指令速度=(0.000,0.000,0.000) 指令加速度=(0.000,0.000,nan) 滚转角=-0.16度 俯仰角=0.33度
15:41:29.748043 [轨迹] 序号=1607 单调时间=20137.224334 时间=20137.224 模式=AUTO.LAND 起飞状态=未执行起飞 水平控制=位置保持 类型掩码=3520 实际位置NED=(0.070,-0.447,-0.424) 实际速度=(0.046,-0.266,0.000) 最终目标=(0.070,-0.447,-0.424) 指令位置=(0.070,-0.447,nan) 指令速度=(0.000,0.000,0.000) 指令加速度=(0.000,0.000,nan) 滚转角=-0.16度 俯仰角=0.32度
15:41:29.849933 [轨迹] 序号=1608 单调时间=20137.326211 时间=20137.326 模式=AUTO.LAND 起飞状态=未执行起飞 水平控制=位置保持 类型掩码=3520 实际位置NED=(0.071,-0.453,-0.424) 实际速度=(0.046,-0.266,0.001) 最终目标=(0.071,-0.453,-0.424) 指令位置=(0.071,-0.453,nan) 指令速度=(0.000,0.000,0.000) 指令加速度=(0.000,0.000,nan) 滚转角=-0.16度 俯仰角=0.32度
15:41:29.952534 [轨迹] 序号=1609 单调时间=20137.428953 时间=20137.429 模式=AUTO.LAND 起飞状态=未执行起飞 水平控制=位置保持 类型掩码=3520 实际位置NED=(0.072,-0.458,-0.424) 实际速度=(0.046,-0.265,0.001) 最终目标=(0.072,-0.458,-0.424) 指令位置=(0.072,-0.458,nan) 指令速度=(0.000,0.000,0.000) 指令加速度=(0.000,0.000,nan) 滚转角=-0.16度 俯仰角=0.32度
15:41:30.055734 [轨迹] 序号=1610 单调时间=20137.532068 时间=20137.532 模式=AUTO.LAND 起飞状态=未执行起飞 水平控制=位置保持 类型掩码=3520 实际位置NED=(0.073,-0.463,-0.423) 实际速度=(0.046,-0.265,0.001) 最终目标=(0.073,-0.463,-0.423) 指令位置=(0.073,-0.463,nan) 指令速度=(0.000,0.000,0.000) 指令加速度=(0.000,0.000,nan) 滚转角=-0.16度 俯仰角=0.31度
15:41:30.160558 [轨迹] 序号=1611 单调时间=20137.636805 时间=20137.637 模式=AUTO.LAND 起飞状态=未执行起飞 水平控制=位置保持 类型掩码=3520 实际位置NED=(0.075,-0.474,-0.423) 实际速度=(0.046,-0.264,0.002) 最终目标=(0.075,-0.474,-0.423) 指令位置=(0.075,-0.474,nan) 指令速度=(0.000,0.000,0.000) 指令加速度=(0.000,0.000,nan) 滚转角=-0.15度 俯仰角=0.30度
15:41:30.263377 [轨迹] 序号=1612 单调时间=20137.739654 时间=20137.740 模式=AUTO.LAND 起飞状态=未执行起飞 水平控制=位置保持 类型掩码=3520 实际位置NED=(0.075,-0.474,-0.423) 实际速度=(0.046,-0.264,0.002) 最终目标=(0.075,-0.474,-0.423) 指令位置=(0.075,-0.474,nan) 指令速度=(0.000,0.000,0.000) 指令加速度=(0.000,0.000,nan) 滚转角=-0.15度 俯仰角=0.30度
15:41:30.366271 [轨迹] 序号=1613 单调时间=20137.842571 时间=20137.843 模式=AUTO.LAND 起飞状态=未执行起飞 水平控制=位置保持 类型掩码=3520 实际位置NED=(0.077,-0.479,-0.422) 实际速度=(0.045,-0.263,0.002) 最终目标=(0.077,-0.479,-0.422) 指令位置=(0.077,-0.479,nan) 指令速度=(0.000,0.000,0.000) 指令加速度=(0.000,0.000,nan) 滚转角=-0.15度 俯仰角=0.29度
15:41:30.469177 [轨迹] 序号=1614 单调时间=20137.945195 时间=20137.945 模式=AUTO.LAND 起飞状态=未执行起飞 水平控制=位置保持 类型掩码=3520 实际位置NED=(0.079,-0.488,-0.421) 实际速度=(0.045,-0.261,0.003) 最终目标=(0.079,-0.488,-0.421) 指令位置=(0.079,-0.488,nan) 指令速度=(0.000,0.000,0.000) 指令加速度=(0.000,0.000,nan) 滚转角=-0.15度 俯仰角=0.29度
15:41:30.572159 [轨迹] 序号=1615 单调时间=20138.048417 时间=20138.048 模式=AUTO.LAND 起飞状态=未执行起飞 水平控制=位置保持 类型掩码=3520 实际位置NED=(0.080,-0.493,-0.421) 实际速度=(0.045,-0.260,0.003) 最终目标=(0.080,-0.493,-0.421) 指令位置=(0.080,-0.493,nan) 指令速度=(0.000,0.000,0.000) 指令加速度=(0.000,0.000,nan) 滚转角=-0.15度 俯仰角=0.28度
15:41:30.675562 [轨迹] 序号=1616 单调时间=20138.151949 时间=20138.152 模式=AUTO.LAND 起飞状态=未执行起飞 水平控制=位置保持 类型掩码=3520 实际位置NED=(0.081,-0.497,-0.421) 实际速度=(0.045,-0.258,0.003) 最终目标=(0.081,-0.497,-0.421) 指令位置=(0.081,-0.497,nan) 指令速度=(0.000,0.000,0.000) 指令加速度=(0.000,0.000,nan) 滚转角=-0.15度 俯仰角=0.27度
15:41:30.778309 [轨迹] 序号=1617 单调时间=20138.254743 时间=20138.255 模式=AUTO.LAND 起飞状态=未执行起飞 水平控制=位置保持 类型掩码=3520 实际位置NED=(0.082,-0.500,-0.421) 实际速度=(0.045,-0.257,0.003) 最终目标=(0.082,-0.500,-0.421) 指令位置=(0.082,-0.500,nan) 指令速度=(0.000,0.000,0.000) 指令加速度=(0.000,0.000,nan) 滚转角=-0.15度 俯仰角=0.27度
15:41:30.880679 [轨迹] 序号=1618 单调时间=20138.356832 时间=20138.357 模式=AUTO.LAND 起飞状态=未执行起飞 水平控制=位置保持 类型掩码=3520 实际位置NED=(0.083,-0.505,-0.420) 实际速度=(0.045,-0.255,0.003) 最终目标=(0.083,-0.505,-0.420) 指令位置=(0.083,-0.505,nan) 指令速度=(0.000,0.000,0.000) 指令加速度=(0.000,0.000,nan) 滚转角=-0.15度 俯仰角=0.26度
15:41:30.984700 [轨迹] 序号=1619 单调时间=20138.461103 时间=20138.461 模式=AUTO.LAND 起飞状态=未执行起飞 水平控制=位置保持 类型掩码=3520 实际位置NED=(0.085,-0.512,-0.420) 实际速度=(0.045,-0.251,0.004) 最终目标=(0.085,-0.512,-0.420) 指令位置=(0.085,-0.512,nan) 指令速度=(0.000,0.000,0.000) 指令加速度=(0.000,0.000,nan) 滚转角=-0.15度 俯仰角=0.25度
15:41:31.088575 [轨迹] 序号=1620 单调时间=20138.564724 时间=20138.565 模式=AUTO.LAND 起飞状态=未执行起飞 水平控制=位置保持 类型掩码=3520 实际位置NED=(0.085,-0.512,-0.420) 实际速度=(0.045,-0.251,0.004) 最终目标=(0.085,-0.512,-0.420) 指令位置=(0.085,-0.512,nan) 指令速度=(0.000,0.000,0.000) 指令加速度=(0.000,0.000,nan) 滚转角=-0.15度 俯仰角=0.25度
15:41:31.193036 [轨迹] 序号=1621 单调时间=20138.669400 时间=20138.669 模式=AUTO.LAND 起飞状态=未执行起飞 水平控制=位置保持 类型掩码=3520 实际位置NED=(0.086,-0.514,-0.419) 实际速度=(0.045,-0.249,0.004) 最终目标=(0.086,-0.514,-0.419) 指令位置=(0.086,-0.514,nan) 指令速度=(0.000,0.000,0.000) 指令加速度=(0.000,0.000,nan) 滚转角=-0.15度 俯仰角=0.24度
15:41:31.296935 [轨迹] 序号=1622 单调时间=20138.773207 时间=20138.773 模式=AUTO.LAND 起飞状态=未执行起飞 水平控制=位置保持 类型掩码=3520 实际位置NED=(0.088,-0.520,-0.419) 实际速度=(0.045,-0.244,0.004) 最终目标=(0.088,-0.520,-0.419) 指令位置=(0.088,-0.520,nan) 指令速度=(0.000,0.000,0.000) 指令加速度=(0.000,0.000,nan) 滚转角=-0.15度 俯仰角=0.23度
15:41:31.400827 [轨迹] 序号=1623 单调时间=20138.877137 时间=20138.877 模式=AUTO.LAND 起飞状态=未执行起飞 水平控制=位置保持 类型掩码=3520 实际位置NED=(0.090,-0.522,-0.419) 实际速度=(0.045,-0.241,0.004) 最终目标=(0.090,-0.522,-0.419) 指令位置=(0.090,-0.522,nan) 指令速度=(0.000,0.000,0.000) 指令加速度=(0.000,0.000,nan) 滚转角=-0.15度 俯仰角=0.23度
15:41:31.504438 [轨迹] 序号=1624 单调时间=20138.980797 时间=20138.981 模式=AUTO.LAND 起飞状态=未执行起飞 水平控制=位置保持 类型掩码=3520 实际位置NED=(0.090,-0.524,-0.418) 实际速度=(0.044,-0.238,0.004) 最终目标=(0.090,-0.524,-0.418) 指令位置=(0.090,-0.524,nan) 指令速度=(0.000,0.000,0.000) 指令加速度=(0.000,0.000,nan) 滚转角=-0.15度 俯仰角=0.22度
15:41:31.608255 [轨迹] 序号=1625 单调时间=20139.084642 时间=20139.085 模式=AUTO.LAND 起飞状态=未执行起飞 水平控制=位置保持 类型掩码=3520 实际位置NED=(0.091,-0.526,-0.418) 实际速度=(0.045,-0.236,0.004) 最终目标=(0.091,-0.526,-0.418) 指令位置=(0.091,-0.526,nan) 指令速度=(0.000,0.000,0.000) 指令加速度=(0.000,0.000,nan) 滚转角=-0.15度 俯仰角=0.21度
15:41:31.712690 [轨迹] 序号=1626 单调时间=20139.188817 时间=20139.189 模式=AUTO.LAND 起飞状态=未执行起飞 水平控制=位置保持 类型掩码=3520 实际位置NED=(0.092,-0.528,-0.418) 实际速度=(0.044,-0.233,0.004) 最终目标=(0.092,-0.528,-0.418) 指令位置=(0.092,-0.528,nan) 指令速度=(0.000,0.000,0.000) 指令加速度=(0.000,0.000,nan) 滚转角=-0.15度 俯仰角=0.20度
15:41:31.816530 [轨迹] 序号=1627 单调时间=20139.292958 时间=20139.293 模式=AUTO.LAND 起飞状态=未执行起飞 水平控制=位置保持 类型掩码=3520 实际位置NED=(0.093,-0.529,-0.418) 实际速度=(0.044,-0.229,0.004) 最终目标=(0.093,-0.529,-0.418) 指令位置=(0.093,-0.529,nan) 指令速度=(0.000,0.000,0.000) 指令加速度=(0.000,0.000,nan) 滚转角=-0.15度 俯仰角=0.19度
15:41:31.920491 [轨迹] 序号=1628 单调时间=20139.396665 时间=20139.397 模式=AUTO.LAND 起飞状态=未执行起飞 水平控制=位置保持 类型掩码=3520 实际位置NED=(0.094,-0.530,-0.418) 实际速度=(0.044,-0.226,0.004) 最终目标=(0.094,-0.530,-0.418) 指令位置=(0.094,-0.530,nan) 指令速度=(0.000,0.000,0.000) 指令加速度=(0.000,0.000,nan) 滚转角=-0.15度 俯仰角=0.18度
15:41:32.023859 [轨迹] 序号=1629 单调时间=20139.500199 时间=20139.500 模式=AUTO.LAND 起飞状态=未执行起飞 水平控制=位置保持 类型掩码=3520 实际位置NED=(0.095,-0.531,-0.417) 实际速度=(0.044,-0.222,0.004) 最终目标=(0.095,-0.531,-0.417) 指令位置=(0.095,-0.531,nan) 指令速度=(0.000,0.000,0.000) 指令加速度=(0.000,0.000,nan) 滚转角=-0.15度 俯仰角=0.18度
15:41:32.127420 [轨迹] 序号=1630 单调时间=20139.603663 时间=20139.604 模式=AUTO.LAND 起飞状态=未执行起飞 水平控制=位置保持 类型掩码=3520 实际位置NED=(0.097,-0.532,-0.417) 实际速度=(0.044,-0.215,0.005) 最终目标=(0.097,-0.532,-0.417) 指令位置=(0.097,-0.532,nan) 指令速度=(0.000,0.000,0.000) 指令加速度=(0.000,0.000,nan) 滚转角=-0.14度 俯仰角=0.17度
15:41:32.232198 [轨迹] 序号=1631 单调时间=20139.708409 时间=20139.708 模式=AUTO.LAND 起飞状态=未执行起飞 水平控制=位置保持 类型掩码=3520 实际位置NED=(0.098,-0.532,-0.417) 实际速度=(0.044,-0.211,0.005) 最终目标=(0.098,-0.532,-0.417) 指令位置=(0.098,-0.532,nan) 指令速度=(0.000,0.000,0.000) 指令加速度=(0.000,0.000,nan) 滚转角=-0.14度 俯仰角=0.16度
15:41:32.331842 [轨迹] 序号=1632 单调时间=20139.808408 时间=20139.808 模式=AUTO.LAND 起飞状态=未执行起飞 水平控制=位置保持 类型掩码=3520 实际位置NED=(0.098,-0.532,-0.417) 实际速度=(0.044,-0.207,0.005) 最终目标=(0.098,-0.532,-0.417) 指令位置=(0.098,-0.532,nan) 指令速度=(0.000,0.000,0.000) 指令加速度=(0.000,0.000,nan) 滚转角=-0.14度 俯仰角=0.15度
15:41:32.435673 [轨迹] 序号=1633 单调时间=20139.912067 时间=20139.912 模式=AUTO.LAND 起飞状态=未执行起飞 水平控制=位置保持 类型掩码=3520 实际位置NED=(0.099,-0.532,-0.417) 实际速度=(0.043,-0.204,0.005) 最终目标=(0.099,-0.532,-0.417) 指令位置=(0.099,-0.532,nan) 指令速度=(0.000,0.000,0.000) 指令加速度=(0.000,0.000,nan) 滚转角=-0.14度 俯仰角=0.14度
15:41:32.537745 [轨迹] 序号=1634 单调时间=20140.014078 时间=20140.014 模式=AUTO.LAND 起飞状态=未执行起飞 水平控制=位置保持 类型掩码=3520 实际位置NED=(0.100,-0.531,-0.416) 实际速度=(0.043,-0.199,0.005) 最终目标=(0.100,-0.531,-0.416) 指令位置=(0.100,-0.531,nan) 指令速度=(0.000,0.000,0.000) 指令加速度=(0.000,0.000,nan) 滚转角=-0.14度 俯仰角=0.13度
15:41:33.767174 [轨迹] 序号=1635 单调时间=20140.117558 时间=20140.118 模式=AUTO.LAND 起飞状态=未执行起飞 水平控制=位置保持 类型掩码=3520 实际位置NED=(0.100,-0.530,-0.416) 实际速度=(0.042,-0.195,0.005) 最终目标=(0.100,-0.530,-0.416) 指令位置=(0.100,-0.530,nan) 指令速度=(0.000,0.000,0.000) 指令加速度=(0.000,0.000,nan) 滚转角=-0.14度 俯仰角=0.12度
15:41:33.870850 [轨迹] 序号=1636 单调时间=20140.221113 时间=20140.221 模式=AUTO.LAND 起飞状态=未执行起飞 水平控制=位置保持 类型掩码=3520 实际位置NED=(0.101,-0.529,-0.416) 实际速度=(0.042,-0.191,0.005) 最终目标=(0.101,-0.529,-0.416) 指令位置=(0.101,-0.529,nan) 指令速度=(0.000,0.000,0.000) 指令加速度=(0.000,0.000,nan) 滚转角=-0.14度 俯仰角=0.11度
15:41:33.974537 [轨迹] 序号=1637 单调时间=20140.324714 时间=20140.325 模式=AUTO.LAND 起飞状态=未执行起飞 水平控制=位置保持 类型掩码=3520 实际位置NED=(0.099,-0.519,-0.418) 实际速度=(0.039,-0.176,0.003) 最终目标=(0.099,-0.519,-0.418) 指令位置=(0.099,-0.519,nan) 指令速度=(0.000,0.000,0.000) 指令加速度=(0.000,0.000,nan) 滚转角=-0.13度 俯仰角=0.09度
15:41:34.078598 [轨迹] 序号=1638 单调时间=20140.428940 时间=20140.429 模式=AUTO.LAND 起飞状态=未执行起飞 水平控制=位置保持 类型掩码=3520 实际位置NED=(0.094,-0.491,-0.420) 实际速度=(0.031,-0.139,0.001) 最终目标=(0.094,-0.491,-0.420) 指令位置=(0.094,-0.491,nan) 指令速度=(0.000,0.000,0.000) 指令加速度=(0.000,0.000,nan) 滚转角=-0.12度 俯仰角=0.03度
15:41:34.182364 [轨迹] 序号=1639 单调时间=20140.532497 时间=20140.532 模式=AUTO.LAND 起飞状态=未执行起飞 水平控制=位置保持 类型掩码=3520 实际位置NED=(0.094,-0.491,-0.420) 实际速度=(0.031,-0.139,0.001) 最终目标=(0.094,-0.491,-0.420) 指令位置=(0.094,-0.491,nan) 指令速度=(0.000,0.000,0.000) 指令加速度=(0.000,0.000,nan) 滚转角=-0.12度 俯仰角=0.01度
15:41:34.285804 [轨迹] 序号=1640 单调时间=20140.636037 时间=20140.636 模式=AUTO.LAND 起飞状态=未执行起飞 水平控制=位置保持 类型掩码=3520 实际位置NED=(0.091,-0.473,-0.420) 实际速度=(0.027,-0.118,0.001) 最终目标=(0.091,-0.473,-0.420) 指令位置=(0.091,-0.473,nan) 指令速度=(0.000,0.000,0.000) 指令加速度=(0.000,0.000,nan) 滚转角=-0.12度 俯仰角=-0.01度
15:41:34.389396 [轨迹] 序号=1641 单调时间=20140.739586 时间=20140.740 模式=AUTO.LAND 起飞状态=未执行起飞 水平控制=位置保持 类型掩码=3520 实际位置NED=(0.088,-0.460,-0.420) 实际速度=(0.024,-0.103,0.001) 最终目标=(0.088,-0.460,-0.420) 指令位置=(0.088,-0.460,nan) 指令速度=(0.000,0.000,0.000) 指令加速度=(0.000,0.000,nan) 滚转角=-0.11度 俯仰角=-0.06度
15:41:34.489858 [轨迹] 序号=1642 单调时间=20140.840195 时间=20140.840 模式=AUTO.LAND 起飞状态=未执行起飞 水平控制=位置保持 类型掩码=3520 实际位置NED=(0.086,-0.447,-0.421) 实际速度=(0.021,-0.089,0.001) 最终目标=(0.086,-0.447,-0.421) 指令位置=(0.086,-0.447,nan) 指令速度=(0.000,0.000,0.000) 指令加速度=(0.000,0.000,nan) 滚转角=-0.10度 俯仰角=-0.10度
15:41:34.593871 [轨迹] 序号=1643 单调时间=20140.943820 时间=20140.944 模式=AUTO.LAND 起飞状态=未执行起飞 水平控制=位置保持 类型掩码=3520 实际位置NED=(0.084,-0.435,-0.421) 实际速度=(0.018,-0.076,0.001) 最终目标=(0.084,-0.435,-0.421) 指令位置=(0.084,-0.435,nan) 指令速度=(0.000,0.000,0.000) 指令加速度=(0.000,0.000,nan) 滚转角=-0.10度 俯仰角=-0.11度
15:41:34.697377 [轨迹] 序号=1644 单调时间=20141.047455 时间=20141.047 模式=AUTO.LAND 起飞状态=未执行起飞 水平控制=位置保持 类型掩码=3520 实际位置NED=(0.080,-0.412,-0.421) 实际速度=(0.014,-0.054,0.001) 最终目标=(0.080,-0.412,-0.421) 指令位置=(0.080,-0.412,nan) 指令速度=(0.000,0.000,0.000) 指令加速度=(0.000,0.000,nan) 滚转角=-0.09度 俯仰角=-0.16度
15:41:34.799486 [轨迹] 序号=1645 单调时间=20141.149448 时间=20141.149 模式=AUTO.LAND 起飞状态=未执行起飞 水平控制=位置保持 类型掩码=3520 实际位置NED=(0.080,-0.412,-0.421) 实际速度=(0.014,-0.054,0.001) 最终目标=(0.080,-0.412,-0.421) 指令位置=(0.080,-0.412,nan) 指令速度=(0.000,0.000,0.000) 指令加速度=(0.000,0.000,nan) 滚转角=-0.08度 俯仰角=-0.18度
15:41:34.903627 [轨迹] 序号=1646 单调时间=20141.253985 时间=20141.254 模式=AUTO.LAND 起飞状态=未执行起飞 水平控制=位置保持 类型掩码=3520 实际位置NED=(0.077,-0.399,-0.421) 实际速度=(0.011,-0.042,0.001) 最终目标=(0.077,-0.399,-0.421) 指令位置=(0.077,-0.399,nan) 指令速度=(0.000,0.000,0.000) 指令加速度=(0.000,0.000,nan) 滚转角=-0.08度 俯仰角=-0.19度
15:41:35.007676 [轨迹] 序号=1647 单调时间=20141.357856 时间=20141.358 模式=AUTO.LAND 起飞状态=未执行起飞 水平控制=位置保持 类型掩码=3520 实际位置NED=(0.074,-0.379,-0.421) 实际速度=(0.008,-0.025,0.001) 最终目标=(0.074,-0.379,-0.421) 指令位置=(0.074,-0.379,nan) 指令速度=(0.000,0.000,0.000) 指令加速度=(0.000,0.000,nan) 滚转角=-0.08度 俯仰角=-0.20度
15:41:35.111367 [轨迹] 序号=1648 单调时间=20141.461508 时间=20141.462 模式=AUTO.LAND 起飞状态=未执行起飞 水平控制=位置保持 类型掩码=3520 实际位置NED=(0.074,-0.379,-0.421) 实际速度=(0.008,-0.025,0.001) 最终目标=(0.074,-0.379,-0.421) 指令位置=(0.074,-0.379,nan) 指令速度=(0.000,0.000,0.000) 指令加速度=(0.000,0.000,nan) 滚转角=-0.08度 俯仰角=-0.21度
15:41:35.215500 [轨迹] 序号=1649 单调时间=20141.565836 时间=20141.566 模式=AUTO.LAND 起飞状态=未执行起飞 水平控制=位置保持 类型掩码=3520 实际位置NED=(0.071,-0.362,-0.421) 实际速度=(0.005,-0.012,0.001) 最终目标=(0.071,-0.362,-0.421) 指令位置=(0.071,-0.362,nan) 指令速度=(0.000,0.000,0.000) 指令加速度=(0.000,0.000,nan) 滚转角=-0.07度 俯仰角=-0.22度
15:41:35.319199 [轨迹] 序号=1650 单调时间=20141.669233 时间=20141.669 模式=AUTO.LAND 起飞状态=未执行起飞 水平控制=位置保持 类型掩码=3520 实际位置NED=(0.070,-0.354,-0.421) 实际速度=(0.004,-0.006,0.002) 最终目标=(0.070,-0.354,-0.421) 指令位置=(0.070,-0.354,nan) 指令速度=(0.000,0.000,0.000) 指令加速度=(0.000,0.000,nan) 滚转角=-0.07度 俯仰角=-0.22度
15:41:35.422765 [轨迹] 序号=1651 单调时间=20141.773040 时间=20141.773 模式=AUTO.LAND 起飞状态=未执行起飞 水平控制=位置保持 类型掩码=3520 实际位置NED=(0.068,-0.345,-0.421) 实际速度=(0.003,-0.000,0.002) 最终目标=(0.068,-0.345,-0.421) 指令位置=(0.068,-0.345,nan) 指令速度=(0.000,0.000,0.000) 指令加速度=(0.000,0.000,nan) 滚转角=-0.07度 俯仰角=-0.22度
15:41:35.526316 [轨迹] 序号=1652 单调时间=20141.876570 时间=20141.877 模式=AUTO.LAND 起飞状态=未执行起飞 水平控制=位置保持 类型掩码=3520 实际位置NED=(0.067,-0.338,-0.421) 实际速度=(0.002,0.004,0.002) 最终目标=(0.067,-0.338,-0.421) 指令位置=(0.067,-0.338,nan) 指令速度=(0.000,0.000,0.000) 指令加速度=(0.000,0.000,nan) 滚转角=-0.07度 俯仰角=-0.22度
15:41:35.629910 [轨迹] 序号=1653 单调时间=20141.979961 时间=20141.980 模式=AUTO.LAND 起飞状态=未执行起飞 水平控制=位置保持 类型掩码=3520 实际位置NED=(0.066,-0.331,-0.421) 实际速度=(0.001,0.008,0.002) 最终目标=(0.066,-0.331,-0.421) 指令位置=(0.066,-0.331,nan) 指令速度=(0.000,0.000,0.000) 指令加速度=(0.000,0.000,nan) 滚转角=-0.07度 俯仰角=-0.21度
15:41:35.733456 [轨迹] 序号=1654 单调时间=20142.083742 时间=20142.084 模式=AUTO.LAND 起飞状态=未执行起飞 水平控制=位置保持 类型掩码=3520 实际位置NED=(0.064,-0.319,-0.421) 实际速度=(0.000,0.014,0.002) 最终目标=(0.064,-0.319,-0.421) 指令位置=(0.064,-0.319,nan) 指令速度=(0.000,0.000,0.000) 指令加速度=(0.000,0.000,nan) 滚转角=-0.07度 俯仰角=-0.21度
15:41:35.837305 [轨迹] 序号=1655 单调时间=20142.187471 时间=20142.187 模式=AUTO.LAND 起飞状态=未执行起飞 水平控制=位置保持 类型掩码=3520 实际位置NED=(0.064,-0.314,-0.420) 实际速度=(-0.000,0.017,0.002) 最终目标=(0.064,-0.314,-0.420) 指令位置=(0.064,-0.314,nan) 指令速度=(0.000,0.000,0.000) 指令加速度=(0.000,0.000,nan) 滚转角=-0.07度 俯仰角=-0.21度
15:41:35.941200 [轨迹] 序号=1656 单调时间=20142.291308 时间=20142.291 模式=AUTO.LAND 起飞状态=未执行起飞 水平控制=位置保持 类型掩码=3520 实际位置NED=(0.063,-0.308,-0.420) 实际速度=(-0.001,0.020,0.002) 最终目标=(0.063,-0.308,-0.420) 指令位置=(0.063,-0.308,nan) 指令速度=(0.000,0.000,0.000) 指令加速度=(0.000,0.000,nan) 滚转角=-0.07度 俯仰角=-0.20度
15:41:36.044690 [轨迹] 序号=1657 单调时间=20142.394942 时间=20142.395 模式=AUTO.LAND 起飞状态=未执行起飞 水平控制=位置保持 类型掩码=3520 实际位置NED=(0.062,-0.303,-0.420) 实际速度=(-0.001,0.021,0.002) 最终目标=(0.062,-0.303,-0.420) 指令位置=(0.062,-0.303,nan) 指令速度=(0.000,0.000,0.000) 指令加速度=(0.000,0.000,nan) 滚转角=-0.08度 俯仰角=-0.20度
15:41:36.154570 [轨迹] 序号=1658 单调时间=20142.504813 时间=20142.505 模式=AUTO.LAND 起飞状态=未执行起飞 水平控制=位置保持 类型掩码=3520 实际位置NED=(0.061,-0.299,-0.420) 实际速度=(-0.002,0.023,0.002) 最终目标=(0.061,-0.299,-0.420) 指令位置=(0.061,-0.299,nan) 指令速度=(0.000,0.000,0.000) 指令加速度=(0.000,0.000,nan) 滚转角=-0.08度 俯仰角=-0.19度
15:41:36.258204 [轨迹] 序号=1659 单调时间=20142.608308 时间=20142.608 模式=AUTO.LAND 起飞状态=未执行起飞 水平控制=位置保持 类型掩码=3520 实际位置NED=(0.061,-0.295,-0.420) 实际速度=(-0.002,0.024,0.002) 最终目标=(0.061,-0.295,-0.420) 指令位置=(0.061,-0.295,nan) 指令速度=(0.000,0.000,0.000) 指令加速度=(0.000,0.000,nan) 滚转角=-0.08度 俯仰角=-0.19度
15:41:36.362347 [轨迹] 序号=1660 单调时间=20142.712655 时间=20142.713 模式=AUTO.LAND 起飞状态=未执行起飞 水平控制=位置保持 类型掩码=3520 实际位置NED=(0.060,-0.291,-0.419) 实际速度=(-0.002,0.025,0.002) 最终目标=(0.060,-0.291,-0.419) 指令位置=(0.060,-0.291,nan) 指令速度=(0.000,0.000,0.000) 指令加速度=(0.000,0.000,nan) 滚转角=-0.08度 俯仰角=-0.18度
15:41:36.466048 [轨迹] 序号=1661 单调时间=20142.816208 时间=20142.816 模式=AUTO.LAND 起飞状态=未执行起飞 水平控制=位置保持 类型掩码=3520 实际位置NED=(0.060,-0.288,-0.419) 实际速度=(-0.002,0.026,0.002) 最终目标=(0.060,-0.288,-0.419) 指令位置=(0.060,-0.288,nan) 指令速度=(0.000,0.000,0.000) 指令加速度=(0.000,0.000,nan) 滚转角=-0.08度 俯仰角=-0.18度
15:41:36.569789 [轨迹] 序号=1662 单调时间=20142.920067 时间=20142.920 模式=AUTO.LAND 起飞状态=未执行起飞 水平控制=位置保持 类型掩码=3520 实际位置NED=(0.059,-0.284,-0.419) 实际速度=(-0.003,0.027,0.003) 最终目标=(0.059,-0.284,-0.419) 指令位置=(0.059,-0.284,nan) 指令速度=(0.000,0.000,0.000) 指令加速度=(0.000,0.000,nan) 滚转角=-0.08度 俯仰角=-0.18度
15:41:36.672455 [轨迹] 序号=1663 单调时间=20143.022865 时间=20143.023 模式=AUTO.LAND 起飞状态=未执行起飞 水平控制=位置保持 类型掩码=3520 实际位置NED=(0.059,-0.278,-0.419) 实际速度=(-0.003,0.028,0.003) 最终目标=(0.059,-0.278,-0.419) 指令位置=(0.059,-0.278,nan) 指令速度=(0.000,0.000,0.000) 指令加速度=(0.000,0.000,nan) 滚转角=-0.08度 俯仰角=-0.18度
15:41:36.774067 [轨迹] 序号=1664 单调时间=20143.124372 时间=20143.124 模式=AUTO.LAND 起飞状态=未执行起飞 水平控制=位置保持 类型掩码=3520 实际位置NED=(0.059,-0.278,-0.419) 实际速度=(-0.003,0.028,0.003) 最终目标=(0.059,-0.278,-0.419) 指令位置=(0.059,-0.278,nan) 指令速度=(0.000,0.000,0.000) 指令加速度=(0.000,0.000,nan) 滚转角=-0.08度 俯仰角=-0.17度
15:41:36.877315 [轨迹] 序号=1665 单调时间=20143.227596 时间=20143.228 模式=AUTO.LAND 起飞状态=未执行起飞 水平控制=位置保持 类型掩码=3520 实际位置NED=(0.059,-0.276,-0.419) 实际速度=(-0.003,0.028,0.003) 最终目标=(0.059,-0.276,-0.419) 指令位置=(0.059,-0.276,nan) 指令速度=(0.000,0.000,0.000) 指令加速度=(0.000,0.000,nan) 滚转角=-0.08度 俯仰角=-0.17度
15:41:36.980332 [轨迹] 序号=1666 单调时间=20143.330589 时间=20143.331 模式=AUTO.LAND 起飞状态=未执行起飞 水平控制=位置保持 类型掩码=3520 实际位置NED=(0.058,-0.271,-0.419) 实际速度=(-0.003,0.028,0.003) 最终目标=(0.058,-0.271,-0.419) 指令位置=(0.058,-0.271,nan) 指令速度=(0.000,0.000,0.000) 指令加速度=(0.000,0.000,nan) 滚转角=-0.08度 俯仰角=-0.17度
15:41:37.082908 [轨迹] 序号=1667 单调时间=20143.433138 时间=20143.433 模式=AUTO.LAND 起飞状态=未执行起飞 水平控制=位置保持 类型掩码=3520 实际位置NED=(0.058,-0.271,-0.419) 实际速度=(-0.003,0.028,0.003) 最终目标=(0.058,-0.271,-0.419) 指令位置=(0.058,-0.271,nan) 指令速度=(0.000,0.000,0.000) 指令加速度=(0.000,0.000,nan) 滚转角=-0.08度 俯仰角=-0.17度
15:41:37.186121 [轨迹] 序号=1668 单调时间=20143.536293 时间=20143.536 模式=AUTO.LAND 起飞状态=未执行起飞 水平控制=位置保持 类型掩码=3520 实际位置NED=(0.058,-0.269,-0.419) 实际速度=(-0.003,0.028,0.003) 最终目标=(0.058,-0.269,-0.419) 指令位置=(0.058,-0.269,nan) 指令速度=(0.000,0.000,0.000) 指令加速度=(0.000,0.000,nan) 滚转角=-0.08度 俯仰角=-0.17度
15:41:37.288861 [轨迹] 序号=1669 单调时间=20143.638909 时间=20143.639 模式=AUTO.LAND 起飞状态=未执行起飞 水平控制=位置保持 类型掩码=3520 实际位置NED=(0.058,-0.265,-0.418) 实际速度=(-0.003,0.028,0.002) 最终目标=(0.058,-0.265,-0.418) 指令位置=(0.058,-0.265,nan) 指令速度=(0.000,0.000,0.000) 指令加速度=(0.000,0.000,nan) 滚转角=-0.08度 俯仰角=-0.16度
15:41:37.392125 [轨迹] 序号=1670 单调时间=20143.742301 时间=20143.742 模式=AUTO.LAND 起飞状态=未执行起飞 水平控制=位置保持 类型掩码=3520 实际位置NED=(0.058,-0.263,-0.418) 实际速度=(-0.003,0.028,0.002) 最终目标=(0.058,-0.263,-0.418) 指令位置=(0.058,-0.263,nan) 指令速度=(0.000,0.000,0.000) 指令加速度=(0.000,0.000,nan) 滚转角=-0.08度 俯仰角=-0.16度
15:41:37.495039 [轨迹] 序号=1671 单调时间=20143.845337 时间=20143.845 模式=AUTO.LAND 起飞状态=未执行起飞 水平控制=位置保持 类型掩码=3520 实际位置NED=(0.058,-0.262,-0.418) 实际速度=(-0.003,0.028,0.002) 最终目标=(0.058,-0.262,-0.418) 指令位置=(0.058,-0.262,nan) 指令速度=(0.000,0.000,0.000) 指令加速度=(0.000,0.000,nan) 滚转角=-0.08度 俯仰角=-0.16度
15:41:37.597355 [轨迹] 序号=1672 单调时间=20143.947619 时间=20143.948 模式=AUTO.LAND 起飞状态=未执行起飞 水平控制=位置保持 类型掩码=3520 实际位置NED=(0.057,-0.260,-0.418) 实际速度=(-0.003,0.028,0.002) 最终目标=(0.057,-0.260,-0.418) 指令位置=(0.057,-0.260,nan) 指令速度=(0.000,0.000,0.000) 指令加速度=(0.000,0.000,nan) 滚转角=-0.08度 俯仰角=-0.16度
15:41:37.700317 [轨迹] 序号=1673 单调时间=20144.050415 时间=20144.050 模式=AUTO.LAND 起飞状态=未执行起飞 水平控制=位置保持 类型掩码=3520 实际位置NED=(0.057,-0.259,-0.418) 实际速度=(-0.003,0.027,0.002) 最终目标=(0.057,-0.259,-0.418) 指令位置=(0.057,-0.259,nan) 指令速度=(0.000,0.000,0.000) 指令加速度=(0.000,0.000,nan) 滚转角=-0.08度 俯仰角=-0.16度
15:41:37.803094 [轨迹] 序号=1674 单调时间=20144.153171 时间=20144.153 模式=AUTO.LAND 起飞状态=未执行起飞 水平控制=位置保持 类型掩码=3520 实际位置NED=(0.057,-0.256,-0.418) 实际速度=(-0.003,0.027,0.002) 最终目标=(0.057,-0.256,-0.418) 指令位置=(0.057,-0.256,nan) 指令速度=(0.000,0.000,0.000) 指令加速度=(0.000,0.000,nan) 滚转角=-0.08度 俯仰角=-0.15度
15:41:37.903009 [轨迹] 序号=1675 单调时间=20144.253314 时间=20144.253 模式=AUTO.LAND 起飞状态=未执行起飞 水平控制=位置保持 类型掩码=3520 实际位置NED=(0.057,-0.256,-0.418) 实际速度=(-0.003,0.027,0.002) 最终目标=(0.057,-0.256,-0.418) 指令位置=(0.057,-0.256,nan) 指令速度=(0.000,0.000,0.000) 指令加速度=(0.000,0.000,nan) 滚转角=-0.08度 俯仰角=-0.15度
15:41:38.006503 [轨迹] 序号=1676 单调时间=20144.356752 时间=20144.357 模式=AUTO.LAND 起飞状态=未执行起飞 水平控制=位置保持 类型掩码=3520 实际位置NED=(0.057,-0.255,-0.418) 实际速度=(-0.003,0.027,0.002) 最终目标=(0.057,-0.255,-0.418) 指令位置=(0.057,-0.255,nan) 指令速度=(0.000,0.000,0.000) 指令加速度=(0.000,0.000,nan) 滚转角=-0.08度 俯仰角=-0.15度
15:41:38.109814 [轨迹] 序号=1677 单调时间=20144.460076 时间=20144.460 模式=AUTO.LAND 起飞状态=未执行起飞 水平控制=位置保持 类型掩码=3520 实际位置NED=(0.057,-0.253,-0.418) 实际速度=(-0.003,0.026,0.001) 最终目标=(0.057,-0.253,-0.418) 指令位置=(0.057,-0.253,nan) 指令速度=(0.000,0.000,0.000) 指令加速度=(0.000,0.000,nan) 滚转角=-0.08度 俯仰角=-0.14度
15:41:38.212318 [轨迹] 序号=1678 单调时间=20144.562561 时间=20144.563 模式=AUTO.LAND 起飞状态=未执行起飞 水平控制=位置保持 类型掩码=3520 实际位置NED=(0.057,-0.252,-0.418) 实际速度=(-0.003,0.025,0.001) 最终目标=(0.057,-0.252,-0.418) 指令位置=(0.057,-0.252,nan) 指令速度=(0.000,0.000,0.000) 指令加速度=(0.000,0.000,nan) 滚转角=-0.08度 俯仰角=-0.14度
15:41:38.315545 [轨迹] 序号=1679 单调时间=20144.665852 时间=20144.666 模式=AUTO.LAND 起飞状态=未执行起飞 水平控制=位置保持 类型掩码=3520 实际位置NED=(0.057,-0.251,-0.418) 实际速度=(-0.003,0.025,0.001) 最终目标=(0.057,-0.251,-0.418) 指令位置=(0.057,-0.251,nan) 指令速度=(0.000,0.000,0.000) 指令加速度=(0.000,0.000,nan) 滚转角=-0.08度 俯仰角=-0.14度
15:41:38.418137 [轨迹] 序号=1680 单调时间=20144.768368 时间=20144.768 模式=AUTO.LAND 起飞状态=未执行起飞 水平控制=位置保持 类型掩码=3520 实际位置NED=(0.057,-0.251,-0.418) 实际速度=(-0.003,0.025,0.001) 最终目标=(0.057,-0.251,-0.418) 指令位置=(0.057,-0.251,nan) 指令速度=(0.000,0.000,0.000) 指令加速度=(0.000,0.000,nan) 滚转角=-0.08度 俯仰角=-0.14度
15:41:38.521717 [轨迹] 序号=1681 单调时间=20144.871999 时间=20144.872 模式=AUTO.LAND 起飞状态=未执行起飞 水平控制=位置保持 类型掩码=3520 实际位置NED=(0.056,-0.249,-0.418) 实际速度=(-0.003,0.024,0.001) 最终目标=(0.056,-0.249,-0.418) 指令位置=(0.056,-0.249,nan) 指令速度=(0.000,0.000,0.000) 指令加速度=(0.000,0.000,nan) 滚转角=-0.08度 俯仰角=-0.14度
15:41:38.624557 [轨迹] 序号=1682 单调时间=20144.974827 时间=20144.975 模式=AUTO.LAND 起飞状态=未执行起飞 水平控制=位置保持 类型掩码=3520 实际位置NED=(0.056,-0.248,-0.419) 实际速度=(-0.003,0.023,0.001) 最终目标=(0.056,-0.248,-0.419) 指令位置=(0.056,-0.248,nan) 指令速度=(0.000,0.000,0.000) 指令加速度=(0.000,0.000,nan) 滚转角=-0.08度 俯仰角=-0.13度
15:41:38.727060 [轨迹] 序号=1683 单调时间=20145.077350 时间=20145.077 模式=AUTO.LAND 起飞状态=未执行起飞 水平控制=位置保持 类型掩码=3520 实际位置NED=(0.056,-0.248,-0.419) 实际速度=(-0.003,0.023,0.001) 最终目标=(0.056,-0.248,-0.419) 指令位置=(0.056,-0.248,nan) 指令速度=(0.000,0.000,0.000) 指令加速度=(0.000,0.000,nan) 滚转角=-0.08度 俯仰角=-0.13度
15:41:38.829947 [轨迹] 序号=1684 单调时间=20145.180185 时间=20145.180 模式=AUTO.LAND 起飞状态=未执行起飞 水平控制=位置保持 类型掩码=3520 实际位置NED=(0.056,-0.246,-0.419) 实际速度=(-0.003,0.022,0.001) 最终目标=(0.056,-0.246,-0.419) 指令位置=(0.056,-0.246,nan) 指令速度=(0.000,0.000,0.000) 指令加速度=(0.000,0.000,nan) 滚转角=-0.08度 俯仰角=-0.13度
15:41:38.933047 [轨迹] 序号=1685 单调时间=20145.283288 时间=20145.283 模式=AUTO.LAND 起飞状态=未执行起飞 水平控制=位置保持 类型掩码=3520 实际位置NED=(0.056,-0.246,-0.419) 实际速度=(-0.003,0.022,0.001) 最终目标=(0.056,-0.246,-0.419) 指令位置=(0.056,-0.246,nan) 指令速度=(0.000,0.000,0.000) 指令加速度=(0.000,0.000,nan) 滚转角=-0.08度 俯仰角=-0.13度
15:41:39.035840 [轨迹] 序号=1686 单调时间=20145.385997 时间=20145.386 模式=AUTO.LAND 起飞状态=未执行起飞 水平控制=位置保持 类型掩码=3520 实际位置NED=(0.056,-0.245,-0.419) 实际速度=(-0.003,0.022,0.000) 最终目标=(0.056,-0.245,-0.419) 指令位置=(0.056,-0.245,nan) 指令速度=(0.000,0.000,0.000) 指令加速度=(0.000,0.000,nan) 滚转角=-0.08度 俯仰角=-0.13度
15:41:39.139250 [轨迹] 序号=1687 单调时间=20145.489397 时间=20145.489 模式=AUTO.LAND 起飞状态=未执行起飞 水平控制=位置保持 类型掩码=3520 实际位置NED=(0.056,-0.245,-0.419) 实际速度=(-0.003,0.021,0.000) 最终目标=(0.056,-0.245,-0.419) 指令位置=(0.056,-0.245,nan) 指令速度=(0.000,0.000,0.000) 指令加速度=(0.000,0.000,nan) 滚转角=-0.08度 俯仰角=-0.13度
15:41:39.241697 [轨迹] 序号=1688 单调时间=20145.591897 时间=20145.592 模式=AUTO.LAND 起飞状态=未执行起飞 水平控制=位置保持 类型掩码=3520 实际位置NED=(0.056,-0.244,-0.419) 实际速度=(-0.003,0.021,0.000) 最终目标=(0.056,-0.244,-0.419) 指令位置=(0.056,-0.244,nan) 指令速度=(0.000,0.000,0.000) 指令加速度=(0.000,0.000,nan) 滚转角=-0.08度 俯仰角=-0.13度
15:41:39.344502 [轨迹] 序号=1689 单调时间=20145.694501 时间=20145.695 模式=AUTO.LAND 起飞状态=未执行起飞 水平控制=位置保持 类型掩码=3520 实际位置NED=(0.056,-0.243,-0.419) 实际速度=(-0.002,0.020,0.000) 最终目标=(0.056,-0.243,-0.419) 指令位置=(0.056,-0.243,nan) 指令速度=(0.000,0.000,0.000) 指令加速度=(0.000,0.000,nan) 滚转角=-0.08度 俯仰角=-0.13度
15:41:39.448129 [轨迹] 序号=1690 单调时间=20145.798284 时间=20145.798 模式=AUTO.LAND 起飞状态=未执行起飞 水平控制=位置保持 类型掩码=3520 实际位置NED=(0.056,-0.243,-0.419) 实际速度=(-0.002,0.020,0.000) 最终目标=(0.056,-0.243,-0.419) 指令位置=(0.056,-0.243,nan) 指令速度=(0.000,0.000,0.000) 指令加速度=(0.000,0.000,nan) 滚转角=-0.08度 俯仰角=-0.12度
15:41:39.550542 [轨迹] 序号=1691 单调时间=20145.900810 时间=20145.901 模式=AUTO.LAND 起飞状态=未执行起飞 水平控制=位置保持 类型掩码=3520 实际位置NED=(0.056,-0.242,-0.419) 实际速度=(-0.002,0.019,-0.000) 最终目标=(0.056,-0.242,-0.419) 指令位置=(0.056,-0.242,nan) 指令速度=(0.000,0.000,0.000) 指令加速度=(0.000,0.000,nan) 滚转角=-0.08度 俯仰角=-0.12度
15:41:39.655215 [轨迹] 序号=1692 单调时间=20146.005281 时间=20146.005 模式=AUTO.LAND 起飞状态=未执行起飞 水平控制=位置保持 类型掩码=3520 实际位置NED=(0.056,-0.242,-0.419) 实际速度=(-0.002,0.019,-0.000) 最终目标=(0.056,-0.242,-0.419) 指令位置=(0.056,-0.242,nan) 指令速度=(0.000,0.000,0.000) 指令加速度=(0.000,0.000,nan) 滚转角=-0.08度 俯仰角=-0.12度
15:41:39.758645 [轨迹] 序号=1693 单调时间=20146.108890 时间=20146.109 模式=AUTO.LAND 起飞状态=未执行起飞 水平控制=位置保持 类型掩码=3520 实际位置NED=(0.057,-0.241,-0.419) 实际速度=(-0.002,0.018,-0.000) 最终目标=(0.057,-0.241,-0.419) 指令位置=(0.057,-0.241,nan) 指令速度=(0.000,0.000,0.000) 指令加速度=(0.000,0.000,nan) 滚转角=-0.08度 俯仰角=-0.12度
15:41:39.861724 [轨迹] 序号=1694 单调时间=20146.211726 时间=20146.212 模式=AUTO.LAND 起飞状态=未执行起飞 水平控制=位置保持 类型掩码=3520 实际位置NED=(0.057,-0.240,-0.419) 实际速度=(-0.002,0.018,-0.000) 最终目标=(0.057,-0.240,-0.419) 指令位置=(0.057,-0.240,nan) 指令速度=(0.000,0.000,0.000) 指令加速度=(0.000,0.000,nan) 滚转角=-0.08度 俯仰角=-0.11度
15:41:39.965185 [轨迹] 序号=1695 单调时间=20146.315439 时间=20146.315 模式=AUTO.LAND 起飞状态=未执行起飞 水平控制=位置保持 类型掩码=3520 实际位置NED=(0.057,-0.239,-0.420) 实际速度=(-0.002,0.017,-0.000) 最终目标=(0.057,-0.239,-0.420) 指令位置=(0.057,-0.239,nan) 指令速度=(0.000,0.000,0.000) 指令加速度=(0.000,0.000,nan) 滚转角=-0.08度 俯仰角=-0.11度
15:41:40.067623 [轨迹] 序号=1696 单调时间=20146.418019 时间=20146.418 模式=AUTO.LAND 起飞状态=未执行起飞 水平控制=位置保持 类型掩码=3520 实际位置NED=(0.057,-0.239,-0.420) 实际速度=(-0.002,0.017,-0.000) 最终目标=(0.057,-0.239,-0.420) 指令位置=(0.057,-0.239,nan) 指令速度=(0.000,0.000,0.000) 指令加速度=(0.000,0.000,nan) 滚转角=-0.08度 俯仰角=-0.11度
15:41:40.170997 [轨迹] 序号=1697 单调时间=20146.521319 时间=20146.521 模式=AUTO.LAND 起飞状态=未执行起飞 水平控制=位置保持 类型掩码=3520 实际位置NED=(0.057,-0.238,-0.420) 实际速度=(-0.002,0.017,-0.000) 最终目标=(0.057,-0.238,-0.420) 指令位置=(0.057,-0.238,nan) 指令速度=(0.000,0.000,0.000) 指令加速度=(0.000,0.000,nan) 滚转角=-0.08度 俯仰角=-0.11度
15:41:40.274651 [轨迹] 序号=1698 单调时间=20146.624868 时间=20146.625 模式=AUTO.LAND 起飞状态=未执行起飞 水平控制=位置保持 类型掩码=3520 实际位置NED=(0.057,-0.237,-0.420) 实际速度=(-0.002,0.016,-0.000) 最终目标=(0.057,-0.237,-0.420) 指令位置=(0.057,-0.237,nan) 指令速度=(0.000,0.000,0.000) 指令加速度=(0.000,0.000,nan) 滚转角=-0.08度 俯仰角=-0.11度
15:41:40.377794 [轨迹] 序号=1699 单调时间=20146.727960 时间=20146.728 模式=AUTO.LAND 起飞状态=未执行起飞 水平控制=位置保持 类型掩码=3520 实际位置NED=(0.057,-0.237,-0.420) 实际速度=(-0.002,0.016,-0.000) 最终目标=(0.057,-0.237,-0.420) 指令位置=(0.057,-0.237,nan) 指令速度=(0.000,0.000,0.000) 指令加速度=(0.000,0.000,nan) 滚转角=-0.08度 俯仰角=-0.11度
15:41:40.481597 [轨迹] 序号=1700 单调时间=20146.831856 时间=20146.832 模式=AUTO.LAND 起飞状态=未执行起飞 水平控制=位置保持 类型掩码=3520 实际位置NED=(0.057,-0.236,-0.420) 实际速度=(-0.002,0.015,-0.000) 最终目标=(0.057,-0.236,-0.420) 指令位置=(0.057,-0.236,nan) 指令速度=(0.000,0.000,0.000) 指令加速度=(0.000,0.000,nan) 滚转角=-0.08度 俯仰角=-0.10度
15:41:40.586058 [轨迹] 序号=1701 单调时间=20146.936330 时间=20146.936 模式=AUTO.LAND 起飞状态=未执行起飞 水平控制=位置保持 类型掩码=3520 实际位置NED=(0.057,-0.236,-0.420) 实际速度=(-0.002,0.015,-0.000) 最终目标=(0.057,-0.236,-0.420) 指令位置=(0.057,-0.236,nan) 指令速度=(0.000,0.000,0.000) 指令加速度=(0.000,0.000,nan) 滚转角=-0.08度 俯仰角=-0.10度
15:41:40.689213 [轨迹] 序号=1702 单调时间=20147.039358 时间=20147.039 模式=AUTO.LAND 起飞状态=未执行起飞 水平控制=位置保持 类型掩码=3520 实际位置NED=(0.057,-0.235,-0.420) 实际速度=(-0.002,0.015,-0.000) 最终目标=(0.057,-0.235,-0.420) 指令位置=(0.057,-0.235,nan) 指令速度=(0.000,0.000,0.000) 指令加速度=(0.000,0.000,nan) 滚转角=-0.08度 俯仰角=-0.10度
15:41:40.792000 [轨迹] 序号=1703 单调时间=20147.142188 时间=20147.142 模式=AUTO.LAND 起飞状态=未执行起飞 水平控制=位置保持 类型掩码=3520 实际位置NED=(0.058,-0.235,-0.420) 实际速度=(-0.002,0.014,-0.000) 最终目标=(0.058,-0.235,-0.420) 指令位置=(0.058,-0.235,nan) 指令速度=(0.000,0.000,0.000) 指令加速度=(0.000,0.000,nan) 滚转角=-0.08度 俯仰角=-0.10度
15:41:40.895020 [轨迹] 序号=1704 单调时间=20147.245333 时间=20147.245 模式=AUTO.LAND 起飞状态=未执行起飞 水平控制=位置保持 类型掩码=3520 实际位置NED=(0.058,-0.234,-0.420) 实际速度=(-0.002,0.014,-0.000) 最终目标=(0.058,-0.234,-0.420) 指令位置=(0.058,-0.234,nan) 指令速度=(0.000,0.000,0.000) 指令加速度=(0.000,0.000,nan) 滚转角=-0.08度 俯仰角=-0.10度
15:41:41.000359 [轨迹] 序号=1705 单调时间=20147.350401 时间=20147.350 模式=AUTO.LAND 起飞状态=未执行起飞 水平控制=位置保持 类型掩码=3520 实际位置NED=(0.058,-0.233,-0.420) 实际速度=(-0.002,0.014,-0.000) 最终目标=(0.058,-0.233,-0.420) 指令位置=(0.058,-0.233,nan) 指令速度=(0.000,0.000,0.000) 指令加速度=(0.000,0.000,nan) 滚转角=-0.08度 俯仰角=-0.10度
15:41:41.103826 [轨迹] 序号=1706 单调时间=20147.453975 时间=20147.454 模式=AUTO.LAND 起飞状态=未执行起飞 水平控制=位置保持 类型掩码=3520 实际位置NED=(0.058,-0.233,-0.420) 实际速度=(-0.002,0.013,-0.000) 最终目标=(0.058,-0.233,-0.420) 指令位置=(0.058,-0.233,nan) 指令速度=(0.000,0.000,0.000) 指令加速度=(0.000,0.000,nan) 滚转角=-0.08度 俯仰角=-0.09度
15:41:41.210160 [轨迹] 序号=1707 单调时间=20147.560589 时间=20147.561 模式=AUTO.LAND 起飞状态=未执行起飞 水平控制=位置保持 类型掩码=3520 实际位置NED=(0.058,-0.232,-0.420) 实际速度=(-0.002,0.013,-0.000) 最终目标=(0.058,-0.232,-0.420) 指令位置=(0.058,-0.232,nan) 指令速度=(0.000,0.000,0.000) 指令加速度=(0.000,0.000,nan) 滚转角=-0.08度 俯仰角=-0.09度
15:41:41.313971 [轨迹] 序号=1708 单调时间=20147.664225 时间=20147.664 模式=AUTO.LAND 起飞状态=未执行起飞 水平控制=位置保持 类型掩码=3520 实际位置NED=(0.058,-0.232,-0.420) 实际速度=(-0.002,0.013,-0.000) 最终目标=(0.058,-0.232,-0.420) 指令位置=(0.058,-0.232,nan) 指令速度=(0.000,0.000,0.000) 指令加速度=(0.000,0.000,nan) 滚转角=-0.08度 俯仰角=-0.09度
15:41:41 [贴顶流程] 待机
15:41:41.418231 [轨迹] 序号=1709 单调时间=20147.767699 时间=20147.768 模式=OFFBOARD 起飞状态=未执行起飞 水平控制=位置保持 类型掩码=3520 实际位置NED=(0.058,-0.231,-0.420) 实际速度=(-0.002,0.013,0.000) 最终目标=(0.058,-0.231,-0.420) 指令位置=(0.058,-0.231,nan) 指令速度=(0.000,0.000,0.000) 指令加速度=(0.000,0.000,nan) 滚转角=-0.08度 俯仰角=-0.09度
15:41:41.521535 [轨迹] 序号=1710 单调时间=20147.871724 时间=20147.872 模式=OFFBOARD 起飞状态=未执行起飞 水平控制=位置保持 类型掩码=3520 实际位置NED=(0.058,-0.230,-0.420) 实际速度=(-0.002,0.012,0.000) 最终目标=(0.058,-0.231,-0.420) 指令位置=(0.058,-0.231,nan) 指令速度=(0.000,0.000,0.000) 指令加速度=(0.000,0.000,nan) 滚转角=-0.08度 俯仰角=-0.09度
15:41:41 [地面待机] 已清除上一轮飞行目标，正在跟随当前位置
15:41:41.624838 [轨迹] 序号=1711 单调时间=20147.975027 时间=20147.975 模式=OFFBOARD 起飞状态=未执行起飞 水平控制=位置保持 类型掩码=3520 实际位置NED=(0.058,-0.230,-0.420) 实际速度=(-0.002,0.012,0.000) 最终目标=(0.058,-0.230,-0.420) 指令位置=(0.058,-0.230,nan) 指令速度=(0.000,0.000,0.000) 指令加速度=(0.000,0.000,nan) 滚转角=-0.08度 俯仰角=-0.09度
15:41:41.727771 [轨迹] 序号=1712 单调时间=20148.078089 时间=20148.078 模式=OFFBOARD 起飞状态=未执行起飞 水平控制=位置保持 类型掩码=3520 实际位置NED=(0.058,-0.229,-0.420) 实际速度=(-0.002,0.012,0.000) 最终目标=(0.058,-0.230,-0.420) 指令位置=(0.058,-0.230,nan) 指令速度=(0.000,0.000,0.000) 指令加速度=(0.000,0.000,nan) 滚转角=-0.08度 俯仰角=-0.09度
15:41:41.830458 [轨迹] 序号=1713 单调时间=20148.180700 时间=20148.181 模式=OFFBOARD 起飞状态=未执行起飞 水平控制=位置保持 类型掩码=3520 实际位置NED=(0.058,-0.229,-0.420) 实际速度=(-0.002,0.011,0.000) 最终目标=(0.058,-0.230,-0.420) 指令位置=(0.058,-0.230,nan) 指令速度=(0.000,0.000,0.000) 指令加速度=(0.000,0.000,nan) 滚转角=-0.08度 俯仰角=-0.09度
15:41:41.934585 [轨迹] 序号=1714 单调时间=20148.284842 时间=20148.285 模式=OFFBOARD 起飞状态=未执行起飞 水平控制=位置保持 类型掩码=3520 实际位置NED=(0.058,-0.228,-0.420) 实际速度=(-0.002,0.011,0.000) 最终目标=(0.058,-0.230,-0.420) 指令位置=(0.058,-0.230,nan) 指令速度=(0.000,0.000,0.000) 指令加速度=(0.000,0.000,nan) 滚转角=-0.08度 俯仰角=-0.09度
15:41:42.037658 [轨迹] 序号=1715 单调时间=20148.387952 时间=20148.388 模式=OFFBOARD 起飞状态=未执行起飞 水平控制=位置保持 类型掩码=3520 实际位置NED=(0.058,-0.228,-0.420) 实际速度=(-0.002,0.011,0.000) 最终目标=(0.058,-0.230,-0.420) 指令位置=(0.058,-0.230,nan) 指令速度=(0.000,0.000,0.000) 指令加速度=(0.000,0.000,nan) 滚转角=-0.08度 俯仰角=-0.09度
15:41:42.142243 [轨迹] 序号=1716 单调时间=20148.492500 时间=20148.492 模式=OFFBOARD 起飞状态=未执行起飞 水平控制=位置保持 类型掩码=3520 实际位置NED=(0.058,-0.227,-0.420) 实际速度=(-0.002,0.011,0.000) 最终目标=(0.058,-0.230,-0.420) 指令位置=(0.058,-0.230,nan) 指令速度=(0.000,0.000,0.000) 指令加速度=(0.000,0.000,nan) 滚转角=-0.08度 俯仰角=-0.09度
15:41:42.245202 [轨迹] 序号=1717 单调时间=20148.595386 时间=20148.595 模式=OFFBOARD 起飞状态=未执行起飞 水平控制=位置保持 类型掩码=3520 实际位置NED=(0.058,-0.226,-0.420) 实际速度=(-0.002,0.010,0.000) 最终目标=(0.058,-0.230,-0.420) 指令位置=(0.058,-0.230,nan) 指令速度=(0.000,0.000,0.000) 指令加速度=(0.000,0.000,nan) 滚转角=-0.08度 俯仰角=-0.09度
15:41:42.347809 [轨迹] 序号=1718 单调时间=20148.698030 时间=20148.698 模式=OFFBOARD 起飞状态=未执行起飞 水平控制=位置保持 类型掩码=3520 实际位置NED=(0.058,-0.226,-0.420) 实际速度=(-0.002,0.010,0.000) 最终目标=(0.058,-0.230,-0.420) 指令位置=(0.058,-0.230,nan) 指令速度=(0.000,0.000,0.000) 指令加速度=(0.000,0.000,nan) 滚转角=-0.08度 俯仰角=-0.09度
15:41:42.450670 [轨迹] 序号=1719 单调时间=20148.800970 时间=20148.801 模式=OFFBOARD 起飞状态=未执行起飞 水平控制=位置保持 类型掩码=3520 实际位置NED=(0.059,-0.225,-0.420) 实际速度=(-0.002,0.010,-0.000) 最终目标=(0.058,-0.230,-0.420) 指令位置=(0.058,-0.230,nan) 指令速度=(0.000,0.000,0.000) 指令加速度=(0.000,0.000,nan) 滚转角=-0.08度 俯仰角=-0.09度
15:41:42.554464 [轨迹] 序号=1720 单调时间=20148.904763 时间=20148.905 模式=OFFBOARD 起飞状态=未执行起飞 水平控制=位置保持 类型掩码=3520 实际位置NED=(0.059,-0.225,-0.420) 实际速度=(-0.002,0.010,-0.000) 最终目标=(0.058,-0.230,-0.420) 指令位置=(0.058,-0.230,nan) 指令速度=(0.000,0.000,0.000) 指令加速度=(0.000,0.000,nan) 滚转角=-0.08度 俯仰角=-0.09度
15:41:42.658201 [轨迹] 序号=1721 单调时间=20149.008464 时间=20149.008 模式=OFFBOARD 起飞状态=未执行起飞 水平控制=位置保持 类型掩码=3520 实际位置NED=(0.059,-0.224,-0.420) 实际速度=(-0.001,0.009,-0.000) 最终目标=(0.058,-0.230,-0.420) 指令位置=(0.058,-0.230,nan) 指令速度=(0.000,0.000,0.000) 指令加速度=(0.000,0.000,nan) 滚转角=-0.08度 俯仰角=-0.09度
15:41:42.762201 [轨迹] 序号=1722 单调时间=20149.112370 时间=20149.112 模式=OFFBOARD 起飞状态=未执行起飞 水平控制=位置保持 类型掩码=3520 实际位置NED=(0.059,-0.223,-0.420) 实际速度=(-0.001,0.009,-0.000) 最终目标=(0.058,-0.230,-0.420) 指令位置=(0.058,-0.230,nan) 指令速度=(0.000,0.000,0.000) 指令加速度=(0.000,0.000,nan) 滚转角=-0.08度 俯仰角=-0.08度
15:41:42.864828 [轨迹] 序号=1723 单调时间=20149.215059 时间=20149.215 模式=OFFBOARD 起飞状态=未执行起飞 水平控制=位置保持 类型掩码=3520 实际位置NED=(0.059,-0.223,-0.420) 实际速度=(-0.001,0.009,-0.000) 最终目标=(0.058,-0.230,-0.420) 指令位置=(0.058,-0.230,nan) 指令速度=(0.000,0.000,0.000) 指令加速度=(0.000,0.000,nan) 滚转角=-0.08度 俯仰角=-0.08度
15:41:42.968677 [轨迹] 序号=1724 单调时间=20149.318805 时间=20149.319 模式=OFFBOARD 起飞状态=未执行起飞 水平控制=位置保持 类型掩码=3520 实际位置NED=(0.059,-0.222,-0.420) 实际速度=(-0.001,0.009,-0.000) 最终目标=(0.058,-0.230,-0.420) 指令位置=(0.058,-0.230,nan) 指令速度=(0.000,0.000,0.000) 指令加速度=(0.000,0.000,nan) 滚转角=-0.08度 俯仰角=-0.08度
15:41:43.071364 [轨迹] 序号=1725 单调时间=20149.421579 时间=20149.422 模式=OFFBOARD 起飞状态=未执行起飞 水平控制=位置保持 类型掩码=3520 实际位置NED=(0.059,-0.222,-0.420) 实际速度=(-0.001,0.009,-0.000) 最终目标=(0.058,-0.230,-0.420) 指令位置=(0.058,-0.230,nan) 指令速度=(0.000,0.000,0.000) 指令加速度=(0.000,0.000,nan) 滚转角=-0.09度 俯仰角=-0.08度
15:41:43.172782 [轨迹] 序号=1726 单调时间=20149.522956 时间=20149.523 模式=OFFBOARD 起飞状态=未执行起飞 水平控制=位置保持 类型掩码=3520 实际位置NED=(0.059,-0.222,-0.420) 实际速度=(-0.001,0.009,-0.000) 最终目标=(0.058,-0.230,-0.420) 指令位置=(0.058,-0.230,nan) 指令速度=(0.000,0.000,0.000) 指令加速度=(0.000,0.000,nan) 滚转角=-0.08度 俯仰角=-0.08度
15:41:43.276812 [轨迹] 序号=1727 单调时间=20149.626999 时间=20149.627 模式=OFFBOARD 起飞状态=未执行起飞 水平控制=位置保持 类型掩码=3520 实际位置NED=(0.059,-0.221,-0.420) 实际速度=(-0.001,0.008,-0.000) 最终目标=(0.058,-0.230,-0.420) 指令位置=(0.058,-0.230,nan) 指令速度=(0.000,0.000,0.000) 指令加速度=(0.000,0.000,nan) 滚转角=-0.09度 俯仰角=-0.08度
15:41:43.380091 [轨迹] 序号=1728 单调时间=20149.730261 时间=20149.730 模式=OFFBOARD 起飞状态=未执行起飞 水平控制=位置保持 类型掩码=3520 实际位置NED=(0.059,-0.220,-0.420) 实际速度=(-0.001,0.008,-0.000) 最终目标=(0.058,-0.230,-0.420) 指令位置=(0.058,-0.230,nan) 指令速度=(0.000,0.000,0.000) 指令加速度=(0.000,0.000,nan) 滚转角=-0.09度 俯仰角=-0.08度
15:41:43.483602 [轨迹] 序号=1729 单调时间=20149.833811 时间=20149.834 模式=OFFBOARD 起飞状态=未执行起飞 水平控制=位置保持 类型掩码=3520 实际位置NED=(0.059,-0.220,-0.420) 实际速度=(-0.001,0.008,-0.000) 最终目标=(0.058,-0.230,-0.420) 指令位置=(0.058,-0.230,nan) 指令速度=(0.000,0.000,0.000) 指令加速度=(0.000,0.000,nan) 滚转角=-0.09度 俯仰角=-0.08度
15:41:43.586058 [轨迹] 序号=1730 单调时间=20149.936306 时间=20149.936 模式=OFFBOARD 起飞状态=未执行起飞 水平控制=位置保持 类型掩码=3520 实际位置NED=(0.059,-0.219,-0.420) 实际速度=(-0.001,0.008,-0.000) 最终目标=(0.058,-0.230,-0.420) 指令位置=(0.058,-0.230,nan) 指令速度=(0.000,0.000,0.000) 指令加速度=(0.000,0.000,nan) 滚转角=-0.09度 俯仰角=-0.08度
15:41:43.688592 [轨迹] 序号=1731 单调时间=20150.038834 时间=20150.039 模式=OFFBOARD 起飞状态=未执行起飞 水平控制=位置保持 类型掩码=3520 实际位置NED=(0.059,-0.218,-0.420) 实际速度=(-0.001,0.008,0.000) 最终目标=(0.058,-0.230,-0.420) 指令位置=(0.058,-0.230,nan) 指令速度=(0.000,0.000,0.000) 指令加速度=(0.000,0.000,nan) 滚转角=-0.09度 俯仰角=-0.07度
15:41:43.788621 [轨迹] 序号=1732 单调时间=20150.138869 时间=20150.139 模式=OFFBOARD 起飞状态=未执行起飞 水平控制=位置保持 类型掩码=3520 实际位置NED=(0.059,-0.218,-0.420) 实际速度=(-0.001,0.008,0.000) 最终目标=(0.058,-0.230,-0.420) 指令位置=(0.058,-0.230,nan) 指令速度=(0.000,0.000,0.000) 指令加速度=(0.000,0.000,nan) 滚转角=-0.09度 俯仰角=-0.07度
15:41:43.888677 [轨迹] 序号=1733 单调时间=20150.238929 时间=20150.239 模式=OFFBOARD 起飞状态=未执行起飞 水平控制=位置保持 类型掩码=3520 实际位置NED=(0.059,-0.217,-0.420) 实际速度=(-0.001,0.007,0.000) 最终目标=(0.058,-0.230,-0.420) 指令位置=(0.058,-0.230,nan) 指令速度=(0.000,0.000,0.000) 指令加速度=(0.000,0.000,nan) 滚转角=-0.09度 俯仰角=-0.07度
15:41:43.991476 [轨迹] 序号=1734 单调时间=20150.341672 时间=20150.342 模式=OFFBOARD 起飞状态=未执行起飞 水平控制=位置保持 类型掩码=3520 实际位置NED=(0.059,-0.217,-0.420) 实际速度=(-0.001,0.007,0.000) 最终目标=(0.058,-0.230,-0.420) 指令位置=(0.058,-0.230,nan) 指令速度=(0.000,0.000,0.000) 指令加速度=(0.000,0.000,nan) 滚转角=-0.09度 俯仰角=-0.07度
15:41:44.095093 [轨迹] 序号=1735 单调时间=20150.445508 时间=20150.446 模式=OFFBOARD 起飞状态=未执行起飞 水平控制=位置保持 类型掩码=3520 实际位置NED=(0.059,-0.216,-0.420) 实际速度=(-0.001,0.007,0.000) 最终目标=(0.058,-0.230,-0.420) 指令位置=(0.058,-0.230,nan) 指令速度=(0.000,0.000,0.000) 指令加速度=(0.000,0.000,nan) 滚转角=-0.09度 俯仰角=-0.07度
15:41:44.197985 [轨迹] 序号=1736 单调时间=20150.548294 时间=20150.548 模式=OFFBOARD 起飞状态=未执行起飞 水平控制=位置保持 类型掩码=3520 实际位置NED=(0.059,-0.216,-0.420) 实际速度=(-0.001,0.007,0.000) 最终目标=(0.058,-0.230,-0.420) 指令位置=(0.058,-0.230,nan) 指令速度=(0.000,0.000,0.000) 指令加速度=(0.000,0.000,nan) 滚转角=-0.09度 俯仰角=-0.07度
15:41:44.301084 [轨迹] 序号=1737 单调时间=20150.651375 时间=20150.651 模式=OFFBOARD 起飞状态=未执行起飞 水平控制=位置保持 类型掩码=3520 实际位置NED=(0.059,-0.215,-0.419) 实际速度=(-0.001,0.007,0.000) 最终目标=(0.058,-0.230,-0.420) 指令位置=(0.058,-0.230,nan) 指令速度=(0.000,0.000,0.000) 指令加速度=(0.000,0.000,nan) 滚转角=-0.09度 俯仰角=-0.07度
15:41:44.404224 [轨迹] 序号=1738 单调时间=20150.754492 时间=20150.754 模式=OFFBOARD 起飞状态=未执行起飞 水平控制=位置保持 类型掩码=3520 实际位置NED=(0.059,-0.214,-0.419) 实际速度=(-0.001,0.006,0.000) 最终目标=(0.058,-0.230,-0.420) 指令位置=(0.058,-0.230,nan) 指令速度=(0.000,0.000,0.000) 指令加速度=(0.000,0.000,nan) 滚转角=-0.09度 俯仰角=-0.07度
15:41:44.508141 [轨迹] 序号=1739 单调时间=20150.858241 时间=20150.858 模式=OFFBOARD 起飞状态=未执行起飞 水平控制=位置保持 类型掩码=3520 实际位置NED=(0.059,-0.214,-0.419) 实际速度=(-0.001,0.006,0.000) 最终目标=(0.058,-0.230,-0.420) 指令位置=(0.058,-0.230,nan) 指令速度=(0.000,0.000,0.000) 指令加速度=(0.000,0.000,nan) 滚转角=-0.09度 俯仰角=-0.07度
15:41:44.611307 [轨迹] 序号=1740 单调时间=20150.961621 时间=20150.962 模式=OFFBOARD 起飞状态=未执行起飞 水平控制=位置保持 类型掩码=3520 实际位置NED=(0.059,-0.214,-0.419) 实际速度=(-0.001,0.006,0.000) 最终目标=(0.058,-0.230,-0.420) 指令位置=(0.058,-0.230,nan) 指令速度=(0.000,0.000,0.000) 指令加速度=(0.000,0.000,nan) 滚转角=-0.09度 俯仰角=-0.07度
15:41:44.714612 [轨迹] 序号=1741 单调时间=20151.064978 时间=20151.065 模式=OFFBOARD 起飞状态=未执行起飞 水平控制=位置保持 类型掩码=3520 实际位置NED=(0.059,-0.213,-0.419) 实际速度=(-0.001,0.006,0.000) 最终目标=(0.058,-0.230,-0.420) 指令位置=(0.058,-0.230,nan) 指令速度=(0.000,0.000,0.000) 指令加速度=(0.000,0.000,nan) 滚转角=-0.09度 俯仰角=-0.06度
15:41:44.816964 [轨迹] 序号=1742 单调时间=20151.167402 时间=20151.167 模式=OFFBOARD 起飞状态=未执行起飞 水平控制=位置保持 类型掩码=3520 实际位置NED=(0.059,-0.212,-0.419) 实际速度=(-0.001,0.006,0.001) 最终目标=(0.058,-0.230,-0.420) 指令位置=(0.058,-0.230,nan) 指令速度=(0.000,0.000,0.000) 指令加速度=(0.000,0.000,nan) 滚转角=-0.09度 俯仰角=-0.06度
15:41:44.919834 [轨迹] 序号=1743 单调时间=20151.270102 时间=20151.270 模式=OFFBOARD 起飞状态=未执行起飞 水平控制=位置保持 类型掩码=3520 实际位置NED=(0.059,-0.212,-0.419) 实际速度=(-0.001,0.005,0.001) 最终目标=(0.058,-0.230,-0.420) 指令位置=(0.058,-0.230,nan) 指令速度=(0.000,0.000,0.000) 指令加速度=(0.000,0.000,nan) 滚转角=-0.09度 俯仰角=-0.06度
15:41:45.022247 [轨迹] 序号=1744 单调时间=20151.372663 时间=20151.373 模式=OFFBOARD 起飞状态=未执行起飞 水平控制=位置保持 类型掩码=3520 实际位置NED=(0.059,-0.212,-0.419) 实际速度=(-0.001,0.005,0.001) 最终目标=(0.058,-0.230,-0.420) 指令位置=(0.058,-0.230,nan) 指令速度=(0.000,0.000,0.000) 指令加速度=(0.000,0.000,nan) 滚转角=-0.09度 俯仰角=-0.06度
15:41:45.124977 [轨迹] 序号=1745 单调时间=20151.475236 时间=20151.475 模式=OFFBOARD 起飞状态=未执行起飞 水平控制=位置保持 类型掩码=3520 实际位置NED=(0.059,-0.211,-0.419) 实际速度=(-0.000,0.005,0.001) 最终目标=(0.058,-0.230,-0.420) 指令位置=(0.058,-0.230,nan) 指令速度=(0.000,0.000,0.000) 指令加速度=(0.000,0.000,nan) 滚转角=-0.09度 俯仰角=-0.06度
15:41:45.229282 [轨迹] 序号=1746 单调时间=20151.579515 时间=20151.580 模式=OFFBOARD 起飞状态=未执行起飞 水平控制=位置保持 类型掩码=3520 实际位置NED=(0.059,-0.211,-0.419) 实际速度=(-0.000,0.005,0.001) 最终目标=(0.058,-0.230,-0.420) 指令位置=(0.058,-0.230,nan) 指令速度=(0.000,0.000,0.000) 指令加速度=(0.000,0.000,nan) 滚转角=-0.09度 俯仰角=-0.06度
15:41:45.329653 [轨迹] 序号=1747 单调时间=20151.679880 时间=20151.680 模式=OFFBOARD 起飞状态=未执行起飞 水平控制=位置保持 类型掩码=3520 实际位置NED=(0.059,-0.211,-0.419) 实际速度=(-0.001,0.005,0.001) 最终目标=(0.058,-0.230,-0.420) 指令位置=(0.058,-0.230,nan) 指令速度=(0.000,0.000,0.000) 指令加速度=(0.000,0.000,nan) 滚转角=-0.09度 俯仰角=-0.06度
15:41:45.433499 [轨迹] 序号=1748 单调时间=20151.783777 时间=20151.784 模式=OFFBOARD 起飞状态=未执行起飞 水平控制=位置保持 类型掩码=3520 实际位置NED=(0.059,-0.210,-0.419) 实际速度=(-0.001,0.005,0.001) 最终目标=(0.058,-0.230,-0.420) 指令位置=(0.058,-0.230,nan) 指令速度=(0.000,0.000,0.000) 指令加速度=(0.000,0.000,nan) 滚转角=-0.09度 俯仰角=-0.06度
15:41:45.536639 [轨迹] 序号=1749 单调时间=20151.886911 时间=20151.887 模式=OFFBOARD 起飞状态=未执行起飞 水平控制=位置保持 类型掩码=3520 实际位置NED=(0.059,-0.210,-0.419) 实际速度=(-0.001,0.005,0.001) 最终目标=(0.058,-0.230,-0.420) 指令位置=(0.058,-0.230,nan) 指令速度=(0.000,0.000,0.000) 指令加速度=(0.000,0.000,nan) 滚转角=-0.09度 俯仰角=-0.06度
15:41:45.639049 [轨迹] 序号=1750 单调时间=20151.989454 时间=20151.989 模式=OFFBOARD 起飞状态=未执行起飞 水平控制=位置保持 类型掩码=3520 实际位置NED=(0.059,-0.209,-0.419) 实际速度=(-0.001,0.005,0.001) 最终目标=(0.058,-0.230,-0.420) 指令位置=(0.058,-0.230,nan) 指令速度=(0.000,0.000,0.000) 指令加速度=(0.000,0.000,nan) 滚转角=-0.09度 俯仰角=-0.06度
15:41:45.741512 [轨迹] 序号=1751 单调时间=20152.091739 时间=20152.092 模式=OFFBOARD 起飞状态=未执行起飞 水平控制=位置保持 类型掩码=3520 实际位置NED=(0.059,-0.209,-0.419) 实际速度=(-0.001,0.004,0.001) 最终目标=(0.058,-0.230,-0.420) 指令位置=(0.058,-0.230,nan) 指令速度=(0.000,0.000,0.000) 指令加速度=(0.000,0.000,nan) 滚转角=-0.09度 俯仰角=-0.06度
15:41:45.844055 [轨迹] 序号=1752 单调时间=20152.194320 时间=20152.194 模式=OFFBOARD 起飞状态=未执行起飞 水平控制=位置保持 类型掩码=3520 实际位置NED=(0.059,-0.208,-0.419) 实际速度=(-0.001,0.004,0.001) 最终目标=(0.058,-0.230,-0.420) 指令位置=(0.058,-0.230,nan) 指令速度=(0.000,0.000,0.000) 指令加速度=(0.000,0.000,nan) 滚转角=-0.09度 俯仰角=-0.06度
15:41:45.947537 [轨迹] 序号=1753 单调时间=20152.297784 时间=20152.298 模式=OFFBOARD 起飞状态=未执行起飞 水平控制=位置保持 类型掩码=3520 实际位置NED=(0.059,-0.208,-0.419) 实际速度=(-0.000,0.004,0.000) 最终目标=(0.058,-0.230,-0.420) 指令位置=(0.058,-0.230,nan) 指令速度=(0.000,0.000,0.000) 指令加速度=(0.000,0.000,nan) 滚转角=-0.09度 俯仰角=-0.06度
15:41:46.050346 [轨迹] 序号=1754 单调时间=20152.400675 时间=20152.401 模式=OFFBOARD 起飞状态=未执行起飞 水平控制=位置保持 类型掩码=3520 实际位置NED=(0.059,-0.207,-0.419) 实际速度=(-0.000,0.004,0.000) 最终目标=(0.058,-0.230,-0.420) 指令位置=(0.058,-0.230,nan) 指令速度=(0.000,0.000,0.000) 指令加速度=(0.000,0.000,nan) 滚转角=-0.09度 俯仰角=-0.06度
15:41:46.153334 [轨迹] 序号=1755 单调时间=20152.503532 时间=20152.504 模式=OFFBOARD 起飞状态=未执行起飞 水平控制=位置保持 类型掩码=3520 实际位置NED=(0.059,-0.207,-0.419) 实际速度=(-0.000,0.004,0.000) 最终目标=(0.058,-0.230,-0.420) 指令位置=(0.058,-0.230,nan) 指令速度=(0.000,0.000,0.000) 指令加速度=(0.000,0.000,nan) 滚转角=-0.09度 俯仰角=-0.05度
15:41:46.255889 [轨迹] 序号=1756 单调时间=20152.606160 时间=20152.606 模式=OFFBOARD 起飞状态=未执行起飞 水平控制=位置保持 类型掩码=3520 实际位置NED=(0.060,-0.206,-0.419) 实际速度=(-0.000,0.004,0.001) 最终目标=(0.058,-0.230,-0.420) 指令位置=(0.058,-0.230,nan) 指令速度=(0.000,0.000,0.000) 指令加速度=(0.000,0.000,nan) 滚转角=-0.09度 俯仰角=-0.05度
15:41:46.359474 [轨迹] 序号=1757 单调时间=20152.709662 时间=20152.710 模式=OFFBOARD 起飞状态=未执行起飞 水平控制=位置保持 类型掩码=3520 实际位置NED=(0.060,-0.206,-0.419) 实际速度=(-0.000,0.004,0.001) 最终目标=(0.058,-0.230,-0.420) 指令位置=(0.058,-0.230,nan) 指令速度=(0.000,0.000,0.000) 指令加速度=(0.000,0.000,nan) 滚转角=-0.09度 俯仰角=-0.05度
15:41:46.462833 [轨迹] 序号=1758 单调时间=20152.813091 时间=20152.813 模式=OFFBOARD 起飞状态=未执行起飞 水平控制=位置保持 类型掩码=3520 实际位置NED=(0.060,-0.205,-0.419) 实际速度=(-0.000,0.003,0.001) 最终目标=(0.058,-0.230,-0.420) 指令位置=(0.058,-0.230,nan) 指令速度=(0.000,0.000,0.000) 指令加速度=(0.000,0.000,nan) 滚转角=-0.09度 俯仰角=-0.05度
15:41:46.566109 [轨迹] 序号=1759 单调时间=20152.915927 时间=20152.916 模式=OFFBOARD 起飞状态=未执行起飞 水平控制=位置保持 类型掩码=3520 实际位置NED=(0.060,-0.205,-0.419) 实际速度=(-0.000,0.003,0.001) 最终目标=(0.058,-0.230,-0.420) 指令位置=(0.058,-0.230,nan) 指令速度=(0.000,0.000,0.000) 指令加速度=(0.000,0.000,nan) 滚转角=-0.08度 俯仰角=-0.05度
15:41:46.669145 [轨迹] 序号=1760 单调时间=20153.019318 时间=20153.019 模式=OFFBOARD 起飞状态=未执行起飞 水平控制=位置保持 类型掩码=3520 实际位置NED=(0.060,-0.204,-0.419) 实际速度=(-0.000,0.003,0.001) 最终目标=(0.058,-0.230,-0.420) 指令位置=(0.058,-0.230,nan) 指令速度=(0.000,0.000,0.000) 指令加速度=(0.000,0.000,nan) 滚转角=-0.08度 俯仰角=-0.05度
15:41:46.772112 [轨迹] 序号=1761 单调时间=20153.122058 时间=20153.122 模式=OFFBOARD 起飞状态=未执行起飞 水平控制=位置保持 类型掩码=3520 实际位置NED=(0.060,-0.204,-0.419) 实际速度=(-0.000,0.003,0.001) 最终目标=(0.058,-0.230,-0.420) 指令位置=(0.058,-0.230,nan) 指令速度=(0.000,0.000,0.000) 指令加速度=(0.000,0.000,nan) 滚转角=-0.08度 俯仰角=-0.05度
15:41:46.875211 [轨迹] 序号=1762 单调时间=20153.225650 时间=20153.226 模式=OFFBOARD 起飞状态=未执行起飞 水平控制=位置保持 类型掩码=3520 实际位置NED=(0.060,-0.203,-0.419) 实际速度=(-0.001,0.003,0.001) 最终目标=(0.058,-0.230,-0.420) 指令位置=(0.058,-0.230,nan) 指令速度=(0.000,0.000,0.000) 指令加速度=(0.000,0.000,nan) 滚转角=-0.08度 俯仰角=-0.05度
15:41:46.978524 [轨迹] 序号=1763 单调时间=20153.328842 时间=20153.329 模式=OFFBOARD 起飞状态=未执行起飞 水平控制=位置保持 类型掩码=3520 实际位置NED=(0.060,-0.203,-0.419) 实际速度=(-0.001,0.003,0.001) 最终目标=(0.058,-0.230,-0.420) 指令位置=(0.058,-0.230,nan) 指令速度=(0.000,0.000,0.000) 指令加速度=(0.000,0.000,nan) 滚转角=-0.08度 俯仰角=-0.05度
15:41:47.082072 [轨迹] 序号=1764 单调时间=20153.432339 时间=20153.432 模式=OFFBOARD 起飞状态=未执行起飞 水平控制=位置保持 类型掩码=3520 实际位置NED=(0.060,-0.202,-0.419) 实际速度=(-0.001,0.003,0.001) 最终目标=(0.058,-0.230,-0.420) 指令位置=(0.058,-0.230,nan) 指令速度=(0.000,0.000,0.000) 指令加速度=(0.000,0.000,nan) 滚转角=-0.08度 俯仰角=-0.05度
15:41:47.185127 [轨迹] 序号=1765 单调时间=20153.535267 时间=20153.535 模式=OFFBOARD 起飞状态=未执行起飞 水平控制=位置保持 类型掩码=3520 实际位置NED=(0.059,-0.202,-0.419) 实际速度=(-0.001,0.003,0.001) 最终目标=(0.058,-0.230,-0.420) 指令位置=(0.058,-0.230,nan) 指令速度=(0.000,0.000,0.000) 指令加速度=(0.000,0.000,nan) 滚转角=-0.08度 俯仰角=-0.05度
15:41:47.287936 [轨迹] 序号=1766 单调时间=20153.638198 时间=20153.638 模式=OFFBOARD 起飞状态=未执行起飞 水平控制=位置保持 类型掩码=3520 实际位置NED=(0.059,-0.201,-0.419) 实际速度=(-0.001,0.003,0.001) 最终目标=(0.058,-0.230,-0.420) 指令位置=(0.058,-0.230,nan) 指令速度=(0.000,0.000,0.000) 指令加速度=(0.000,0.000,nan) 滚转角=-0.08度 俯仰角=-0.05度
15:41:47.390451 [轨迹] 序号=1767 单调时间=20153.740698 时间=20153.741 模式=OFFBOARD 起飞状态=未执行起飞 水平控制=位置保持 类型掩码=3520 实际位置NED=(0.059,-0.201,-0.419) 实际速度=(-0.001,0.003,0.001) 最终目标=(0.058,-0.230,-0.420) 指令位置=(0.058,-0.230,nan) 指令速度=(0.000,0.000,0.000) 指令加速度=(0.000,0.000,nan) 滚转角=-0.08度 俯仰角=-0.05度
15:41:47.493771 [轨迹] 序号=1768 单调时间=20153.844045 时间=20153.844 模式=OFFBOARD 起飞状态=未执行起飞 水平控制=位置保持 类型掩码=3520 实际位置NED=(0.059,-0.201,-0.419) 实际速度=(-0.001,0.003,0.001) 最终目标=(0.058,-0.230,-0.420) 指令位置=(0.058,-0.230,nan) 指令速度=(0.000,0.000,0.000) 指令加速度=(0.000,0.000,nan) 滚转角=-0.08度 俯仰角=-0.05度
15:41:47.596518 [轨迹] 序号=1769 单调时间=20153.946859 时间=20153.947 模式=OFFBOARD 起飞状态=未执行起飞 水平控制=位置保持 类型掩码=3520 实际位置NED=(0.059,-0.200,-0.419) 实际速度=(-0.001,0.003,0.001) 最终目标=(0.058,-0.230,-0.420) 指令位置=(0.058,-0.230,nan) 指令速度=(0.000,0.000,0.000) 指令加速度=(0.000,0.000,nan) 滚转角=-0.08度 俯仰角=-0.05度
15:41:47.700033 [轨迹] 序号=1770 单调时间=20154.050237 时间=20154.050 模式=OFFBOARD 起飞状态=未执行起飞 水平控制=位置保持 类型掩码=3520 实际位置NED=(0.059,-0.200,-0.419) 实际速度=(-0.001,0.003,0.001) 最终目标=(0.058,-0.230,-0.420) 指令位置=(0.058,-0.230,nan) 指令速度=(0.000,0.000,0.000) 指令加速度=(0.000,0.000,nan) 滚转角=-0.08度 俯仰角=-0.05度
15:41:47.803439 [轨迹] 序号=1771 单调时间=20154.153634 时间=20154.154 模式=OFFBOARD 起飞状态=未执行起飞 水平控制=位置保持 类型掩码=3520 实际位置NED=(0.059,-0.199,-0.419) 实际速度=(-0.001,0.002,0.001) 最终目标=(0.058,-0.230,-0.420) 指令位置=(0.058,-0.230,nan) 指令速度=(0.000,0.000,0.000) 指令加速度=(0.000,0.000,nan) 滚转角=-0.08度 俯仰角=-0.05度
15:41:47.906331 [轨迹] 序号=1772 单调时间=20154.256477 时间=20154.256 模式=OFFBOARD 起飞状态=未执行起飞 水平控制=位置保持 类型掩码=3520 实际位置NED=(0.059,-0.199,-0.419) 实际速度=(-0.001,0.002,0.001) 最终目标=(0.058,-0.230,-0.420) 指令位置=(0.058,-0.230,nan) 指令速度=(0.000,0.000,0.000) 指令加速度=(0.000,0.000,nan) 滚转角=-0.08度 俯仰角=-0.05度
15:41:48.009663 [轨迹] 序号=1773 单调时间=20154.359775 时间=20154.360 模式=OFFBOARD 起飞状态=未执行起飞 水平控制=位置保持 类型掩码=3520 实际位置NED=(0.059,-0.198,-0.419) 实际速度=(-0.000,0.002,0.001) 最终目标=(0.058,-0.230,-0.420) 指令位置=(0.058,-0.230,nan) 指令速度=(0.000,0.000,0.000) 指令加速度=(0.000,0.000,nan) 滚转角=-0.08度 俯仰角=-0.05度
15:41:48.112036 [轨迹] 序号=1774 单调时间=20154.462328 时间=20154.462 模式=OFFBOARD 起飞状态=未执行起飞 水平控制=位置保持 类型掩码=3520 实际位置NED=(0.059,-0.198,-0.419) 实际速度=(-0.000,0.002,0.001) 最终目标=(0.058,-0.230,-0.420) 指令位置=(0.058,-0.230,nan) 指令速度=(0.000,0.000,0.000) 指令加速度=(0.000,0.000,nan) 滚转角=-0.08度 俯仰角=-0.05度
15:41:48.214595 [轨迹] 序号=1775 单调时间=20154.564855 时间=20154.565 模式=OFFBOARD 起飞状态=未执行起飞 水平控制=位置保持 类型掩码=3520 实际位置NED=(0.059,-0.198,-0.419) 实际速度=(-0.000,0.002,0.001) 最终目标=(0.058,-0.230,-0.420) 指令位置=(0.058,-0.230,nan) 指令速度=(0.000,0.000,0.000) 指令加速度=(0.000,0.000,nan) 滚转角=-0.08度 俯仰角=-0.05度
15:41:48.317651 [轨迹] 序号=1776 单调时间=20154.667727 时间=20154.668 模式=OFFBOARD 起飞状态=未执行起飞 水平控制=位置保持 类型掩码=3520 实际位置NED=(0.058,-0.197,-0.419) 实际速度=(-0.000,0.002,0.001) 最终目标=(0.058,-0.230,-0.420) 指令位置=(0.058,-0.230,nan) 指令速度=(0.000,0.000,0.000) 指令加速度=(0.000,0.000,nan) 滚转角=-0.08度 俯仰角=-0.05度
15:41:48.420334 [轨迹] 序号=1777 单调时间=20154.770630 时间=20154.771 模式=OFFBOARD 起飞状态=未执行起飞 水平控制=位置保持 类型掩码=3520 实际位置NED=(0.058,-0.196,-0.419) 实际速度=(-0.000,0.002,0.001) 最终目标=(0.058,-0.230,-0.420) 指令位置=(0.058,-0.230,nan) 指令速度=(0.000,0.000,0.000) 指令加速度=(0.000,0.000,nan) 滚转角=-0.08度 俯仰角=-0.05度
15:41:48.524514 [轨迹] 序号=1778 单调时间=20154.874851 时间=20154.875 模式=OFFBOARD 起飞状态=未执行起飞 水平控制=位置保持 类型掩码=3520 实际位置NED=(0.058,-0.196,-0.419) 实际速度=(-0.000,0.002,0.001) 最终目标=(0.058,-0.230,-0.420) 指令位置=(0.058,-0.230,nan) 指令速度=(0.000,0.000,0.000) 指令加速度=(0.000,0.000,nan) 滚转角=-0.08度 俯仰角=-0.05度
15:41:48.627972 [轨迹] 序号=1779 单调时间=20154.978446 时间=20154.978 模式=OFFBOARD 起飞状态=未执行起飞 水平控制=位置保持 类型掩码=3520 实际位置NED=(0.058,-0.196,-0.419) 实际速度=(-0.001,0.002,0.001) 最终目标=(0.058,-0.230,-0.420) 指令位置=(0.058,-0.230,nan) 指令速度=(0.000,0.000,0.000) 指令加速度=(0.000,0.000,nan) 滚转角=-0.08度 俯仰角=-0.05度
15:41:48.728913 [轨迹] 序号=1780 单调时间=20155.079049 时间=20155.079 模式=OFFBOARD 起飞状态=未执行起飞 水平控制=位置保持 类型掩码=3520 实际位置NED=(0.058,-0.195,-0.419) 实际速度=(-0.000,0.002,0.001) 最终目标=(0.058,-0.230,-0.420) 指令位置=(0.058,-0.230,nan) 指令速度=(0.000,0.000,0.000) 指令加速度=(0.000,0.000,nan) 滚转角=-0.08度 俯仰角=-0.04度
15:41:48.831984 [轨迹] 序号=1781 单调时间=20155.182219 时间=20155.182 模式=OFFBOARD 起飞状态=未执行起飞 水平控制=位置保持 类型掩码=3520 实际位置NED=(0.058,-0.195,-0.419) 实际速度=(-0.001,0.002,0.001) 最终目标=(0.058,-0.230,-0.420) 指令位置=(0.058,-0.230,nan) 指令速度=(0.000,0.000,0.000) 指令加速度=(0.000,0.000,nan) 滚转角=-0.08度 俯仰角=-0.04度
15:41:48.934835 [轨迹] 序号=1782 单调时间=20155.285081 时间=20155.285 模式=OFFBOARD 起飞状态=未执行起飞 水平控制=位置保持 类型掩码=3520 实际位置NED=(0.058,-0.194,-0.419) 实际速度=(-0.001,0.002,0.001) 最终目标=(0.058,-0.230,-0.420) 指令位置=(0.058,-0.230,nan) 指令速度=(0.000,0.000,0.000) 指令加速度=(0.000,0.000,nan) 滚转角=-0.08度 俯仰角=-0.04度
15:41:49.037388 [轨迹] 序号=1783 单调时间=20155.387673 时间=20155.388 模式=OFFBOARD 起飞状态=未执行起飞 水平控制=位置保持 类型掩码=3520 实际位置NED=(0.058,-0.194,-0.419) 实际速度=(-0.001,0.002,0.001) 最终目标=(0.058,-0.230,-0.420) 指令位置=(0.058,-0.230,nan) 指令速度=(0.000,0.000,0.000) 指令加速度=(0.000,0.000,nan) 滚转角=-0.08度 俯仰角=-0.04度
15:41:49.140094 [轨迹] 序号=1784 单调时间=20155.490364 时间=20155.490 模式=OFFBOARD 起飞状态=未执行起飞 水平控制=位置保持 类型掩码=3520 实际位置NED=(0.058,-0.194,-0.419) 实际速度=(-0.001,0.002,0.001) 最终目标=(0.058,-0.230,-0.420) 指令位置=(0.058,-0.230,nan) 指令速度=(0.000,0.000,0.000) 指令加速度=(0.000,0.000,nan) 滚转角=-0.08度 俯仰角=-0.04度
15:41:49.242432 [轨迹] 序号=1785 单调时间=20155.592751 时间=20155.593 模式=OFFBOARD 起飞状态=未执行起飞 水平控制=位置保持 类型掩码=3520 实际位置NED=(0.058,-0.193,-0.419) 实际速度=(-0.000,0.002,0.001) 最终目标=(0.058,-0.230,-0.420) 指令位置=(0.058,-0.230,nan) 指令速度=(0.000,0.000,0.000) 指令加速度=(0.000,0.000,nan) 滚转角=-0.08度 俯仰角=-0.04度
15:41:49.344778 [轨迹] 序号=1786 单调时间=20155.695085 时间=20155.695 模式=OFFBOARD 起飞状态=未执行起飞 水平控制=位置保持 类型掩码=3520 实际位置NED=(0.058,-0.193,-0.419) 实际速度=(-0.000,0.001,0.001) 最终目标=(0.058,-0.230,-0.420) 指令位置=(0.058,-0.230,nan) 指令速度=(0.000,0.000,0.000) 指令加速度=(0.000,0.000,nan) 滚转角=-0.08度 俯仰角=-0.04度
15:41:49.447122 [轨迹] 序号=1787 单调时间=20155.797438 时间=20155.797 模式=OFFBOARD 起飞状态=未执行起飞 水平控制=位置保持 类型掩码=3520 实际位置NED=(0.058,-0.192,-0.419) 实际速度=(-0.000,0.001,0.001) 最终目标=(0.058,-0.230,-0.420) 指令位置=(0.058,-0.230,nan) 指令速度=(0.000,0.000,0.000) 指令加速度=(0.000,0.000,nan) 滚转角=-0.08度 俯仰角=-0.04度
15:41:49.550959 [轨迹] 序号=1788 单调时间=20155.901197 时间=20155.901 模式=OFFBOARD 起飞状态=未执行起飞 水平控制=位置保持 类型掩码=3520 实际位置NED=(0.058,-0.192,-0.419) 实际速度=(-0.000,0.001,0.001) 最终目标=(0.058,-0.230,-0.420) 指令位置=(0.058,-0.230,nan) 指令速度=(0.000,0.000,0.000) 指令加速度=(0.000,0.000,nan) 滚转角=-0.08度 俯仰角=-0.04度
15:41:49.653536 [轨迹] 序号=1789 单调时间=20156.003775 时间=20156.004 模式=OFFBOARD 起飞状态=未执行起飞 水平控制=位置保持 类型掩码=3520 实际位置NED=(0.058,-0.191,-0.419) 实际速度=(-0.000,0.001,0.001) 最终目标=(0.058,-0.230,-0.420) 指令位置=(0.058,-0.230,nan) 指令速度=(0.000,0.000,0.000) 指令加速度=(0.000,0.000,nan) 滚转角=-0.08度 俯仰角=-0.04度
15:41:49.756786 [轨迹] 序号=1790 单调时间=20156.107032 时间=20156.107 模式=OFFBOARD 起飞状态=未执行起飞 水平控制=位置保持 类型掩码=3520 实际位置NED=(0.058,-0.191,-0.419) 实际速度=(-0.000,0.001,0.001) 最终目标=(0.058,-0.230,-0.420) 指令位置=(0.058,-0.230,nan) 指令速度=(0.000,0.000,0.000) 指令加速度=(0.000,0.000,nan) 滚转角=-0.09度 俯仰角=-0.04度
15:41:49.859323 [轨迹] 序号=1791 单调时间=20156.209515 时间=20156.210 模式=OFFBOARD 起飞状态=未执行起飞 水平控制=位置保持 类型掩码=3520 实际位置NED=(0.058,-0.190,-0.419) 实际速度=(-0.000,0.001,0.001) 最终目标=(0.058,-0.230,-0.420) 指令位置=(0.058,-0.230,nan) 指令速度=(0.000,0.000,0.000) 指令加速度=(0.000,0.000,nan) 滚转角=-0.09度 俯仰角=-0.04度
15:41:49.962153 [轨迹] 序号=1792 单调时间=20156.312399 时间=20156.312 模式=OFFBOARD 起飞状态=未执行起飞 水平控制=位置保持 类型掩码=3520 实际位置NED=(0.058,-0.190,-0.419) 实际速度=(-0.000,0.001,0.001) 最终目标=(0.058,-0.230,-0.420) 指令位置=(0.058,-0.230,nan) 指令速度=(0.000,0.000,0.000) 指令加速度=(0.000,0.000,nan) 滚转角=-0.09度 俯仰角=-0.04度
15:41:50.064653 [轨迹] 序号=1793 单调时间=20156.414852 时间=20156.415 模式=OFFBOARD 起飞状态=未执行起飞 水平控制=位置保持 类型掩码=3520 实际位置NED=(0.058,-0.189,-0.419) 实际速度=(-0.000,0.001,0.001) 最终目标=(0.058,-0.230,-0.420) 指令位置=(0.058,-0.230,nan) 指令速度=(0.000,0.000,0.000) 指令加速度=(0.000,0.000,nan) 滚转角=-0.08度 俯仰角=-0.04度
15:41:50.169323 [轨迹] 序号=1794 单调时间=20156.519611 时间=20156.520 模式=OFFBOARD 起飞状态=未执行起飞 水平控制=位置保持 类型掩码=3520 实际位置NED=(0.058,-0.189,-0.419) 实际速度=(-0.000,0.001,0.001) 最终目标=(0.058,-0.230,-0.420) 指令位置=(0.058,-0.230,nan) 指令速度=(0.000,0.000,0.000) 指令加速度=(0.000,0.000,nan) 滚转角=-0.08度 俯仰角=-0.04度
15:41:50.272099 [轨迹] 序号=1795 单调时间=20156.622249 时间=20156.622 模式=OFFBOARD 起飞状态=未执行起飞 水平控制=位置保持 类型掩码=3520 实际位置NED=(0.058,-0.188,-0.419) 实际速度=(-0.000,0.001,0.001) 最终目标=(0.058,-0.230,-0.420) 指令位置=(0.058,-0.230,nan) 指令速度=(0.000,0.000,0.000) 指令加速度=(0.000,0.000,nan) 滚转角=-0.08度 俯仰角=-0.04度
15:41:50.374967 [轨迹] 序号=1796 单调时间=20156.725243 时间=20156.725 模式=OFFBOARD 起飞状态=未执行起飞 水平控制=位置保持 类型掩码=3520 实际位置NED=(0.058,-0.188,-0.419) 实际速度=(-0.000,0.001,0.001) 最终目标=(0.058,-0.230,-0.420) 指令位置=(0.058,-0.230,nan) 指令速度=(0.000,0.000,0.000) 指令加速度=(0.000,0.000,nan) 滚转角=-0.08度 俯仰角=-0.04度
15:41:50.477771 [轨迹] 序号=1797 单调时间=20156.827952 时间=20156.828 模式=OFFBOARD 起飞状态=未执行起飞 水平控制=位置保持 类型掩码=3520 实际位置NED=(0.058,-0.188,-0.419) 实际速度=(-0.001,0.001,0.001) 最终目标=(0.058,-0.230,-0.420) 指令位置=(0.058,-0.230,nan) 指令速度=(0.000,0.000,0.000) 指令加速度=(0.000,0.000,nan) 滚转角=-0.08度 俯仰角=-0.04度
15:41:50.580525 [轨迹] 序号=1798 单调时间=20156.930807 时间=20156.931 模式=OFFBOARD 起飞状态=未执行起飞 水平控制=位置保持 类型掩码=3520 实际位置NED=(0.058,-0.187,-0.419) 实际速度=(-0.001,0.001,0.001) 最终目标=(0.058,-0.230,-0.420) 指令位置=(0.058,-0.230,nan) 指令速度=(0.000,0.000,0.000) 指令加速度=(0.000,0.000,nan) 滚转角=-0.08度 俯仰角=-0.04度
15:41:50.683808 [轨迹] 序号=1799 单调时间=20157.034023 时间=20157.034 模式=OFFBOARD 起飞状态=未执行起飞 水平控制=位置保持 类型掩码=3520 实际位置NED=(0.058,-0.187,-0.419) 实际速度=(-0.001,0.001,0.001) 最终目标=(0.058,-0.230,-0.420) 指令位置=(0.058,-0.230,nan) 指令速度=(0.000,0.000,0.000) 指令加速度=(0.000,0.000,nan) 滚转角=-0.08度 俯仰角=-0.04度
15:41:50.787093 [轨迹] 序号=1800 单调时间=20157.137326 时间=20157.137 模式=OFFBOARD 起飞状态=未执行起飞 水平控制=位置保持 类型掩码=3520 实际位置NED=(0.058,-0.186,-0.419) 实际速度=(-0.000,0.001,0.001) 最终目标=(0.058,-0.230,-0.420) 指令位置=(0.058,-0.230,nan) 指令速度=(0.000,0.000,0.000) 指令加速度=(0.000,0.000,nan) 滚转角=-0.08度 俯仰角=-0.04度
15:41:50.889672 [轨迹] 序号=1801 单调时间=20157.240045 时间=20157.240 模式=OFFBOARD 起飞状态=未执行起飞 水平控制=位置保持 类型掩码=3520 实际位置NED=(0.058,-0.186,-0.419) 实际速度=(-0.001,0.001,0.001) 最终目标=(0.058,-0.230,-0.420) 指令位置=(0.058,-0.230,nan) 指令速度=(0.000,0.000,0.000) 指令加速度=(0.000,0.000,nan) 滚转角=-0.08度 俯仰角=-0.04度
15:41:50.992353 [轨迹] 序号=1802 单调时间=20157.342482 时间=20157.342 模式=OFFBOARD 起飞状态=未执行起飞 水平控制=位置保持 类型掩码=3520 实际位置NED=(0.058,-0.185,-0.419) 实际速度=(-0.001,0.000,0.001) 最终目标=(0.058,-0.230,-0.420) 指令位置=(0.058,-0.230,nan) 指令速度=(0.000,0.000,0.000) 指令加速度=(0.000,0.000,nan) 滚转角=-0.08度 俯仰角=-0.04度
15:41:51.094958 [轨迹] 序号=1803 单调时间=20157.445186 时间=20157.445 模式=OFFBOARD 起飞状态=未执行起飞 水平控制=位置保持 类型掩码=3520 实际位置NED=(0.058,-0.185,-0.419) 实际速度=(-0.001,0.000,0.001) 最终目标=(0.058,-0.230,-0.420) 指令位置=(0.058,-0.230,nan) 指令速度=(0.000,0.000,0.000) 指令加速度=(0.000,0.000,nan) 滚转角=-0.08度 俯仰角=-0.04度
15:41:51.199118 [轨迹] 序号=1804 单调时间=20157.549291 时间=20157.549 模式=OFFBOARD 起飞状态=未执行起飞 水平控制=位置保持 类型掩码=3520 实际位置NED=(0.058,-0.184,-0.419) 实际速度=(-0.001,0.000,0.001) 最终目标=(0.058,-0.230,-0.420) 指令位置=(0.058,-0.230,nan) 指令速度=(0.000,0.000,0.000) 指令加速度=(0.000,0.000,nan) 滚转角=-0.08度 俯仰角=-0.04度
15:41:51.302279 [轨迹] 序号=1805 单调时间=20157.652517 时间=20157.653 模式=OFFBOARD 起飞状态=未执行起飞 水平控制=位置保持 类型掩码=3520 实际位置NED=(0.058,-0.184,-0.419) 实际速度=(-0.001,0.000,0.001) 最终目标=(0.058,-0.230,-0.420) 指令位置=(0.058,-0.230,nan) 指令速度=(0.000,0.000,0.000) 指令加速度=(0.000,0.000,nan) 滚转角=-0.08度 俯仰角=-0.04度
15:41:51.405469 [轨迹] 序号=1806 单调时间=20157.755739 时间=20157.756 模式=OFFBOARD 起飞状态=未执行起飞 水平控制=位置保持 类型掩码=3520 实际位置NED=(0.058,-0.183,-0.419) 实际速度=(-0.001,0.000,0.001) 最终目标=(0.058,-0.230,-0.420) 指令位置=(0.058,-0.230,nan) 指令速度=(0.000,0.000,0.000) 指令加速度=(0.000,0.000,nan) 滚转角=-0.08度 俯仰角=-0.04度
15:41:51.508219 [轨迹] 序号=1807 单调时间=20157.858502 时间=20157.859 模式=OFFBOARD 起飞状态=未执行起飞 水平控制=位置保持 类型掩码=3520 实际位置NED=(0.058,-0.183,-0.419) 实际速度=(-0.001,0.000,0.001) 最终目标=(0.058,-0.230,-0.420) 指令位置=(0.058,-0.230,nan) 指令速度=(0.000,0.000,0.000) 指令加速度=(0.000,0.000,nan) 滚转角=-0.08度 俯仰角=-0.04度
15:41:51.611265 [轨迹] 序号=1808 单调时间=20157.961378 时间=20157.961 模式=OFFBOARD 起飞状态=未执行起飞 水平控制=位置保持 类型掩码=3520 实际位置NED=(0.058,-0.182,-0.419) 实际速度=(-0.001,0.000,0.001) 最终目标=(0.058,-0.230,-0.420) 指令位置=(0.058,-0.230,nan) 指令速度=(0.000,0.000,0.000) 指令加速度=(0.000,0.000,nan) 滚转角=-0.08度 俯仰角=-0.04度
15:41:51.714552 [轨迹] 序号=1809 单调时间=20158.064677 时间=20158.065 模式=OFFBOARD 起飞状态=未执行起飞 水平控制=位置保持 类型掩码=3520 实际位置NED=(0.058,-0.181,-0.419) 实际速度=(-0.001,0.001,0.001) 最终目标=(0.058,-0.230,-0.420) 指令位置=(0.058,-0.230,nan) 指令速度=(0.000,0.000,0.000) 指令加速度=(0.000,0.000,nan) 滚转角=-0.08度 俯仰角=-0.04度
15:41:51.818297 [轨迹] 序号=1810 单调时间=20158.168516 时间=20158.169 模式=OFFBOARD 起飞状态=未执行起飞 水平控制=位置保持 类型掩码=3520 实际位置NED=(0.058,-0.181,-0.419) 实际速度=(-0.001,0.001,0.001) 最终目标=(0.058,-0.230,-0.420) 指令位置=(0.058,-0.230,nan) 指令速度=(0.000,0.000,0.000) 指令加速度=(0.000,0.000,nan) 滚转角=-0.08度 俯仰角=-0.04度
15:41:51.920819 [轨迹] 序号=1811 单调时间=20158.270968 时间=20158.271 模式=OFFBOARD 起飞状态=未执行起飞 水平控制=位置保持 类型掩码=3520 实际位置NED=(0.058,-0.180,-0.419) 实际速度=(-0.001,0.001,0.001) 最终目标=(0.058,-0.230,-0.420) 指令位置=(0.058,-0.230,nan) 指令速度=(0.000,0.000,0.000) 指令加速度=(0.000,0.000,nan) 滚转角=-0.08度 俯仰角=-0.04度
15:41:52.023829 [轨迹] 序号=1812 单调时间=20158.374056 时间=20158.374 模式=OFFBOARD 起飞状态=未执行起飞 水平控制=位置保持 类型掩码=3520 实际位置NED=(0.058,-0.180,-0.419) 实际速度=(-0.001,0.001,0.001) 最终目标=(0.058,-0.230,-0.420) 指令位置=(0.058,-0.230,nan) 指令速度=(0.000,0.000,0.000) 指令加速度=(0.000,0.000,nan) 滚转角=-0.08度 俯仰角=-0.04度
15:41:52.126260 [轨迹] 序号=1813 单调时间=20158.476452 时间=20158.476 模式=OFFBOARD 起飞状态=未执行起飞 水平控制=位置保持 类型掩码=3520 实际位置NED=(0.058,-0.180,-0.419) 实际速度=(-0.001,0.001,0.001) 最终目标=(0.058,-0.230,-0.420) 指令位置=(0.058,-0.230,nan) 指令速度=(0.000,0.000,0.000) 指令加速度=(0.000,0.000,nan) 滚转角=-0.08度 俯仰角=-0.04度
15:41:52.229212 [轨迹] 序号=1814 单调时间=20158.579502 时间=20158.580 模式=OFFBOARD 起飞状态=未执行起飞 水平控制=位置保持 类型掩码=3520 实际位置NED=(0.058,-0.179,-0.419) 实际速度=(-0.001,0.001,0.001) 最终目标=(0.058,-0.230,-0.420) 指令位置=(0.058,-0.230,nan) 指令速度=(0.000,0.000,0.000) 指令加速度=(0.000,0.000,nan) 滚转角=-0.08度 俯仰角=-0.04度
15:41:52.332484 [轨迹] 序号=1815 单调时间=20158.682724 时间=20158.683 模式=OFFBOARD 起飞状态=未执行起飞 水平控制=位置保持 类型掩码=3520 实际位置NED=(0.058,-0.179,-0.419) 实际速度=(-0.001,0.001,0.001) 最终目标=(0.058,-0.230,-0.420) 指令位置=(0.058,-0.230,nan) 指令速度=(0.000,0.000,0.000) 指令加速度=(0.000,0.000,nan) 滚转角=-0.08度 俯仰角=-0.04度
15:41:52.434897 [轨迹] 序号=1816 单调时间=20158.785233 时间=20158.785 模式=OFFBOARD 起飞状态=未执行起飞 水平控制=位置保持 类型掩码=3520 实际位置NED=(0.058,-0.179,-0.419) 实际速度=(-0.001,0.001,0.001) 最终目标=(0.058,-0.230,-0.420) 指令位置=(0.058,-0.230,nan) 指令速度=(0.000,0.000,0.000) 指令加速度=(0.000,0.000,nan) 滚转角=-0.08度 俯仰角=-0.04度
15:41:52.537801 [轨迹] 序号=1817 单调时间=20158.887937 时间=20158.888 模式=OFFBOARD 起飞状态=未执行起飞 水平控制=位置保持 类型掩码=3520 实际位置NED=(0.058,-0.178,-0.419) 实际速度=(-0.001,0.001,0.001) 最终目标=(0.058,-0.230,-0.420) 指令位置=(0.058,-0.230,nan) 指令速度=(0.000,0.000,0.000) 指令加速度=(0.000,0.000,nan) 滚转角=-0.08度 俯仰角=-0.04度
15:41:52.640600 [轨迹] 序号=1818 单调时间=20158.990654 时间=20158.991 模式=OFFBOARD 起飞状态=未执行起飞 水平控制=位置保持 类型掩码=3520 实际位置NED=(0.058,-0.178,-0.419) 实际速度=(-0.001,0.001,0.001) 最终目标=(0.058,-0.230,-0.420) 指令位置=(0.058,-0.230,nan) 指令速度=(0.000,0.000,0.000) 指令加速度=(0.000,0.000,nan) 滚转角=-0.08度 俯仰角=-0.04度
15:41:52.743123 [轨迹] 序号=1819 单调时间=20159.093406 时间=20159.093 模式=OFFBOARD 起飞状态=未执行起飞 水平控制=位置保持 类型掩码=3520 实际位置NED=(0.058,-0.178,-0.419) 实际速度=(-0.001,0.001,0.001) 最终目标=(0.058,-0.230,-0.420) 指令位置=(0.058,-0.230,nan) 指令速度=(0.000,0.000,0.000) 指令加速度=(0.000,0.000,nan) 滚转角=-0.08度 俯仰角=-0.04度
15:41:52.845663 [轨迹] 序号=1820 单调时间=20159.195921 时间=20159.196 模式=OFFBOARD 起飞状态=未执行起飞 水平控制=位置保持 类型掩码=3520 实际位置NED=(0.058,-0.177,-0.419) 实际速度=(-0.001,0.001,0.001) 最终目标=(0.058,-0.230,-0.420) 指令位置=(0.058,-0.230,nan) 指令速度=(0.000,0.000,0.000) 指令加速度=(0.000,0.000,nan) 滚转角=-0.08度 俯仰角=-0.04度
15:41:52.948338 [轨迹] 序号=1821 单调时间=20159.298479 时间=20159.298 模式=OFFBOARD 起飞状态=未执行起飞 水平控制=位置保持 类型掩码=3520 实际位置NED=(0.058,-0.177,-0.419) 实际速度=(-0.001,0.001,0.001) 最终目标=(0.058,-0.230,-0.420) 指令位置=(0.058,-0.230,nan) 指令速度=(0.000,0.000,0.000) 指令加速度=(0.000,0.000,nan) 滚转角=-0.08度 俯仰角=-0.04度
15:41:53.051360 [轨迹] 序号=1822 单调时间=20159.401775 时间=20159.402 模式=OFFBOARD 起飞状态=未执行起飞 水平控制=位置保持 类型掩码=3520 实际位置NED=(0.058,-0.176,-0.419) 实际速度=(-0.001,0.001,0.001) 最终目标=(0.058,-0.230,-0.420) 指令位置=(0.058,-0.230,nan) 指令速度=(0.000,0.000,0.000) 指令加速度=(0.000,0.000,nan) 滚转角=-0.08度 俯仰角=-0.04度
15:41:53.154582 [轨迹] 序号=1823 单调时间=20159.504883 时间=20159.505 模式=OFFBOARD 起飞状态=未执行起飞 水平控制=位置保持 类型掩码=3520 实际位置NED=(0.058,-0.176,-0.419) 实际速度=(-0.000,0.001,0.001) 最终目标=(0.058,-0.230,-0.420) 指令位置=(0.058,-0.230,nan) 指令速度=(0.000,0.000,0.000) 指令加速度=(0.000,0.000,nan) 滚转角=-0.08度 俯仰角=-0.04度
15:41:53.256761 [轨迹] 序号=1824 单调时间=20159.607171 时间=20159.607 模式=OFFBOARD 起飞状态=未执行起飞 水平控制=位置保持 类型掩码=3520 实际位置NED=(0.058,-0.176,-0.419) 实际速度=(-0.000,0.001,0.001) 最终目标=(0.058,-0.230,-0.420) 指令位置=(0.058,-0.230,nan) 指令速度=(0.000,0.000,0.000) 指令加速度=(0.000,0.000,nan) 滚转角=-0.08度 俯仰角=-0.04度
15:41:53.359452 [轨迹] 序号=1825 单调时间=20159.709762 时间=20159.710 模式=OFFBOARD 起飞状态=未执行起飞 水平控制=位置保持 类型掩码=3520 实际位置NED=(0.058,-0.175,-0.419) 实际速度=(-0.000,0.001,0.001) 最终目标=(0.058,-0.230,-0.420) 指令位置=(0.058,-0.230,nan) 指令速度=(0.000,0.000,0.000) 指令加速度=(0.000,0.000,nan) 滚转角=-0.09度 俯仰角=-0.04度
15:41:53.462263 [轨迹] 序号=1826 单调时间=20159.812502 时间=20159.813 模式=OFFBOARD 起飞状态=未执行起飞 水平控制=位置保持 类型掩码=3520 实际位置NED=(0.057,-0.175,-0.419) 实际速度=(-0.000,0.001,0.001) 最终目标=(0.058,-0.230,-0.420) 指令位置=(0.058,-0.230,nan) 指令速度=(0.000,0.000,0.000) 指令加速度=(0.000,0.000,nan) 滚转角=-0.09度 俯仰角=-0.04度
15:41:53.565963 [轨迹] 序号=1827 单调时间=20159.916159 时间=20159.916 模式=OFFBOARD 起飞状态=未执行起飞 水平控制=位置保持 类型掩码=3520 实际位置NED=(0.057,-0.174,-0.419) 实际速度=(-0.000,0.001,0.001) 最终目标=(0.058,-0.230,-0.420) 指令位置=(0.058,-0.230,nan) 指令速度=(0.000,0.000,0.000) 指令加速度=(0.000,0.000,nan) 滚转角=-0.08度 俯仰角=-0.04度
15:41:53.666903 [轨迹] 序号=1828 单调时间=20160.017259 时间=20160.017 模式=OFFBOARD 起飞状态=未执行起飞 水平控制=位置保持 类型掩码=3520 实际位置NED=(0.057,-0.174,-0.419) 实际速度=(-0.000,0.001,0.001) 最终目标=(0.058,-0.230,-0.420) 指令位置=(0.058,-0.230,nan) 指令速度=(0.000,0.000,0.000) 指令加速度=(0.000,0.000,nan) 滚转角=-0.09度 俯仰角=-0.04度
15:41:53.769531 [轨迹] 序号=1829 单调时间=20160.119639 时间=20160.120 模式=OFFBOARD 起飞状态=未执行起飞 水平控制=位置保持 类型掩码=3520 实际位置NED=(0.057,-0.174,-0.419) 实际速度=(-0.000,0.001,0.000) 最终目标=(0.058,-0.230,-0.420) 指令位置=(0.058,-0.230,nan) 指令速度=(0.000,0.000,0.000) 指令加速度=(0.000,0.000,nan) 滚转角=-0.08度 俯仰角=-0.04度
15:41:53.869681 [轨迹] 序号=1830 单调时间=20160.220031 时间=20160.220 模式=OFFBOARD 起飞状态=未执行起飞 水平控制=位置保持 类型掩码=3520 实际位置NED=(0.057,-0.173,-0.419) 实际速度=(-0.000,0.001,0.001) 最终目标=(0.058,-0.230,-0.420) 指令位置=(0.058,-0.230,nan) 指令速度=(0.000,0.000,0.000) 指令加速度=(0.000,0.000,nan) 滚转角=-0.09度 俯仰角=-0.03度
15:41:53.972322 [轨迹] 序号=1831 单调时间=20160.322529 时间=20160.323 模式=OFFBOARD 起飞状态=未执行起飞 水平控制=位置保持 类型掩码=3520 实际位置NED=(0.057,-0.173,-0.419) 实际速度=(-0.000,0.001,0.001) 最终目标=(0.058,-0.230,-0.420) 指令位置=(0.058,-0.230,nan) 指令速度=(0.000,0.000,0.000) 指令加速度=(0.000,0.000,nan) 滚转角=-0.09度 俯仰角=-0.03度
15:41:54.075044 [轨迹] 序号=1832 单调时间=20160.425294 时间=20160.425 模式=OFFBOARD 起飞状态=未执行起飞 水平控制=位置保持 类型掩码=3520 实际位置NED=(0.057,-0.172,-0.419) 实际速度=(-0.000,0.001,0.001) 最终目标=(0.058,-0.230,-0.420) 指令位置=(0.058,-0.230,nan) 指令速度=(0.000,0.000,0.000) 指令加速度=(0.000,0.000,nan) 滚转角=-0.09度 俯仰角=-0.03度
15:41:54.177187 [轨迹] 序号=1833 单调时间=20160.527405 时间=20160.527 模式=OFFBOARD 起飞状态=未执行起飞 水平控制=位置保持 类型掩码=3520 实际位置NED=(0.057,-0.172,-0.419) 实际速度=(-0.000,0.001,0.000) 最终目标=(0.058,-0.230,-0.420) 指令位置=(0.058,-0.230,nan) 指令速度=(0.000,0.000,0.000) 指令加速度=(0.000,0.000,nan) 滚转角=-0.09度 俯仰角=-0.03度
15:41:54.279925 [轨迹] 序号=1834 单调时间=20160.629948 时间=20160.630 模式=OFFBOARD 起飞状态=未执行起飞 水平控制=位置保持 类型掩码=3520 实际位置NED=(0.057,-0.172,-0.419) 实际速度=(-0.000,0.001,0.000) 最终目标=(0.058,-0.230,-0.420) 指令位置=(0.058,-0.230,nan) 指令速度=(0.000,0.000,0.000) 指令加速度=(0.000,0.000,nan) 滚转角=-0.09度 俯仰角=-0.04度
15:41:54.382797 [轨迹] 序号=1835 单调时间=20160.732826 时间=20160.733 模式=OFFBOARD 起飞状态=未执行起飞 水平控制=位置保持 类型掩码=3520 实际位置NED=(0.057,-0.172,-0.419) 实际速度=(-0.000,0.000,0.000) 最终目标=(0.058,-0.230,-0.420) 指令位置=(0.058,-0.230,nan) 指令速度=(0.000,0.000,0.000) 指令加速度=(0.000,0.000,nan) 滚转角=-0.09度 俯仰角=-0.04度
15:41:54.485642 [轨迹] 序号=1836 单调时间=20160.835838 时间=20160.836 模式=OFFBOARD 起飞状态=未执行起飞 水平控制=位置保持 类型掩码=3520 实际位置NED=(0.057,-0.171,-0.419) 实际速度=(-0.000,0.000,0.000) 最终目标=(0.058,-0.230,-0.420) 指令位置=(0.058,-0.230,nan) 指令速度=(0.000,0.000,0.000) 指令加速度=(0.000,0.000,nan) 滚转角=-0.09度 俯仰角=-0.04度
15:41:54.588596 [轨迹] 序号=1837 单调时间=20160.938893 时间=20160.939 模式=OFFBOARD 起飞状态=未执行起飞 水平控制=位置保持 类型掩码=3520 实际位置NED=(0.057,-0.171,-0.419) 实际速度=(-0.000,0.001,0.000) 最终目标=(0.058,-0.230,-0.420) 指令位置=(0.058,-0.230,nan) 指令速度=(0.000,0.000,0.000) 指令加速度=(0.000,0.000,nan) 滚转角=-0.09度 俯仰角=-0.04度
15:41:54.692014 [轨迹] 序号=1838 单调时间=20161.042275 时间=20161.042 模式=OFFBOARD 起飞状态=未执行起飞 水平控制=位置保持 类型掩码=3520 实际位置NED=(0.057,-0.170,-0.419) 实际速度=(0.000,0.001,0.000) 最终目标=(0.058,-0.230,-0.420) 指令位置=(0.058,-0.230,nan) 指令速度=(0.000,0.000,0.000) 指令加速度=(0.000,0.000,nan) 滚转角=-0.09度 俯仰角=-0.04度
15:41:54.794600 [轨迹] 序号=1839 单调时间=20161.144806 时间=20161.145 模式=OFFBOARD 起飞状态=未执行起飞 水平控制=位置保持 类型掩码=3520 实际位置NED=(0.057,-0.170,-0.419) 实际速度=(0.000,0.001,0.000) 最终目标=(0.058,-0.230,-0.420) 指令位置=(0.058,-0.230,nan) 指令速度=(0.000,0.000,0.000) 指令加速度=(0.000,0.000,nan) 滚转角=-0.09度 俯仰角=-0.04度
15:41:54.897384 [轨迹] 序号=1840 单调时间=20161.247586 时间=20161.248 模式=OFFBOARD 起飞状态=未执行起飞 水平控制=位置保持 类型掩码=3520 实际位置NED=(0.056,-0.169,-0.419) 实际速度=(0.000,0.001,0.000) 最终目标=(0.058,-0.230,-0.420) 指令位置=(0.058,-0.230,nan) 指令速度=(0.000,0.000,0.000) 指令加速度=(0.000,0.000,nan) 滚转角=-0.09度 俯仰角=-0.04度
15:41:54.999900 [轨迹] 序号=1841 单调时间=20161.350190 时间=20161.350 模式=OFFBOARD 起飞状态=未执行起飞 水平控制=位置保持 类型掩码=3520 实际位置NED=(0.056,-0.169,-0.419) 实际速度=(0.000,0.001,0.000) 最终目标=(0.058,-0.230,-0.420) 指令位置=(0.058,-0.230,nan) 指令速度=(0.000,0.000,0.000) 指令加速度=(0.000,0.000,nan) 滚转角=-0.09度 俯仰角=-0.04度
15:41:55.103015 [轨迹] 序号=1842 单调时间=20161.453263 时间=20161.453 模式=OFFBOARD 起飞状态=未执行起飞 水平控制=位置保持 类型掩码=3520 实际位置NED=(0.056,-0.169,-0.419) 实际速度=(0.000,0.001,0.000) 最终目标=(0.058,-0.230,-0.420) 指令位置=(0.058,-0.230,nan) 指令速度=(0.000,0.000,0.000) 指令加速度=(0.000,0.000,nan) 滚转角=-0.09度 俯仰角=-0.03度
15:41:55.206175 [轨迹] 序号=1843 单调时间=20161.555909 时间=20161.556 模式=OFFBOARD 起飞状态=未执行起飞 水平控制=位置保持 类型掩码=3520 实际位置NED=(0.056,-0.169,-0.419) 实际速度=(0.000,0.001,0.000) 最终目标=(0.058,-0.230,-0.420) 指令位置=(0.058,-0.230,nan) 指令速度=(0.000,0.000,0.000) 指令加速度=(0.000,0.000,nan) 滚转角=-0.09度 俯仰角=-0.03度
15:41:55.308724 [轨迹] 序号=1844 单调时间=20161.658936 时间=20161.659 模式=OFFBOARD 起飞状态=未执行起飞 水平控制=位置保持 类型掩码=3520 实际位置NED=(0.056,-0.168,-0.419) 实际速度=(0.000,0.001,0.000) 最终目标=(0.058,-0.230,-0.420) 指令位置=(0.058,-0.230,nan) 指令速度=(0.000,0.000,0.000) 指令加速度=(0.000,0.000,nan) 滚转角=-0.09度 俯仰角=-0.03度
15:41:55.411469 [轨迹] 序号=1845 单调时间=20161.761484 时间=20161.761 模式=OFFBOARD 起飞状态=未执行起飞 水平控制=位置保持 类型掩码=3520 实际位置NED=(0.056,-0.168,-0.419) 实际速度=(0.000,0.001,0.000) 最终目标=(0.058,-0.230,-0.420) 指令位置=(0.058,-0.230,nan) 指令速度=(0.000,0.000,0.000) 指令加速度=(0.000,0.000,nan) 滚转角=-0.09度 俯仰角=-0.03度
15:41:55.511440 [轨迹] 序号=1846 单调时间=20161.861667 时间=20161.862 模式=OFFBOARD 起飞状态=未执行起飞 水平控制=位置保持 类型掩码=3520 实际位置NED=(0.056,-0.167,-0.419) 实际速度=(0.000,0.001,0.000) 最终目标=(0.058,-0.230,-0.420) 指令位置=(0.058,-0.230,nan) 指令速度=(0.000,0.000,0.000) 指令加速度=(0.000,0.000,nan) 滚转角=-0.09度 俯仰角=-0.03度
15:41:55.614136 [轨迹] 序号=1847 单调时间=20161.964379 时间=20161.964 模式=OFFBOARD 起飞状态=未执行起飞 水平控制=位置保持 类型掩码=3520 实际位置NED=(0.056,-0.167,-0.419) 实际速度=(-0.000,0.001,0.000) 最终目标=(0.058,-0.230,-0.420) 指令位置=(0.058,-0.230,nan) 指令速度=(0.000,0.000,0.000) 指令加速度=(0.000,0.000,nan) 滚转角=-0.09度 俯仰角=-0.03度
15:41:55.717062 [轨迹] 序号=1848 单调时间=20162.067346 时间=20162.067 模式=OFFBOARD 起飞状态=未执行起飞 水平控制=位置保持 类型掩码=3520 实际位置NED=(0.056,-0.167,-0.419) 实际速度=(0.000,0.001,-0.000) 最终目标=(0.058,-0.230,-0.420) 指令位置=(0.058,-0.230,nan) 指令速度=(0.000,0.000,0.000) 指令加速度=(0.000,0.000,nan) 滚转角=-0.09度 俯仰角=-0.03度
15:41:55.819685 [轨迹] 序号=1849 单调时间=20162.169847 时间=20162.170 模式=OFFBOARD 起飞状态=未执行起飞 水平控制=位置保持 类型掩码=3520 实际位置NED=(0.057,-0.167,-0.419) 实际速度=(0.000,0.001,-0.000) 最终目标=(0.058,-0.230,-0.420) 指令位置=(0.058,-0.230,nan) 指令速度=(0.000,0.000,0.000) 指令加速度=(0.000,0.000,nan) 滚转角=-0.09度 俯仰角=-0.03度
15:41:55.922689 [轨迹] 序号=1850 单调时间=20162.272516 时间=20162.273 模式=OFFBOARD 起飞状态=未执行起飞 水平控制=位置保持 类型掩码=3520 实际位置NED=(0.057,-0.166,-0.420) 实际速度=(0.000,0.001,-0.000) 最终目标=(0.058,-0.230,-0.420) 指令位置=(0.058,-0.230,nan) 指令速度=(0.000,0.000,0.000) 指令加速度=(0.000,0.000,nan) 滚转角=-0.09度 俯仰角=-0.03度
15:41:56.025445 [轨迹] 序号=1851 单调时间=20162.375743 时间=20162.376 模式=OFFBOARD 起飞状态=未执行起飞 水平控制=位置保持 类型掩码=3520 实际位置NED=(0.057,-0.166,-0.420) 实际速度=(0.000,0.001,-0.000) 最终目标=(0.058,-0.230,-0.420) 指令位置=(0.058,-0.230,nan) 指令速度=(0.000,0.000,0.000) 指令加速度=(0.000,0.000,nan) 滚转角=-0.09度 俯仰角=-0.03度
15:41:56.128280 [轨迹] 序号=1852 单调时间=20162.478584 时间=20162.479 模式=OFFBOARD 起飞状态=未执行起飞 水平控制=位置保持 类型掩码=3520 实际位置NED=(0.057,-0.165,-0.420) 实际速度=(0.000,0.000,-0.000) 最终目标=(0.058,-0.230,-0.420) 指令位置=(0.058,-0.230,nan) 指令速度=(0.000,0.000,0.000) 指令加速度=(0.000,0.000,nan) 滚转角=-0.09度 俯仰角=-0.03度
15:41:56.230928 [轨迹] 序号=1853 单调时间=20162.581148 时间=20162.581 模式=OFFBOARD 起飞状态=未执行起飞 水平控制=位置保持 类型掩码=3520 实际位置NED=(0.057,-0.165,-0.420) 实际速度=(0.000,0.000,-0.000) 最终目标=(0.058,-0.230,-0.420) 指令位置=(0.058,-0.230,nan) 指令速度=(0.000,0.000,0.000) 指令加速度=(0.000,0.000,nan) 滚转角=-0.09度 俯仰角=-0.03度
15:41:56.333610 [轨迹] 序号=1854 单调时间=20162.683784 时间=20162.684 模式=OFFBOARD 起飞状态=未执行起飞 水平控制=位置保持 类型掩码=3520 实际位置NED=(0.057,-0.165,-0.420) 实际速度=(0.000,0.000,-0.000) 最终目标=(0.058,-0.230,-0.420) 指令位置=(0.058,-0.230,nan) 指令速度=(0.000,0.000,0.000) 指令加速度=(0.000,0.000,nan) 滚转角=-0.09度 俯仰角=-0.03度
15:41:56.437375 [轨迹] 序号=1855 单调时间=20162.787783 时间=20162.788 模式=OFFBOARD 起飞状态=未执行起飞 水平控制=位置保持 类型掩码=3520 实际位置NED=(0.057,-0.164,-0.420) 实际速度=(0.000,0.000,-0.000) 最终目标=(0.058,-0.230,-0.420) 指令位置=(0.058,-0.230,nan) 指令速度=(0.000,0.000,0.000) 指令加速度=(0.000,0.000,nan) 滚转角=-0.09度 俯仰角=-0.03度
15:41:56.542068 [轨迹] 序号=1856 单调时间=20162.892370 时间=20162.892 模式=OFFBOARD 起飞状态=未执行起飞 水平控制=位置保持 类型掩码=3520 实际位置NED=(0.057,-0.164,-0.420) 实际速度=(0.000,0.000,-0.000) 最终目标=(0.058,-0.230,-0.420) 指令位置=(0.058,-0.230,nan) 指令速度=(0.000,0.000,0.000) 指令加速度=(0.000,0.000,nan) 滚转角=-0.09度 俯仰角=-0.03度
15:41:56.644526 [轨迹] 序号=1857 单调时间=20162.994792 时间=20162.995 模式=OFFBOARD 起飞状态=未执行起飞 水平控制=位置保持 类型掩码=3520 实际位置NED=(0.057,-0.164,-0.420) 实际速度=(0.000,0.000,-0.000) 最终目标=(0.058,-0.230,-0.420) 指令位置=(0.058,-0.230,nan) 指令速度=(0.000,0.000,0.000) 指令加速度=(0.000,0.000,nan) 滚转角=-0.09度 俯仰角=-0.03度
15:41:56.746900 [轨迹] 序号=1858 单调时间=20163.097151 时间=20163.097 模式=OFFBOARD 起飞状态=未执行起飞 水平控制=位置保持 类型掩码=3520 实际位置NED=(0.057,-0.163,-0.420) 实际速度=(0.000,0.000,-0.000) 最终目标=(0.058,-0.230,-0.420) 指令位置=(0.058,-0.230,nan) 指令速度=(0.000,0.000,0.000) 指令加速度=(0.000,0.000,nan) 滚转角=-0.09度 俯仰角=-0.03度
15:41:56.849321 [轨迹] 序号=1859 单调时间=20163.199430 时间=20163.199 模式=OFFBOARD 起飞状态=未执行起飞 水平控制=位置保持 类型掩码=3520 实际位置NED=(0.057,-0.163,-0.420) 实际速度=(0.000,0.000,-0.000) 最终目标=(0.058,-0.230,-0.420) 指令位置=(0.058,-0.230,nan) 指令速度=(0.000,0.000,0.000) 指令加速度=(0.000,0.000,nan) 滚转角=-0.09度 俯仰角=-0.03度
15:41:56.952102 [轨迹] 序号=1860 单调时间=20163.302221 时间=20163.302 模式=OFFBOARD 起飞状态=未执行起飞 水平控制=位置保持 类型掩码=3520 实际位置NED=(0.058,-0.163,-0.420) 实际速度=(0.000,0.000,-0.000) 最终目标=(0.058,-0.230,-0.420) 指令位置=(0.058,-0.230,nan) 指令速度=(0.000,0.000,0.000) 指令加速度=(0.000,0.000,nan) 滚转角=-0.09度 俯仰角=-0.03度
15:41:57.055253 [轨迹] 序号=1861 单调时间=20163.405341 时间=20163.405 模式=OFFBOARD 起飞状态=未执行起飞 水平控制=位置保持 类型掩码=3520 实际位置NED=(0.058,-0.162,-0.420) 实际速度=(0.000,0.000,0.000) 最终目标=(0.058,-0.230,-0.420) 指令位置=(0.058,-0.230,nan) 指令速度=(0.000,0.000,0.000) 指令加速度=(0.000,0.000,nan) 滚转角=-0.09度 俯仰角=-0.03度
15:41:57.158237 [轨迹] 序号=1862 单调时间=20163.508239 时间=20163.508 模式=OFFBOARD 起飞状态=未执行起飞 水平控制=位置保持 类型掩码=3520 实际位置NED=(0.058,-0.162,-0.420) 实际速度=(0.000,0.000,0.000) 最终目标=(0.058,-0.230,-0.420) 指令位置=(0.058,-0.230,nan) 指令速度=(0.000,0.000,0.000) 指令加速度=(0.000,0.000,nan) 滚转角=-0.09度 俯仰角=-0.03度
15:41:57.260762 [轨迹] 序号=1863 单调时间=20163.611010 时间=20163.611 模式=OFFBOARD 起飞状态=未执行起飞 水平控制=位置保持 类型掩码=3520 实际位置NED=(0.058,-0.162,-0.420) 实际速度=(0.000,0.000,0.000) 最终目标=(0.058,-0.230,-0.420) 指令位置=(0.058,-0.230,nan) 指令速度=(0.000,0.000,0.000) 指令加速度=(0.000,0.000,nan) 滚转角=-0.09度 俯仰角=-0.03度
15:41:57.363296 [轨迹] 序号=1864 单调时间=20163.713587 时间=20163.714 模式=OFFBOARD 起飞状态=未执行起飞 水平控制=位置保持 类型掩码=3520 实际位置NED=(0.058,-0.161,-0.420) 实际速度=(0.000,-0.000,0.000) 最终目标=(0.058,-0.230,-0.420) 指令位置=(0.058,-0.230,nan) 指令速度=(0.000,0.000,0.000) 指令加速度=(0.000,0.000,nan) 滚转角=-0.09度 俯仰角=-0.03度
15:41:57.465616 [轨迹] 序号=1865 单调时间=20163.815933 时间=20163.816 模式=OFFBOARD 起飞状态=未执行起飞 水平控制=位置保持 类型掩码=3520 实际位置NED=(0.058,-0.161,-0.420) 实际速度=(0.000,0.000,0.000) 最终目标=(0.058,-0.230,-0.420) 指令位置=(0.058,-0.230,nan) 指令速度=(0.000,0.000,0.000) 指令加速度=(0.000,0.000,nan) 滚转角=-0.09度 俯仰角=-0.03度
15:41:57.567141 [轨迹] 序号=1866 单调时间=20163.917406 时间=20163.917 模式=OFFBOARD 起飞状态=未执行起飞 水平控制=位置保持 类型掩码=3520 实际位置NED=(0.058,-0.160,-0.420) 实际速度=(0.000,0.000,0.000) 最终目标=(0.058,-0.230,-0.420) 指令位置=(0.058,-0.230,nan) 指令速度=(0.000,0.000,0.000) 指令加速度=(0.000,0.000,nan) 滚转角=-0.09度 俯仰角=-0.03度
15:41:57.669616 [轨迹] 序号=1867 单调时间=20164.019766 时间=20164.020 模式=OFFBOARD 起飞状态=未执行起飞 水平控制=位置保持 类型掩码=3520 实际位置NED=(0.058,-0.160,-0.420) 实际速度=(0.000,0.000,0.000) 最终目标=(0.058,-0.230,-0.420) 指令位置=(0.058,-0.230,nan) 指令速度=(0.000,0.000,0.000) 指令加速度=(0.000,0.000,nan) 滚转角=-0.09度 俯仰角=-0.04度
15:41:57.772506 [轨迹] 序号=1868 单调时间=20164.122603 时间=20164.123 模式=OFFBOARD 起飞状态=未执行起飞 水平控制=位置保持 类型掩码=3520 实际位置NED=(0.058,-0.160,-0.420) 实际速度=(0.000,0.000,0.001) 最终目标=(0.058,-0.230,-0.420) 指令位置=(0.058,-0.230,nan) 指令速度=(0.000,0.000,0.000) 指令加速度=(0.000,0.000,nan) 滚转角=-0.09度 俯仰角=-0.04度
15:41:57.875238 [轨迹] 序号=1869 单调时间=20164.225448 时间=20164.225 模式=OFFBOARD 起飞状态=未执行起飞 水平控制=位置保持 类型掩码=3520 实际位置NED=(0.058,-0.159,-0.420) 实际速度=(0.000,0.000,0.001) 最终目标=(0.058,-0.230,-0.420) 指令位置=(0.058,-0.230,nan) 指令速度=(0.000,0.000,0.000) 指令加速度=(0.000,0.000,nan) 滚转角=-0.09度 俯仰角=-0.04度
15:41:57.977830 [轨迹] 序号=1870 单调时间=20164.327968 时间=20164.328 模式=OFFBOARD 起飞状态=未执行起飞 水平控制=位置保持 类型掩码=3520 实际位置NED=(0.058,-0.159,-0.419) 实际速度=(0.000,0.000,0.001) 最终目标=(0.058,-0.230,-0.420) 指令位置=(0.058,-0.230,nan) 指令速度=(0.000,0.000,0.000) 指令加速度=(0.000,0.000,nan) 滚转角=-0.09度 俯仰角=-0.03度
15:41:58.080263 [轨迹] 序号=1871 单调时间=20164.430490 时间=20164.430 模式=OFFBOARD 起飞状态=未执行起飞 水平控制=位置保持 类型掩码=3520 实际位置NED=(0.058,-0.158,-0.419) 实际速度=(0.000,0.000,0.001) 最终目标=(0.058,-0.230,-0.420) 指令位置=(0.058,-0.230,nan) 指令速度=(0.000,0.000,0.000) 指令加速度=(0.000,0.000,nan) 滚转角=-0.09度 俯仰角=-0.03度
15:41:58.183066 [轨迹] 序号=1872 单调时间=20164.533288 时间=20164.533 模式=OFFBOARD 起飞状态=未执行起飞 水平控制=位置保持 类型掩码=3520 实际位置NED=(0.058,-0.158,-0.419) 实际速度=(0.000,0.000,0.001) 最终目标=(0.058,-0.230,-0.420) 指令位置=(0.058,-0.230,nan) 指令速度=(0.000,0.000,0.000) 指令加速度=(0.000,0.000,nan) 滚转角=-0.09度 俯仰角=-0.03度
15:41:58.285920 [轨迹] 序号=1873 单调时间=20164.636084 时间=20164.636 模式=OFFBOARD 起飞状态=未执行起飞 水平控制=位置保持 类型掩码=3520 实际位置NED=(0.058,-0.158,-0.419) 实际速度=(0.000,0.000,0.001) 最终目标=(0.058,-0.230,-0.420) 指令位置=(0.058,-0.230,nan) 指令速度=(0.000,0.000,0.000) 指令加速度=(0.000,0.000,nan) 滚转角=-0.09度 俯仰角=-0.03度
15:41:58.388032 [轨迹] 序号=1874 单调时间=20164.738384 时间=20164.738 模式=OFFBOARD 起飞状态=未执行起飞 水平控制=位置保持 类型掩码=3520 实际位置NED=(0.058,-0.157,-0.419) 实际速度=(0.000,0.000,0.001) 最终目标=(0.058,-0.230,-0.420) 指令位置=(0.058,-0.230,nan) 指令速度=(0.000,0.000,0.000) 指令加速度=(0.000,0.000,nan) 滚转角=-0.09度 俯仰角=-0.03度
15:41:58.490835 [轨迹] 序号=1875 单调时间=20164.840891 时间=20164.841 模式=OFFBOARD 起飞状态=未执行起飞 水平控制=位置保持 类型掩码=3520 实际位置NED=(0.058,-0.157,-0.419) 实际速度=(0.000,0.000,0.001) 最终目标=(0.058,-0.230,-0.420) 指令位置=(0.058,-0.230,nan) 指令速度=(0.000,0.000,0.000) 指令加速度=(0.000,0.000,nan) 滚转角=-0.09度 俯仰角=-0.03度
15:41:58.594495 [轨迹] 序号=1876 单调时间=20164.944711 时间=20164.945 模式=OFFBOARD 起飞状态=未执行起飞 水平控制=位置保持 类型掩码=3520 实际位置NED=(0.058,-0.157,-0.419) 实际速度=(0.000,0.000,0.001) 最终目标=(0.058,-0.230,-0.420) 指令位置=(0.058,-0.230,nan) 指令速度=(0.000,0.000,0.000) 指令加速度=(0.000,0.000,nan) 滚转角=-0.09度 俯仰角=-0.03度
15:41:58.696010 [轨迹] 序号=1877 单调时间=20165.046377 时间=20165.046 模式=OFFBOARD 起飞状态=未执行起飞 水平控制=位置保持 类型掩码=3520 实际位置NED=(0.058,-0.157,-0.419) 实际速度=(0.000,0.000,0.001) 最终目标=(0.058,-0.230,-0.420) 指令位置=(0.058,-0.230,nan) 指令速度=(0.000,0.000,0.000) 指令加速度=(0.000,0.000,nan) 滚转角=-0.09度 俯仰角=-0.03度
15:41:58.798668 [轨迹] 序号=1878 单调时间=20165.148925 时间=20165.149 模式=OFFBOARD 起飞状态=未执行起飞 水平控制=位置保持 类型掩码=3520 实际位置NED=(0.058,-0.156,-0.419) 实际速度=(0.000,0.000,0.001) 最终目标=(0.058,-0.230,-0.420) 指令位置=(0.058,-0.230,nan) 指令速度=(0.000,0.000,0.000) 指令加速度=(0.000,0.000,nan) 滚转角=-0.09度 俯仰角=-0.03度
15:41:58.901834 [轨迹] 序号=1879 单调时间=20165.251873 时间=20165.252 模式=OFFBOARD 起飞状态=未执行起飞 水平控制=位置保持 类型掩码=3520 实际位置NED=(0.058,-0.156,-0.419) 实际速度=(0.000,0.000,0.001) 最终目标=(0.058,-0.230,-0.420) 指令位置=(0.058,-0.230,nan) 指令速度=(0.000,0.000,0.000) 指令加速度=(0.000,0.000,nan) 滚转角=-0.09度 俯仰角=-0.03度
15:41:59.005014 [轨迹] 序号=1880 单调时间=20165.355240 时间=20165.355 模式=OFFBOARD 起飞状态=未执行起飞 水平控制=位置保持 类型掩码=3520 实际位置NED=(0.058,-0.155,-0.419) 实际速度=(0.000,0.000,0.001) 最终目标=(0.058,-0.230,-0.420) 指令位置=(0.058,-0.230,nan) 指令速度=(0.000,0.000,0.000) 指令加速度=(0.000,0.000,nan) 滚转角=-0.09度 俯仰角=-0.03度
15:41:59.107668 [轨迹] 序号=1881 单调时间=20165.457799 时间=20165.458 模式=OFFBOARD 起飞状态=未执行起飞 水平控制=位置保持 类型掩码=3520 实际位置NED=(0.058,-0.155,-0.419) 实际速度=(0.000,0.000,0.001) 最终目标=(0.058,-0.230,-0.420) 指令位置=(0.058,-0.230,nan) 指令速度=(0.000,0.000,0.000) 指令加速度=(0.000,0.000,nan) 滚转角=-0.09度 俯仰角=-0.03度
15:41:59.210297 [轨迹] 序号=1882 单调时间=20165.560520 时间=20165.561 模式=OFFBOARD 起飞状态=未执行起飞 水平控制=位置保持 类型掩码=3520 实际位置NED=(0.058,-0.155,-0.419) 实际速度=(0.000,0.000,0.001) 最终目标=(0.058,-0.230,-0.420) 指令位置=(0.058,-0.230,nan) 指令速度=(0.000,0.000,0.000) 指令加速度=(0.000,0.000,nan) 滚转角=-0.09度 俯仰角=-0.03度
15:41:59.311816 [轨迹] 序号=1883 单调时间=20165.661886 时间=20165.662 模式=OFFBOARD 起飞状态=未执行起飞 水平控制=位置保持 类型掩码=3520 实际位置NED=(0.058,-0.154,-0.419) 实际速度=(0.000,0.000,0.001) 最终目标=(0.058,-0.230,-0.420) 指令位置=(0.058,-0.230,nan) 指令速度=(0.000,0.000,0.000) 指令加速度=(0.000,0.000,nan) 滚转角=-0.09度 俯仰角=-0.03度
15:41:59.415292 [轨迹] 序号=1884 单调时间=20165.765240 时间=20165.765 模式=OFFBOARD 起飞状态=未执行起飞 水平控制=位置保持 类型掩码=3520 实际位置NED=(0.058,-0.154,-0.419) 实际速度=(0.000,0.000,0.001) 最终目标=(0.058,-0.230,-0.420) 指令位置=(0.058,-0.230,nan) 指令速度=(0.000,0.000,0.000) 指令加速度=(0.000,0.000,nan) 滚转角=-0.09度 俯仰角=-0.03度
15:41:59.518268 [轨迹] 序号=1885 单调时间=20165.868655 时间=20165.869 模式=OFFBOARD 起飞状态=未执行起飞 水平控制=位置保持 类型掩码=3520 实际位置NED=(0.058,-0.154,-0.419) 实际速度=(0.001,-0.000,0.001) 最终目标=(0.058,-0.230,-0.420) 指令位置=(0.058,-0.230,nan) 指令速度=(0.000,0.000,0.000) 指令加速度=(0.000,0.000,nan) 滚转角=-0.09度 俯仰角=-0.03度
15:41:59.620743 [轨迹] 序号=1886 单调时间=20165.970996 时间=20165.971 模式=OFFBOARD 起飞状态=未执行起飞 水平控制=位置保持 类型掩码=3520 实际位置NED=(0.058,-0.153,-0.419) 实际速度=(0.001,-0.000,0.001) 最终目标=(0.058,-0.230,-0.420) 指令位置=(0.058,-0.230,nan) 指令速度=(0.000,0.000,0.000) 指令加速度=(0.000,0.000,nan) 滚转角=-0.09度 俯仰角=-0.03度
15:41:59.723530 [轨迹] 序号=1887 单调时间=20166.073679 时间=20166.074 模式=OFFBOARD 起飞状态=未执行起飞 水平控制=位置保持 类型掩码=3520 实际位置NED=(0.058,-0.153,-0.419) 实际速度=(0.001,0.000,0.001) 最终目标=(0.058,-0.230,-0.420) 指令位置=(0.058,-0.230,nan) 指令速度=(0.000,0.000,0.000) 指令加速度=(0.000,0.000,nan) 滚转角=-0.09度 俯仰角=-0.03度
15:41:59.826027 [轨迹] 序号=1888 单调时间=20166.176211 时间=20166.176 模式=OFFBOARD 起飞状态=未执行起飞 水平控制=位置保持 类型掩码=3520 实际位置NED=(0.059,-0.153,-0.419) 实际速度=(0.001,0.000,0.001) 最终目标=(0.058,-0.230,-0.420) 指令位置=(0.058,-0.230,nan) 指令速度=(0.000,0.000,0.000) 指令加速度=(0.000,0.000,nan) 滚转角=-0.09度 俯仰角=-0.03度
15:41:59.926928 [轨迹] 序号=1889 单调时间=20166.277245 时间=20166.277 模式=OFFBOARD 起飞状态=未执行起飞 水平控制=位置保持 类型掩码=3520 实际位置NED=(0.059,-0.152,-0.419) 实际速度=(0.001,0.000,0.001) 最终目标=(0.058,-0.230,-0.420) 指令位置=(0.058,-0.230,nan) 指令速度=(0.000,0.000,0.000) 指令加速度=(0.000,0.000,nan) 滚转角=-0.09度 俯仰角=-0.03度
15:42:00.030307 [轨迹] 序号=1890 单调时间=20166.380411 时间=20166.380 模式=OFFBOARD 起飞状态=未执行起飞 水平控制=位置保持 类型掩码=3520 实际位置NED=(0.059,-0.152,-0.419) 实际速度=(0.000,0.000,0.001) 最终目标=(0.058,-0.230,-0.420) 指令位置=(0.058,-0.230,nan) 指令速度=(0.000,0.000,0.000) 指令加速度=(0.000,0.000,nan) 滚转角=-0.09度 俯仰角=-0.03度
15:42:00.132916 [轨迹] 序号=1891 单调时间=20166.483104 时间=20166.483 模式=OFFBOARD 起飞状态=未执行起飞 水平控制=位置保持 类型掩码=3520 实际位置NED=(0.059,-0.152,-0.419) 实际速度=(0.000,0.000,0.001) 最终目标=(0.058,-0.230,-0.420) 指令位置=(0.058,-0.230,nan) 指令速度=(0.000,0.000,0.000) 指令加速度=(0.000,0.000,nan) 滚转角=-0.09度 俯仰角=-0.03度
15:42:00.236474 [轨迹] 序号=1892 单调时间=20166.586699 时间=20166.587 模式=OFFBOARD 起飞状态=未执行起飞 水平控制=位置保持 类型掩码=3520 实际位置NED=(0.059,-0.152,-0.419) 实际速度=(0.001,0.000,0.001) 最终目标=(0.058,-0.230,-0.420) 指令位置=(0.058,-0.230,nan) 指令速度=(0.000,0.000,0.000) 指令加速度=(0.000,0.000,nan) 滚转角=-0.09度 俯仰角=-0.03度
15:42:00.339011 [轨迹] 序号=1893 单调时间=20166.689183 时间=20166.689 模式=OFFBOARD 起飞状态=未执行起飞 水平控制=位置保持 类型掩码=3520 实际位置NED=(0.059,-0.151,-0.419) 实际速度=(0.000,0.001,0.001) 最终目标=(0.058,-0.230,-0.420) 指令位置=(0.058,-0.230,nan) 指令速度=(0.000,0.000,0.000) 指令加速度=(0.000,0.000,nan) 滚转角=-0.09度 俯仰角=-0.03度
15:42:00.441869 [轨迹] 序号=1894 单调时间=20166.792061 时间=20166.792 模式=OFFBOARD 起飞状态=未执行起飞 水平控制=位置保持 类型掩码=3520 实际位置NED=(0.059,-0.151,-0.419) 实际速度=(0.000,0.001,0.001) 最终目标=(0.058,-0.230,-0.420) 指令位置=(0.058,-0.230,nan) 指令速度=(0.000,0.000,0.000) 指令加速度=(0.000,0.000,nan) 滚转角=-0.09度 俯仰角=-0.03度
15:42:00.544668 [轨迹] 序号=1895 单调时间=20166.895074 时间=20166.895 模式=OFFBOARD 起飞状态=未执行起飞 水平控制=位置保持 类型掩码=3520 实际位置NED=(0.059,-0.150,-0.419) 实际速度=(0.000,0.001,0.001) 最终目标=(0.058,-0.230,-0.420) 指令位置=(0.058,-0.230,nan) 指令速度=(0.000,0.000,0.000) 指令加速度=(0.000,0.000,nan) 滚转角=-0.09度 俯仰角=-0.03度
15:42:00.647316 [轨迹] 序号=1896 单调时间=20166.997420 时间=20166.997 模式=OFFBOARD 起飞状态=未执行起飞 水平控制=位置保持 类型掩码=3520 实际位置NED=(0.059,-0.150,-0.419) 实际速度=(0.000,0.001,0.001) 最终目标=(0.058,-0.230,-0.420) 指令位置=(0.058,-0.230,nan) 指令速度=(0.000,0.000,0.000) 指令加速度=(0.000,0.000,nan) 滚转角=-0.09度 俯仰角=-0.03度
15:42:00.751045 [轨迹] 序号=1897 单调时间=20167.101144 时间=20167.101 模式=OFFBOARD 起飞状态=未执行起飞 水平控制=位置保持 类型掩码=3520 实际位置NED=(0.059,-0.150,-0.419) 实际速度=(-0.000,0.001,0.001) 最终目标=(0.058,-0.230,-0.420) 指令位置=(0.058,-0.230,nan) 指令速度=(0.000,0.000,0.000) 指令加速度=(0.000,0.000,nan) 滚转角=-0.09度 俯仰角=-0.03度
15:42:00.854188 [轨迹] 序号=1898 单调时间=20167.204320 时间=20167.204 模式=OFFBOARD 起飞状态=未执行起飞 水平控制=位置保持 类型掩码=3520 实际位置NED=(0.059,-0.149,-0.419) 实际速度=(-0.000,0.001,0.001) 最终目标=(0.058,-0.230,-0.420) 指令位置=(0.058,-0.230,nan) 指令速度=(0.000,0.000,0.000) 指令加速度=(0.000,0.000,nan) 滚转角=-0.09度 俯仰角=-0.04度
15:42:00.956851 [轨迹] 序号=1899 单调时间=20167.307128 时间=20167.307 模式=OFFBOARD 起飞状态=未执行起飞 水平控制=位置保持 类型掩码=3520 实际位置NED=(0.059,-0.149,-0.419) 实际速度=(-0.000,0.000,0.000) 最终目标=(0.058,-0.230,-0.420) 指令位置=(0.058,-0.230,nan) 指令速度=(0.000,0.000,0.000) 指令加速度=(0.000,0.000,nan) 滚转角=-0.09度 俯仰角=-0.03度
15:42:01.059648 [轨迹] 序号=1900 单调时间=20167.409925 时间=20167.410 模式=OFFBOARD 起飞状态=未执行起飞 水平控制=位置保持 类型掩码=3520 实际位置NED=(0.059,-0.149,-0.419) 实际速度=(-0.000,0.000,0.000) 最终目标=(0.058,-0.230,-0.420) 指令位置=(0.058,-0.230,nan) 指令速度=(0.000,0.000,0.000) 指令加速度=(0.000,0.000,nan) 滚转角=-0.09度 俯仰角=-0.03度
15:42:01.162418 [轨迹] 序号=1901 单调时间=20167.512404 时间=20167.512 模式=OFFBOARD 起飞状态=未执行起飞 水平控制=位置保持 类型掩码=3520 实际位置NED=(0.059,-0.149,-0.419) 实际速度=(-0.000,0.000,0.000) 最终目标=(0.058,-0.230,-0.420) 指令位置=(0.058,-0.230,nan) 指令速度=(0.000,0.000,0.000) 指令加速度=(0.000,0.000,nan) 滚转角=-0.09度 俯仰角=-0.03度
15:42:01.265590 [轨迹] 序号=1902 单调时间=20167.615873 时间=20167.616 模式=OFFBOARD 起飞状态=未执行起飞 水平控制=位置保持 类型掩码=3520 实际位置NED=(0.059,-0.148,-0.419) 实际速度=(0.000,0.000,0.000) 最终目标=(0.058,-0.230,-0.420) 指令位置=(0.058,-0.230,nan) 指令速度=(0.000,0.000,0.000) 指令加速度=(0.000,0.000,nan) 滚转角=-0.08度 俯仰角=-0.03度
15:42:01.365936 [轨迹] 序号=1903 单调时间=20167.716296 时间=20167.716 模式=OFFBOARD 起飞状态=未执行起飞 水平控制=位置保持 类型掩码=3520 实际位置NED=(0.059,-0.148,-0.419) 实际速度=(0.000,0.000,0.000) 最终目标=(0.058,-0.230,-0.420) 指令位置=(0.058,-0.230,nan) 指令速度=(0.000,0.000,0.000) 指令加速度=(0.000,0.000,nan) 滚转角=-0.08度 俯仰角=-0.03度
15:42:01.468785 [轨迹] 序号=1904 单调时间=20167.818860 时间=20167.819 模式=OFFBOARD 起飞状态=未执行起飞 水平控制=位置保持 类型掩码=3520 实际位置NED=(0.059,-0.148,-0.419) 实际速度=(0.000,0.000,0.000) 最终目标=(0.058,-0.230,-0.420) 指令位置=(0.058,-0.230,nan) 指令速度=(0.000,0.000,0.000) 指令加速度=(0.000,0.000,nan) 滚转角=-0.08度 俯仰角=-0.03度
15:42:01.571910 [轨迹] 序号=1905 单调时间=20167.921998 时间=20167.922 模式=OFFBOARD 起飞状态=未执行起飞 水平控制=位置保持 类型掩码=3520 实际位置NED=(0.059,-0.147,-0.419) 实际速度=(0.000,0.000,-0.000) 最终目标=(0.058,-0.230,-0.420) 指令位置=(0.058,-0.230,nan) 指令速度=(0.000,0.000,0.000) 指令加速度=(0.000,0.000,nan) 滚转角=-0.08度 俯仰角=-0.03度
15:42:01.675146 [轨迹] 序号=1906 单调时间=20168.025500 时间=20168.026 模式=OFFBOARD 起飞状态=未执行起飞 水平控制=位置保持 类型掩码=3520 实际位置NED=(0.059,-0.147,-0.419) 实际速度=(0.000,0.000,-0.000) 最终目标=(0.058,-0.230,-0.420) 指令位置=(0.058,-0.230,nan) 指令速度=(0.000,0.000,0.000) 指令加速度=(0.000,0.000,nan) 滚转角=-0.08度 俯仰角=-0.03度
15:42:01.777481 [轨迹] 序号=1907 单调时间=20168.127753 时间=20168.128 模式=OFFBOARD 起飞状态=未执行起飞 水平控制=位置保持 类型掩码=3520 实际位置NED=(0.059,-0.146,-0.419) 实际速度=(0.000,-0.000,-0.000) 最终目标=(0.058,-0.230,-0.420) 指令位置=(0.058,-0.230,nan) 指令速度=(0.000,0.000,0.000) 指令加速度=(0.000,0.000,nan) 滚转角=-0.08度 俯仰角=-0.03度
15:42:01.880397 [轨迹] 序号=1908 单调时间=20168.230808 时间=20168.231 模式=OFFBOARD 起飞状态=未执行起飞 水平控制=位置保持 类型掩码=3520 实际位置NED=(0.059,-0.146,-0.419) 实际速度=(0.000,-0.000,-0.000) 最终目标=(0.058,-0.230,-0.420) 指令位置=(0.058,-0.230,nan) 指令速度=(0.000,0.000,0.000) 指令加速度=(0.000,0.000,nan) 滚转角=-0.08度 俯仰角=-0.03度
15:42:01.982720 [轨迹] 序号=1909 单调时间=20168.333052 时间=20168.333 模式=OFFBOARD 起飞状态=未执行起飞 水平控制=位置保持 类型掩码=3520 实际位置NED=(0.059,-0.146,-0.419) 实际速度=(0.000,-0.000,-0.000) 最终目标=(0.058,-0.230,-0.420) 指令位置=(0.058,-0.230,nan) 指令速度=(0.000,0.000,0.000) 指令加速度=(0.000,0.000,nan) 滚转角=-0.08度 俯仰角=-0.03度
15:42:02.085653 [轨迹] 序号=1910 单调时间=20168.435869 时间=20168.436 模式=OFFBOARD 起飞状态=未执行起飞 水平控制=位置保持 类型掩码=3520 实际位置NED=(0.059,-0.146,-0.419) 实际速度=(0.000,-0.000,-0.000) 最终目标=(0.058,-0.230,-0.420) 指令位置=(0.058,-0.230,nan) 指令速度=(0.000,0.000,0.000) 指令加速度=(0.000,0.000,nan) 滚转角=-0.08度 俯仰角=-0.03度
15:42:02.188471 [轨迹] 序号=1911 单调时间=20168.538774 时间=20168.539 模式=OFFBOARD 起飞状态=未执行起飞 水平控制=位置保持 类型掩码=3520 实际位置NED=(0.059,-0.146,-0.419) 实际速度=(-0.000,-0.000,-0.000) 最终目标=(0.058,-0.230,-0.420) 指令位置=(0.058,-0.230,nan) 指令速度=(0.000,0.000,0.000) 指令加速度=(0.000,0.000,nan) 滚转角=-0.08度 俯仰角=-0.03度
15:42:02.292012 [轨迹] 序号=1912 单调时间=20168.642021 时间=20168.642 模式=OFFBOARD 起飞状态=未执行起飞 水平控制=位置保持 类型掩码=3520 实际位置NED=(0.059,-0.145,-0.419) 实际速度=(-0.000,-0.000,0.000) 最终目标=(0.058,-0.230,-0.420) 指令位置=(0.058,-0.230,nan) 指令速度=(0.000,0.000,0.000) 指令加速度=(0.000,0.000,nan) 滚转角=-0.08度 俯仰角=-0.03度
15:42:02.394603 [轨迹] 序号=1913 单调时间=20168.744871 时间=20168.745 模式=OFFBOARD 起飞状态=未执行起飞 水平控制=位置保持 类型掩码=3520 实际位置NED=(0.059,-0.145,-0.419) 实际速度=(-0.000,-0.000,0.000) 最终目标=(0.058,-0.230,-0.420) 指令位置=(0.058,-0.230,nan) 指令速度=(0.000,0.000,0.000) 指令加速度=(0.000,0.000,nan) 滚转角=-0.08度 俯仰角=-0.03度
15:42:02.497382 [轨迹] 序号=1914 单调时间=20168.847556 时间=20168.848 模式=OFFBOARD 起飞状态=未执行起飞 水平控制=位置保持 类型掩码=3520 实际位置NED=(0.058,-0.145,-0.419) 实际速度=(-0.000,-0.000,0.000) 最终目标=(0.058,-0.230,-0.420) 指令位置=(0.058,-0.230,nan) 指令速度=(0.000,0.000,0.000) 指令加速度=(0.000,0.000,nan) 滚转角=-0.08度 俯仰角=-0.03度
15:42:02.600317 [轨迹] 序号=1915 单调时间=20168.950466 时间=20168.950 模式=OFFBOARD 起飞状态=未执行起飞 水平控制=位置保持 类型掩码=3520 实际位置NED=(0.058,-0.145,-0.419) 实际速度=(-0.000,-0.000,0.000) 最终目标=(0.058,-0.230,-0.420) 指令位置=(0.058,-0.230,nan) 指令速度=(0.000,0.000,0.000) 指令加速度=(0.000,0.000,nan) 滚转角=-0.08度 俯仰角=-0.03度
15:42:02.703079 [轨迹] 序号=1916 单调时间=20169.053275 时间=20169.053 模式=OFFBOARD 起飞状态=未执行起飞 水平控制=位置保持 类型掩码=3520 实际位置NED=(0.058,-0.144,-0.419) 实际速度=(-0.000,-0.000,0.000) 最终目标=(0.058,-0.230,-0.420) 指令位置=(0.058,-0.230,nan) 指令速度=(0.000,0.000,0.000) 指令加速度=(0.000,0.000,nan) 滚转角=-0.08度 俯仰角=-0.03度
15:42:02.805531 [轨迹] 序号=1917 单调时间=20169.155751 时间=20169.156 模式=OFFBOARD 起飞状态=未执行起飞 水平控制=位置保持 类型掩码=3520 实际位置NED=(0.058,-0.144,-0.419) 实际速度=(-0.000,-0.000,0.001) 最终目标=(0.058,-0.230,-0.420) 指令位置=(0.058,-0.230,nan) 指令速度=(0.000,0.000,0.000) 指令加速度=(0.000,0.000,nan) 滚转角=-0.09度 俯仰角=-0.03度
15:42:02.908560 [轨迹] 序号=1918 单调时间=20169.258769 时间=20169.259 模式=OFFBOARD 起飞状态=未执行起飞 水平控制=位置保持 类型掩码=3520 实际位置NED=(0.058,-0.144,-0.419) 实际速度=(-0.000,-0.000,0.001) 最终目标=(0.058,-0.230,-0.420) 指令位置=(0.058,-0.230,nan) 指令速度=(0.000,0.000,0.000) 指令加速度=(0.000,0.000,nan) 滚转角=-0.09度 俯仰角=-0.03度
15:42:03.012161 [轨迹] 序号=1919 单调时间=20169.362429 时间=20169.362 模式=OFFBOARD 起飞状态=未执行起飞 水平控制=位置保持 类型掩码=3520 实际位置NED=(0.058,-0.144,-0.419) 实际速度=(-0.000,-0.000,0.001) 最终目标=(0.058,-0.230,-0.420) 指令位置=(0.058,-0.230,nan) 指令速度=(0.000,0.000,0.000) 指令加速度=(0.000,0.000,nan) 滚转角=-0.09度 俯仰角=-0.03度
15:42:03.116538 [轨迹] 序号=1920 单调时间=20169.466835 时间=20169.467 模式=OFFBOARD 起飞状态=未执行起飞 水平控制=位置保持 类型掩码=3520 实际位置NED=(0.058,-0.143,-0.419) 实际速度=(-0.000,-0.000,0.001) 最终目标=(0.058,-0.230,-0.420) 指令位置=(0.058,-0.230,nan) 指令速度=(0.000,0.000,0.000) 指令加速度=(0.000,0.000,nan) 滚转角=-0.09度 俯仰角=-0.03度
15:42:03.219580 [轨迹] 序号=1921 单调时间=20169.569749 时间=20169.570 模式=OFFBOARD 起飞状态=未执行起飞 水平控制=位置保持 类型掩码=3520 实际位置NED=(0.058,-0.143,-0.419) 实际速度=(-0.000,-0.000,0.001) 最终目标=(0.058,-0.230,-0.420) 指令位置=(0.058,-0.230,nan) 指令速度=(0.000,0.000,0.000) 指令加速度=(0.000,0.000,nan) 滚转角=-0.09度 俯仰角=-0.03度
15:42:03.323144 [轨迹] 序号=1922 单调时间=20169.673274 时间=20169.673 模式=OFFBOARD 起飞状态=未执行起飞 水平控制=位置保持 类型掩码=3520 实际位置NED=(0.058,-0.143,-0.419) 实际速度=(-0.000,-0.000,0.001) 最终目标=(0.058,-0.230,-0.420) 指令位置=(0.058,-0.230,nan) 指令速度=(0.000,0.000,0.000) 指令加速度=(0.000,0.000,nan) 滚转角=-0.09度 俯仰角=-0.03度
15:42:03.426325 [轨迹] 序号=1923 单调时间=20169.776456 时间=20169.776 模式=OFFBOARD 起飞状态=未执行起飞 水平控制=位置保持 类型掩码=3520 实际位置NED=(0.058,-0.143,-0.419) 实际速度=(-0.000,-0.000,0.001) 最终目标=(0.058,-0.230,-0.420) 指令位置=(0.058,-0.230,nan) 指令速度=(0.000,0.000,0.000) 指令加速度=(0.000,0.000,nan) 滚转角=-0.09度 俯仰角=-0.03度
15:42:03.530616 [轨迹] 序号=1924 单调时间=20169.880092 时间=20169.880 模式=OFFBOARD 起飞状态=未执行起飞 水平控制=位置保持 类型掩码=3520 实际位置NED=(0.058,-0.142,-0.419) 实际速度=(-0.000,-0.000,0.001) 最终目标=(0.058,-0.230,-0.420) 指令位置=(0.058,-0.230,nan) 指令速度=(0.000,0.000,0.000) 指令加速度=(0.000,0.000,nan) 滚转角=-0.09度 俯仰角=-0.03度
15:42:03.633652 [轨迹] 序号=1925 单调时间=20169.983903 时间=20169.984 模式=OFFBOARD 起飞状态=未执行起飞 水平控制=位置保持 类型掩码=3520 实际位置NED=(0.058,-0.142,-0.419) 实际速度=(-0.000,0.000,0.002) 最终目标=(0.058,-0.230,-0.420) 指令位置=(0.058,-0.230,nan) 指令速度=(0.000,0.000,0.000) 指令加速度=(0.000,0.000,nan) 滚转角=-0.09度 俯仰角=-0.03度
15:42:03.736045 [轨迹] 序号=1926 单调时间=20170.086301 时间=20170.086 模式=OFFBOARD 起飞状态=未执行起飞 水平控制=位置保持 类型掩码=3520 实际位置NED=(0.058,-0.142,-0.419) 实际速度=(0.000,-0.000,0.002) 最终目标=(0.058,-0.230,-0.420) 指令位置=(0.058,-0.230,nan) 指令速度=(0.000,0.000,0.000) 指令加速度=(0.000,0.000,nan) 滚转角=-0.09度 俯仰角=-0.03度
15:42:03.838946 [轨迹] 序号=1927 单调时间=20170.188659 时间=20170.189 模式=OFFBOARD 起飞状态=未执行起飞 水平控制=位置保持 类型掩码=3520 实际位置NED=(0.058,-0.142,-0.418) 实际速度=(-0.000,-0.000,0.002) 最终目标=(0.058,-0.230,-0.420) 指令位置=(0.058,-0.230,nan) 指令速度=(0.000,0.000,0.000) 指令加速度=(0.000,0.000,nan) 滚转角=-0.09度 俯仰角=-0.03度
15:42:03.941919 [轨迹] 序号=1928 单调时间=20170.292174 时间=20170.292 模式=OFFBOARD 起飞状态=未执行起飞 水平控制=位置保持 类型掩码=3520 实际位置NED=(0.058,-0.142,-0.418) 实际速度=(-0.000,-0.000,0.002) 最终目标=(0.058,-0.230,-0.420) 指令位置=(0.058,-0.230,nan) 指令速度=(0.000,0.000,0.000) 指令加速度=(0.000,0.000,nan) 滚转角=-0.09度 俯仰角=-0.03度
15:42:04.045357 [轨迹] 序号=1929 单调时间=20170.395550 时间=20170.396 模式=OFFBOARD 起飞状态=未执行起飞 水平控制=位置保持 类型掩码=3520 实际位置NED=(0.058,-0.141,-0.418) 实际速度=(0.000,-0.000,0.002) 最终目标=(0.058,-0.230,-0.420) 指令位置=(0.058,-0.230,nan) 指令速度=(0.000,0.000,0.000) 指令加速度=(0.000,0.000,nan) 滚转角=-0.09度 俯仰角=-0.03度
15:42:04.150008 [轨迹] 序号=1930 单调时间=20170.499972 时间=20170.500 模式=OFFBOARD 起飞状态=未执行起飞 水平控制=位置保持 类型掩码=3520 实际位置NED=(0.058,-0.141,-0.418) 实际速度=(0.000,-0.000,0.002) 最终目标=(0.058,-0.230,-0.420) 指令位置=(0.058,-0.230,nan) 指令速度=(0.000,0.000,0.000) 指令加速度=(0.000,0.000,nan) 滚转角=-0.09度 俯仰角=-0.03度
15:42:04.254088 [轨迹] 序号=1931 单调时间=20170.604355 时间=20170.604 模式=OFFBOARD 起飞状态=未执行起飞 水平控制=位置保持 类型掩码=3520 实际位置NED=(0.058,-0.141,-0.418) 实际速度=(-0.000,0.000,0.002) 最终目标=(0.058,-0.230,-0.420) 指令位置=(0.058,-0.230,nan) 指令速度=(0.000,0.000,0.000) 指令加速度=(0.000,0.000,nan) 滚转角=-0.09度 俯仰角=-0.03度
15:42:04.357795 [轨迹] 序号=1932 单调时间=20170.708212 时间=20170.708 模式=OFFBOARD 起飞状态=未执行起飞 水平控制=位置保持 类型掩码=3520 实际位置NED=(0.058,-0.141,-0.418) 实际速度=(-0.000,0.000,0.002) 最终目标=(0.058,-0.230,-0.420) 指令位置=(0.058,-0.230,nan) 指令速度=(0.000,0.000,0.000) 指令加速度=(0.000,0.000,nan) 滚转角=-0.09度 俯仰角=-0.03度
15:42:04.462047 [轨迹] 序号=1933 单调时间=20170.812323 时间=20170.812 模式=OFFBOARD 起飞状态=未执行起飞 水平控制=位置保持 类型掩码=3520 实际位置NED=(0.058,-0.140,-0.418) 实际速度=(-0.000,0.000,0.002) 最终目标=(0.058,-0.230,-0.420) 指令位置=(0.058,-0.230,nan) 指令速度=(0.000,0.000,0.000) 指令加速度=(0.000,0.000,nan) 滚转角=-0.09度 俯仰角=-0.03度
15:42:04.566146 [轨迹] 序号=1934 单调时间=20170.916346 时间=20170.916 模式=OFFBOARD 起飞状态=未执行起飞 水平控制=位置保持 类型掩码=3520 实际位置NED=(0.058,-0.140,-0.418) 实际速度=(-0.000,0.000,0.002) 最终目标=(0.058,-0.230,-0.420) 指令位置=(0.058,-0.230,nan) 指令速度=(0.000,0.000,0.000) 指令加速度=(0.000,0.000,nan) 滚转角=-0.08度 俯仰角=-0.03度
15:42:04.674060 [轨迹] 序号=1935 单调时间=20171.024342 时间=20171.024 模式=OFFBOARD 起飞状态=未执行起飞 水平控制=位置保持 类型掩码=3520 实际位置NED=(0.058,-0.140,-0.418) 实际速度=(-0.000,0.000,0.002) 最终目标=(0.058,-0.230,-0.420) 指令位置=(0.058,-0.230,nan) 指令速度=(0.000,0.000,0.000) 指令加速度=(0.000,0.000,nan) 滚转角=-0.08度 俯仰角=-0.03度
