11:08:15 [网络] 扫描完成，共发现3个可选UDP地址
11:08:16 [激光测距] 已通过 MyLink MAVLink 收到四路距离数据
11:08:16 [电机输出] 已通过 MyLink MAVLink 收到四路电机PWM数据
11:08:18 [贴顶流程] 待机
11:08:18 [成功] PX4已连接：udp:127.0.0.1:14540 系统ID=1 组件ID=1
11:08:18 [离地高度] 已请求3 Hz测距数据流
11:08:18 [成功] 已保存UDP地址：udp:127.0.0.1:14540
11:08:18 [成功] 本地NED坐标原点=(0.032815877348184586, 0.021755238994956017, -0.11569684743881226)；已启动10 Hz本地位置数据流
11:08:18.630668 [轨迹] 序号=1 单调时间=8513.410363 时间=8513.410 模式=AUTO.RTL 起飞状态=未执行起飞 水平控制=位置保持 类型掩码=3520 实际位置NED=(0.033,0.022,-0.116) 实际速度=(0.001,-0.000,0.002) 最终目标=(0.033,0.022,-0.116) 指令位置=(0.033,0.022,-0.116) 指令速度=(0.000,0.000,0.000) 指令加速度=(0.000,0.000,0.000) 滚转角=0.09度 俯仰角=0.09度
11:08:18.734078 [轨迹] 序号=2 单调时间=8513.513809 时间=8513.514 模式=AUTO.RTL 起飞状态=未执行起飞 水平控制=位置保持 类型掩码=3520 实际位置NED=(0.033,0.022,-0.116) 实际速度=(0.001,-0.000,0.002) 最终目标=(0.033,0.022,-0.116) 指令位置=(0.033,0.022,-0.116) 指令速度=(0.000,0.000,0.000) 指令加速度=(0.000,0.000,0.000) 滚转角=0.09度 俯仰角=0.09度
11:08:18.837633 [轨迹] 序号=3 单调时间=8513.617619 时间=8513.618 模式=AUTO.RTL 起飞状态=未执行起飞 水平控制=位置保持 类型掩码=3520 实际位置NED=(0.033,0.022,-0.116) 实际速度=(0.001,-0.000,0.003) 最终目标=(0.033,0.022,-0.116) 指令位置=(0.033,0.022,-0.116) 指令速度=(0.000,0.000,0.000) 指令加速度=(0.000,0.000,0.000) 滚转角=0.09度 俯仰角=0.09度
11:08:18.941457 [轨迹] 序号=4 单调时间=8513.721230 时间=8513.721 模式=AUTO.RTL 起飞状态=未执行起飞 水平控制=位置保持 类型掩码=3520 实际位置NED=(0.033,0.022,-0.116) 实际速度=(0.001,-0.000,0.003) 最终目标=(0.033,0.022,-0.116) 指令位置=(0.033,0.022,-0.116) 指令速度=(0.000,0.000,0.000) 指令加速度=(0.000,0.000,0.000) 滚转角=0.09度 俯仰角=0.09度
11:08:19.044756 [轨迹] 序号=5 单调时间=8513.824590 时间=8513.825 模式=AUTO.RTL 起飞状态=未执行起飞 水平控制=位置保持 类型掩码=3520 实际位置NED=(0.033,0.022,-0.116) 实际速度=(0.001,-0.000,0.002) 最终目标=(0.033,0.022,-0.116) 指令位置=(0.033,0.022,-0.116) 指令速度=(0.000,0.000,0.000) 指令加速度=(0.000,0.000,0.000) 滚转角=0.09度 俯仰角=0.09度
11:08:19.148554 [轨迹] 序号=6 单调时间=8513.928524 时间=8513.929 模式=AUTO.RTL 起飞状态=未执行起飞 水平控制=位置保持 类型掩码=3520 实际位置NED=(0.033,0.022,-0.116) 实际速度=(0.001,-0.000,0.002) 最终目标=(0.033,0.022,-0.116) 指令位置=(0.033,0.022,-0.116) 指令速度=(0.000,0.000,0.000) 指令加速度=(0.000,0.000,0.000) 滚转角=0.09度 俯仰角=0.09度
11:08:19.252178 [轨迹] 序号=7 单调时间=8514.032093 时间=8514.032 模式=AUTO.RTL 起飞状态=未执行起飞 水平控制=位置保持 类型掩码=3520 实际位置NED=(0.033,0.022,-0.116) 实际速度=(0.001,-0.001,0.003) 最终目标=(0.033,0.022,-0.116) 指令位置=(0.033,0.022,-0.116) 指令速度=(0.000,0.000,0.000) 指令加速度=(0.000,0.000,0.000) 滚转角=0.09度 俯仰角=0.09度
11:08:19.355961 [轨迹] 序号=8 单调时间=8514.135645 时间=8514.136 模式=AUTO.RTL 起飞状态=未执行起飞 水平控制=位置保持 类型掩码=3520 实际位置NED=(0.033,0.022,-0.116) 实际速度=(0.001,-0.001,0.003) 最终目标=(0.033,0.022,-0.116) 指令位置=(0.033,0.022,-0.116) 指令速度=(0.000,0.000,0.000) 指令加速度=(0.000,0.000,0.000) 滚转角=0.09度 俯仰角=0.09度
11:08:19.459511 [轨迹] 序号=9 单调时间=8514.239328 时间=8514.239 模式=AUTO.RTL 起飞状态=未执行起飞 水平控制=位置保持 类型掩码=3520 实际位置NED=(0.033,0.022,-0.116) 实际速度=(0.001,-0.001,0.003) 最终目标=(0.033,0.022,-0.116) 指令位置=(0.033,0.022,-0.116) 指令速度=(0.000,0.000,0.000) 指令加速度=(0.000,0.000,0.000) 滚转角=0.09度 俯仰角=0.09度
11:08:19.563812 [轨迹] 序号=10 单调时间=8514.343577 时间=8514.344 模式=AUTO.RTL 起飞状态=未执行起飞 水平控制=位置保持 类型掩码=3520 实际位置NED=(0.033,0.022,-0.116) 实际速度=(0.001,-0.001,0.003) 最终目标=(0.033,0.022,-0.116) 指令位置=(0.033,0.022,-0.116) 指令速度=(0.000,0.000,0.000) 指令加速度=(0.000,0.000,0.000) 滚转角=0.09度 俯仰角=0.09度
11:08:19.667300 [轨迹] 序号=11 单调时间=8514.447218 时间=8514.447 模式=AUTO.RTL 起飞状态=未执行起飞 水平控制=位置保持 类型掩码=3520 实际位置NED=(0.033,0.022,-0.116) 实际速度=(0.001,-0.000,0.003) 最终目标=(0.033,0.022,-0.116) 指令位置=(0.033,0.022,-0.116) 指令速度=(0.000,0.000,0.000) 指令加速度=(0.000,0.000,0.000) 滚转角=0.10度 俯仰角=0.09度
11:08:19.770949 [轨迹] 序号=12 单调时间=8514.550711 时间=8514.551 模式=AUTO.RTL 起飞状态=未执行起飞 水平控制=位置保持 类型掩码=3520 实际位置NED=(0.033,0.022,-0.116) 实际速度=(0.001,-0.000,0.003) 最终目标=(0.033,0.022,-0.116) 指令位置=(0.033,0.022,-0.116) 指令速度=(0.000,0.000,0.000) 指令加速度=(0.000,0.000,0.000) 滚转角=0.10度 俯仰角=0.09度
11:08:19.874686 [轨迹] 序号=13 单调时间=8514.654612 时间=8514.655 模式=AUTO.RTL 起飞状态=未执行起飞 水平控制=位置保持 类型掩码=3520 实际位置NED=(0.033,0.022,-0.116) 实际速度=(0.001,-0.000,0.002) 最终目标=(0.033,0.022,-0.116) 指令位置=(0.033,0.022,-0.116) 指令速度=(0.000,0.000,0.000) 指令加速度=(0.000,0.000,0.000) 滚转角=0.09度 俯仰角=0.09度
11:08:19.978536 [轨迹] 序号=14 单调时间=8514.758365 时间=8514.758 模式=AUTO.RTL 起飞状态=未执行起飞 水平控制=位置保持 类型掩码=3520 实际位置NED=(0.033,0.022,-0.116) 实际速度=(0.001,-0.001,0.003) 最终目标=(0.033,0.022,-0.116) 指令位置=(0.033,0.022,-0.116) 指令速度=(0.000,0.000,0.000) 指令加速度=(0.000,0.000,0.000) 滚转角=0.09度 俯仰角=0.09度
11:08:20.081822 [轨迹] 序号=15 单调时间=8514.861666 时间=8514.862 模式=AUTO.RTL 起飞状态=未执行起飞 水平控制=位置保持 类型掩码=3520 实际位置NED=(0.033,0.022,-0.116) 实际速度=(0.001,-0.000,0.003) 最终目标=(0.033,0.022,-0.116) 指令位置=(0.033,0.022,-0.116) 指令速度=(0.000,0.000,0.000) 指令加速度=(0.000,0.000,0.000) 滚转角=0.09度 俯仰角=0.09度
11:08:20.185107 [轨迹] 序号=16 单调时间=8514.965080 时间=8514.965 模式=AUTO.RTL 起飞状态=未执行起飞 水平控制=位置保持 类型掩码=3520 实际位置NED=(0.033,0.022,-0.116) 实际速度=(0.001,-0.000,0.003) 最终目标=(0.033,0.022,-0.116) 指令位置=(0.033,0.022,-0.116) 指令速度=(0.000,0.000,0.000) 指令加速度=(0.000,0.000,0.000) 滚转角=0.09度 俯仰角=0.09度
11:08:20.288660 [轨迹] 序号=17 单调时间=8515.068629 时间=8515.069 模式=AUTO.RTL 起飞状态=未执行起飞 水平控制=位置保持 类型掩码=3520 实际位置NED=(0.033,0.022,-0.116) 实际速度=(0.001,-0.000,0.003) 最终目标=(0.033,0.022,-0.116) 指令位置=(0.033,0.022,-0.116) 指令速度=(0.000,0.000,0.000) 指令加速度=(0.000,0.000,0.000) 滚转角=0.09度 俯仰角=0.09度
11:08:20.393241 [轨迹] 序号=18 单调时间=8515.173000 时间=8515.173 模式=AUTO.RTL 起飞状态=未执行起飞 水平控制=位置保持 类型掩码=3520 实际位置NED=(0.033,0.022,-0.116) 实际速度=(0.001,-0.000,0.003) 最终目标=(0.033,0.022,-0.116) 指令位置=(0.033,0.022,-0.116) 指令速度=(0.000,0.000,0.000) 指令加速度=(0.000,0.000,0.000) 滚转角=0.10度 俯仰角=0.09度
11:08:20.497322 [轨迹] 序号=19 单调时间=8515.277222 时间=8515.277 模式=AUTO.RTL 起飞状态=未执行起飞 水平控制=位置保持 类型掩码=3520 实际位置NED=(0.033,0.022,-0.116) 实际速度=(0.001,-0.000,0.003) 最终目标=(0.033,0.022,-0.116) 指令位置=(0.033,0.022,-0.116) 指令速度=(0.000,0.000,0.000) 指令加速度=(0.000,0.000,0.000) 滚转角=0.10度 俯仰角=0.09度
11:08:20.601824 [轨迹] 序号=20 单调时间=8515.381717 时间=8515.382 模式=AUTO.RTL 起飞状态=未执行起飞 水平控制=位置保持 类型掩码=3520 实际位置NED=(0.033,0.022,-0.116) 实际速度=(0.001,-0.000,0.003) 最终目标=(0.033,0.022,-0.116) 指令位置=(0.033,0.022,-0.116) 指令速度=(0.000,0.000,0.000) 指令加速度=(0.000,0.000,0.000) 滚转角=0.09度 俯仰角=0.09度
11:08:20.705516 [轨迹] 序号=21 单调时间=8515.485236 时间=8515.485 模式=AUTO.RTL 起飞状态=未执行起飞 水平控制=位置保持 类型掩码=3520 实际位置NED=(0.033,0.022,-0.115) 实际速度=(0.001,-0.000,0.003) 最终目标=(0.033,0.022,-0.115) 指令位置=(0.033,0.022,-0.115) 指令速度=(0.000,0.000,0.000) 指令加速度=(0.000,0.000,0.000) 滚转角=0.09度 俯仰角=0.09度
11:08:20.810089 [轨迹] 序号=22 单调时间=8515.590132 时间=8515.590 模式=AUTO.RTL 起飞状态=未执行起飞 水平控制=位置保持 类型掩码=3520 实际位置NED=(0.033,0.022,-0.115) 实际速度=(0.001,-0.000,0.002) 最终目标=(0.033,0.022,-0.115) 指令位置=(0.033,0.022,-0.115) 指令速度=(0.000,0.000,0.000) 指令加速度=(0.000,0.000,0.000) 滚转角=0.09度 俯仰角=0.09度
11:08:20.913649 [轨迹] 序号=23 单调时间=8515.693549 时间=8515.694 模式=AUTO.RTL 起飞状态=未执行起飞 水平控制=位置保持 类型掩码=3520 实际位置NED=(0.033,0.022,-0.115) 实际速度=(0.001,-0.000,0.002) 最终目标=(0.033,0.022,-0.115) 指令位置=(0.033,0.022,-0.115) 指令速度=(0.000,0.000,0.000) 指令加速度=(0.000,0.000,0.000) 滚转角=0.09度 俯仰角=0.09度
11:08:21.013887 [轨迹] 序号=24 单调时间=8515.793622 时间=8515.794 模式=AUTO.RTL 起飞状态=未执行起飞 水平控制=位置保持 类型掩码=3520 实际位置NED=(0.033,0.022,-0.115) 实际速度=(0.001,-0.000,0.002) 最终目标=(0.033,0.022,-0.115) 指令位置=(0.033,0.022,-0.115) 指令速度=(0.000,0.000,0.000) 指令加速度=(0.000,0.000,0.000) 滚转角=0.09度 俯仰角=0.09度
11:08:21.117571 [轨迹] 序号=25 单调时间=8515.897553 时间=8515.898 模式=AUTO.RTL 起飞状态=未执行起飞 水平控制=位置保持 类型掩码=3520 实际位置NED=(0.033,0.022,-0.115) 实际速度=(0.001,-0.000,0.002) 最终目标=(0.033,0.022,-0.115) 指令位置=(0.033,0.022,-0.115) 指令速度=(0.000,0.000,0.000) 指令加速度=(0.000,0.000,0.000) 滚转角=0.09度 俯仰角=0.09度
11:08:21.220980 [轨迹] 序号=26 单调时间=8516.000784 时间=8516.001 模式=AUTO.RTL 起飞状态=未执行起飞 水平控制=位置保持 类型掩码=3520 实际位置NED=(0.033,0.022,-0.116) 实际速度=(0.001,0.000,0.002) 最终目标=(0.033,0.022,-0.116) 指令位置=(0.033,0.022,-0.116) 指令速度=(0.000,0.000,0.000) 指令加速度=(0.000,0.000,0.000) 滚转角=0.09度 俯仰角=0.09度
11:08:21.325137 [轨迹] 序号=27 单调时间=8516.105004 时间=8516.105 模式=AUTO.RTL 起飞状态=未执行起飞 水平控制=位置保持 类型掩码=3520 实际位置NED=(0.033,0.022,-0.116) 实际速度=(0.001,0.000,0.002) 最终目标=(0.033,0.022,-0.116) 指令位置=(0.033,0.022,-0.116) 指令速度=(0.000,0.000,0.000) 指令加速度=(0.000,0.000,0.000) 滚转角=0.09度 俯仰角=0.09度
11:08:21.428549 [轨迹] 序号=28 单调时间=8516.208449 时间=8516.208 模式=AUTO.RTL 起飞状态=未执行起飞 水平控制=位置保持 类型掩码=3520 实际位置NED=(0.033,0.022,-0.116) 实际速度=(0.001,0.000,0.003) 最终目标=(0.033,0.022,-0.116) 指令位置=(0.033,0.022,-0.116) 指令速度=(0.000,0.000,0.000) 指令加速度=(0.000,0.000,0.000) 滚转角=0.09度 俯仰角=0.09度
11:08:21.531912 [轨迹] 序号=29 单调时间=8516.311795 时间=8516.312 模式=AUTO.RTL 起飞状态=未执行起飞 水平控制=位置保持 类型掩码=3520 实际位置NED=(0.033,0.022,-0.116) 实际速度=(0.001,0.000,0.003) 最终目标=(0.033,0.022,-0.116) 指令位置=(0.033,0.022,-0.116) 指令速度=(0.000,0.000,0.000) 指令加速度=(0.000,0.000,0.000) 滚转角=0.09度 俯仰角=0.09度
11:08:21.636410 [轨迹] 序号=30 单调时间=8516.415998 时间=8516.416 模式=AUTO.RTL 起飞状态=未执行起飞 水平控制=位置保持 类型掩码=3520 实际位置NED=(0.033,0.022,-0.116) 实际速度=(0.001,0.000,0.002) 最终目标=(0.033,0.022,-0.116) 指令位置=(0.033,0.022,-0.116) 指令速度=(0.000,0.000,0.000) 指令加速度=(0.000,0.000,0.000) 滚转角=0.09度 俯仰角=0.09度
11:08:21.739899 [轨迹] 序号=31 单调时间=8516.519520 时间=8516.520 模式=AUTO.RTL 起飞状态=未执行起飞 水平控制=位置保持 类型掩码=3520 实际位置NED=(0.033,0.022,-0.116) 实际速度=(0.001,0.000,0.003) 最终目标=(0.033,0.022,-0.116) 指令位置=(0.033,0.022,-0.116) 指令速度=(0.000,0.000,0.000) 指令加速度=(0.000,0.000,0.000) 滚转角=0.09度 俯仰角=0.09度
11:08:21.843369 [轨迹] 序号=32 单调时间=8516.623154 时间=8516.623 模式=AUTO.RTL 起飞状态=未执行起飞 水平控制=位置保持 类型掩码=3520 实际位置NED=(0.033,0.022,-0.116) 实际速度=(0.001,0.000,0.003) 最终目标=(0.033,0.022,-0.116) 指令位置=(0.033,0.022,-0.116) 指令速度=(0.000,0.000,0.000) 指令加速度=(0.000,0.000,0.000) 滚转角=0.09度 俯仰角=0.09度
11:08:21.946622 [轨迹] 序号=33 单调时间=8516.726448 时间=8516.726 模式=AUTO.RTL 起飞状态=未执行起飞 水平控制=位置保持 类型掩码=3520 实际位置NED=(0.033,0.022,-0.116) 实际速度=(0.001,0.000,0.002) 最终目标=(0.033,0.022,-0.116) 指令位置=(0.033,0.022,-0.116) 指令速度=(0.000,0.000,0.000) 指令加速度=(0.000,0.000,0.000) 滚转角=0.09度 俯仰角=0.09度
11:08:22.049874 [轨迹] 序号=34 单调时间=8516.829856 时间=8516.830 模式=AUTO.RTL 起飞状态=未执行起飞 水平控制=位置保持 类型掩码=3520 实际位置NED=(0.033,0.022,-0.116) 实际速度=(0.001,0.000,0.002) 最终目标=(0.033,0.022,-0.116) 指令位置=(0.033,0.022,-0.116) 指令速度=(0.000,0.000,0.000) 指令加速度=(0.000,0.000,0.000) 滚转角=0.10度 俯仰角=0.09度
11:08:22.153184 [轨迹] 序号=35 单调时间=8516.933094 时间=8516.933 模式=AUTO.RTL 起飞状态=未执行起飞 水平控制=位置保持 类型掩码=3520 实际位置NED=(0.033,0.022,-0.116) 实际速度=(0.001,-0.000,0.002) 最终目标=(0.033,0.022,-0.116) 指令位置=(0.033,0.022,-0.116) 指令速度=(0.000,0.000,0.000) 指令加速度=(0.000,0.000,0.000) 滚转角=0.10度 俯仰角=0.09度
11:08:22.256890 [轨迹] 序号=36 单调时间=8517.036801 时间=8517.037 模式=AUTO.RTL 起飞状态=未执行起飞 水平控制=位置保持 类型掩码=3520 实际位置NED=(0.033,0.022,-0.116) 实际速度=(0.001,-0.000,0.002) 最终目标=(0.033,0.022,-0.116) 指令位置=(0.033,0.022,-0.116) 指令速度=(0.000,0.000,0.000) 指令加速度=(0.000,0.000,0.000) 滚转角=0.10度 俯仰角=0.09度
11:08:22.360692 [轨迹] 序号=37 单调时间=8517.140666 时间=8517.141 模式=AUTO.RTL 起飞状态=未执行起飞 水平控制=位置保持 类型掩码=3520 实际位置NED=(0.033,0.022,-0.116) 实际速度=(0.001,-0.000,0.002) 最终目标=(0.033,0.022,-0.116) 指令位置=(0.033,0.022,-0.116) 指令速度=(0.000,0.000,0.000) 指令加速度=(0.000,0.000,0.000) 滚转角=0.10度 俯仰角=0.09度
11:08:22.464199 [轨迹] 序号=38 单调时间=8517.244082 时间=8517.244 模式=AUTO.RTL 起飞状态=未执行起飞 水平控制=位置保持 类型掩码=3520 实际位置NED=(0.033,0.022,-0.116) 实际速度=(0.001,-0.000,0.002) 最终目标=(0.033,0.022,-0.116) 指令位置=(0.033,0.022,-0.116) 指令速度=(0.000,0.000,0.000) 指令加速度=(0.000,0.000,0.000) 滚转角=0.10度 俯仰角=0.09度
11:08:22.567881 [轨迹] 序号=39 单调时间=8517.347813 时间=8517.348 模式=AUTO.RTL 起飞状态=未执行起飞 水平控制=位置保持 类型掩码=3520 实际位置NED=(0.033,0.022,-0.116) 实际速度=(0.001,-0.000,0.003) 最终目标=(0.033,0.022,-0.116) 指令位置=(0.033,0.022,-0.116) 指令速度=(0.000,0.000,0.000) 指令加速度=(0.000,0.000,0.000) 滚转角=0.10度 俯仰角=0.09度
11:08:22.671296 [轨迹] 序号=40 单调时间=8517.451232 时间=8517.451 模式=AUTO.RTL 起飞状态=未执行起飞 水平控制=位置保持 类型掩码=3520 实际位置NED=(0.033,0.022,-0.116) 实际速度=(0.001,-0.000,0.002) 最终目标=(0.033,0.022,-0.116) 指令位置=(0.033,0.022,-0.116) 指令速度=(0.000,0.000,0.000) 指令加速度=(0.000,0.000,0.000) 滚转角=0.10度 俯仰角=0.09度
11:08:22.775477 [轨迹] 序号=41 单调时间=8517.554589 时间=8517.555 模式=AUTO.RTL 起飞状态=未执行起飞 水平控制=位置保持 类型掩码=3520 实际位置NED=(0.033,0.022,-0.116) 实际速度=(0.001,-0.000,0.003) 最终目标=(0.033,0.022,-0.116) 指令位置=(0.033,0.022,-0.116) 指令速度=(0.000,0.000,0.000) 指令加速度=(0.000,0.000,0.000) 滚转角=0.10度 俯仰角=0.09度
11:08:22.879483 [轨迹] 序号=42 单调时间=8517.658786 时间=8517.659 模式=AUTO.RTL 起飞状态=未执行起飞 水平控制=位置保持 类型掩码=3520 实际位置NED=(0.033,0.022,-0.115) 实际速度=(0.001,-0.000,0.003) 最终目标=(0.033,0.022,-0.115) 指令位置=(0.033,0.022,-0.115) 指令速度=(0.000,0.000,0.000) 指令加速度=(0.000,0.000,0.000) 滚转角=0.10度 俯仰角=0.09度
11:08:22.984009 [轨迹] 序号=43 单调时间=8517.763693 时间=8517.764 模式=AUTO.RTL 起飞状态=未执行起飞 水平控制=位置保持 类型掩码=3520 实际位置NED=(0.033,0.022,-0.115) 实际速度=(0.000,-0.000,0.003) 最终目标=(0.033,0.022,-0.115) 指令位置=(0.033,0.022,-0.115) 指令速度=(0.000,0.000,0.000) 指令加速度=(0.000,0.000,0.000) 滚转角=0.10度 俯仰角=0.09度
11:08:23.087614 [轨迹] 序号=44 单调时间=8517.867478 时间=8517.867 模式=AUTO.RTL 起飞状态=未执行起飞 水平控制=位置保持 类型掩码=3520 实际位置NED=(0.033,0.022,-0.115) 实际速度=(0.000,-0.001,0.003) 最终目标=(0.033,0.022,-0.115) 指令位置=(0.033,0.022,-0.115) 指令速度=(0.000,0.000,0.000) 指令加速度=(0.000,0.000,0.000) 滚转角=0.10度 俯仰角=0.09度
11:08:23.190935 [轨迹] 序号=45 单调时间=8517.970765 时间=8517.971 模式=AUTO.RTL 起飞状态=未执行起飞 水平控制=位置保持 类型掩码=3520 实际位置NED=(0.033,0.022,-0.115) 实际速度=(0.000,-0.001,0.003) 最终目标=(0.033,0.022,-0.115) 指令位置=(0.033,0.022,-0.115) 指令速度=(0.000,0.000,0.000) 指令加速度=(0.000,0.000,0.000) 滚转角=0.10度 俯仰角=0.09度
11:08:23.294972 [轨迹] 序号=46 单调时间=8518.074863 时间=8518.075 模式=AUTO.RTL 起飞状态=未执行起飞 水平控制=位置保持 类型掩码=3520 实际位置NED=(0.033,0.022,-0.115) 实际速度=(0.000,-0.001,0.003) 最终目标=(0.033,0.022,-0.115) 指令位置=(0.033,0.022,-0.115) 指令速度=(0.000,0.000,0.000) 指令加速度=(0.000,0.000,0.000) 滚转角=0.10度 俯仰角=0.09度
11:08:23.399295 [轨迹] 序号=47 单调时间=8518.179178 时间=8518.179 模式=AUTO.RTL 起飞状态=未执行起飞 水平控制=位置保持 类型掩码=3520 实际位置NED=(0.033,0.022,-0.115) 实际速度=(0.000,-0.000,0.003) 最终目标=(0.033,0.022,-0.115) 指令位置=(0.033,0.022,-0.115) 指令速度=(0.000,0.000,0.000) 指令加速度=(0.000,0.000,0.000) 滚转角=0.10度 俯仰角=0.09度
11:08:23.503084 [轨迹] 序号=48 单调时间=8518.282261 时间=8518.282 模式=AUTO.RTL 起飞状态=未执行起飞 水平控制=位置保持 类型掩码=3520 实际位置NED=(0.033,0.022,-0.115) 实际速度=(0.000,-0.000,0.003) 最终目标=(0.033,0.022,-0.115) 指令位置=(0.033,0.022,-0.115) 指令速度=(0.000,0.000,0.000) 指令加速度=(0.000,0.000,0.000) 滚转角=0.10度 俯仰角=0.09度
11:08:23.610707 [轨迹] 序号=49 单调时间=8518.390736 时间=8518.391 模式=AUTO.RTL 起飞状态=未执行起飞 水平控制=位置保持 类型掩码=3520 实际位置NED=(0.033,0.023,-0.115) 实际速度=(0.000,-0.000,0.003) 最终目标=(0.033,0.023,-0.115) 指令位置=(0.033,0.023,-0.115) 指令速度=(0.000,0.000,0.000) 指令加速度=(0.000,0.000,0.000) 滚转角=0.10度 俯仰角=0.09度
11:08:23.714079 [轨迹] 序号=50 单调时间=8518.494045 时间=8518.494 模式=AUTO.RTL 起飞状态=未执行起飞 水平控制=位置保持 类型掩码=3520 实际位置NED=(0.033,0.023,-0.115) 实际速度=(0.000,-0.000,0.003) 最终目标=(0.033,0.023,-0.115) 指令位置=(0.033,0.023,-0.115) 指令速度=(0.000,0.000,0.000) 指令加速度=(0.000,0.000,0.000) 滚转角=0.10度 俯仰角=0.09度
11:08:23 [模式] 已进入OFFBOARD；最终目标和当前指令已锁定到飞机当前位置
11:08:23.818696 [轨迹] 序号=51 单调时间=8518.598605 时间=8518.599 模式=OFFBOARD 起飞状态=未执行起飞 水平控制=位置保持 类型掩码=3520 实际位置NED=(0.033,0.023,-0.115) 实际速度=(0.000,-0.000,0.003) 最终目标=(0.033,0.023,-0.115) 指令位置=(0.033,0.023,-0.115) 指令速度=(0.000,0.000,0.000) 指令加速度=(0.000,0.000,0.000) 滚转角=0.10度 俯仰角=0.09度
11:08:23.922057 [轨迹] 序号=52 单调时间=8518.701874 时间=8518.702 模式=OFFBOARD 起飞状态=未执行起飞 水平控制=位置保持 类型掩码=3520 实际位置NED=(0.033,0.023,-0.115) 实际速度=(0.000,-0.000,0.003) 最终目标=(0.033,0.023,-0.115) 指令位置=(0.033,0.023,-0.115) 指令速度=(0.000,0.000,0.000) 指令加速度=(0.000,0.000,0.000) 滚转角=0.10度 俯仰角=0.09度
11:08:23 [输入] 已按下一次起飞按钮
11:08:23 [目标] 修改前：北=0.033 东=0.023 下=-0.115
11:08:23 [目标] 修改后：北=0.033 东=0.023 下=-1.115
11:08:23 [起飞] 起始下轴位置=-0.115 离地阶段下轴目标=-0.465 最终下轴目标=-1.115；水平位置已锁定到当前位置
11:08:24.026447 [轨迹] 序号=53 单调时间=8518.806469 时间=8518.806 模式=OFFBOARD 起飞状态=离地阶段 水平控制=位置保持 类型掩码=2496 实际位置NED=(0.033,0.023,-0.115) 实际速度=(0.000,-0.000,0.003) 最终目标=(0.033,0.023,-1.115) 指令位置=(0.033,0.023,-0.122) 指令速度=(0.000,0.000,-0.075) 指令加速度=(0.000,0.000,-0.750) 滚转角=0.10度 俯仰角=0.09度
11:08:24.130048 [轨迹] 序号=54 单调时间=8518.909971 时间=8518.910 模式=OFFBOARD 起飞状态=离地阶段 水平控制=位置保持 类型掩码=2496 实际位置NED=(0.033,0.023,-0.115) 实际速度=(0.000,-0.000,0.003) 最终目标=(0.033,0.023,-1.115) 指令位置=(0.033,0.023,-0.138) 指令速度=(0.000,0.000,-0.153) 指令加速度=(0.000,0.000,-0.750) 滚转角=0.10度 俯仰角=0.09度
11:08:24.233138 [轨迹] 序号=55 单调时间=8519.012997 时间=8519.013 模式=OFFBOARD 起飞状态=离地阶段 水平控制=位置保持 类型掩码=2496 实际位置NED=(0.033,0.023,-0.115) 实际速度=(0.000,-0.000,0.003) 最终目标=(0.033,0.023,-1.115) 指令位置=(0.033,0.023,-0.162) 指令速度=(0.000,0.000,-0.230) 指令加速度=(0.000,0.000,-0.750) 滚转角=0.10度 俯仰角=0.09度
11:08:24.336984 [轨迹] 序号=56 单调时间=8519.116915 时间=8519.117 模式=OFFBOARD 起飞状态=离地阶段 水平控制=位置保持 类型掩码=2496 实际位置NED=(0.033,0.023,-0.115) 实际速度=(0.000,-0.000,0.003) 最终目标=(0.033,0.023,-1.115) 指令位置=(0.033,0.023,-0.194) 指令速度=(0.000,0.000,-0.308) 指令加速度=(0.000,0.000,-0.750) 滚转角=0.10度 俯仰角=0.09度
11:08:24.438428 [轨迹] 序号=57 单调时间=8519.218385 时间=8519.218 模式=OFFBOARD 起飞状态=离地阶段 水平控制=位置保持 类型掩码=2496 实际位置NED=(0.033,0.023,-0.115) 实际速度=(-0.000,-0.001,0.003) 最终目标=(0.033,0.023,-1.115) 指令位置=(0.033,0.023,-0.233) 指令速度=(0.000,0.000,-0.384) 指令加速度=(0.000,0.000,-0.750) 滚转角=0.10度 俯仰角=0.09度
11:08:24.542197 [轨迹] 序号=58 单调时间=8519.322123 时间=8519.322 模式=OFFBOARD 起飞状态=离地阶段 水平控制=位置保持 类型掩码=2496 实际位置NED=(0.033,0.023,-0.114) 实际速度=(0.000,-0.001,0.003) 最终目标=(0.033,0.023,-1.115) 指令位置=(0.033,0.023,-0.281) 指令速度=(0.000,0.000,-0.462) 指令加速度=(0.000,0.000,-0.750) 滚转角=0.10度 俯仰角=0.09度
11:08:24.645544 [轨迹] 序号=59 单调时间=8519.425552 时间=8519.426 模式=OFFBOARD 起飞状态=离地阶段 水平控制=位置保持 类型掩码=2496 实际位置NED=(0.033,0.023,-0.114) 实际速度=(0.000,-0.000,0.003) 最终目标=(0.033,0.023,-1.115) 指令位置=(0.033,0.023,-0.332) 指令速度=(0.000,0.000,-0.500) 指令加速度=(0.000,0.000,-0.370) 滚转角=0.10度 俯仰角=0.09度
11:08:24.749516 [轨迹] 序号=60 单调时间=8519.529409 时间=8519.529 模式=OFFBOARD 起飞状态=离地阶段 水平控制=位置保持 类型掩码=2496 实际位置NED=(0.033,0.023,-0.114) 实际速度=(0.000,-0.001,0.003) 最终目标=(0.033,0.023,-1.115) 指令位置=(0.033,0.023,-0.384) 指令速度=(0.000,0.000,-0.500) 指令加速度=(0.000,0.000,0.000) 滚转角=0.10度 俯仰角=0.09度
11:08:24.852686 [轨迹] 序号=61 单调时间=8519.632559 时间=8519.633 模式=OFFBOARD 起飞状态=离地阶段 水平控制=位置保持 类型掩码=2496 实际位置NED=(0.033,0.023,-0.123) 实际速度=(0.000,-0.001,0.001) 最终目标=(0.033,0.023,-1.115) 指令位置=(0.033,0.023,-0.436) 指令速度=(0.000,0.000,-0.500) 指令加速度=(0.000,0.000,0.000) 滚转角=0.10度 俯仰角=0.09度
11:08:24.956269 [轨迹] 序号=62 单调时间=8519.735917 时间=8519.736 模式=OFFBOARD 起飞状态=离地阶段 水平控制=位置保持 类型掩码=2496 实际位置NED=(0.033,0.023,-0.130) 实际速度=(0.000,-0.001,-0.000) 最终目标=(0.033,0.023,-1.115) 指令位置=(0.033,0.023,-0.488) 指令速度=(0.000,0.000,-0.500) 指令加速度=(0.000,0.000,0.000) 滚转角=0.10度 俯仰角=0.09度
11:08:25.060302 [轨迹] 序号=63 单调时间=8519.839958 时间=8519.840 模式=OFFBOARD 起飞状态=爬升阶段 水平控制=位置保持 类型掩码=2496 实际位置NED=(0.033,0.023,-0.138) 实际速度=(0.000,-0.001,-0.002) 最终目标=(0.033,0.023,-1.115) 指令位置=(0.033,0.023,-0.536) 指令速度=(0.000,0.000,-0.469) 指令加速度=(0.000,0.000,0.300) 滚转角=0.10度 俯仰角=0.09度
11:08:25.164253 [轨迹] 序号=64 单调时间=8519.944087 时间=8519.944 模式=OFFBOARD 起飞状态=爬升阶段 水平控制=位置保持 类型掩码=2496 实际位置NED=(0.033,0.023,-0.146) 实际速度=(0.000,-0.001,-0.004) 最终目标=(0.033,0.023,-1.115) 指令位置=(0.033,0.023,-0.582) 指令速度=(0.000,0.000,-0.438) 指令加速度=(0.000,0.000,0.300) 滚转角=0.10度 俯仰角=0.09度
11:08:25.278005 [轨迹] 序号=65 单调时间=8520.047749 时间=8520.048 模式=OFFBOARD 起飞状态=爬升阶段 水平控制=位置保持 类型掩码=2496 实际位置NED=(0.033,0.023,-0.164) 实际速度=(0.000,-0.000,-0.009) 最终目标=(0.033,0.023,-1.115) 指令位置=(0.033,0.023,-0.624) 指令速度=(0.000,0.000,-0.406) 指令加速度=(0.000,0.000,0.300) 滚转角=0.10度 俯仰角=0.09度
11:08:25.370899 [轨迹] 序号=66 单调时间=8520.150976 时间=8520.151 模式=OFFBOARD 起飞状态=爬升阶段 水平控制=位置保持 类型掩码=2496 实际位置NED=(0.033,0.023,-0.172) 实际速度=(0.000,-0.000,-0.011) 最终目标=(0.033,0.023,-1.115) 指令位置=(0.033,0.023,-0.663) 指令速度=(0.000,0.000,-0.375) 指令加速度=(0.000,0.000,0.300) 滚转角=0.10度 俯仰角=0.09度
11:08:25.474419 [轨迹] 序号=67 单调时间=8520.254423 时间=8520.254 模式=OFFBOARD 起飞状态=爬升阶段 水平控制=位置保持 类型掩码=2496 实际位置NED=(0.033,0.023,-0.179) 实际速度=(0.000,-0.000,-0.013) 最终目标=(0.033,0.023,-1.115) 指令位置=(0.033,0.023,-0.698) 指令速度=(0.000,0.000,-0.344) 指令加速度=(0.000,0.000,0.300) 滚转角=0.10度 俯仰角=0.09度
11:08:25.577735 [轨迹] 序号=68 单调时间=8520.357650 时间=8520.358 模式=OFFBOARD 起飞状态=爬升阶段 水平控制=位置保持 类型掩码=2496 实际位置NED=(0.033,0.023,-0.194) 实际速度=(0.000,-0.001,-0.016) 最终目标=(0.033,0.023,-1.115) 指令位置=(0.033,0.023,-0.731) 指令速度=(0.000,0.000,-0.313) 指令加速度=(0.000,0.000,0.300) 滚转角=0.10度 俯仰角=0.09度
11:08:25.680692 [轨迹] 序号=69 单调时间=8520.460660 时间=8520.461 模式=OFFBOARD 起飞状态=爬升阶段 水平控制=位置保持 类型掩码=2496 实际位置NED=(0.033,0.023,-0.194) 实际速度=(0.000,-0.001,-0.016) 最终目标=(0.033,0.023,-1.115) 指令位置=(0.033,0.023,-0.762) 指令速度=(0.000,0.000,-0.300) 指令加速度=(0.000,0.000,0.131) 滚转角=0.10度 俯仰角=0.09度
11:08:25.785423 [轨迹] 序号=70 单调时间=8520.565056 时间=8520.565 模式=OFFBOARD 起飞状态=爬升阶段 水平控制=位置保持 类型掩码=2496 实际位置NED=(0.033,0.023,-0.208) 实际速度=(0.000,-0.000,-0.020) 最终目标=(0.033,0.023,-1.115) 指令位置=(0.033,0.023,-0.793) 指令速度=(0.000,0.000,-0.300) 指令加速度=(0.000,0.000,0.000) 滚转角=0.10度 俯仰角=0.09度
11:08:25.890043 [轨迹] 序号=71 单调时间=8520.669844 时间=8520.670 模式=OFFBOARD 起飞状态=爬升阶段 水平控制=位置保持 类型掩码=2496 实际位置NED=(0.033,0.023,-0.214) 实际速度=(0.000,-0.000,-0.022) 最终目标=(0.033,0.023,-1.115) 指令位置=(0.033,0.023,-0.824) 指令速度=(0.000,0.000,-0.300) 指令加速度=(0.000,0.000,0.000) 滚转角=0.10度 俯仰角=0.09度
11:08:25.993755 [轨迹] 序号=72 单调时间=8520.773612 时间=8520.774 模式=OFFBOARD 起飞状态=爬升阶段 水平控制=位置保持 类型掩码=2496 实际位置NED=(0.033,0.023,-0.219) 实际速度=(0.000,-0.000,-0.023) 最终目标=(0.033,0.023,-1.115) 指令位置=(0.033,0.023,-0.856) 指令速度=(0.000,0.000,-0.300) 指令加速度=(0.000,0.000,0.000) 滚转角=0.10度 俯仰角=0.09度
11:08:26.097322 [轨迹] 序号=73 单调时间=8520.877200 时间=8520.877 模式=OFFBOARD 起飞状态=爬升阶段 水平控制=位置保持 类型掩码=2496 实际位置NED=(0.033,0.023,-0.229) 实际速度=(-0.000,-0.000,-0.026) 最终目标=(0.033,0.023,-1.115) 指令位置=(0.033,0.023,-0.887) 指令速度=(0.000,0.000,-0.300) 指令加速度=(0.000,0.000,0.000) 滚转角=0.10度 俯仰角=0.09度
11:08:26.201526 [轨迹] 序号=74 单调时间=8520.981385 时间=8520.981 模式=OFFBOARD 起飞状态=爬升阶段 水平控制=位置保持 类型掩码=2496 实际位置NED=(0.033,0.023,-0.235) 实际速度=(-0.000,-0.000,-0.027) 最终目标=(0.033,0.023,-1.115) 指令位置=(0.033,0.023,-0.918) 指令速度=(0.000,0.000,-0.300) 指令加速度=(0.000,0.000,0.000) 滚转角=0.10度 俯仰角=0.09度
11:08:26.304714 [轨迹] 序号=75 单调时间=8521.084713 时间=8521.085 模式=OFFBOARD 起飞状态=爬升阶段 水平控制=位置保持 类型掩码=2496 实际位置NED=(0.033,0.023,-0.239) 实际速度=(-0.000,-0.000,-0.028) 最终目标=(0.033,0.023,-1.115) 指令位置=(0.033,0.023,-0.947) 指令速度=(0.000,0.000,-0.282) 指令加速度=(0.000,0.000,0.177) 滚转角=0.10度 俯仰角=0.09度
11:08:26.408116 [轨迹] 序号=76 单调时间=8521.188136 时间=8521.188 模式=OFFBOARD 起飞状态=爬升阶段 水平控制=位置保持 类型掩码=2496 实际位置NED=(0.033,0.023,-0.243) 实际速度=(-0.000,-0.000,-0.029) 最终目标=(0.033,0.023,-1.115) 指令位置=(0.033,0.023,-0.973) 指令速度=(0.000,0.000,-0.255) 指令加速度=(0.000,0.000,0.256) 滚转角=0.10度 俯仰角=0.09度
11:08:26.512458 [轨迹] 序号=77 单调时间=8521.292400 时间=8521.292 模式=OFFBOARD 起飞状态=减速阶段 水平控制=位置保持 类型掩码=2496 实际位置NED=(0.033,0.023,-0.250) 实际速度=(-0.000,-0.000,-0.031) 最终目标=(0.033,0.023,-1.115) 指令位置=(0.033,0.023,-0.997) 指令速度=(0.000,0.000,-0.229) 指令加速度=(0.000,0.000,0.254) 滚转角=0.10度 俯仰角=0.09度
11:08:26.617016 [轨迹] 序号=78 单调时间=8521.396944 时间=8521.397 模式=OFFBOARD 起飞状态=减速阶段 水平控制=位置保持 类型掩码=2496 实际位置NED=(0.033,0.023,-0.254) 实际速度=(-0.000,0.000,-0.032) 最终目标=(0.033,0.023,-1.115) 指令位置=(0.033,0.023,-1.018) 指令速度=(0.000,0.000,-0.203) 指令加速度=(0.000,0.000,0.247) 滚转角=0.10度 俯仰角=0.09度
11:08:26.720220 [轨迹] 序号=79 单调时间=8521.500238 时间=8521.500 模式=OFFBOARD 起飞状态=减速阶段 水平控制=位置保持 类型掩码=2496 实际位置NED=(0.033,0.023,-0.260) 实际速度=(-0.000,0.000,-0.033) 最终目标=(0.033,0.023,-1.115) 指令位置=(0.033,0.023,-1.037) 指令速度=(0.000,0.000,-0.178) 指令加速度=(0.000,0.000,0.236) 滚转角=0.10度 俯仰角=0.09度
11:08:26.823401 [轨迹] 序号=80 单调时间=8521.603326 时间=8521.603 模式=OFFBOARD 起飞状态=减速阶段 水平控制=位置保持 类型掩码=2496 实际位置NED=(0.033,0.023,-0.263) 实际速度=(-0.000,0.000,-0.034) 最终目标=(0.033,0.023,-1.115) 指令位置=(0.033,0.023,-1.053) 指令速度=(0.000,0.000,-0.154) 指令加速度=(0.000,0.000,0.234) 滚转角=0.10度 俯仰角=0.09度
11:08:26.926774 [轨迹] 序号=81 单调时间=8521.706747 时间=8521.707 模式=OFFBOARD 起飞状态=减速阶段 水平控制=位置保持 类型掩码=2496 实际位置NED=(0.033,0.023,-0.265) 实际速度=(-0.000,0.000,-0.034) 最终目标=(0.033,0.023,-1.115) 指令位置=(0.033,0.023,-1.066) 指令速度=(0.000,0.000,-0.131) 指令加速度=(0.000,0.000,0.228) 滚转角=0.10度 俯仰角=0.09度
11:08:27.029829 [轨迹] 序号=82 单调时间=8521.809656 时间=8521.810 模式=OFFBOARD 起飞状态=减速阶段 水平控制=位置保持 类型掩码=2496 实际位置NED=(0.032,0.023,-0.269) 实际速度=(-0.001,0.000,-0.035) 最终目标=(0.033,0.023,-1.115) 指令位置=(0.033,0.023,-1.078) 指令速度=(0.000,0.000,-0.109) 指令加速度=(0.000,0.000,0.214) 滚转角=0.10度 俯仰角=0.09度
11:08:27.132910 [轨迹] 序号=83 单调时间=8521.912831 时间=8521.913 模式=OFFBOARD 起飞状态=减速阶段 水平控制=位置保持 类型掩码=2496 实际位置NED=(0.032,0.023,-0.272) 实际速度=(-0.001,-0.000,-0.035) 最终目标=(0.033,0.023,-1.115) 指令位置=(0.033,0.023,-1.087) 指令速度=(0.000,0.000,-0.088) 指令加速度=(0.000,0.000,0.205) 滚转角=0.10度 俯仰角=0.09度
11:08:27.236442 [轨迹] 序号=84 单调时间=8522.016325 时间=8522.016 模式=OFFBOARD 起飞状态=减速阶段 水平控制=位置保持 类型掩码=2496 实际位置NED=(0.032,0.023,-0.273) 实际速度=(-0.000,-0.000,-0.035) 最终目标=(0.033,0.023,-1.115) 指令位置=(0.033,0.023,-1.094) 指令速度=(0.000,0.000,-0.068) 指令加速度=(0.000,0.000,0.189) 滚转角=0.10度 俯仰角=0.09度
11:08:27.340368 [轨迹] 序号=85 单调时间=8522.120268 时间=8522.120 模式=OFFBOARD 起飞状态=减速阶段 水平控制=位置保持 类型掩码=2496 实际位置NED=(0.032,0.023,-0.275) 实际速度=(-0.001,-0.000,-0.035) 最终目标=(0.033,0.023,-1.115) 指令位置=(0.033,0.023,-1.099) 指令速度=(0.000,0.000,-0.050) 指令加速度=(0.000,0.000,0.170) 滚转角=0.10度 俯仰角=0.09度
11:08:27.444337 [轨迹] 序号=86 单调时间=8522.224162 时间=8522.224 模式=OFFBOARD 起飞状态=减速阶段 水平控制=位置保持 类型掩码=2496 实际位置NED=(0.032,0.023,-0.278) 实际速度=(-0.000,-0.000,-0.035) 最终目标=(0.033,0.023,-1.115) 指令位置=(0.033,0.023,-1.103) 指令速度=(0.000,0.000,-0.036) 指令加速度=(0.000,0.000,0.143) 滚转角=0.10度 俯仰角=0.09度
11:08:27.547488 [轨迹] 序号=87 单调时间=8522.327390 时间=8522.327 模式=OFFBOARD 起飞状态=高度保持 水平控制=位置保持 类型掩码=2496 实际位置NED=(0.032,0.023,-0.279) 实际速度=(-0.000,-0.001,-0.035) 最终目标=(0.033,0.023,-1.115) 指令位置=(0.033,0.023,-1.115) 指令速度=(0.000,0.000,0.000) 指令加速度=(0.000,0.000,0.344) 滚转角=0.10度 俯仰角=0.09度
11:08:27.651134 [轨迹] 序号=88 单调时间=8522.431229 时间=8522.431 模式=OFFBOARD 起飞状态=高度保持 水平控制=位置保持 类型掩码=2496 实际位置NED=(0.032,0.023,-0.281) 实际速度=(-0.000,-0.001,-0.034) 最终目标=(0.033,0.023,-1.115) 指令位置=(0.033,0.023,-1.115) 指令速度=(0.000,0.000,0.000) 指令加速度=(0.000,0.000,0.000) 滚转角=0.10度 俯仰角=0.09度
11:08:27.754493 [轨迹] 序号=89 单调时间=8522.534479 时间=8522.534 模式=OFFBOARD 起飞状态=高度保持 水平控制=位置保持 类型掩码=2496 实际位置NED=(0.032,0.023,-0.282) 实际速度=(-0.000,-0.001,-0.034) 最终目标=(0.033,0.023,-1.115) 指令位置=(0.033,0.023,-1.115) 指令速度=(0.000,0.000,0.000) 指令加速度=(0.000,0.000,0.000) 滚转角=0.10度 俯仰角=0.09度
11:08:27.857527 [轨迹] 序号=90 单调时间=8522.637521 时间=8522.638 模式=OFFBOARD 起飞状态=高度保持 水平控制=位置保持 类型掩码=2496 实际位置NED=(0.032,0.023,-0.283) 实际速度=(-0.000,-0.001,-0.033) 最终目标=(0.033,0.023,-1.115) 指令位置=(0.033,0.023,-1.115) 指令速度=(0.000,0.000,0.000) 指令加速度=(0.000,0.000,0.000) 滚转角=0.10度 俯仰角=0.09度
11:08:27.959880 [轨迹] 序号=91 单调时间=8522.739790 时间=8522.740 模式=OFFBOARD 起飞状态=高度保持 水平控制=位置保持 类型掩码=2496 实际位置NED=(0.032,0.023,-0.283) 实际速度=(-0.000,-0.002,-0.033) 最终目标=(0.033,0.023,-1.115) 指令位置=(0.033,0.023,-1.115) 指令速度=(0.000,0.000,0.000) 指令加速度=(0.000,0.000,0.000) 滚转角=0.10度 俯仰角=0.09度
11:08:28.062947 [轨迹] 序号=92 单调时间=8522.842945 时间=8522.843 模式=OFFBOARD 起飞状态=高度保持 水平控制=位置保持 类型掩码=2496 实际位置NED=(0.032,0.023,-0.284) 实际速度=(-0.000,-0.002,-0.032) 最终目标=(0.033,0.023,-1.115) 指令位置=(0.033,0.023,-1.115) 指令速度=(0.000,0.000,0.000) 指令加速度=(0.000,0.000,0.000) 滚转角=0.10度 俯仰角=0.09度
11:08:28.166538 [轨迹] 序号=93 单调时间=8522.946468 时间=8522.946 模式=OFFBOARD 起飞状态=高度保持 水平控制=位置保持 类型掩码=2496 实际位置NED=(0.031,0.022,-0.285) 实际速度=(-0.000,-0.002,-0.031) 最终目标=(0.033,0.023,-1.115) 指令位置=(0.033,0.023,-1.115) 指令速度=(0.000,0.000,0.000) 指令加速度=(0.000,0.000,0.000) 滚转角=0.10度 俯仰角=0.09度
11:08:28.269986 [轨迹] 序号=94 单调时间=8523.049794 时间=8523.050 模式=OFFBOARD 起飞状态=高度保持 水平控制=位置保持 类型掩码=2496 实际位置NED=(0.031,0.022,-0.285) 实际速度=(-0.000,-0.002,-0.030) 最终目标=(0.033,0.023,-1.115) 指令位置=(0.033,0.023,-1.115) 指令速度=(0.000,0.000,0.000) 指令加速度=(0.000,0.000,0.000) 滚转角=0.10度 俯仰角=0.09度
11:08:28.373645 [轨迹] 序号=95 单调时间=8523.153622 时间=8523.154 模式=OFFBOARD 起飞状态=高度保持 水平控制=位置保持 类型掩码=2496 实际位置NED=(0.031,0.022,-0.285) 实际速度=(-0.000,-0.003,-0.029) 最终目标=(0.033,0.023,-1.115) 指令位置=(0.033,0.023,-1.115) 指令速度=(0.000,0.000,0.000) 指令加速度=(0.000,0.000,0.000) 滚转角=0.10度 俯仰角=0.09度
11:08:28.477256 [轨迹] 序号=96 单调时间=8523.257089 时间=8523.257 模式=OFFBOARD 起飞状态=高度保持 水平控制=位置保持 类型掩码=2496 实际位置NED=(0.031,0.022,-0.285) 实际速度=(-0.000,-0.003,-0.028) 最终目标=(0.033,0.023,-1.115) 指令位置=(0.033,0.023,-1.115) 指令速度=(0.000,0.000,0.000) 指令加速度=(0.000,0.000,0.000) 滚转角=0.10度 俯仰角=0.09度
11:08:28.580202 [轨迹] 序号=97 单调时间=8523.360094 时间=8523.360 模式=OFFBOARD 起飞状态=高度保持 水平控制=位置保持 类型掩码=2496 实际位置NED=(0.031,0.021,-0.285) 实际速度=(-0.000,-0.003,-0.027) 最终目标=(0.033,0.023,-1.115) 指令位置=(0.033,0.023,-1.115) 指令速度=(0.000,0.000,0.000) 指令加速度=(0.000,0.000,0.000) 滚转角=0.10度 俯仰角=0.09度
11:08:28.683895 [轨迹] 序号=98 单调时间=8523.463735 时间=8523.464 模式=OFFBOARD 起飞状态=高度保持 水平控制=位置保持 类型掩码=2496 实际位置NED=(0.031,0.021,-0.284) 实际速度=(-0.000,-0.003,-0.026) 最终目标=(0.033,0.023,-1.115) 指令位置=(0.033,0.023,-1.115) 指令速度=(0.000,0.000,0.000) 指令加速度=(0.000,0.000,0.000) 滚转角=0.10度 俯仰角=0.09度
11:08:28.786893 [轨迹] 序号=99 单调时间=8523.566781 时间=8523.567 模式=OFFBOARD 起飞状态=高度保持 水平控制=位置保持 类型掩码=2496 实际位置NED=(0.031,0.021,-0.284) 实际速度=(-0.000,-0.003,-0.025) 最终目标=(0.033,0.023,-1.115) 指令位置=(0.033,0.023,-1.115) 指令速度=(0.000,0.000,0.000) 指令加速度=(0.000,0.000,0.000) 滚转角=0.10度 俯仰角=0.09度
11:08:28.890548 [轨迹] 序号=100 单调时间=8523.670394 时间=8523.670 模式=OFFBOARD 起飞状态=高度保持 水平控制=位置保持 类型掩码=2496 实际位置NED=(0.031,0.021,-0.284) 实际速度=(-0.000,-0.004,-0.024) 最终目标=(0.033,0.023,-1.115) 指令位置=(0.033,0.023,-1.115) 指令速度=(0.000,0.000,0.000) 指令加速度=(0.000,0.000,0.000) 滚转角=0.10度 俯仰角=0.09度
11:08:28.991490 [轨迹] 序号=101 单调时间=8523.771489 时间=8523.771 模式=OFFBOARD 起飞状态=高度保持 水平控制=位置保持 类型掩码=2496 实际位置NED=(0.031,0.020,-0.284) 实际速度=(-0.000,-0.004,-0.023) 最终目标=(0.033,0.023,-1.115) 指令位置=(0.033,0.023,-1.115) 指令速度=(0.000,0.000,0.000) 指令加速度=(0.000,0.000,0.000) 滚转角=0.10度 俯仰角=0.10度
11:08:29.094347 [轨迹] 序号=102 单调时间=8523.874284 时间=8523.874 模式=OFFBOARD 起飞状态=高度保持 水平控制=位置保持 类型掩码=2496 实际位置NED=(0.031,0.020,-0.283) 实际速度=(-0.000,-0.004,-0.022) 最终目标=(0.033,0.023,-1.115) 指令位置=(0.033,0.023,-1.115) 指令速度=(0.000,0.000,0.000) 指令加速度=(0.000,0.000,0.000) 滚转角=0.10度 俯仰角=0.10度
11:08:29.198001 [轨迹] 序号=103 单调时间=8523.977975 时间=8523.978 模式=OFFBOARD 起飞状态=高度保持 水平控制=位置保持 类型掩码=2496 实际位置NED=(0.031,0.019,-0.282) 实际速度=(0.000,-0.004,-0.020) 最终目标=(0.033,0.023,-1.115) 指令位置=(0.033,0.023,-1.115) 指令速度=(0.000,0.000,0.000) 指令加速度=(0.000,0.000,0.000) 滚转角=0.10度 俯仰角=0.10度
11:08:29.301106 [轨迹] 序号=104 单调时间=8524.080982 时间=8524.081 模式=OFFBOARD 起飞状态=高度保持 水平控制=位置保持 类型掩码=2496 实际位置NED=(0.031,0.019,-0.282) 实际速度=(0.000,-0.005,-0.019) 最终目标=(0.033,0.023,-1.115) 指令位置=(0.033,0.023,-1.115) 指令速度=(0.000,0.000,0.000) 指令加速度=(0.000,0.000,0.000) 滚转角=0.10度 俯仰角=0.10度
11:08:29.404930 [轨迹] 序号=105 单调时间=8524.184811 时间=8524.185 模式=OFFBOARD 起飞状态=高度保持 水平控制=位置保持 类型掩码=2496 实际位置NED=(0.031,0.019,-0.281) 实际速度=(0.000,-0.005,-0.019) 最终目标=(0.033,0.023,-1.115) 指令位置=(0.033,0.023,-1.115) 指令速度=(0.000,0.000,0.000) 指令加速度=(0.000,0.000,0.000) 滚转角=0.10度 俯仰角=0.10度
11:08:29.510702 [轨迹] 序号=106 单调时间=8524.287813 时间=8524.288 模式=OFFBOARD 起飞状态=高度保持 水平控制=位置保持 类型掩码=2496 实际位置NED=(0.032,0.018,-0.280) 实际速度=(0.001,-0.005,-0.017) 最终目标=(0.033,0.023,-1.115) 指令位置=(0.033,0.023,-1.115) 指令速度=(0.000,0.000,0.000) 指令加速度=(0.000,0.000,0.000) 滚转角=0.10度 俯仰角=0.10度
11:08:29.609388 [轨迹] 序号=107 单调时间=8524.389237 时间=8524.389 模式=OFFBOARD 起飞状态=高度保持 水平控制=位置保持 类型掩码=2496 实际位置NED=(0.032,0.018,-0.279) 实际速度=(0.001,-0.005,-0.016) 最终目标=(0.033,0.023,-1.115) 指令位置=(0.033,0.023,-1.115) 指令速度=(0.000,0.000,0.000) 指令加速度=(0.000,0.000,0.000) 滚转角=0.10度 俯仰角=0.10度
11:08:29.711812 [轨迹] 序号=108 单调时间=8524.491720 时间=8524.492 模式=OFFBOARD 起飞状态=高度保持 水平控制=位置保持 类型掩码=2496 实际位置NED=(0.032,0.018,-0.278) 实际速度=(0.001,-0.005,-0.015) 最终目标=(0.033,0.023,-1.115) 指令位置=(0.033,0.023,-1.115) 指令速度=(0.000,0.000,0.000) 指令加速度=(0.000,0.000,0.000) 滚转角=0.10度 俯仰角=0.10度
11:08:29.815340 [轨迹] 序号=109 单调时间=8524.595317 时间=8524.595 模式=OFFBOARD 起飞状态=高度保持 水平控制=位置保持 类型掩码=2496 实际位置NED=(0.032,0.018,-0.278) 实际速度=(0.001,-0.005,-0.015) 最终目标=(0.033,0.023,-1.115) 指令位置=(0.033,0.023,-1.115) 指令速度=(0.000,0.000,0.000) 指令加速度=(0.000,0.000,0.000) 滚转角=0.10度 俯仰角=0.10度
11:08:29.918901 [轨迹] 序号=110 单调时间=8524.698691 时间=8524.699 模式=OFFBOARD 起飞状态=高度保持 水平控制=位置保持 类型掩码=2496 实际位置NED=(0.032,0.019,-0.277) 实际速度=(0.001,-0.004,-0.014) 最终目标=(0.033,0.023,-1.115) 指令位置=(0.033,0.023,-1.115) 指令速度=(0.000,0.000,0.000) 指令加速度=(0.000,0.000,0.000) 滚转角=0.10度 俯仰角=0.10度
11:08:30.022368 [轨迹] 序号=111 单调时间=8524.802284 时间=8524.802 模式=OFFBOARD 起飞状态=高度保持 水平控制=位置保持 类型掩码=2496 实际位置NED=(0.032,0.019,-0.277) 实际速度=(0.000,-0.003,-0.013) 最终目标=(0.033,0.023,-1.115) 指令位置=(0.033,0.023,-1.115) 指令速度=(0.000,0.000,0.000) 指令加速度=(0.000,0.000,0.000) 滚转角=0.10度 俯仰角=0.09度
11:08:30.125357 [轨迹] 序号=112 单调时间=8524.905389 时间=8524.905 模式=OFFBOARD 起飞状态=高度保持 水平控制=位置保持 类型掩码=2496 实际位置NED=(0.032,0.019,-0.276) 实际速度=(0.000,-0.001,-0.013) 最终目标=(0.033,0.023,-1.115) 指令位置=(0.033,0.023,-1.115) 指令速度=(0.000,0.000,0.000) 指令加速度=(0.000,0.000,0.000) 滚转角=0.10度 俯仰角=0.07度
11:08:30.229173 [轨迹] 序号=113 单调时间=8525.009066 时间=8525.009 模式=OFFBOARD 起飞状态=高度保持 水平控制=位置保持 类型掩码=2496 实际位置NED=(0.032,0.020,-0.275) 实际速度=(0.001,0.002,-0.016) 最终目标=(0.033,0.023,-1.115) 指令位置=(0.033,0.023,-1.115) 指令速度=(0.000,0.000,0.000) 指令加速度=(0.000,0.000,0.000) 滚转角=0.08度 俯仰角=-0.01度
11:08:30.332312 [轨迹] 序号=114 单调时间=8525.112241 时间=8525.112 模式=OFFBOARD 起飞状态=高度保持 水平控制=位置保持 类型掩码=2496 实际位置NED=(0.032,0.021,-0.274) 实际速度=(0.001,0.003,-0.020) 最终目标=(0.033,0.023,-1.115) 指令位置=(0.033,0.023,-1.115) 指令速度=(0.000,0.000,0.000) 指令加速度=(0.000,0.000,0.000) 滚转角=0.05度 俯仰角=-0.08度
11:08:30.436055 [轨迹] 序号=115 单调时间=8525.216061 时间=8525.216 模式=OFFBOARD 起飞状态=高度保持 水平控制=位置保持 类型掩码=2496 实际位置NED=(0.032,0.021,-0.274) 实际速度=(0.001,0.004,-0.026) 最终目标=(0.033,0.023,-1.115) 指令位置=(0.033,0.023,-1.115) 指令速度=(0.000,0.000,0.000) 指令加速度=(0.000,0.000,0.000) 滚转角=-0.01度 俯仰角=-0.15度
11:08:30.539511 [轨迹] 序号=116 单调时间=8525.319308 时间=8525.319 模式=OFFBOARD 起飞状态=高度保持 水平控制=位置保持 类型掩码=2496 实际位置NED=(0.032,0.021,-0.274) 实际速度=(0.002,0.005,-0.033) 最终目标=(0.033,0.023,-1.115) 指令位置=(0.033,0.023,-1.115) 指令速度=(0.000,0.000,0.000) 指令加速度=(0.000,0.000,0.000) 滚转角=-0.06度 俯仰角=-0.22度
11:08:30.644096 [轨迹] 序号=117 单调时间=8525.423921 时间=8525.424 模式=OFFBOARD 起飞状态=高度保持 水平控制=位置保持 类型掩码=2496 实际位置NED=(0.032,0.022,-0.274) 实际速度=(0.002,0.007,-0.041) 最终目标=(0.033,0.023,-1.115) 指令位置=(0.033,0.023,-1.115) 指令速度=(0.000,0.000,0.000) 指令加速度=(0.000,0.000,0.000) 滚转角=-0.09度 俯仰角=-0.25度
11:08:30.744651 [轨迹] 序号=118 单调时间=8525.524567 时间=8525.525 模式=OFFBOARD 起飞状态=高度保持 水平控制=位置保持 类型掩码=2496 实际位置NED=(0.032,0.023,-0.275) 实际速度=(0.003,0.010,-0.053) 最终目标=(0.033,0.023,-1.115) 指令位置=(0.033,0.023,-1.115) 指令速度=(0.000,0.000,0.000) 指令加速度=(0.000,0.000,0.000) 滚转角=-0.12度 俯仰角=-0.28度
11:08:30.848312 [轨迹] 序号=119 单调时间=8525.628213 时间=8525.628 模式=OFFBOARD 起飞状态=高度保持 水平控制=位置保持 类型掩码=2496 实际位置NED=(0.032,0.024,-0.277) 实际速度=(0.005,0.014,-0.070) 最终目标=(0.033,0.023,-1.115) 指令位置=(0.033,0.023,-1.115) 指令速度=(0.000,0.000,0.000) 指令加速度=(0.000,0.000,0.000) 滚转角=-0.15度 俯仰角=-0.29度
11:08:30.951428 [轨迹] 序号=120 单调时间=8525.731356 时间=8525.731 模式=OFFBOARD 起飞状态=高度保持 水平控制=位置保持 类型掩码=2496 实际位置NED=(0.032,0.024,-0.279) 实际速度=(0.006,0.017,-0.084) 最终目标=(0.033,0.023,-1.115) 指令位置=(0.033,0.023,-1.115) 指令速度=(0.000,0.000,0.000) 指令加速度=(0.000,0.000,0.000) 滚转角=-0.16度 俯仰角=-0.29度
11:08:31.055212 [轨迹] 序号=121 单调时间=8525.835006 时间=8525.835 模式=OFFBOARD 起飞状态=高度保持 水平控制=位置保持 类型掩码=2496 实际位置NED=(0.032,0.025,-0.281) 实际速度=(0.006,0.019,-0.094) 最终目标=(0.033,0.023,-1.115) 指令位置=(0.033,0.023,-1.115) 指令速度=(0.000,0.000,0.000) 指令加速度=(0.000,0.000,0.000) 滚转角=-0.17度 俯仰角=-0.28度
11:08:31.158361 [轨迹] 序号=122 单调时间=8525.938298 时间=8525.938 模式=OFFBOARD 起飞状态=高度保持 水平控制=位置保持 类型掩码=2496 实际位置NED=(0.032,0.026,-0.284) 实际速度=(0.007,0.022,-0.105) 最终目标=(0.033,0.023,-1.115) 指令位置=(0.033,0.023,-1.115) 指令速度=(0.000,0.000,0.000) 指令加速度=(0.000,0.000,0.000) 滚转角=-0.16度 俯仰角=-0.25度
11:08:31.261287 [轨迹] 序号=123 单调时间=8526.041160 时间=8526.041 模式=OFFBOARD 起飞状态=高度保持 水平控制=位置保持 类型掩码=2496 实际位置NED=(0.032,0.028,-0.290) 实际速度=(0.007,0.027,-0.125) 最终目标=(0.033,0.023,-1.115) 指令位置=(0.033,0.023,-1.115) 指令速度=(0.000,0.000,0.000) 指令加速度=(0.000,0.000,0.000) 滚转角=-0.15度 俯仰角=-0.20度
11:08:31.366054 [轨迹] 序号=124 单调时间=8526.145980 时间=8526.146 模式=OFFBOARD 起飞状态=高度保持 水平控制=位置保持 类型掩码=2496 实际位置NED=(0.032,0.029,-0.293) 实际速度=(0.007,0.030,-0.135) 最终目标=(0.033,0.023,-1.115) 指令位置=(0.033,0.023,-1.115) 指令速度=(0.000,0.000,0.000) 指令加速度=(0.000,0.000,0.000) 滚转角=-0.13度 俯仰角=-0.17度
11:08:31.468713 [轨迹] 序号=125 单调时间=8526.248785 时间=8526.249 模式=OFFBOARD 起飞状态=高度保持 水平控制=位置保持 类型掩码=2496 实际位置NED=(0.032,0.031,-0.298) 实际速度=(0.007,0.033,-0.147) 最终目标=(0.033,0.023,-1.115) 指令位置=(0.033,0.023,-1.115) 指令速度=(0.000,0.000,0.000) 指令加速度=(0.000,0.000,0.000) 滚转角=-0.12度 俯仰角=-0.13度
11:08:31.571349 [轨迹] 序号=126 单调时间=8526.351347 时间=8526.351 模式=OFFBOARD 起飞状态=高度保持 水平控制=位置保持 类型掩码=2496 实际位置NED=(0.032,0.032,-0.302) 实际速度=(0.006,0.036,-0.156) 最终目标=(0.033,0.023,-1.115) 指令位置=(0.033,0.023,-1.115) 指令速度=(0.000,0.000,0.000) 指令加速度=(0.000,0.000,0.000) 滚转角=-0.10度 俯仰角=-0.08度
11:08:31.674589 [轨迹] 序号=127 单调时间=8526.454593 时间=8526.455 模式=OFFBOARD 起飞状态=高度保持 水平控制=位置保持 类型掩码=2496 实际位置NED=(0.032,0.034,-0.306) 实际速度=(0.006,0.038,-0.165) 最终目标=(0.033,0.023,-1.115) 指令位置=(0.033,0.023,-1.115) 指令速度=(0.000,0.000,0.000) 指令加速度=(0.000,0.000,0.000) 滚转角=-0.09度 俯仰角=-0.02度
11:08:31.778086 [轨迹] 序号=128 单调时间=8526.557971 时间=8526.558 模式=OFFBOARD 起飞状态=高度保持 水平控制=位置保持 类型掩码=2496 实际位置NED=(0.031,0.037,-0.316) 实际速度=(0.005,0.041,-0.181) 最终目标=(0.033,0.023,-1.115) 指令位置=(0.033,0.023,-1.115) 指令速度=(0.000,0.000,0.000) 指令加速度=(0.000,0.000,0.000) 滚转角=-0.07度 俯仰角=0.04度
11:08:31.881490 [轨迹] 序号=129 单调时间=8526.661427 时间=8526.661 模式=OFFBOARD 起飞状态=高度保持 水平控制=位置保持 类型掩码=2496 实际位置NED=(0.031,0.039,-0.321) 实际速度=(0.005,0.043,-0.189) 最终目标=(0.033,0.023,-1.115) 指令位置=(0.033,0.023,-1.115) 指令速度=(0.000,0.000,0.000) 指令加速度=(0.000,0.000,0.000) 滚转角=-0.06度 俯仰角=0.09度
11:08:31.984736 [轨迹] 序号=130 单调时间=8526.764648 时间=8526.765 模式=OFFBOARD 起飞状态=高度保持 水平控制=位置保持 类型掩码=2496 实际位置NED=(0.031,0.041,-0.328) 实际速度=(0.005,0.043,-0.198) 最终目标=(0.033,0.023,-1.115) 指令位置=(0.033,0.023,-1.115) 指令速度=(0.000,0.000,0.000) 指令加速度=(0.000,0.000,0.000) 滚转角=-0.05度 俯仰角=0.16度
11:08:32.087789 [轨迹] 序号=131 单调时间=8526.867700 时间=8526.868 模式=OFFBOARD 起飞状态=高度保持 水平控制=位置保持 类型掩码=2496 实际位置NED=(0.030,0.044,-0.340) 实际速度=(0.005,0.042,-0.210) 最终目标=(0.033,0.023,-1.115) 指令位置=(0.033,0.023,-1.115) 指令速度=(0.000,0.000,0.000) 指令加速度=(0.000,0.000,0.000) 滚转角=-0.05度 俯仰角=0.21度
11:08:32.190981 [轨迹] 序号=132 单调时间=8526.970615 时间=8526.971 模式=OFFBOARD 起飞状态=高度保持 水平控制=位置保持 类型掩码=2496 实际位置NED=(0.030,0.046,-0.347) 实际速度=(0.005,0.041,-0.216) 最终目标=(0.033,0.023,-1.115) 指令位置=(0.033,0.023,-1.115) 指令速度=(0.000,0.000,0.000) 指令加速度=(0.000,0.000,0.000) 滚转角=-0.04度 俯仰角=0.25度
11:08:32.294178 [轨迹] 序号=133 单调时间=8527.074031 时间=8527.074 模式=OFFBOARD 起飞状态=高度保持 水平控制=位置保持 类型掩码=2496 实际位置NED=(0.030,0.047,-0.353) 实际速度=(0.005,0.039,-0.221) 最终目标=(0.033,0.023,-1.115) 指令位置=(0.033,0.023,-1.115) 指令速度=(0.000,0.000,0.000) 指令加速度=(0.000,0.000,0.000) 滚转角=-0.03度 俯仰角=0.31度
11:08:32.398024 [轨迹] 序号=134 单调时间=8527.177890 时间=8527.178 模式=OFFBOARD 起飞状态=高度保持 水平控制=位置保持 类型掩码=2496 实际位置NED=(0.030,0.049,-0.360) 实际速度=(0.005,0.037,-0.226) 最终目标=(0.033,0.023,-1.115) 指令位置=(0.033,0.023,-1.115) 指令速度=(0.000,0.000,0.000) 指令加速度=(0.000,0.000,0.000) 滚转角=-0.03度 俯仰角=0.35度
11:08:32.501233 [轨迹] 序号=135 单调时间=8527.281183 时间=8527.281 模式=OFFBOARD 起飞状态=高度保持 水平控制=位置保持 类型掩码=2496 实际位置NED=(0.029,0.051,-0.376) 实际速度=(0.005,0.031,-0.234) 最终目标=(0.033,0.023,-1.115) 指令位置=(0.033,0.023,-1.115) 指令速度=(0.000,0.000,0.000) 指令加速度=(0.000,0.000,0.000) 滚转角=-0.02度 俯仰角=0.39度
11:08:32.605171 [轨迹] 序号=136 单调时间=8527.385238 时间=8527.385 模式=OFFBOARD 起飞状态=高度保持 水平控制=位置保持 类型掩码=2496 实际位置NED=(0.029,0.052,-0.383) 实际速度=(0.004,0.029,-0.237) 最终目标=(0.033,0.023,-1.115) 指令位置=(0.033,0.023,-1.115) 指令速度=(0.000,0.000,0.000) 指令加速度=(0.000,0.000,0.000) 滚转角=-0.01度 俯仰角=0.40度
11:08:32.708238 [轨迹] 序号=137 单调时间=8527.488204 时间=8527.488 模式=OFFBOARD 起飞状态=高度保持 水平控制=位置保持 类型掩码=2496 实际位置NED=(0.029,0.053,-0.391) 实际速度=(0.004,0.028,-0.240) 最终目标=(0.033,0.023,-1.115) 指令位置=(0.033,0.023,-1.115) 指令速度=(0.000,0.000,0.000) 指令加速度=(0.000,0.000,0.000) 滚转角=-0.01度 俯仰角=0.41度
11:08:32.811951 [轨迹] 序号=138 单调时间=8527.591796 时间=8527.592 模式=OFFBOARD 起飞状态=高度保持 水平控制=位置保持 类型掩码=2496 实际位置NED=(0.029,0.054,-0.398) 实际速度=(0.004,0.027,-0.242) 最终目标=(0.033,0.023,-1.115) 指令位置=(0.033,0.023,-1.115) 指令速度=(0.000,0.000,0.000) 指令加速度=(0.000,0.000,0.000) 滚转角=-0.00度 俯仰角=0.42度
11:08:32.914963 [轨迹] 序号=139 单调时间=8527.694919 时间=8527.695 模式=OFFBOARD 起飞状态=高度保持 水平控制=位置保持 类型掩码=2496 实际位置NED=(0.028,0.055,-0.406) 实际速度=(0.003,0.026,-0.244) 最终目标=(0.033,0.023,-1.115) 指令位置=(0.033,0.023,-1.115) 指令速度=(0.000,0.000,0.000) 指令加速度=(0.000,0.000,0.000) 滚转角=0.00度 俯仰角=0.42度
11:08:33.019387 [轨迹] 序号=140 单调时间=8527.799358 时间=8527.799 模式=OFFBOARD 起飞状态=高度保持 水平控制=位置保持 类型掩码=2496 实际位置NED=(0.028,0.056,-0.416) 实际速度=(0.003,0.024,-0.246) 最终目标=(0.033,0.023,-1.115) 指令位置=(0.033,0.023,-1.115) 指令速度=(0.000,0.000,0.000) 指令加速度=(0.000,0.000,0.000) 滚转角=0.00度 俯仰角=0.42度
11:08:33.122490 [轨迹] 序号=141 单调时间=8527.902309 时间=8527.902 模式=OFFBOARD 起飞状态=高度保持 水平控制=位置保持 类型掩码=2496 实际位置NED=(0.028,0.057,-0.429) 实际速度=(0.003,0.022,-0.248) 最终目标=(0.033,0.023,-1.115) 指令位置=(0.033,0.023,-1.115) 指令速度=(0.000,0.000,0.000) 指令加速度=(0.000,0.000,0.000) 滚转角=0.00度 俯仰角=0.43度
11:08:33.225567 [轨迹] 序号=142 单调时间=8528.005459 时间=8528.005 模式=OFFBOARD 起飞状态=高度保持 水平控制=位置保持 类型掩码=2496 实际位置NED=(0.027,0.058,-0.439) 实际速度=(0.002,0.020,-0.249) 最终目标=(0.033,0.023,-1.115) 指令位置=(0.033,0.023,-1.115) 指令速度=(0.000,0.000,0.000) 指令加速度=(0.000,0.000,0.000) 滚转角=0.00度 俯仰角=0.44度
11:08:33.328524 [轨迹] 序号=143 单调时间=8528.108410 时间=8528.108 模式=OFFBOARD 起飞状态=高度保持 水平控制=位置保持 类型掩码=2496 实际位置NED=(0.027,0.059,-0.447) 实际速度=(0.002,0.019,-0.249) 最终目标=(0.033,0.023,-1.115) 指令位置=(0.033,0.023,-1.115) 指令速度=(0.000,0.000,0.000) 指令加速度=(0.000,0.000,0.000) 滚转角=-0.00度 俯仰角=0.45度
11:08:33.431950 [轨迹] 序号=144 单调时间=8528.211666 时间=8528.212 模式=OFFBOARD 起飞状态=高度保持 水平控制=位置保持 类型掩码=2496 实际位置NED=(0.027,0.060,-0.454) 实际速度=(0.002,0.017,-0.249) 最终目标=(0.033,0.023,-1.115) 指令位置=(0.033,0.023,-1.115) 指令速度=(0.000,0.000,0.000) 指令加速度=(0.000,0.000,0.000) 滚转角=-0.00度 俯仰角=0.46度
11:08:33.535083 [轨迹] 序号=145 单调时间=8528.315063 时间=8528.315 模式=OFFBOARD 起飞状态=高度保持 水平控制=位置保持 类型掩码=2496 实际位置NED=(0.027,0.060,-0.462) 实际速度=(0.002,0.015,-0.249) 最终目标=(0.033,0.023,-1.115) 指令位置=(0.033,0.023,-1.115) 指令速度=(0.000,0.000,0.000) 指令加速度=(0.000,0.000,0.000) 滚转角=-0.01度 俯仰角=0.47度
11:08:33.638512 [轨迹] 序号=146 单调时间=8528.418311 时间=8528.418 模式=OFFBOARD 起飞状态=高度保持 水平控制=位置保持 类型掩码=2496 实际位置NED=(0.026,0.061,-0.478) 实际速度=(0.003,0.011,-0.249) 最终目标=(0.033,0.023,-1.115) 指令位置=(0.033,0.023,-1.115) 指令速度=(0.000,0.000,0.000) 指令加速度=(0.000,0.000,0.000) 滚转角=-0.02度 俯仰角=0.47度
11:08:33.741829 [轨迹] 序号=147 单调时间=8528.521820 时间=8528.522 模式=OFFBOARD 起飞状态=高度保持 水平控制=位置保持 类型掩码=2496 实际位置NED=(0.026,0.062,-0.488) 实际速度=(0.003,0.008,-0.248) 最终目标=(0.033,0.023,-1.115) 指令位置=(0.033,0.023,-1.115) 指令速度=(0.000,0.000,0.000) 指令加速度=(0.000,0.000,0.000) 滚转角=-0.02度 俯仰角=0.48度
11:08:33.844668 [轨迹] 序号=148 单调时间=8528.624584 时间=8528.625 模式=OFFBOARD 起飞状态=高度保持 水平控制=位置保持 类型掩码=2496 实际位置NED=(0.026,0.062,-0.496) 实际速度=(0.004,0.005,-0.247) 最终目标=(0.033,0.023,-1.115) 指令位置=(0.033,0.023,-1.115) 指令速度=(0.000,0.000,0.000) 指令加速度=(0.000,0.000,0.000) 滚转角=-0.02度 俯仰角=0.47度
11:08:33.948071 [轨迹] 序号=149 单调时间=8528.727951 时间=8528.728 模式=OFFBOARD 起飞状态=高度保持 水平控制=位置保持 类型掩码=2496 实际位置NED=(0.026,0.062,-0.504) 实际速度=(0.004,0.002,-0.246) 最终目标=(0.033,0.023,-1.115) 指令位置=(0.033,0.023,-1.115) 指令速度=(0.000,0.000,0.000) 指令加速度=(0.000,0.000,0.000) 滚转角=-0.02度 俯仰角=0.47度
11:08:34.051070 [轨迹] 序号=150 单调时间=8528.831046 时间=8528.831 模式=OFFBOARD 起飞状态=高度保持 水平控制=位置保持 类型掩码=2496 实际位置NED=(0.026,0.061,-0.511) 实际速度=(0.005,-0.000,-0.245) 最终目标=(0.033,0.023,-1.115) 指令位置=(0.033,0.023,-1.115) 指令速度=(0.000,0.000,0.000) 指令加速度=(0.000,0.000,0.000) 滚转角=-0.02度 俯仰角=0.46度
11:08:34.154116 [轨迹] 序号=151 单调时间=8528.934078 时间=8528.934 模式=OFFBOARD 起飞状态=高度保持 水平控制=位置保持 类型掩码=2496 实际位置NED=(0.027,0.061,-0.527) 实际速度=(0.007,-0.007,-0.242) 最终目标=(0.033,0.023,-1.115) 指令位置=(0.033,0.023,-1.115) 指令速度=(0.000,0.000,0.000) 指令加速度=(0.000,0.000,0.000) 滚转角=-0.02度 俯仰角=0.45度
11:08:34.257755 [轨迹] 序号=152 单调时间=8529.037666 时间=8529.038 模式=OFFBOARD 起飞状态=高度保持 水平控制=位置保持 类型掩码=2496 实际位置NED=(0.027,0.060,-0.536) 实际速度=(0.008,-0.011,-0.240) 最终目标=(0.033,0.023,-1.115) 指令位置=(0.033,0.023,-1.115) 指令速度=(0.000,0.000,0.000) 指令加速度=(0.000,0.000,0.000) 滚转角=-0.02度 俯仰角=0.43度
11:08:34.361069 [轨迹] 序号=153 单调时间=8529.141033 时间=8529.141 模式=OFFBOARD 起飞状态=高度保持 水平控制=位置保持 类型掩码=2496 实际位置NED=(0.028,0.059,-0.544) 实际速度=(0.010,-0.014,-0.238) 最终目标=(0.033,0.023,-1.115) 指令位置=(0.033,0.023,-1.115) 指令速度=(0.000,0.000,0.000) 指令加速度=(0.000,0.000,0.000) 滚转角=-0.01度 俯仰角=0.41度
11:08:34.464973 [轨迹] 序号=154 单调时间=8529.244839 时间=8529.245 模式=OFFBOARD 起飞状态=高度保持 水平控制=位置保持 类型掩码=2496 实际位置NED=(0.028,0.058,-0.552) 实际速度=(0.011,-0.016,-0.237) 最终目标=(0.033,0.023,-1.115) 指令位置=(0.033,0.023,-1.115) 指令速度=(0.000,0.000,0.000) 指令加速度=(0.000,0.000,0.000) 滚转角=0.00度 俯仰角=0.38度
11:08:34.568031 [轨迹] 序号=155 单调时间=8529.347925 时间=8529.348 模式=OFFBOARD 起飞状态=高度保持 水平控制=位置保持 类型掩码=2496 实际位置NED=(0.029,0.057,-0.559) 实际速度=(0.012,-0.019,-0.235) 最终目标=(0.033,0.023,-1.115) 指令位置=(0.033,0.023,-1.115) 指令速度=(0.000,0.000,0.000) 指令加速度=(0.000,0.000,0.000) 滚转角=0.01度 俯仰角=0.35度
11:08:34.670905 [轨迹] 序号=156 单调时间=8529.450763 时间=8529.451 模式=OFFBOARD 起飞状态=高度保持 水平控制=位置保持 类型掩码=2496 实际位置NED=(0.030,0.055,-0.574) 实际速度=(0.014,-0.023,-0.231) 最终目标=(0.033,0.023,-1.115) 指令位置=(0.033,0.023,-1.115) 指令速度=(0.000,0.000,0.000) 指令加速度=(0.000,0.000,0.000) 滚转角=0.03度 俯仰角=0.32度
11:08:34.773878 [轨迹] 序号=157 单调时间=8529.553744 时间=8529.554 模式=OFFBOARD 起飞状态=高度保持 水平控制=位置保持 类型掩码=2496 实际位置NED=(0.031,0.053,-0.583) 实际速度=(0.015,-0.026,-0.228) 最终目标=(0.033,0.023,-1.115) 指令位置=(0.033,0.023,-1.115) 指令速度=(0.000,0.000,0.000) 指令加速度=(0.000,0.000,0.000) 滚转角=0.04度 俯仰角=0.28度
11:08:34.877546 [轨迹] 序号=158 单调时间=8529.657203 时间=8529.657 模式=OFFBOARD 起飞状态=高度保持 水平控制=位置保持 类型掩码=2496 实际位置NED=(0.032,0.052,-0.591) 实际速度=(0.015,-0.027,-0.226) 最终目标=(0.033,0.023,-1.115) 指令位置=(0.033,0.023,-1.115) 指令速度=(0.000,0.000,0.000) 指令加速度=(0.000,0.000,0.000) 滚转角=0.06度 俯仰角=0.25度
11:08:34.980683 [轨迹] 序号=159 单调时间=8529.760525 时间=8529.761 模式=OFFBOARD 起飞状态=高度保持 水平控制=位置保持 类型掩码=2496 实际位置NED=(0.032,0.050,-0.598) 实际速度=(0.016,-0.029,-0.224) 最终目标=(0.033,0.023,-1.115) 指令位置=(0.033,0.023,-1.115) 指令速度=(0.000,0.000,0.000) 指令加速度=(0.000,0.000,0.000) 滚转角=0.08度 俯仰角=0.21度
11:08:35.081990 [轨迹] 序号=160 单调时间=8529.861329 时间=8529.861 模式=OFFBOARD 起飞状态=高度保持 水平控制=位置保持 类型掩码=2496 实际位置NED=(0.034,0.047,-0.612) 实际速度=(0.017,-0.032,-0.219) 最终目标=(0.033,0.023,-1.115) 指令位置=(0.033,0.023,-1.115) 指令速度=(0.000,0.000,0.000) 指令加速度=(0.000,0.000,0.000) 滚转角=0.10度 俯仰角=0.17度
11:08:35.185767 [轨迹] 序号=161 单调时间=8529.965628 时间=8529.966 模式=OFFBOARD 起飞状态=高度保持 水平控制=位置保持 类型掩码=2496 实际位置NED=(0.035,0.046,-0.619) 实际速度=(0.018,-0.033,-0.217) 最终目标=(0.033,0.023,-1.115) 指令位置=(0.033,0.023,-1.115) 指令速度=(0.000,0.000,0.000) 指令加速度=(0.000,0.000,0.000) 滚转角=0.12度 俯仰角=0.14度
11:08:35 [应答] UP INTENT：已接受（MAV_RESULT_ACCEPTED）
11:08:35 [输入] 已按下一次上升按钮
11:08:35 [目标] 修改前：北=0.033 东=0.023 下=-1.115
11:08:35 [目标] 修改后：北=0.033 东=0.023 下=-1.615
11:08:35.289354 [轨迹] 序号=162 单调时间=8530.069273 时间=8530.069 模式=OFFBOARD 起飞状态=未执行起飞 水平控制=位置保持 类型掩码=3520 实际位置NED=(0.036,0.044,-0.628) 实际速度=(0.018,-0.034,-0.214) 最终目标=(0.033,0.023,-1.615) 指令位置=(0.033,0.023,-1.118) 指令速度=(0.000,0.000,-0.031) 指令加速度=(0.000,0.000,-0.300) 滚转角=0.13度 俯仰角=0.11度
11:08:35.392717 [轨迹] 序号=163 单调时间=8530.172548 时间=8530.173 模式=OFFBOARD 起飞状态=未执行起飞 水平控制=位置保持 类型掩码=3520 实际位置NED=(0.038,0.042,-0.635) 实际速度=(0.019,-0.034,-0.212) 最终目标=(0.033,0.023,-1.615) 指令位置=(0.033,0.023,-1.124) 指令速度=(0.000,0.000,-0.062) 指令加速度=(0.000,0.000,-0.300) 滚转角=0.15度 俯仰角=0.08度
11:08:35.495968 [轨迹] 序号=164 单调时间=8530.275626 时间=8530.276 模式=OFFBOARD 起飞状态=未执行起飞 水平控制=位置保持 类型掩码=3520 实际位置NED=(0.039,0.041,-0.642) 实际速度=(0.019,-0.035,-0.214) 最终目标=(0.033,0.023,-1.615) 指令位置=(0.033,0.023,-1.134) 指令速度=(0.000,0.000,-0.093) 指令加速度=(0.000,0.000,-0.300) 滚转角=0.17度 俯仰角=0.05度
11:08:35.599255 [轨迹] 序号=165 单调时间=8530.379145 时间=8530.379 模式=OFFBOARD 起飞状态=未执行起飞 水平控制=位置保持 类型掩码=3520 实际位置NED=(0.041,0.038,-0.656) 实际速度=(0.019,-0.035,-0.231) 最终目标=(0.033,0.023,-1.615) 指令位置=(0.033,0.023,-1.147) 指令速度=(0.000,0.000,-0.124) 指令加速度=(0.000,0.000,-0.300) 滚转角=0.19度 俯仰角=0.01度
11:08:35.702229 [轨迹] 序号=166 单调时间=8530.482039 时间=8530.482 模式=OFFBOARD 起飞状态=未执行起飞 水平控制=位置保持 类型掩码=3520 实际位置NED=(0.042,0.036,-0.664) 实际速度=(0.019,-0.034,-0.244) 最终目标=(0.033,0.023,-1.615) 指令位置=(0.033,0.023,-1.163) 指令速度=(0.000,0.000,-0.155) 指令加速度=(0.000,0.000,-0.300) 滚转角=0.20度 俯仰角=-0.01度
11:08:35.802318 [轨迹] 序号=167 单调时间=8530.582404 时间=8530.582 模式=OFFBOARD 起飞状态=未执行起飞 水平控制=位置保持 类型掩码=3520 实际位置NED=(0.043,0.034,-0.674) 实际速度=(0.019,-0.034,-0.263) 最终目标=(0.033,0.023,-1.615) 指令位置=(0.033,0.023,-1.181) 指令速度=(0.000,0.000,-0.185) 指令加速度=(0.000,0.000,-0.300) 滚转角=0.21度 俯仰角=-0.04度
11:08:35.906256 [轨迹] 序号=168 单调时间=8530.685339 时间=8530.685 模式=OFFBOARD 起飞状态=未执行起飞 水平控制=位置保持 类型掩码=3520 实际位置NED=(0.044,0.033,-0.683) 实际速度=(0.019,-0.033,-0.284) 最终目标=(0.033,0.023,-1.615) 指令位置=(0.033,0.023,-1.204) 指令速度=(0.000,0.000,-0.216) 指令加速度=(0.000,0.000,-0.300) 滚转角=0.22度 俯仰角=-0.06度
11:08:36.005708 [轨迹] 序号=169 单调时间=8530.785578 时间=8530.786 模式=OFFBOARD 起飞状态=未执行起飞 水平控制=位置保持 类型掩码=3520 实际位置NED=(0.046,0.032,-0.692) 实际速度=(0.018,-0.032,-0.306) 最终目标=(0.033,0.023,-1.615) 指令位置=(0.033,0.023,-1.228) 指令速度=(0.000,0.000,-0.246) 指令加速度=(0.000,0.000,-0.300) 滚转角=0.23度 俯仰角=-0.07度
11:08:36.109679 [轨迹] 序号=170 单调时间=8530.889578 时间=8530.890 模式=OFFBOARD 起飞状态=未执行起飞 水平控制=位置保持 类型掩码=3520 实际位置NED=(0.048,0.029,-0.714) 实际速度=(0.017,-0.030,-0.360) 最终目标=(0.033,0.023,-1.615) 指令位置=(0.033,0.023,-1.257) 指令速度=(0.000,0.000,-0.277) 指令加速度=(0.000,0.000,-0.300) 滚转角=0.24度 俯仰角=-0.10度
11:08:36 [应答] UP INTENT：已接受（MAV_RESULT_ACCEPTED）
11:08:36 [输入] 已按下一次上升按钮
11:08:36 [目标] 修改前：北=0.033 东=0.023 下=-1.615
11:08:36 [目标] 修改后：北=0.033 东=0.023 下=-2.115
11:08:36.212927 [轨迹] 序号=171 单调时间=8530.992790 时间=8530.993 模式=OFFBOARD 起飞状态=未执行起飞 水平控制=位置保持 类型掩码=3520 实际位置NED=(0.049,0.028,-0.726) 实际速度=(0.017,-0.029,-0.391) 最终目标=(0.033,0.023,-2.115) 指令位置=(0.033,0.023,-1.288) 指令速度=(0.000,0.000,-0.300) 指令加速度=(0.000,0.000,-0.221) 滚转角=0.25度 俯仰角=-0.11度
11:08:36.316587 [轨迹] 序号=172 单调时间=8531.096561 时间=8531.097 模式=OFFBOARD 起飞状态=未执行起飞 水平控制=位置保持 类型掩码=3520 实际位置NED=(0.050,0.027,-0.743) 实际速度=(0.016,-0.027,-0.431) 最终目标=(0.033,0.023,-2.115) 指令位置=(0.033,0.023,-1.319) 指令速度=(0.000,0.000,-0.300) 指令加速度=(0.000,0.000,0.000) 滚转角=0.26度 俯仰角=-0.12度
11:08:36.420312 [轨迹] 序号=173 单调时间=8531.200264 时间=8531.200 模式=OFFBOARD 起飞状态=未执行起飞 水平控制=位置保持 类型掩码=3520 实际位置NED=(0.051,0.027,-0.757) 实际速度=(0.015,-0.025,-0.466) 最终目标=(0.033,0.023,-2.115) 指令位置=(0.033,0.023,-1.350) 指令速度=(0.000,0.000,-0.300) 指令加速度=(0.000,0.000,0.000) 滚转角=0.27度 俯仰角=-0.12度
11:08:36.523932 [轨迹] 序号=174 单调时间=8531.303939 时间=8531.304 模式=OFFBOARD 起飞状态=未执行起飞 水平控制=位置保持 类型掩码=3520 实际位置NED=(0.052,0.026,-0.773) 实际速度=(0.014,-0.023,-0.499) 最终目标=(0.033,0.023,-2.115) 指令位置=(0.033,0.023,-1.381) 指令速度=(0.000,0.000,-0.300) 指令加速度=(0.000,0.000,0.000) 滚转角=0.28度 俯仰角=-0.12度
11:08:36.626740 [轨迹] 序号=175 单调时间=8531.406658 时间=8531.407 模式=OFFBOARD 起飞状态=未执行起飞 水平控制=位置保持 类型掩码=3520 实际位置NED=(0.054,0.025,-0.807) 实际速度=(0.013,-0.020,-0.555) 最终目标=(0.033,0.023,-2.115) 指令位置=(0.033,0.023,-1.412) 指令速度=(0.000,0.000,-0.300) 指令加速度=(0.000,0.000,0.000) 滚转角=0.29度 俯仰角=-0.12度
11:08:36.729586 [轨迹] 序号=176 单调时间=8531.509462 时间=8531.509 模式=OFFBOARD 起飞状态=未执行起飞 水平控制=位置保持 类型掩码=3520 实际位置NED=(0.056,0.024,-0.825) 实际速度=(0.013,-0.018,-0.579) 最终目标=(0.033,0.023,-2.115) 指令位置=(0.033,0.023,-1.443) 指令速度=(0.000,0.000,-0.300) 指令加速度=(0.000,0.000,0.000) 滚转角=0.29度 俯仰角=-0.12度
11:08:36.833132 [轨迹] 序号=177 单调时间=8531.613140 时间=8531.613 模式=OFFBOARD 起飞状态=未执行起飞 水平控制=位置保持 类型掩码=3520 实际位置NED=(0.059,0.024,-0.869) 实际速度=(0.013,-0.013,-0.625) 最终目标=(0.033,0.023,-2.115) 指令位置=(0.033,0.023,-1.474) 指令速度=(0.000,0.000,-0.300) 指令加速度=(0.000,0.000,0.000) 滚转角=0.30度 俯仰角=-0.11度
11:08:36.936817 [轨迹] 序号=178 单调时间=8531.716790 时间=8531.717 模式=OFFBOARD 起飞状态=未执行起飞 水平控制=位置保持 类型掩码=3520 实际位置NED=(0.060,0.024,-0.890) 实际速度=(0.013,-0.011,-0.641) 最终目标=(0.033,0.023,-2.115) 指令位置=(0.033,0.023,-1.505) 指令速度=(0.000,0.000,-0.300) 指令加速度=(0.000,0.000,0.000) 滚转角=0.31度 俯仰角=-0.10度
11:08:37.041108 [轨迹] 序号=179 单调时间=8531.820887 时间=8531.821 模式=OFFBOARD 起飞状态=未执行起飞 水平控制=位置保持 类型掩码=3520 实际位置NED=(0.062,0.024,-0.910) 实际速度=(0.013,-0.009,-0.655) 最终目标=(0.033,0.023,-2.115) 指令位置=(0.033,0.023,-1.536) 指令速度=(0.000,0.000,-0.300) 指令加速度=(0.000,0.000,0.000) 滚转角=0.32度 俯仰角=-0.08度
11:08:37.144137 [轨迹] 序号=180 单调时间=8531.924070 时间=8531.924 模式=OFFBOARD 起飞状态=未执行起飞 水平控制=位置保持 类型掩码=3520 实际位置NED=(0.063,0.024,-0.932) 实际速度=(0.014,-0.008,-0.668) 最终目标=(0.033,0.023,-2.115) 指令位置=(0.033,0.023,-1.567) 指令速度=(0.000,0.000,-0.300) 指令加速度=(0.000,0.000,0.000) 滚转角=0.33度 俯仰角=-0.07度
11:08:37.247006 [轨迹] 序号=181 单调时间=8532.026900 时间=8532.027 模式=OFFBOARD 起飞状态=未执行起飞 水平控制=位置保持 类型掩码=3520 实际位置NED=(0.065,0.025,-0.953) 实际速度=(0.014,-0.006,-0.680) 最终目标=(0.033,0.023,-2.115) 指令位置=(0.033,0.023,-1.598) 指令速度=(0.000,0.000,-0.300) 指令加速度=(0.000,0.000,0.000) 滚转角=0.35度 俯仰角=-0.05度
11:08:37.349967 [轨迹] 序号=182 单调时间=8532.129997 时间=8532.130 模式=OFFBOARD 起飞状态=未执行起飞 水平控制=位置保持 类型掩码=3520 实际位置NED=(0.069,0.025,-1.004) 实际速度=(0.015,-0.003,-0.706) 最终目标=(0.033,0.023,-2.115) 指令位置=(0.033,0.023,-1.629) 指令速度=(0.000,0.000,-0.300) 指令加速度=(0.000,0.000,0.000) 滚转角=0.38度 俯仰角=-0.02度
11:08:37.453519 [轨迹] 序号=183 单调时间=8532.233351 时间=8532.233 模式=OFFBOARD 起飞状态=未执行起飞 水平控制=位置保持 类型掩码=3520 实际位置NED=(0.071,0.026,-1.026) 实际速度=(0.016,-0.001,-0.715) 最终目标=(0.033,0.023,-2.115) 指令位置=(0.033,0.023,-1.660) 指令速度=(0.000,0.000,-0.300) 指令加速度=(0.000,0.000,0.000) 滚转角=0.40度 俯仰角=-0.01度
11:08:37.556516 [轨迹] 序号=184 单调时间=8532.336343 时间=8532.336 模式=OFFBOARD 起飞状态=未执行起飞 水平控制=位置保持 类型掩码=3520 实际位置NED=(0.073,0.026,-1.049) 实际速度=(0.016,-0.000,-0.721) 最终目标=(0.033,0.023,-2.115) 指令位置=(0.033,0.023,-1.691) 指令速度=(0.000,0.000,-0.300) 指令加速度=(0.000,0.000,0.000) 滚转角=0.42度 俯仰角=0.00度
11:08:37.659433 [轨迹] 序号=185 单调时间=8532.439268 时间=8532.439 模式=OFFBOARD 起飞状态=未执行起飞 水平控制=位置保持 类型掩码=3520 实际位置NED=(0.075,0.027,-1.073) 实际速度=(0.016,0.001,-0.728) 最终目标=(0.033,0.023,-2.115) 指令位置=(0.033,0.023,-1.722) 指令速度=(0.000,0.000,-0.300) 指令加速度=(0.000,0.000,0.000) 滚转角=0.45度 俯仰角=0.02度
11:08:37.762928 [轨迹] 序号=186 单调时间=8532.542739 时间=8532.543 模式=OFFBOARD 起飞状态=未执行起飞 水平控制=位置保持 类型掩码=3520 实际位置NED=(0.077,0.027,-1.096) 实际速度=(0.016,0.002,-0.737) 最终目标=(0.033,0.023,-2.115) 指令位置=(0.033,0.023,-1.753) 指令速度=(0.000,0.000,-0.300) 指令加速度=(0.000,0.000,0.000) 滚转角=0.48度 俯仰角=0.04度
11:08:37.865798 [轨迹] 序号=187 单调时间=8532.645826 时间=8532.646 模式=OFFBOARD 起飞状态=未执行起飞 水平控制=位置保持 类型掩码=3520 实际位置NED=(0.082,0.029,-1.150) 实际速度=(0.015,0.004,-0.753) 最终目标=(0.033,0.023,-2.115) 指令位置=(0.033,0.023,-1.784) 指令速度=(0.000,0.000,-0.300) 指令加速度=(0.000,0.000,0.000) 滚转角=0.53度 俯仰角=0.06度
11:08:37.968913 [轨迹] 序号=188 单调时间=8532.748789 时间=8532.749 模式=OFFBOARD 起飞状态=未执行起飞 水平控制=位置保持 类型掩码=3520 实际位置NED=(0.084,0.029,-1.174) 实际速度=(0.015,0.005,-0.758) 最终目标=(0.033,0.023,-2.115) 指令位置=(0.033,0.023,-1.815) 指令速度=(0.000,0.000,-0.300) 指令加速度=(0.000,0.000,0.000) 滚转角=0.55度 俯仰角=0.08度
11:08:38.072802 [轨迹] 序号=189 单调时间=8532.852696 时间=8532.853 模式=OFFBOARD 起飞状态=未执行起飞 水平控制=位置保持 类型掩码=3520 实际位置NED=(0.087,0.030,-1.198) 实际速度=(0.015,0.005,-0.762) 最终目标=(0.033,0.023,-2.115) 指令位置=(0.033,0.023,-1.846) 指令速度=(0.000,0.000,-0.300) 指令加速度=(0.000,0.000,0.000) 滚转角=0.58度 俯仰角=0.09度
11:08:38.175705 [轨迹] 序号=190 单调时间=8532.955640 时间=8532.956 模式=OFFBOARD 起飞状态=未执行起飞 水平控制=位置保持 类型掩码=3520 实际位置NED=(0.089,0.031,-1.222) 实际速度=(0.015,0.005,-0.765) 最终目标=(0.033,0.023,-2.115) 指令位置=(0.033,0.023,-1.877) 指令速度=(0.000,0.000,-0.300) 指令加速度=(0.000,0.000,0.000) 滚转角=0.60度 俯仰角=0.11度
11:08:38.278738 [轨迹] 序号=191 单调时间=8533.058613 时间=8533.059 模式=OFFBOARD 起飞状态=未执行起飞 水平控制=位置保持 类型掩码=3520 实际位置NED=(0.091,0.031,-1.247) 实际速度=(0.015,0.005,-0.769) 最终目标=(0.033,0.023,-2.115) 指令位置=(0.033,0.023,-1.908) 指令速度=(0.000,0.000,-0.300) 指令加速度=(0.000,0.000,0.000) 滚转角=0.63度 俯仰角=0.12度
11:08:38.382226 [轨迹] 序号=192 单调时间=8533.162104 时间=8533.162 模式=OFFBOARD 起飞状态=未执行起飞 水平控制=位置保持 类型掩码=3520 实际位置NED=(0.097,0.032,-1.302) 实际速度=(0.015,0.006,-0.779) 最终目标=(0.033,0.023,-2.115) 指令位置=(0.033,0.023,-1.938) 指令速度=(0.000,0.000,-0.290) 指令加速度=(0.000,0.000,0.093) 滚转角=0.67度 俯仰角=0.14度
11:08:38.485081 [轨迹] 序号=193 单调时间=8533.265018 时间=8533.265 模式=OFFBOARD 起飞状态=未执行起飞 水平控制=位置保持 类型掩码=3520 实际位置NED=(0.099,0.033,-1.327) 实际速度=(0.014,0.005,-0.782) 最终目标=(0.033,0.023,-2.115) 指令位置=(0.033,0.023,-1.965) 指令速度=(0.000,0.000,-0.264) 指令加速度=(0.000,0.000,0.255) 滚转角=0.70度 俯仰角=0.15度
11:08:38.588327 [轨迹] 序号=194 单调时间=8533.368229 时间=8533.368 模式=OFFBOARD 起飞状态=未执行起飞 水平控制=位置保持 类型掩码=3520 实际位置NED=(0.101,0.033,-1.352) 实际速度=(0.013,0.005,-0.783) 最终目标=(0.033,0.023,-2.115) 指令位置=(0.033,0.023,-1.990) 指令速度=(0.000,0.000,-0.238) 指令加速度=(0.000,0.000,0.254) 滚转角=0.72度 俯仰角=0.15度
11:08:38.691645 [轨迹] 序号=195 单调时间=8533.471513 时间=8533.472 模式=OFFBOARD 起飞状态=未执行起飞 水平控制=位置保持 类型掩码=3520 实际位置NED=(0.103,0.033,-1.377) 实际速度=(0.011,0.004,-0.781) 最终目标=(0.033,0.023,-2.115) 指令位置=(0.033,0.023,-2.012) 指令速度=(0.000,0.000,-0.212) 指令加速度=(0.000,0.000,0.249) 滚转角=0.76度 俯仰角=0.16度
11:08:38.794783 [轨迹] 序号=196 单调时间=8533.574690 时间=8533.575 模式=OFFBOARD 起飞状态=未执行起飞 水平控制=位置保持 类型掩码=3520 实际位置NED=(0.105,0.034,-1.402) 实际速度=(0.010,0.004,-0.776) 最终目标=(0.033,0.023,-2.115) 指令位置=(0.033,0.023,-2.031) 指令速度=(0.000,0.000,-0.187) 指令加速度=(0.000,0.000,0.243) 滚转角=0.78度 俯仰角=0.16度
11:08:38.898011 [轨迹] 序号=197 单调时间=8533.677772 时间=8533.678 模式=OFFBOARD 起飞状态=未执行起飞 水平控制=位置保持 类型掩码=3520 实际位置NED=(0.109,0.034,-1.457) 实际速度=(0.006,0.003,-0.752) 最终目标=(0.033,0.023,-2.115) 指令位置=(0.033,0.023,-2.048) 指令速度=(0.000,0.000,-0.163) 指令加速度=(0.000,0.000,0.237) 滚转角=0.82度 俯仰角=0.17度
11:08:39.000793 [轨迹] 序号=198 单调时间=8533.780707 时间=8533.781 模式=OFFBOARD 起飞状态=未执行起飞 水平控制=位置保持 类型掩码=3520 实际位置NED=(0.111,0.035,-1.480) 实际速度=(0.004,0.002,-0.737) 最终目标=(0.033,0.023,-2.115) 指令位置=(0.033,0.023,-2.062) 指令速度=(0.000,0.000,-0.139) 指令加速度=(0.000,0.000,0.229) 滚转角=0.83度 俯仰角=0.17度
11:08:39.103549 [轨迹] 序号=199 单调时间=8533.883401 时间=8533.883 模式=OFFBOARD 起飞状态=未执行起飞 水平控制=位置保持 类型掩码=3520 实际位置NED=(0.112,0.035,-1.503) 实际速度=(0.001,0.002,-0.719) 最终目标=(0.033,0.023,-2.115) 指令位置=(0.033,0.023,-2.074) 指令速度=(0.000,0.000,-0.117) 指令加速度=(0.000,0.000,0.219) 滚转角=0.85度 俯仰角=0.17度
11:08:39.206241 [轨迹] 序号=200 单调时间=8533.986118 时间=8533.986 模式=OFFBOARD 起飞状态=未执行起飞 水平控制=位置保持 类型掩码=3520 实际位置NED=(0.114,0.035,-1.548) 实际速度=(-0.004,0.001,-0.676) 最终目标=(0.033,0.023,-2.115) 指令位置=(0.033,0.023,-2.084) 指令速度=(0.000,0.000,-0.095) 指令加速度=(0.000,0.000,0.209) 滚转角=0.87度 俯仰角=0.17度
11:08:39.309244 [轨迹] 序号=201 单调时间=8534.089165 时间=8534.089 模式=OFFBOARD 起飞状态=未执行起飞 水平控制=位置保持 类型掩码=3520 实际位置NED=(0.115,0.035,-1.574) 实际速度=(-0.008,-0.000,-0.647) 最终目标=(0.033,0.023,-2.115) 指令位置=(0.033,0.023,-2.091) 指令速度=(0.000,0.000,-0.075) 指令加速度=(0.000,0.000,0.196) 滚转角=0.87度 俯仰角=0.17度
11:08:39.412480 [轨迹] 序号=202 单调时间=8534.192403 时间=8534.192 模式=OFFBOARD 起飞状态=未执行起飞 水平控制=位置保持 类型掩码=3520 实际位置NED=(0.115,0.035,-1.594) 实际速度=(-0.011,-0.001,-0.621) 最终目标=(0.033,0.023,-2.115) 指令位置=(0.033,0.023,-2.097) 指令速度=(0.000,0.000,-0.057) 指令加速度=(0.000,0.000,0.177) 滚转角=0.88度 俯仰角=0.17度
11:08:39.515081 [轨迹] 序号=203 单调时间=8534.294978 时间=8534.295 模式=OFFBOARD 起飞状态=未执行起飞 水平控制=位置保持 类型掩码=3520 实际位置NED=(0.116,0.035,-1.614) 实际速度=(-0.014,-0.001,-0.595) 最终目标=(0.033,0.023,-2.115) 指令位置=(0.033,0.023,-2.101) 指令速度=(0.000,0.000,-0.041) 指令加速度=(0.000,0.000,0.151) 滚转角=0.87度 俯仰角=0.16度
11:08:39.618080 [轨迹] 序号=204 单调时间=8534.397791 时间=8534.398 模式=OFFBOARD 起飞状态=未执行起飞 水平控制=位置保持 类型掩码=3520 实际位置NED=(0.115,0.035,-1.650) 实际速度=(-0.021,-0.002,-0.541) 最终目标=(0.033,0.023,-2.115) 指令位置=(0.033,0.023,-2.115) 指令速度=(0.000,0.000,0.000) 指令加速度=(0.000,0.000,0.401) 滚转角=0.86度 俯仰角=0.16度
11:08:39.720515 [轨迹] 序号=205 单调时间=8534.500414 时间=8534.500 模式=OFFBOARD 起飞状态=未执行起飞 水平控制=位置保持 类型掩码=3520 实际位置NED=(0.115,0.035,-1.666) 实际速度=(-0.025,-0.003,-0.513) 最终目标=(0.033,0.023,-2.115) 指令位置=(0.033,0.023,-2.115) 指令速度=(0.000,0.000,0.000) 指令加速度=(0.000,0.000,0.000) 滚转角=0.84度 俯仰角=0.16度
11:08:39.823366 [轨迹] 序号=206 单调时间=8534.603289 时间=8534.603 模式=OFFBOARD 起飞状态=未执行起飞 水平控制=位置保持 类型掩码=3520 实际位置NED=(0.114,0.035,-1.686) 实际速度=(-0.029,-0.004,-0.478) 最终目标=(0.033,0.023,-2.115) 指令位置=(0.033,0.023,-2.115) 指令速度=(0.000,0.000,0.000) 指令加速度=(0.000,0.000,0.000) 滚转角=0.83度 俯仰角=0.16度
11:08:39.925868 [轨迹] 序号=207 单调时间=8534.705760 时间=8534.706 模式=OFFBOARD 起飞状态=未执行起飞 水平控制=位置保持 类型掩码=3520 实际位置NED=(0.113,0.034,-1.701) 实际速度=(-0.033,-0.004,-0.450) 最终目标=(0.033,0.023,-2.115) 指令位置=(0.033,0.023,-2.115) 指令速度=(0.000,0.000,0.000) 指令加速度=(0.000,0.000,0.000) 滚转角=0.80度 俯仰角=0.16度
11:08:40.028370 [轨迹] 序号=208 单调时间=8534.808226 时间=8534.808 模式=OFFBOARD 起飞状态=未执行起飞 水平控制=位置保持 类型掩码=3520 实际位置NED=(0.112,0.034,-1.715) 实际速度=(-0.036,-0.005,-0.424) 最终目标=(0.033,0.023,-2.115) 指令位置=(0.033,0.023,-2.115) 指令速度=(0.000,0.000,0.000) 指令加速度=(0.000,0.000,0.000) 滚转角=0.77度 俯仰角=0.15度
11:08:40 [贴顶流程] 启动指令已发送
11:08:40.128917 [轨迹] 序号=209 单调时间=8534.908776 时间=8534.909 模式=OFFBOARD 起飞状态=未执行起飞 水平控制=位置保持 类型掩码=3520 实际位置NED=(0.108,0.033,-1.740) 实际速度=(-0.043,-0.006,-0.377) 最终目标=(0.033,0.023,-2.115) 指令位置=(0.033,0.023,-2.115) 指令速度=(0.000,0.000,0.000) 指令加速度=(0.000,0.000,0.000) 滚转角=0.73度 俯仰角=0.15度
11:08:41 [贴顶流程] 正在快速寻顶
11:08:57 [贴顶流程] 正在缓慢贴顶
11:09:02 [贴顶流程] 贴顶完成，正在等输出加压，原因：顶部距离确认
11:09:36 [输入] 已按下一次降落按钮；后续移动目标已禁用
11:09:36 [安全离顶] 降落前先保留轻微贴力完成调平，再垂直下降到安全距离
11:09:37 [安全离顶] 飞控已经开始减压、调平和离顶
11:09:37 [应答] 安全离顶：已接受（MAV_RESULT_ACCEPTED）
11:09:39 [贴顶流程] 保持轻微贴力，正在调平姿态，原因：执行降落
11:09:41 [贴顶流程] 正在垂直离开顶部，原因：执行降落
11:09:47 [安全离顶] 已达到安全距离，正在交还控制权
11:09:47 [贴顶流程] 正在恢复上位机控制
11:09:47 [目标] 已重置：北=0.133 东=0.024 下=-2.255
11:09:47 [控制交接] 目标重置完成，交接编号=4；上位机目标=北0.133 东0.024 下-2.255
11:09:47.500937 [轨迹] 序号=210 单调时间=8602.280660 时间=8602.281 模式=OFFBOARD 起飞状态=未执行起飞 水平控制=位置保持 类型掩码=3520 实际位置NED=(0.133,0.024,-2.252) 实际速度=(-0.002,-0.015,0.087) 最终目标=(0.133,0.024,-2.255) 指令位置=(0.133,0.024,-2.255) 指令速度=(0.000,0.000,0.000) 指令加速度=(0.000,0.000,0.000) 滚转角=0.19度 俯仰角=0.05度
11:09:47.605337 [轨迹] 序号=211 单调时间=8602.385224 时间=8602.385 模式=OFFBOARD 起飞状态=未执行起飞 水平控制=位置保持 类型掩码=3520 实际位置NED=(0.133,0.023,-2.250) 实际速度=(-0.003,-0.015,0.072) 最终目标=(0.133,0.024,-2.255) 指令位置=(0.133,0.024,-2.255) 指令速度=(0.000,0.000,0.000) 指令加速度=(0.000,0.000,0.000) 滚转角=0.18度 俯仰角=0.04度
11:09:47.708402 [轨迹] 序号=212 单调时间=8602.488344 时间=8602.488 模式=OFFBOARD 起飞状态=未执行起飞 水平控制=位置保持 类型掩码=3520 实际位置NED=(0.133,0.022,-2.246) 实际速度=(-0.003,-0.014,0.041) 最终目标=(0.133,0.024,-2.255) 指令位置=(0.133,0.024,-2.255) 指令速度=(0.000,0.000,0.000) 指令加速度=(0.000,0.000,0.000) 滚转角=0.16度 俯仰角=0.02度
11:09:47.810888 [轨迹] 序号=213 单调时间=8602.590956 时间=8602.591 模式=OFFBOARD 起飞状态=未执行起飞 水平控制=位置保持 类型掩码=3520 实际位置NED=(0.133,0.022,-2.246) 实际速度=(-0.003,-0.014,0.041) 最终目标=(0.133,0.024,-2.255) 指令位置=(0.133,0.024,-2.255) 指令速度=(0.000,0.000,0.000) 指令加速度=(0.000,0.000,0.000) 滚转角=0.14度 俯仰角=0.00度
11:09:47.914300 [轨迹] 序号=214 单调时间=8602.694143 时间=8602.694 模式=OFFBOARD 起飞状态=未执行起飞 水平控制=位置保持 类型掩码=3520 实际位置NED=(0.133,0.022,-2.245) 实际速度=(-0.004,-0.013,0.029) 最终目标=(0.133,0.024,-2.255) 指令位置=(0.133,0.024,-2.255) 指令速度=(0.000,0.000,0.000) 指令加速度=(0.000,0.000,0.000) 滚转角=0.12度 俯仰角=-0.01度
11:09:48.017791 [轨迹] 序号=215 单调时间=8602.797675 时间=8602.798 模式=OFFBOARD 起飞状态=未执行起飞 水平控制=位置保持 类型掩码=3520 实际位置NED=(0.133,0.021,-2.244) 实际速度=(-0.004,-0.012,0.011) 最终目标=(0.133,0.024,-2.255) 指令位置=(0.133,0.024,-2.255) 指令速度=(0.000,0.000,0.000) 指令加速度=(0.000,0.000,0.000) 滚转角=0.09度 俯仰角=-0.03度
11:09:48.121778 [轨迹] 序号=216 单调时间=8602.901609 时间=8602.902 模式=OFFBOARD 起飞状态=未执行起飞 水平控制=位置保持 类型掩码=3520 实际位置NED=(0.133,0.021,-2.244) 实际速度=(-0.004,-0.011,0.005) 最终目标=(0.133,0.024,-2.255) 指令位置=(0.133,0.024,-2.255) 指令速度=(0.000,0.000,0.000) 指令加速度=(0.000,0.000,0.000) 滚转角=0.07度 俯仰角=-0.03度
11:09:48.225313 [轨迹] 序号=217 单调时间=8603.005442 时间=8603.005 模式=OFFBOARD 起飞状态=未执行起飞 水平控制=位置保持 类型掩码=3520 实际位置NED=(0.133,0.020,-2.244) 实际速度=(-0.003,-0.009,-0.002) 最终目标=(0.133,0.024,-2.255) 指令位置=(0.133,0.024,-2.255) 指令速度=(0.000,0.000,0.000) 指令加速度=(0.000,0.000,0.000) 滚转角=0.04度 俯仰角=-0.04度
11:09:48.328859 [轨迹] 序号=218 单调时间=8603.108866 时间=8603.109 模式=OFFBOARD 起飞状态=未执行起飞 水平控制=位置保持 类型掩码=3520 实际位置NED=(0.133,0.020,-2.245) 实际速度=(-0.003,-0.008,-0.004) 最终目标=(0.133,0.024,-2.255) 指令位置=(0.133,0.024,-2.255) 指令速度=(0.000,0.000,0.000) 指令加速度=(0.000,0.000,0.000) 滚转角=0.03度 俯仰角=-0.04度
11:09:48.432643 [轨迹] 序号=219 单调时间=8603.212450 时间=8603.212 模式=OFFBOARD 起飞状态=未执行起飞 水平控制=位置保持 类型掩码=3520 实际位置NED=(0.133,0.020,-2.245) 实际速度=(-0.002,-0.007,-0.006) 最终目标=(0.133,0.024,-2.255) 指令位置=(0.133,0.024,-2.255) 指令速度=(0.000,0.000,0.000) 指令加速度=(0.000,0.000,0.000) 滚转角=0.03度 俯仰角=-0.04度
11:09:48.536009 [轨迹] 序号=220 单调时间=8603.315935 时间=8603.316 模式=OFFBOARD 起飞状态=未执行起飞 水平控制=位置保持 类型掩码=3520 实际位置NED=(0.134,0.020,-2.245) 实际速度=(-0.002,-0.006,-0.007) 最终目标=(0.133,0.024,-2.255) 指令位置=(0.133,0.024,-2.255) 指令速度=(0.000,0.000,0.000) 指令加速度=(0.000,0.000,0.000) 滚转角=0.02度 俯仰角=-0.04度
11:09:48.639351 [轨迹] 序号=221 单调时间=8603.419203 时间=8603.419 模式=OFFBOARD 起飞状态=未执行起飞 水平控制=位置保持 类型掩码=3520 实际位置NED=(0.134,0.020,-2.246) 实际速度=(-0.001,-0.005,-0.007) 最终目标=(0.133,0.024,-2.255) 指令位置=(0.133,0.024,-2.255) 指令速度=(0.000,0.000,0.000) 指令加速度=(0.000,0.000,0.000) 滚转角=0.02度 俯仰角=-0.04度
11:09:48.744035 [轨迹] 序号=222 单调时间=8603.524085 时间=8603.524 模式=OFFBOARD 起飞状态=未执行起飞 水平控制=位置保持 类型掩码=3520 实际位置NED=(0.134,0.020,-2.246) 实际速度=(-0.001,-0.003,-0.008) 最终目标=(0.133,0.024,-2.255) 指令位置=(0.133,0.024,-2.255) 指令速度=(0.000,0.000,0.000) 指令加速度=(0.000,0.000,0.000) 滚转角=0.03度 俯仰角=-0.03度
11:09:48.845442 [轨迹] 序号=223 单调时间=8603.625358 时间=8603.625 模式=OFFBOARD 起飞状态=未执行起飞 水平控制=位置保持 类型掩码=3520 实际位置NED=(0.134,0.020,-2.247) 实际速度=(-0.000,-0.003,-0.008) 最终目标=(0.133,0.024,-2.255) 指令位置=(0.133,0.024,-2.255) 指令速度=(0.000,0.000,0.000) 指令加速度=(0.000,0.000,0.000) 滚转角=0.03度 俯仰角=-0.02度
11:09:48.949309 [轨迹] 序号=224 单调时间=8603.729129 时间=8603.729 模式=OFFBOARD 起飞状态=未执行起飞 水平控制=位置保持 类型掩码=3520 实际位置NED=(0.135,0.020,-2.247) 实际速度=(0.000,-0.002,-0.008) 最终目标=(0.133,0.024,-2.255) 指令位置=(0.133,0.024,-2.255) 指令速度=(0.000,0.000,0.000) 指令加速度=(0.000,0.000,0.000) 滚转角=0.03度 俯仰角=-0.02度
11:09:49.053316 [轨迹] 序号=225 单调时间=8603.833201 时间=8603.833 模式=OFFBOARD 起飞状态=未执行起飞 水平控制=位置保持 类型掩码=3520 实际位置NED=(0.135,0.020,-2.248) 实际速度=(0.001,-0.001,-0.007) 最终目标=(0.133,0.024,-2.255) 指令位置=(0.133,0.024,-2.255) 指令速度=(0.000,0.000,0.000) 指令加速度=(0.000,0.000,0.000) 滚转角=0.04度 俯仰角=-0.01度
11:09:49.156748 [轨迹] 序号=226 单调时间=8603.936625 时间=8603.937 模式=OFFBOARD 起飞状态=未执行起飞 水平控制=位置保持 类型掩码=3520 实际位置NED=(0.136,0.020,-2.248) 实际速度=(0.002,-0.000,-0.007) 最终目标=(0.133,0.024,-2.255) 指令位置=(0.133,0.024,-2.255) 指令速度=(0.000,0.000,0.000) 指令加速度=(0.000,0.000,0.000) 滚转角=0.05度 俯仰角=-0.01度
11:09:49.260533 [轨迹] 序号=227 单调时间=8604.040598 时间=8604.041 模式=OFFBOARD 起飞状态=未执行起飞 水平控制=位置保持 类型掩码=3520 实际位置NED=(0.136,0.020,-2.248) 实际速度=(0.002,0.000,-0.007) 最终目标=(0.133,0.024,-2.255) 指令位置=(0.133,0.024,-2.255) 指令速度=(0.000,0.000,0.000) 指令加速度=(0.000,0.000,0.000) 滚转角=0.06度 俯仰角=0.00度
11:09:49.364909 [轨迹] 序号=228 单调时间=8604.144816 时间=8604.145 模式=OFFBOARD 起飞状态=未执行起飞 水平控制=位置保持 类型掩码=3520 实际位置NED=(0.137,0.021,-2.249) 实际速度=(0.003,0.002,-0.006) 最终目标=(0.133,0.024,-2.255) 指令位置=(0.133,0.024,-2.255) 指令速度=(0.000,0.000,0.000) 指令加速度=(0.000,0.000,0.000) 滚转角=0.07度 俯仰角=0.01度
11:09:49.467903 [轨迹] 序号=229 单调时间=8604.247925 时间=8604.248 模式=OFFBOARD 起飞状态=未执行起飞 水平控制=位置保持 类型掩码=3520 实际位置NED=(0.137,0.021,-2.250) 实际速度=(0.003,0.003,-0.006) 最终目标=(0.133,0.024,-2.255) 指令位置=(0.133,0.024,-2.255) 指令速度=(0.000,0.000,0.000) 指令加速度=(0.000,0.000,0.000) 滚转角=0.08度 俯仰角=0.02度
11:09:49 [贴顶流程] 待机
11:09:49 [安全离顶] 控制权已经恢复，现在发送正式降落指令
11:09:49 [应答] 降落：已接受（MAV_RESULT_ACCEPTED）
11:09:52 [模式] 已退出OFFBOARD；旧目标已丢弃，开始跟随飞机当前位置
11:09:52.132430 [轨迹] 序号=230 单调时间=8606.912378 时间=8606.912 模式=AUTO.LAND 起飞状态=未执行起飞 水平控制=位置保持 类型掩码=3520 实际位置NED=(0.140,0.022,-1.821) 实际速度=(0.002,-0.007,0.654) 最终目标=(0.140,0.022,-1.821) 指令位置=(0.140,0.022,nan) 指令速度=(0.000,0.000,0.000) 指令加速度=(0.000,0.000,nan) 滚转角=0.13度 俯仰角=0.09度
11:09:52.237591 [轨迹] 序号=231 单调时间=8607.017255 时间=8607.017 模式=AUTO.LAND 起飞状态=未执行起飞 水平控制=位置保持 类型掩码=3520 实际位置NED=(0.140,0.021,-1.801) 实际速度=(0.001,-0.008,0.647) 最终目标=(0.140,0.021,-1.801) 指令位置=(0.140,0.021,nan) 指令速度=(0.000,0.000,0.000) 指令加速度=(0.000,0.000,nan) 滚转角=0.12度 俯仰角=0.07度
11:09:52.340198 [轨迹] 序号=232 单调时间=8607.120076 时间=8607.120 模式=AUTO.LAND 起飞状态=未执行起飞 水平控制=位置保持 类型掩码=3520 实际位置NED=(0.139,0.019,-1.780) 实际速度=(0.001,-0.009,0.643) 最终目标=(0.139,0.019,-1.780) 指令位置=(0.139,0.019,nan) 指令速度=(0.000,0.000,0.000) 指令加速度=(0.000,0.000,nan) 滚转角=0.12度 俯仰角=0.05度
11:09:52.442803 [轨迹] 序号=233 单调时间=8607.222654 时间=8607.223 模式=AUTO.LAND 起飞状态=未执行起飞 水平控制=位置保持 类型掩码=3520 实际位置NED=(0.138,0.017,-1.740) 实际速度=(-0.001,-0.011,0.639) 最终目标=(0.138,0.017,-1.740) 指令位置=(0.138,0.017,nan) 指令速度=(0.000,0.000,0.000) 指令加速度=(0.000,0.000,nan) 滚转角=0.11度 俯仰角=0.03度
11:09:52.545922 [轨迹] 序号=234 单调时间=8607.325801 时间=8607.326 模式=AUTO.LAND 起飞状态=未执行起飞 水平控制=位置保持 类型掩码=3520 实际位置NED=(0.137,0.015,-1.715) 实际速度=(-0.002,-0.011,0.638) 最终目标=(0.137,0.015,-1.715) 指令位置=(0.137,0.015,nan) 指令速度=(0.000,0.000,0.000) 指令加速度=(0.000,0.000,nan) 滚转角=0.09度 俯仰角=0.00度
11:09:52.648601 [轨迹] 序号=235 单调时间=8607.428493 时间=8607.428 模式=AUTO.LAND 起飞状态=未执行起飞 水平控制=位置保持 类型掩码=3520 实际位置NED=(0.136,0.014,-1.695) 实际速度=(-0.003,-0.011,0.639) 最终目标=(0.136,0.014,-1.695) 指令位置=(0.136,0.014,nan) 指令速度=(0.000,0.000,0.000) 指令加速度=(0.000,0.000,nan) 滚转角=0.08度 俯仰角=-0.02度
11:09:52.751025 [轨迹] 序号=236 单调时间=8607.530968 时间=8607.531 模式=AUTO.LAND 起飞状态=未执行起飞 水平控制=位置保持 类型掩码=3520 实际位置NED=(0.135,0.014,-1.675) 实际速度=(-0.004,-0.011,0.641) 最终目标=(0.135,0.014,-1.675) 指令位置=(0.135,0.014,nan) 指令速度=(0.000,0.000,0.000) 指令加速度=(0.000,0.000,nan) 滚转角=0.07度 俯仰角=-0.04度
11:09:52.853951 [轨迹] 序号=237 单调时间=8607.633889 时间=8607.634 模式=AUTO.LAND 起飞状态=未执行起飞 水平控制=位置保持 类型掩码=3520 实际位置NED=(0.133,0.012,-1.635) 实际速度=(-0.005,-0.010,0.645) 最终目标=(0.133,0.012,-1.635) 指令位置=(0.133,0.012,nan) 指令速度=(0.000,0.000,0.000) 指令加速度=(0.000,0.000,nan) 滚转角=0.04度 俯仰角=-0.07度
11:09:52.957333 [轨迹] 序号=238 单调时间=8607.737198 时间=8607.737 模式=AUTO.LAND 起飞状态=未执行起飞 水平控制=位置保持 类型掩码=3520 实际位置NED=(0.132,0.012,-1.615) 实际速度=(-0.006,-0.010,0.647) 最终目标=(0.132,0.012,-1.615) 指令位置=(0.132,0.012,nan) 指令速度=(0.000,0.000,0.000) 指令加速度=(0.000,0.000,nan) 滚转角=0.02度 俯仰角=-0.09度
11:09:53.060941 [轨迹] 序号=239 单调时间=8607.840125 时间=8607.840 模式=AUTO.LAND 起飞状态=未执行起飞 水平控制=位置保持 类型掩码=3520 实际位置NED=(0.131,0.011,-1.590) 实际速度=(-0.007,-0.009,0.650) 最终目标=(0.131,0.011,-1.590) 指令位置=(0.131,0.011,nan) 指令速度=(0.000,0.000,0.000) 指令加速度=(0.000,0.000,nan) 滚转角=0.00度 俯仰角=-0.10度
11:09:53.163997 [轨迹] 序号=240 单调时间=8607.943747 时间=8607.944 模式=AUTO.LAND 起飞状态=未执行起飞 水平控制=位置保持 类型掩码=3520 实际位置NED=(0.130,0.011,-1.569) 实际速度=(-0.007,-0.008,0.653) 最终目标=(0.130,0.011,-1.569) 指令位置=(0.130,0.011,nan) 指令速度=(0.000,0.000,0.000) 指令加速度=(0.000,0.000,nan) 滚转角=-0.02度 俯仰角=-0.11度
11:09:53.268229 [轨迹] 序号=241 单调时间=8608.048078 时间=8608.048 模式=AUTO.LAND 起飞状态=未执行起飞 水平控制=位置保持 类型掩码=3520 实际位置NED=(0.128,0.010,-1.549) 实际速度=(-0.008,-0.007,0.655) 最终目标=(0.128,0.010,-1.549) 指令位置=(0.128,0.010,nan) 指令速度=(0.000,0.000,0.000) 指令加速度=(0.000,0.000,nan) 滚转角=-0.03度 俯仰角=-0.11度
11:09:53.371564 [轨迹] 序号=242 单调时间=8608.151413 时间=8608.151 模式=AUTO.LAND 起飞状态=未执行起飞 水平控制=位置保持 类型掩码=3520 实际位置NED=(0.125,0.010,-1.507) 实际速度=(-0.010,-0.004,0.661) 最终目标=(0.125,0.010,-1.507) 指令位置=(0.125,0.010,nan) 指令速度=(0.000,0.000,0.000) 指令加速度=(0.000,0.000,nan) 滚转角=-0.06度 俯仰角=-0.11度
11:09:53.474003 [轨迹] 序号=243 单调时间=8608.253947 时间=8608.254 模式=AUTO.LAND 起飞状态=未执行起飞 水平控制=位置保持 类型掩码=3520 实际位置NED=(0.123,0.010,-1.486) 实际速度=(-0.011,-0.003,0.663) 最终目标=(0.123,0.010,-1.486) 指令位置=(0.123,0.010,nan) 指令速度=(0.000,0.000,0.000) 指令加速度=(0.000,0.000,nan) 滚转角=-0.08度 俯仰角=-0.11度
11:09:53.577628 [轨迹] 序号=244 单调时间=8608.357626 时间=8608.358 模式=AUTO.LAND 起飞状态=未执行起飞 水平控制=位置保持 类型掩码=3520 实际位置NED=(0.121,0.010,-1.460) 实际速度=(-0.012,-0.001,0.666) 最终目标=(0.121,0.010,-1.460) 指令位置=(0.121,0.010,nan) 指令速度=(0.000,0.000,0.000) 指令加速度=(0.000,0.000,nan) 滚转角=-0.11度 俯仰角=-0.11度
11:09:53.680562 [轨迹] 序号=245 单调时间=8608.460454 时间=8608.460 模式=AUTO.LAND 起飞状态=未执行起飞 水平控制=位置保持 类型掩码=3520 实际位置NED=(0.119,0.011,-1.418) 实际速度=(-0.011,0.001,0.671) 最终目标=(0.119,0.011,-1.418) 指令位置=(0.119,0.011,nan) 指令速度=(0.000,0.000,0.000) 指令加速度=(0.000,0.000,nan) 滚转角=-0.13度 俯仰角=-0.10度
11:09:53.783901 [轨迹] 序号=246 单调时间=8608.563736 时间=8608.564 模式=AUTO.LAND 起飞状态=未执行起飞 水平控制=位置保持 类型掩码=3520 实际位置NED=(0.117,0.011,-1.397) 实际速度=(-0.011,0.003,0.673) 最终目标=(0.117,0.011,-1.397) 指令位置=(0.117,0.011,nan) 指令速度=(0.000,0.000,0.000) 指令加速度=(0.000,0.000,nan) 滚转角=-0.16度 俯仰角=-0.08度
11:09:53.886703 [轨迹] 序号=247 单调时间=8608.666668 时间=8608.667 模式=AUTO.LAND 起飞状态=未执行起飞 水平控制=位置保持 类型掩码=3520 实际位置NED=(0.116,0.012,-1.375) 实际速度=(-0.011,0.004,0.675) 最终目标=(0.116,0.012,-1.375) 指令位置=(0.116,0.012,nan) 指令速度=(0.000,0.000,0.000) 指令加速度=(0.000,0.000,nan) 滚转角=-0.18度 俯仰角=-0.07度
11:09:53.989380 [轨迹] 序号=248 单调时间=8608.769317 时间=8608.769 模式=AUTO.LAND 起飞状态=未执行起飞 水平控制=位置保持 类型掩码=3520 实际位置NED=(0.115,0.012,-1.354) 实际速度=(-0.010,0.005,0.677) 最终目标=(0.115,0.012,-1.354) 指令位置=(0.115,0.012,nan) 指令速度=(0.000,0.000,0.000) 指令加速度=(0.000,0.000,nan) 滚转角=-0.20度 俯仰角=-0.05度
11:09:54.091952 [轨迹] 序号=249 单调时间=8608.872058 时间=8608.872 模式=AUTO.LAND 起飞状态=未执行起飞 水平控制=位置保持 类型掩码=3520 实际位置NED=(0.114,0.013,-1.327) 实际速度=(-0.009,0.007,0.679) 最终目标=(0.114,0.013,-1.327) 指令位置=(0.114,0.013,nan) 指令速度=(0.000,0.000,0.000) 指令加速度=(0.000,0.000,nan) 滚转角=-0.23度 俯仰角=-0.03度
11:09:54.194355 [轨迹] 序号=250 单调时间=8608.974231 时间=8608.974 模式=AUTO.LAND 起飞状态=未执行起飞 水平控制=位置保持 类型掩码=3520 实际位置NED=(0.113,0.014,-1.284) 实际速度=(-0.007,0.009,0.683) 最终目标=(0.113,0.014,-1.284) 指令位置=(0.113,0.014,nan) 指令速度=(0.000,0.000,0.000) 指令加速度=(0.000,0.000,nan) 滚转角=-0.24度 俯仰角=-0.01度
11:09:54.296772 [轨迹] 序号=251 单调时间=8609.076714 时间=8609.077 模式=AUTO.LAND 起飞状态=未执行起飞 水平控制=位置保持 类型掩码=3520 实际位置NED=(0.112,0.015,-1.262) 实际速度=(-0.006,0.009,0.685) 最终目标=(0.112,0.015,-1.262) 指令位置=(0.112,0.015,nan) 指令速度=(0.000,0.000,0.000) 指令加速度=(0.000,0.000,nan) 滚转角=-0.25度 俯仰角=0.01度
11:09:54.399738 [轨迹] 序号=252 单调时间=8609.179662 时间=8609.180 模式=AUTO.LAND 起飞状态=未执行起飞 水平控制=位置保持 类型掩码=3520 实际位置NED=(0.112,0.015,-1.240) 实际速度=(-0.005,0.010,0.686) 最终目标=(0.112,0.015,-1.240) 指令位置=(0.112,0.015,nan) 指令速度=(0.000,0.000,0.000) 指令加速度=(0.000,0.000,nan) 滚转角=-0.25度 俯仰角=0.02度
11:09:54.502827 [轨迹] 序号=253 单调时间=8609.282731 时间=8609.283 模式=AUTO.LAND 起飞状态=未执行起飞 水平控制=位置保持 类型掩码=3520 实际位置NED=(0.111,0.016,-1.218) 实际速度=(-0.004,0.011,0.687) 最终目标=(0.111,0.016,-1.218) 指令位置=(0.111,0.016,nan) 指令速度=(0.000,0.000,0.000) 指令加速度=(0.000,0.000,nan) 滚转角=-0.25度 俯仰角=0.03度
11:09:54.606535 [轨迹] 序号=254 单调时间=8609.386327 时间=8609.386 模式=AUTO.LAND 起飞状态=未执行起飞 水平控制=位置保持 类型掩码=3520 实际位置NED=(0.111,0.018,-1.169) 实际速度=(0.000,0.013,0.690) 最终目标=(0.111,0.018,-1.169) 指令位置=(0.111,0.018,nan) 指令速度=(0.000,0.000,0.000) 指令加速度=(0.000,0.000,nan) 滚转角=-0.25度 俯仰角=0.06度
11:09:54.710468 [轨迹] 序号=255 单调时间=8609.490086 时间=8609.490 模式=AUTO.LAND 起飞状态=未执行起飞 水平控制=位置保持 类型掩码=3520 实际位置NED=(0.111,0.020,-1.147) 实际速度=(0.002,0.014,0.691) 最终目标=(0.111,0.020,-1.147) 指令位置=(0.111,0.020,nan) 指令速度=(0.000,0.000,0.000) 指令加速度=(0.000,0.000,nan) 滚转角=-0.25度 俯仰角=0.07度
11:09:54.813829 [轨迹] 序号=256 单调时间=8609.593886 时间=8609.594 模式=AUTO.LAND 起飞状态=未执行起飞 水平控制=位置保持 类型掩码=3520 实际位置NED=(0.112,0.021,-1.125) 实际速度=(0.005,0.016,0.692) 最终目标=(0.112,0.021,-1.125) 指令位置=(0.112,0.021,nan) 指令速度=(0.000,0.000,0.000) 指令加速度=(0.000,0.000,nan) 滚转角=-0.25度 俯仰角=0.09度
11:09:54.916866 [轨迹] 序号=257 单调时间=8609.696695 时间=8609.697 模式=AUTO.LAND 起飞状态=未执行起飞 水平控制=位置保持 类型掩码=3520 实际位置NED=(0.112,0.023,-1.103) 实际速度=(0.007,0.017,0.693) 最终目标=(0.112,0.023,-1.103) 指令位置=(0.112,0.023,nan) 指令速度=(0.000,0.000,0.000) 指令加速度=(0.000,0.000,nan) 滚转角=-0.23度 俯仰角=0.10度
11:09:55.018377 [轨迹] 序号=258 单调时间=8609.798166 时间=8609.798 模式=AUTO.LAND 起飞状态=未执行起飞 水平控制=位置保持 类型掩码=3520 实际位置NED=(0.113,0.025,-1.081) 实际速度=(0.009,0.019,0.694) 最终目标=(0.113,0.025,-1.081) 指令位置=(0.113,0.025,nan) 指令速度=(0.000,0.000,0.000) 指令加速度=(0.000,0.000,nan) 滚转角=-0.22度 俯仰角=0.12度
11:09:55.121520 [轨迹] 序号=259 单调时间=8609.901332 时间=8609.901 模式=AUTO.LAND 起飞状态=未执行起飞 水平控制=位置保持 类型掩码=3520 实际位置NED=(0.113,0.030,-1.031) 实际速度=(0.011,0.022,0.695) 最终目标=(0.113,0.030,-1.031) 指令位置=(0.113,0.030,nan) 指令速度=(0.000,0.000,0.000) 指令加速度=(0.000,0.000,nan) 滚转角=-0.19度 俯仰角=0.15度
11:09:55.225357 [轨迹] 序号=260 单调时间=8610.005257 时间=8610.005 模式=AUTO.LAND 起飞状态=未执行起飞 水平控制=位置保持 类型掩码=3520 实际位置NED=(0.113,0.032,-1.009) 实际速度=(0.012,0.023,0.695) 最终目标=(0.113,0.032,-1.009) 指令位置=(0.113,0.032,nan) 指令速度=(0.000,0.000,0.000) 指令加速度=(0.000,0.000,nan) 滚转角=-0.16度 俯仰角=0.18度
11:09:55.328479 [轨迹] 序号=261 单调时间=8610.108226 时间=8610.108 模式=AUTO.LAND 起飞状态=未执行起飞 水平控制=位置保持 类型掩码=3520 实际位置NED=(0.112,0.034,-0.986) 实际速度=(0.012,0.024,0.696) 最终目标=(0.112,0.034,-0.986) 指令位置=(0.112,0.034,nan) 指令速度=(0.000,0.000,0.000) 指令加速度=(0.000,0.000,nan) 滚转角=-0.14度 俯仰角=0.21度
11:09:55.432243 [轨迹] 序号=262 单调时间=8610.212150 时间=8610.212 模式=AUTO.LAND 起飞状态=未执行起飞 水平控制=位置保持 类型掩码=3520 实际位置NED=(0.112,0.038,-0.942) 实际速度=(0.011,0.025,0.692) 最终目标=(0.112,0.038,-0.942) 指令位置=(0.112,0.038,nan) 指令速度=(0.000,0.000,0.000) 指令加速度=(0.000,0.000,nan) 滚转角=-0.11度 俯仰角=0.26度
11:09:55.535544 [轨迹] 序号=263 单调时间=8610.315632 时间=8610.316 模式=AUTO.LAND 起飞状态=未执行起飞 水平控制=位置保持 类型掩码=3520 实际位置NED=(0.111,0.040,-0.915) 实际速度=(0.011,0.024,0.677) 最终目标=(0.111,0.040,-0.915) 指令位置=(0.111,0.040,nan) 指令速度=(0.000,0.000,0.000) 指令加速度=(0.000,0.000,nan) 滚转角=-0.10度 俯仰角=0.29度
11:09:55.638721 [轨迹] 序号=264 单调时间=8610.418552 时间=8610.419 模式=AUTO.LAND 起飞状态=未执行起飞 水平控制=位置保持 类型掩码=3520 实际位置NED=(0.111,0.041,-0.893) 实际速度=(0.011,0.023,0.656) 最终目标=(0.111,0.041,-0.893) 指令位置=(0.111,0.041,nan) 指令速度=(0.000,0.000,0.000) 指令加速度=(0.000,0.000,nan) 滚转角=-0.09度 俯仰角=0.32度
11:09:55.743841 [轨迹] 序号=265 单调时间=8610.523550 时间=8610.524 模式=AUTO.LAND 起飞状态=未执行起飞 水平控制=位置保持 类型掩码=3520 实际位置NED=(0.111,0.043,-0.873) 实际速度=(0.011,0.022,0.630) 最终目标=(0.111,0.043,-0.873) 指令位置=(0.111,0.043,nan) 指令速度=(0.000,0.000,0.000) 指令加速度=(0.000,0.000,nan) 滚转角=-0.08度 俯仰角=0.35度
11:09:55.847469 [轨迹] 序号=266 单调时间=8610.626979 时间=8610.627 模式=AUTO.LAND 起飞状态=未执行起飞 水平控制=位置保持 类型掩码=3520 实际位置NED=(0.110,0.044,-0.835) 实际速度=(0.011,0.018,0.560) 最终目标=(0.110,0.044,-0.835) 指令位置=(0.110,0.044,nan) 指令速度=(0.000,0.000,0.000) 指令加速度=(0.000,0.000,nan) 滚转角=-0.07度 俯仰角=0.38度
11:09:55.950667 [轨迹] 序号=267 单调时间=8610.730538 时间=8610.731 模式=AUTO.LAND 起飞状态=未执行起飞 水平控制=位置保持 类型掩码=3520 实际位置NED=(0.111,0.045,-0.818) 实际速度=(0.011,0.016,0.518) 最终目标=(0.111,0.045,-0.818) 指令位置=(0.111,0.045,nan) 指令速度=(0.000,0.000,0.000) 指令加速度=(0.000,0.000,nan) 滚转角=-0.07度 俯仰角=0.39度
11:09:56.053857 [轨迹] 序号=268 单调时间=8610.833823 时间=8610.834 模式=AUTO.LAND 起飞状态=未执行起飞 水平控制=位置保持 类型掩码=3520 实际位置NED=(0.111,0.045,-0.798) 实际速度=(0.012,0.012,0.459) 最终目标=(0.111,0.045,-0.798) 指令位置=(0.111,0.045,nan) 指令速度=(0.000,0.000,0.000) 指令加速度=(0.000,0.000,nan) 滚转角=-0.08度 俯仰角=0.40度
11:09:56.155346 [轨迹] 序号=269 单调时间=8610.935222 时间=8610.935 模式=AUTO.LAND 起飞状态=未执行起飞 水平控制=位置保持 类型掩码=3520 实际位置NED=(0.112,0.044,-0.784) 实际速度=(0.014,0.008,0.406) 最终目标=(0.112,0.044,-0.784) 指令位置=(0.112,0.044,nan) 指令速度=(0.000,0.000,0.000) 指令加速度=(0.000,0.000,nan) 滚转角=-0.08度 俯仰角=0.41度
11:09:56.258773 [轨迹] 序号=270 单调时间=8611.038568 时间=8611.039 模式=AUTO.LAND 起飞状态=未执行起飞 水平控制=位置保持 类型掩码=3520 实际位置NED=(0.113,0.044,-0.772) 实际速度=(0.015,0.005,0.354) 最终目标=(0.113,0.044,-0.772) 指令位置=(0.113,0.044,nan) 指令速度=(0.000,0.000,0.000) 指令加速度=(0.000,0.000,nan) 滚转角=-0.08度 俯仰角=0.40度
11:09:56.362643 [轨迹] 序号=271 单调时间=8611.142405 时间=8611.142 模式=AUTO.LAND 起飞状态=未执行起飞 水平控制=位置保持 类型掩码=3520 实际位置NED=(0.114,0.044,-0.762) 实际速度=(0.017,0.003,0.310) 最终目标=(0.114,0.044,-0.762) 指令位置=(0.114,0.044,nan) 指令速度=(0.000,0.000,0.000) 指令加速度=(0.000,0.000,nan) 滚转角=-0.09度 俯仰角=0.39度
11:09:56.465896 [轨迹] 序号=272 单调时间=8611.245793 时间=8611.246 模式=AUTO.LAND 起飞状态=未执行起飞 水平控制=位置保持 类型掩码=3520 实际位置NED=(0.116,0.044,-0.753) 实际速度=(0.020,0.001,0.276) 最终目标=(0.116,0.044,-0.753) 指令位置=(0.116,0.044,nan) 指令速度=(0.000,0.000,0.000) 指令加速度=(0.000,0.000,nan) 滚转角=-0.08度 俯仰角=0.38度
11:09:56.567335 [轨迹] 序号=273 单调时间=8611.347240 时间=8611.347 模式=AUTO.LAND 起飞状态=未执行起飞 水平控制=位置保持 类型掩码=3520 实际位置NED=(0.118,0.044,-0.744) 实际速度=(0.022,-0.000,0.253) 最终目标=(0.118,0.044,-0.744) 指令位置=(0.118,0.044,nan) 指令速度=(0.000,0.000,0.000) 指令加速度=(0.000,0.000,nan) 滚转角=-0.08度 俯仰角=0.36度
11:09:56.671246 [轨迹] 序号=274 单调时间=8611.451178 时间=8611.451 模式=AUTO.LAND 起飞状态=未执行起飞 水平控制=位置保持 类型掩码=3520 实际位置NED=(0.124,0.045,-0.729) 实际速度=(0.028,-0.002,0.233) 最终目标=(0.124,0.045,-0.729) 指令位置=(0.124,0.045,nan) 指令速度=(0.000,0.000,0.000) 指令加速度=(0.000,0.000,nan) 滚转角=-0.06度 俯仰角=0.32度
11:09:56.774577 [轨迹] 序号=275 单调时间=8611.554507 时间=8611.555 模式=AUTO.LAND 起飞状态=未执行起飞 水平控制=位置保持 类型掩码=3520 实际位置NED=(0.127,0.046,-0.722) 实际速度=(0.032,-0.003,0.234) 最终目标=(0.127,0.046,-0.722) 指令位置=(0.127,0.046,nan) 指令速度=(0.000,0.000,0.000) 指令加速度=(0.000,0.000,nan) 滚转角=-0.04度 俯仰角=0.31度
11:09:56.877605 [轨迹] 序号=276 单调时间=8611.657557 时间=8611.658 模式=AUTO.LAND 起飞状态=未执行起飞 水平控制=位置保持 类型掩码=3520 实际位置NED=(0.131,0.046,-0.712) 实际速度=(0.037,-0.004,0.243) 最终目标=(0.131,0.046,-0.712) 指令位置=(0.131,0.046,nan) 指令速度=(0.000,0.000,0.000) 指令加速度=(0.000,0.000,nan) 滚转角=-0.01度 俯仰角=0.29度
11:09:56.980822 [轨迹] 序号=277 单调时间=8611.760742 时间=8611.761 模式=AUTO.LAND 起飞状态=未执行起飞 水平控制=位置保持 类型掩码=3520 实际位置NED=(0.135,0.046,-0.704) 实际速度=(0.040,-0.004,0.255) 最终目标=(0.135,0.046,-0.704) 指令位置=(0.135,0.046,nan) 指令速度=(0.000,0.000,0.000) 指令加速度=(0.000,0.000,nan) 滚转角=0.03度 俯仰角=0.28度
11:09:57.083971 [轨迹] 序号=278 单调时间=8611.863894 时间=8611.864 模式=AUTO.LAND 起飞状态=未执行起飞 水平控制=位置保持 类型掩码=3520 实际位置NED=(0.139,0.047,-0.696) 实际速度=(0.043,-0.005,0.272) 最终目标=(0.139,0.047,-0.696) 指令位置=(0.139,0.047,nan) 指令速度=(0.000,0.000,0.000) 指令加速度=(0.000,0.000,nan) 滚转角=0.08度 俯仰角=0.27度
11:09:57.187346 [轨迹] 序号=279 单调时间=8611.967248 时间=8611.967 模式=AUTO.LAND 起飞状态=未执行起飞 水平控制=位置保持 类型掩码=3520 实际位置NED=(0.143,0.047,-0.687) 实际速度=(0.046,-0.005,0.290) 最终目标=(0.143,0.047,-0.687) 指令位置=(0.143,0.047,nan) 指令速度=(0.000,0.000,0.000) 指令加速度=(0.000,0.000,nan) 滚转角=0.14度 俯仰角=0.26度
11:09:57.291206 [轨迹] 序号=280 单调时间=8612.071132 时间=8612.071 模式=AUTO.LAND 起飞状态=未执行起飞 水平控制=位置保持 类型掩码=3520 实际位置NED=(0.151,0.048,-0.667) 实际速度=(0.050,-0.005,0.318) 最终目标=(0.151,0.048,-0.667) 指令位置=(0.151,0.048,nan) 指令速度=(0.000,0.000,0.000) 指令加速度=(0.000,0.000,nan) 滚转角=0.21度 俯仰角=0.25度
11:09:57.394955 [轨迹] 序号=281 单调时间=8612.174843 时间=8612.175 模式=AUTO.LAND 起飞状态=未执行起飞 水平控制=位置保持 类型掩码=3520 实际位置NED=(0.156,0.049,-0.654) 实际速度=(0.053,-0.005,0.330) 最终目标=(0.156,0.049,-0.654) 指令位置=(0.156,0.049,nan) 指令速度=(0.000,0.000,0.000) 指令加速度=(0.000,0.000,nan) 滚转角=0.28度 俯仰角=0.24度
11:09:57.498575 [轨迹] 序号=282 单调时间=8612.278523 时间=8612.279 模式=AUTO.LAND 起飞状态=未执行起飞 水平控制=位置保持 类型掩码=3520 实际位置NED=(0.160,0.049,-0.643) 实际速度=(0.054,-0.006,0.337) 最终目标=(0.160,0.049,-0.643) 指令位置=(0.160,0.049,nan) 指令速度=(0.000,0.000,0.000) 指令加速度=(0.000,0.000,nan) 滚转角=0.34度 俯仰角=0.23度
11:09:57.602079 [轨迹] 序号=283 单调时间=8612.381963 时间=8612.382 模式=AUTO.LAND 起飞状态=未执行起飞 水平控制=位置保持 类型掩码=3520 实际位置NED=(0.163,0.049,-0.634) 实际速度=(0.055,-0.006,0.340) 最终目标=(0.163,0.049,-0.634) 指令位置=(0.163,0.049,nan) 指令速度=(0.000,0.000,0.000) 指令加速度=(0.000,0.000,nan) 滚转角=0.41度 俯仰角=0.23度
11:09:57.705326 [轨迹] 序号=284 单调时间=8612.485162 时间=8612.485 模式=AUTO.LAND 起飞状态=未执行起飞 水平控制=位置保持 类型掩码=3520 实际位置NED=(0.168,0.050,-0.620) 实际速度=(0.056,-0.006,0.345) 最终目标=(0.168,0.050,-0.620) 指令位置=(0.168,0.050,nan) 指令速度=(0.000,0.000,0.000) 指令加速度=(0.000,0.000,nan) 滚转角=0.51度 俯仰角=0.22度
11:09:57.809607 [轨迹] 序号=285 单调时间=8612.589526 时间=8612.590 模式=AUTO.LAND 起飞状态=未执行起飞 水平控制=位置保持 类型掩码=3520 实际位置NED=(0.176,0.051,-0.598) 实际速度=(0.056,-0.006,0.348) 最终目标=(0.176,0.051,-0.598) 指令位置=(0.176,0.051,nan) 指令速度=(0.000,0.000,0.000) 指令加速度=(0.000,0.000,nan) 滚转角=0.55度 俯仰角=0.22度
11:09:57.912948 [轨迹] 序号=286 单调时间=8612.692804 时间=8612.693 模式=AUTO.LAND 起飞状态=未执行起飞 水平控制=位置保持 类型掩码=3520 实际位置NED=(0.180,0.052,-0.586) 实际速度=(0.056,-0.006,0.348) 最终目标=(0.180,0.052,-0.586) 指令位置=(0.180,0.052,nan) 指令速度=(0.000,0.000,0.000) 指令加速度=(0.000,0.000,nan) 滚转角=0.62度 俯仰角=0.22度
11:09:58.015606 [轨迹] 序号=287 单调时间=8612.795429 时间=8612.795 模式=AUTO.LAND 起飞状态=未执行起飞 水平控制=位置保持 类型掩码=3520 实际位置NED=(0.184,0.052,-0.575) 实际速度=(0.054,-0.006,0.348) 最终目标=(0.184,0.052,-0.575) 指令位置=(0.184,0.052,nan) 指令速度=(0.000,0.000,0.000) 指令加速度=(0.000,0.000,nan) 滚转角=0.68度 俯仰角=0.22度
11:09:58.119719 [轨迹] 序号=288 单调时间=8612.899550 时间=8612.900 模式=AUTO.LAND 起飞状态=未执行起飞 水平控制=位置保持 类型掩码=3520 实际位置NED=(0.188,0.053,-0.564) 实际速度=(0.052,-0.005,0.347) 最终目标=(0.188,0.053,-0.564) 指令位置=(0.188,0.053,nan) 指令速度=(0.000,0.000,0.000) 指令加速度=(0.000,0.000,nan) 滚转角=0.75度 俯仰角=0.21度
11:09:58.223267 [轨迹] 序号=289 单调时间=8613.003118 时间=8613.003 模式=AUTO.LAND 起飞状态=未执行起飞 水平控制=位置保持 类型掩码=3520 实际位置NED=(0.191,0.054,-0.550) 实际速度=(0.048,-0.005,0.345) 最终目标=(0.191,0.054,-0.550) 指令位置=(0.191,0.054,nan) 指令速度=(0.000,0.000,0.000) 指令加速度=(0.000,0.000,nan) 滚转角=0.81度 俯仰角=0.21度
11:09:58.326875 [轨迹] 序号=290 单调时间=8613.106813 时间=8613.107 模式=AUTO.LAND 起飞状态=未执行起飞 水平控制=位置保持 类型掩码=3520 实际位置NED=(0.196,0.056,-0.527) 实际速度=(0.040,-0.004,0.342) 最终目标=(0.196,0.056,-0.527) 指令位置=(0.196,0.056,nan) 指令速度=(0.000,0.000,0.000) 指令加速度=(0.000,0.000,nan) 滚转角=0.87度 俯仰角=0.22度
11:09:58.431837 [轨迹] 序号=291 单调时间=8613.211749 时间=8613.212 模式=AUTO.LAND 起飞状态=未执行起飞 水平控制=位置保持 类型掩码=3520 实际位置NED=(0.198,0.056,-0.516) 实际速度=(0.035,-0.003,0.340) 最终目标=(0.198,0.056,-0.516) 指令位置=(0.198,0.056,nan) 指令速度=(0.000,0.000,0.000) 指令加速度=(0.000,0.000,nan) 滚转角=0.89度 俯仰角=0.22度
11:09:58.535515 [轨迹] 序号=292 单调时间=8613.315285 时间=8613.315 模式=AUTO.LAND 起飞状态=未执行起飞 水平控制=位置保持 类型掩码=3520 实际位置NED=(0.200,0.057,-0.505) 实际速度=(0.030,-0.003,0.338) 最终目标=(0.200,0.057,-0.505) 指令位置=(0.200,0.057,nan) 指令速度=(0.000,0.000,0.000) 指令加速度=(0.000,0.000,nan) 滚转角=0.92度 俯仰角=0.23度
11:09:58.639545 [轨迹] 序号=293 单调时间=8613.419265 时间=8613.419 模式=AUTO.LAND 起飞状态=未执行起飞 水平控制=位置保持 类型掩码=3520 实际位置NED=(0.201,0.058,-0.494) 实际速度=(0.024,-0.002,0.336) 最终目标=(0.201,0.058,-0.494) 指令位置=(0.201,0.058,nan) 指令速度=(0.000,0.000,0.000) 指令加速度=(0.000,0.000,nan) 滚转角=0.93度 俯仰角=0.24度
11:09:58.739659 [轨迹] 序号=294 单调时间=8613.519718 时间=8613.520 模式=AUTO.LAND 起飞状态=未执行起飞 水平控制=位置保持 类型掩码=3520 实际位置NED=(0.202,0.060,-0.470) 实际速度=(0.010,-0.001,0.332) 最终目标=(0.202,0.060,-0.470) 指令位置=(0.202,0.060,nan) 指令速度=(0.000,0.000,0.000) 指令加速度=(0.000,0.000,nan) 滚转角=0.93度 俯仰角=0.27度
11:09:58.843260 [轨迹] 序号=295 单调时间=8613.623115 时间=8613.623 模式=AUTO.LAND 起飞状态=未执行起飞 水平控制=位置保持 类型掩码=3520 实际位置NED=(0.202,0.061,-0.459) 实际速度=(0.004,-0.001,0.330) 最终目标=(0.202,0.061,-0.459) 指令位置=(0.202,0.061,nan) 指令速度=(0.000,0.000,0.000) 指令加速度=(0.000,0.000,nan) 滚转角=0.92度 俯仰角=0.28度
11:09:58.947020 [轨迹] 序号=296 单调时间=8613.726353 时间=8613.726 模式=AUTO.LAND 起飞状态=未执行起飞 水平控制=位置保持 类型掩码=3520 实际位置NED=(0.202,0.062,-0.449) 实际速度=(-0.002,-0.001,0.329) 最终目标=(0.202,0.062,-0.449) 指令位置=(0.202,0.062,nan) 指令速度=(0.000,0.000,0.000) 指令加速度=(0.000,0.000,nan) 滚转角=0.89度 俯仰角=0.30度
11:09:59.050158 [轨迹] 序号=297 单调时间=8613.830149 时间=8613.830 模式=AUTO.LAND 起飞状态=未执行起飞 水平控制=位置保持 类型掩码=3520 实际位置NED=(0.201,0.063,-0.438) 实际速度=(-0.009,-0.001,0.327) 最终目标=(0.201,0.063,-0.438) 指令位置=(0.201,0.063,nan) 指令速度=(0.000,0.000,0.000) 指令加速度=(0.000,0.000,nan) 滚转角=0.86度 俯仰角=0.32度
11:09:59.153462 [轨迹] 序号=298 单调时间=8613.933206 时间=8613.933 模式=AUTO.LAND 起飞状态=未执行起飞 水平控制=位置保持 类型掩码=3520 实际位置NED=(0.200,0.064,-0.428) 实际速度=(-0.016,-0.000,0.326) 最终目标=(0.200,0.064,-0.428) 指令位置=(0.200,0.064,nan) 指令速度=(0.000,0.000,0.000) 指令加速度=(0.000,0.000,nan) 滚转角=0.83度 俯仰角=0.33度
11:09:59.256130 [轨迹] 序号=299 单调时间=8614.036079 时间=8614.036 模式=AUTO.LAND 起飞状态=未执行起飞 水平控制=位置保持 类型掩码=3520 实际位置NED=(0.197,0.067,-0.404) 实际速度=(-0.029,0.002,0.323) 最终目标=(0.197,0.067,-0.404) 指令位置=(0.197,0.067,nan) 指令速度=(0.000,0.000,0.000) 指令加速度=(0.000,0.000,nan) 滚转角=0.75度 俯仰角=0.36度
11:09:59.359180 [轨迹] 序号=300 单调时间=8614.139158 时间=8614.139 模式=AUTO.LAND 起飞状态=未执行起飞 水平控制=位置保持 类型掩码=3520 实际位置NED=(0.195,0.069,-0.393) 实际速度=(-0.034,0.004,0.321) 最终目标=(0.195,0.069,-0.393) 指令位置=(0.195,0.069,nan) 指令速度=(0.000,0.000,0.000) 指令加速度=(0.000,0.000,nan) 滚转角=0.68度 俯仰角=0.38度
11:09:59.462779 [轨迹] 序号=301 单调时间=8614.242580 时间=8614.243 模式=AUTO.LAND 起飞状态=未执行起飞 水平控制=位置保持 类型掩码=3520 实际位置NED=(0.193,0.070,-0.383) 实际速度=(-0.039,0.006,0.320) 最终目标=(0.193,0.070,-0.383) 指令位置=(0.193,0.070,nan) 指令速度=(0.000,0.000,0.000) 指令加速度=(0.000,0.000,nan) 滚转角=0.61度 俯仰角=0.41度
11:09:59.565984 [轨迹] 序号=302 单调时间=8614.345796 时间=8614.346 模式=AUTO.LAND 起飞状态=未执行起飞 水平控制=位置保持 类型掩码=3520 实际位置NED=(0.189,0.075,-0.362) 实际速度=(-0.047,0.012,0.317) 最终目标=(0.189,0.075,-0.362) 指令位置=(0.189,0.075,nan) 指令速度=(0.000,0.000,0.000) 指令加速度=(0.000,0.000,nan) 滚转角=0.53度 俯仰角=0.44度
11:09:59.669100 [轨迹] 序号=303 单调时间=8614.449202 时间=8614.449 模式=AUTO.LAND 起飞状态=未执行起飞 水平控制=位置保持 类型掩码=3520 实际位置NED=(0.186,0.078,-0.349) 实际速度=(-0.051,0.015,0.316) 最终目标=(0.186,0.078,-0.349) 指令位置=(0.186,0.078,nan) 指令速度=(0.000,0.000,0.000) 指令加速度=(0.000,0.000,nan) 滚转角=0.46度 俯仰角=0.47度
11:09:59.773277 [轨迹] 序号=304 单调时间=8614.553168 时间=8614.553 模式=AUTO.LAND 起飞状态=未执行起飞 水平控制=位置保持 类型掩码=3520 实际位置NED=(0.183,0.080,-0.339) 实际速度=(-0.054,0.017,0.315) 最终目标=(0.183,0.080,-0.339) 指令位置=(0.183,0.080,nan) 指令速度=(0.000,0.000,0.000) 指令加速度=(0.000,0.000,nan) 滚转角=0.38度 俯仰角=0.52度
11:09:59.876644 [轨迹] 序号=305 单调时间=8614.656599 时间=8614.657 模式=AUTO.LAND 起飞状态=未执行起飞 水平控制=位置保持 类型掩码=3520 实际位置NED=(0.181,0.082,-0.329) 实际速度=(-0.057,0.017,0.313) 最终目标=(0.181,0.082,-0.329) 指令位置=(0.181,0.082,nan) 指令速度=(0.000,0.000,0.000) 指令加速度=(0.000,0.000,nan) 滚转角=0.30度 俯仰角=0.58度
11:09:59.979719 [轨迹] 序号=306 单调时间=8614.759528 时间=8614.760 模式=AUTO.LAND 起飞状态=未执行起飞 水平控制=位置保持 类型掩码=3520 实际位置NED=(0.179,0.085,-0.319) 实际速度=(-0.057,0.018,0.312) 最终目标=(0.179,0.085,-0.319) 指令位置=(0.179,0.085,nan) 指令速度=(0.000,0.000,0.000) 指令加速度=(0.000,0.000,nan) 滚转角=0.22度 俯仰角=0.63度
11:10:00.082964 [轨迹] 序号=307 单调时间=8614.862546 时间=8614.863 模式=AUTO.LAND 起飞状态=未执行起飞 水平控制=位置保持 类型掩码=3520 实际位置NED=(0.175,0.089,-0.300) 实际速度=(-0.053,0.016,0.309) 最终目标=(0.175,0.089,-0.300) 指令位置=(0.175,0.089,nan) 指令速度=(0.000,0.000,0.000) 指令加速度=(0.000,0.000,nan) 滚转角=0.14度 俯仰角=0.69度
11:10:00.186267 [轨迹] 序号=308 单调时间=8614.966138 时间=8614.966 模式=AUTO.LAND 起飞状态=未执行起飞 水平控制=位置保持 类型掩码=3520 实际位置NED=(0.173,0.091,-0.288) 实际速度=(-0.049,0.012,0.307) 最终目标=(0.173,0.091,-0.288) 指令位置=(0.173,0.091,nan) 指令速度=(0.000,0.000,0.000) 指令加速度=(0.000,0.000,nan) 滚转角=0.07度 俯仰角=0.75度
11:10:00.289432 [轨迹] 序号=309 单调时间=8615.069358 时间=8615.069 模式=AUTO.LAND 起飞状态=未执行起飞 水平控制=位置保持 类型掩码=3520 实际位置NED=(0.172,0.092,-0.279) 实际速度=(-0.044,0.009,0.306) 最终目标=(0.172,0.092,-0.279) 指令位置=(0.172,0.092,nan) 指令速度=(0.000,0.000,0.000) 指令加速度=(0.000,0.000,nan) 滚转角=0.00度 俯仰角=0.81度
11:10:00.392853 [轨迹] 序号=310 单调时间=8615.172747 时间=8615.173 模式=AUTO.LAND 起飞状态=未执行起飞 水平控制=位置保持 类型掩码=3520 实际位置NED=(0.171,0.094,-0.259) 实际速度=(-0.034,0.000,0.306) 最终目标=(0.171,0.094,-0.259) 指令位置=(0.171,0.094,nan) 指令速度=(0.000,0.000,0.000) 指令加速度=(0.000,0.000,nan) 滚转角=-0.03度 俯仰角=0.84度
11:10:00.496027 [轨迹] 序号=311 单调时间=8615.275866 时间=8615.276 模式=AUTO.LAND 起飞状态=未执行起飞 水平控制=位置保持 类型掩码=3520 实际位置NED=(0.169,0.096,-0.256) 实际速度=(-0.094,0.109,0.028) 最终目标=(0.169,0.096,-0.256) 指令位置=(0.169,0.096,nan) 指令速度=(0.000,0.000,0.000) 指令加速度=(0.000,0.000,nan) 滚转角=0.39度 俯仰角=0.02度
11:10:00.602431 [轨迹] 序号=312 单调时间=8615.382372 时间=8615.382 模式=AUTO.LAND 起飞状态=未执行起飞 水平控制=位置保持 类型掩码=3520 实际位置NED=(0.168,0.100,-0.256) 实际速度=(-0.068,0.102,0.010) 最终目标=(0.168,0.100,-0.256) 指令位置=(0.168,0.100,nan) 指令速度=(0.000,0.000,0.000) 指令加速度=(0.000,0.000,nan) 滚转角=0.26度 俯仰角=-0.05度
11:10:00.707119 [轨迹] 序号=313 单调时间=8615.487117 时间=8615.487 模式=AUTO.LAND 起飞状态=未执行起飞 水平控制=位置保持 类型掩码=3520 实际位置NED=(0.167,0.104,-0.255) 实际速度=(-0.035,0.101,0.018) 最终目标=(0.167,0.104,-0.255) 指令位置=(0.167,0.104,nan) 指令速度=(0.000,0.000,0.000) 指令加速度=(0.000,0.000,nan) 滚转角=0.00度 俯仰角=-0.05度
11:10:00.810014 [轨迹] 序号=314 单调时间=8615.590034 时间=8615.590 模式=AUTO.LAND 起飞状态=未执行起飞 水平控制=位置保持 类型掩码=3520 实际位置NED=(0.168,0.107,-0.256) 实际速度=(-0.000,0.082,0.002) 最终目标=(0.168,0.107,-0.256) 指令位置=(0.168,0.107,nan) 指令速度=(0.000,0.000,0.000) 指令加速度=(0.000,0.000,nan) 滚转角=0.00度 俯仰角=-0.05度
11:10:00.912971 [轨迹] 序号=315 单调时间=8615.692826 时间=8615.693 模式=AUTO.LAND 起飞状态=未执行起飞 水平控制=位置保持 类型掩码=3520 实际位置NED=(0.169,0.110,-0.256) 实际速度=(0.003,0.087,0.001) 最终目标=(0.169,0.110,-0.256) 指令位置=(0.169,0.110,nan) 指令速度=(0.000,0.000,0.000) 指令加速度=(0.000,0.000,nan) 滚转角=-0.00度 俯仰角=-0.05度
11:10:01.016855 [轨迹] 序号=316 单调时间=8615.796793 时间=8615.797 模式=AUTO.LAND 起飞状态=未执行起飞 水平控制=位置保持 类型掩码=3520 实际位置NED=(0.171,0.115,-0.258) 实际速度=(0.007,0.092,-0.000) 最终目标=(0.171,0.115,-0.258) 指令位置=(0.171,0.115,nan) 指令速度=(0.000,0.000,0.000) 指令加速度=(0.000,0.000,nan) 滚转角=-0.01度 俯仰角=-0.05度
11:10:01.120232 [轨迹] 序号=317 单调时间=8615.900077 时间=8615.900 模式=AUTO.LAND 起飞状态=未执行起飞 水平控制=位置保持 类型掩码=3520 实际位置NED=(0.173,0.118,-0.258) 实际速度=(0.009,0.094,-0.001) 最终目标=(0.173,0.118,-0.258) 指令位置=(0.173,0.118,nan) 指令速度=(0.000,0.000,0.000) 指令加速度=(0.000,0.000,nan) 滚转角=-0.01度 俯仰角=-0.06度
11:10:01.223705 [轨迹] 序号=318 单调时间=8616.003625 时间=8616.004 模式=AUTO.LAND 起飞状态=未执行起飞 水平控制=位置保持 类型掩码=3520 实际位置NED=(0.174,0.122,-0.260) 实际速度=(0.011,0.094,-0.003) 最终目标=(0.174,0.122,-0.260) 指令位置=(0.174,0.122,nan) 指令速度=(0.000,0.000,0.000) 指令加速度=(0.000,0.000,nan) 滚转角=-0.01度 俯仰角=-0.06度
11:10:01.327139 [轨迹] 序号=319 单调时间=8616.107130 时间=8616.107 模式=AUTO.LAND 起飞状态=未执行起飞 水平控制=位置保持 类型掩码=3520 实际位置NED=(0.175,0.125,-0.263) 实际速度=(0.012,0.092,-0.006) 最终目标=(0.175,0.125,-0.263) 指令位置=(0.175,0.125,nan) 指令速度=(0.000,0.000,0.000) 指令加速度=(0.000,0.000,nan) 滚转角=-0.00度 俯仰角=-0.05度
11:10:01.430949 [轨迹] 序号=320 单调时间=8616.210788 时间=8616.211 模式=AUTO.LAND 起飞状态=未执行起飞 水平控制=位置保持 类型掩码=3520 实际位置NED=(0.177,0.127,-0.266) 实际速度=(0.012,0.088,-0.008) 最终目标=(0.177,0.127,-0.266) 指令位置=(0.177,0.127,nan) 指令速度=(0.000,0.000,0.000) 指令加速度=(0.000,0.000,nan) 滚转角=-0.00度 俯仰角=-0.04度
11:10:01.533683 [轨迹] 序号=321 单调时间=8616.313617 时间=8616.314 模式=AUTO.LAND 起飞状态=未执行起飞 水平控制=位置保持 类型掩码=3520 实际位置NED=(0.179,0.130,-0.271) 实际速度=(0.013,0.078,-0.012) 最终目标=(0.179,0.130,-0.271) 指令位置=(0.179,0.130,nan) 指令速度=(0.000,0.000,0.000) 指令加速度=(0.000,0.000,nan) 滚转角=0.01度 俯仰角=-0.01度
11:10:01.636737 [轨迹] 序号=322 单调时间=8616.416703 时间=8616.417 模式=AUTO.LAND 起飞状态=未执行起飞 水平控制=位置保持 类型掩码=3520 实际位置NED=(0.179,0.131,-0.273) 实际速度=(0.013,0.073,-0.013) 最终目标=(0.179,0.131,-0.273) 指令位置=(0.179,0.131,nan) 指令速度=(0.000,0.000,0.000) 指令加速度=(0.000,0.000,nan) 滚转角=0.02度 俯仰角=0.01度
11:10:01.739711 [轨迹] 序号=323 单调时间=8616.519523 时间=8616.520 模式=AUTO.LAND 起飞状态=未执行起飞 水平控制=位置保持 类型掩码=3520 实际位置NED=(0.180,0.132,-0.275) 实际速度=(0.013,0.066,-0.015) 最终目标=(0.180,0.132,-0.275) 指令位置=(0.180,0.132,nan) 指令速度=(0.000,0.000,0.000) 指令加速度=(0.000,0.000,nan) 滚转角=0.02度 俯仰角=0.02度
11:10:01.843249 [轨迹] 序号=324 单调时间=8616.623177 时间=8616.623 模式=AUTO.LAND 起飞状态=未执行起飞 水平控制=位置保持 类型掩码=3520 实际位置NED=(0.181,0.132,-0.276) 实际速度=(0.013,0.061,-0.015) 最终目标=(0.181,0.132,-0.276) 指令位置=(0.181,0.132,nan) 指令速度=(0.000,0.000,0.000) 指令加速度=(0.000,0.000,nan) 滚转角=0.03度 俯仰角=0.04度
11:10:01.946283 [轨迹] 序号=325 单调时间=8616.726140 时间=8616.726 模式=AUTO.LAND 起飞状态=未执行起飞 水平控制=位置保持 类型掩码=3520 实际位置NED=(0.182,0.132,-0.277) 实际速度=(0.012,0.055,-0.015) 最终目标=(0.182,0.132,-0.277) 指令位置=(0.182,0.132,nan) 指令速度=(0.000,0.000,0.000) 指令加速度=(0.000,0.000,nan) 滚转角=0.04度 俯仰角=0.06度
11:10:02.049812 [轨迹] 序号=326 单调时间=8616.829717 时间=8616.830 模式=AUTO.LAND 起飞状态=未执行起飞 水平控制=位置保持 类型掩码=3520 实际位置NED=(0.183,0.131,-0.279) 实际速度=(0.011,0.045,-0.015) 最终目标=(0.183,0.131,-0.279) 指令位置=(0.183,0.131,nan) 指令速度=(0.000,0.000,0.000) 指令加速度=(0.000,0.000,nan) 滚转角=0.05度 俯仰角=0.09度
11:10:02.149925 [轨迹] 序号=327 单调时间=8616.929977 时间=8616.930 模式=AUTO.LAND 起飞状态=未执行起飞 水平控制=位置保持 类型掩码=3520 实际位置NED=(0.183,0.130,-0.279) 实际速度=(0.011,0.040,-0.015) 最终目标=(0.183,0.130,-0.279) 指令位置=(0.183,0.130,nan) 指令速度=(0.000,0.000,0.000) 指令加速度=(0.000,0.000,nan) 滚转角=0.05度 俯仰角=0.10度
11:10:02.253061 [轨迹] 序号=328 单调时间=8617.032911 时间=8617.033 模式=AUTO.LAND 起飞状态=未执行起飞 水平控制=位置保持 类型掩码=3520 实际位置NED=(0.184,0.128,-0.279) 实际速度=(0.010,0.034,-0.014) 最终目标=(0.184,0.128,-0.279) 指令位置=(0.184,0.128,nan) 指令速度=(0.000,0.000,0.000) 指令加速度=(0.000,0.000,nan) 滚转角=0.05度 俯仰角=0.11度
11:10:02.355928 [轨迹] 序号=329 单调时间=8617.135832 时间=8617.136 模式=AUTO.LAND 起飞状态=未执行起飞 水平控制=位置保持 类型掩码=3520 实际位置NED=(0.184,0.127,-0.279) 实际速度=(0.010,0.030,-0.014) 最终目标=(0.184,0.127,-0.279) 指令位置=(0.184,0.127,nan) 指令速度=(0.000,0.000,0.000) 指令加速度=(0.000,0.000,nan) 滚转角=0.06度 俯仰角=0.13度
11:10:02.458741 [轨迹] 序号=330 单调时间=8617.238703 时间=8617.239 模式=AUTO.LAND 起飞状态=未执行起飞 水平控制=位置保持 类型掩码=3520 实际位置NED=(0.184,0.126,-0.279) 实际速度=(0.010,0.026,-0.013) 最终目标=(0.184,0.126,-0.279) 指令位置=(0.184,0.126,nan) 指令速度=(0.000,0.000,0.000) 指令加速度=(0.000,0.000,nan) 滚转角=0.06度 俯仰角=0.14度
11:10:02.561972 [轨迹] 序号=331 单调时间=8617.341928 时间=8617.342 模式=AUTO.LAND 起飞状态=未执行起飞 水平控制=位置保持 类型掩码=3520 实际位置NED=(0.185,0.122,-0.279) 实际速度=(0.009,0.019,-0.011) 最终目标=(0.185,0.122,-0.279) 指令位置=(0.185,0.122,nan) 指令速度=(0.000,0.000,0.000) 指令加速度=(0.000,0.000,nan) 滚转角=0.07度 俯仰角=0.15度
11:10:02.663814 [轨迹] 序号=332 单调时间=8617.443721 时间=8617.444 模式=AUTO.LAND 起飞状态=未执行起飞 水平控制=位置保持 类型掩码=3520 实际位置NED=(0.185,0.121,-0.278) 实际速度=(0.008,0.016,-0.011) 最终目标=(0.185,0.121,-0.278) 指令位置=(0.185,0.121,nan) 指令速度=(0.000,0.000,0.000) 指令加速度=(0.000,0.000,nan) 滚转角=0.07度 俯仰角=0.15度
11:10:02.766784 [轨迹] 序号=333 单调时间=8617.546777 时间=8617.547 模式=AUTO.LAND 起飞状态=未执行起飞 水平控制=位置保持 类型掩码=3520 实际位置NED=(0.185,0.121,-0.278) 实际速度=(0.008,0.016,-0.011) 最终目标=(0.185,0.121,-0.278) 指令位置=(0.185,0.121,nan) 指令速度=(0.000,0.000,0.000) 指令加速度=(0.000,0.000,nan) 滚转角=0.07度 俯仰角=0.15度
11:10:02.870009 [轨迹] 序号=334 单调时间=8617.649978 时间=8617.650 模式=AUTO.LAND 起飞状态=未执行起飞 水平控制=位置保持 类型掩码=3520 实际位置NED=(0.185,0.117,-0.277) 实际速度=(0.007,0.010,-0.009) 最终目标=(0.185,0.117,-0.277) 指令位置=(0.185,0.117,nan) 指令速度=(0.000,0.000,0.000) 指令加速度=(0.000,0.000,nan) 滚转角=0.07度 俯仰角=0.15度
11:10:02.972578 [轨迹] 序号=335 单调时间=8617.752545 时间=8617.753 模式=AUTO.LAND 起飞状态=未执行起飞 水平控制=位置保持 类型掩码=3520 实际位置NED=(0.185,0.116,-0.276) 实际速度=(0.007,0.007,-0.008) 最终目标=(0.185,0.116,-0.276) 指令位置=(0.185,0.116,nan) 指令速度=(0.000,0.000,0.000) 指令加速度=(0.000,0.000,nan) 滚转角=0.07度 俯仰角=0.15度
11:10:03.077092 [轨迹] 序号=336 单调时间=8617.856915 时间=8617.857 模式=AUTO.LAND 起飞状态=未执行起飞 水平控制=位置保持 类型掩码=3520 实际位置NED=(0.186,0.114,-0.275) 实际速度=(0.007,0.006,-0.007) 最终目标=(0.186,0.114,-0.275) 指令位置=(0.186,0.114,nan) 指令速度=(0.000,0.000,0.000) 指令加速度=(0.000,0.000,nan) 滚转角=0.07度 俯仰角=0.15度
11:10:03.180186 [轨迹] 序号=337 单调时间=8617.960058 时间=8617.960 模式=AUTO.LAND 起飞状态=未执行起飞 水平控制=位置保持 类型掩码=3520 实际位置NED=(0.186,0.112,-0.275) 实际速度=(0.007,0.004,-0.006) 最终目标=(0.186,0.112,-0.275) 指令位置=(0.186,0.112,nan) 指令速度=(0.000,0.000,0.000) 指令加速度=(0.000,0.000,nan) 滚转角=0.07度 俯仰角=0.15度
11:10:03.284148 [轨迹] 序号=338 单调时间=8618.063974 时间=8618.064 模式=AUTO.LAND 起飞状态=未执行起飞 水平控制=位置保持 类型掩码=3520 实际位置NED=(0.186,0.111,-0.274) 实际速度=(0.006,0.002,-0.006) 最终目标=(0.186,0.111,-0.274) 指令位置=(0.186,0.111,nan) 指令速度=(0.000,0.000,0.000) 指令加速度=(0.000,0.000,nan) 滚转角=0.07度 俯仰角=0.15度
11:10:03.386963 [轨迹] 序号=339 单调时间=8618.166982 时间=8618.167 模式=AUTO.LAND 起飞状态=未执行起飞 水平控制=位置保持 类型掩码=3520 实际位置NED=(0.186,0.108,-0.272) 实际速度=(0.006,-0.001,-0.004) 最终目标=(0.186,0.108,-0.272) 指令位置=(0.186,0.108,nan) 指令速度=(0.000,0.000,0.000) 指令加速度=(0.000,0.000,nan) 滚转角=0.07度 俯仰角=0.15度
11:10:03.490379 [轨迹] 序号=340 单调时间=8618.270304 时间=8618.270 模式=AUTO.LAND 起飞状态=未执行起飞 水平控制=位置保持 类型掩码=3520 实际位置NED=(0.186,0.106,-0.271) 实际速度=(0.006,-0.002,-0.003) 最终目标=(0.186,0.106,-0.271) 指令位置=(0.186,0.106,nan) 指令速度=(0.000,0.000,0.000) 指令加速度=(0.000,0.000,nan) 滚转角=0.07度 俯仰角=0.15度
11:10:03.593403 [轨迹] 序号=341 单调时间=8618.373309 时间=8618.373 模式=AUTO.LAND 起飞状态=未执行起飞 水平控制=位置保持 类型掩码=3520 实际位置NED=(0.186,0.105,-0.270) 实际速度=(0.005,-0.003,-0.002) 最终目标=(0.186,0.105,-0.270) 指令位置=(0.186,0.105,nan) 指令速度=(0.000,0.000,0.000) 指令加速度=(0.000,0.000,nan) 滚转角=0.07度 俯仰角=0.15度
11:10:03.696654 [轨迹] 序号=342 单调时间=8618.476587 时间=8618.477 模式=AUTO.LAND 起飞状态=未执行起飞 水平控制=位置保持 类型掩码=3520 实际位置NED=(0.186,0.104,-0.269) 实际速度=(0.005,-0.003,-0.002) 最终目标=(0.186,0.104,-0.269) 指令位置=(0.186,0.104,nan) 指令速度=(0.000,0.000,0.000) 指令加速度=(0.000,0.000,nan) 滚转角=0.08度 俯仰角=0.15度
11:10:03.799907 [轨迹] 序号=343 单调时间=8618.579868 时间=8618.580 模式=AUTO.LAND 起飞状态=未执行起飞 水平控制=位置保持 类型掩码=3520 实际位置NED=(0.186,0.101,-0.267) 实际速度=(0.005,-0.005,-0.000) 最终目标=(0.186,0.101,-0.267) 指令位置=(0.186,0.101,nan) 指令速度=(0.000,0.000,0.000) 指令加速度=(0.000,0.000,nan) 滚转角=0.08度 俯仰角=0.14度
11:10:03.903060 [轨迹] 序号=344 单调时间=8618.682875 时间=8618.683 模式=AUTO.LAND 起飞状态=未执行起飞 水平控制=位置保持 类型掩码=3520 实际位置NED=(0.186,0.100,-0.266) 实际速度=(0.005,-0.005,0.001) 最终目标=(0.186,0.100,-0.266) 指令位置=(0.186,0.100,nan) 指令速度=(0.000,0.000,0.000) 指令加速度=(0.000,0.000,nan) 滚转角=0.08度 俯仰角=0.14度
11:10:04.007915 [轨迹] 序号=345 单调时间=8618.787397 时间=8618.787 模式=AUTO.LAND 起飞状态=未执行起飞 水平控制=位置保持 类型掩码=3520 实际位置NED=(0.186,0.099,-0.265) 实际速度=(0.005,-0.006,0.001) 最终目标=(0.186,0.099,-0.265) 指令位置=(0.186,0.099,nan) 指令速度=(0.000,0.000,0.000) 指令加速度=(0.000,0.000,nan) 滚转角=0.08度 俯仰角=0.14度
11:10:04.109593 [轨迹] 序号=346 单调时间=8618.888774 时间=8618.889 模式=AUTO.LAND 起飞状态=未执行起飞 水平控制=位置保持 类型掩码=3520 实际位置NED=(0.187,0.098,-0.265) 实际速度=(0.004,-0.006,0.002) 最终目标=(0.187,0.098,-0.265) 指令位置=(0.187,0.098,nan) 指令速度=(0.000,0.000,0.000) 指令加速度=(0.000,0.000,nan) 滚转角=0.08度 俯仰角=0.14度
11:10:04.213391 [轨迹] 序号=347 单调时间=8618.993080 时间=8618.993 模式=AUTO.LAND 起飞状态=未执行起飞 水平控制=位置保持 类型掩码=3520 实际位置NED=(0.187,0.096,-0.263) 实际速度=(0.004,-0.007,0.003) 最终目标=(0.187,0.096,-0.263) 指令位置=(0.187,0.096,nan) 指令速度=(0.000,0.000,0.000) 指令加速度=(0.000,0.000,nan) 滚转角=0.08度 俯仰角=0.14度
11:10:04.316527 [轨迹] 序号=348 单调时间=8619.096378 时间=8619.096 模式=AUTO.LAND 起飞状态=未执行起飞 水平控制=位置保持 类型掩码=3520 实际位置NED=(0.187,0.095,-0.262) 实际速度=(0.004,-0.007,0.004) 最终目标=(0.187,0.095,-0.262) 指令位置=(0.187,0.095,nan) 指令速度=(0.000,0.000,0.000) 指令加速度=(0.000,0.000,nan) 滚转角=0.08度 俯仰角=0.13度
11:10:04.420409 [轨迹] 序号=349 单调时间=8619.199583 时间=8619.200 模式=AUTO.LAND 起飞状态=未执行起飞 水平控制=位置保持 类型掩码=3520 实际位置NED=(0.187,0.095,-0.261) 实际速度=(0.004,-0.007,0.004) 最终目标=(0.187,0.095,-0.261) 指令位置=(0.187,0.095,nan) 指令速度=(0.000,0.000,0.000) 指令加速度=(0.000,0.000,nan) 滚转角=0.08度 俯仰角=0.13度
11:10:04.523811 [轨迹] 序号=350 单调时间=8619.303693 时间=8619.304 模式=AUTO.LAND 起飞状态=未执行起飞 水平控制=位置保持 类型掩码=3520 实际位置NED=(0.187,0.094,-0.260) 实际速度=(0.004,-0.007,0.005) 最终目标=(0.187,0.094,-0.260) 指令位置=(0.187,0.094,nan) 指令速度=(0.000,0.000,0.000) 指令加速度=(0.000,0.000,nan) 滚转角=0.08度 俯仰角=0.13度
11:10:04.627354 [轨迹] 序号=351 单调时间=8619.407427 时间=8619.407 模式=AUTO.LAND 起飞状态=未执行起飞 水平控制=位置保持 类型掩码=3520 实际位置NED=(0.187,0.093,-0.260) 实际速度=(0.004,-0.007,0.005) 最终目标=(0.187,0.093,-0.260) 指令位置=(0.187,0.093,nan) 指令速度=(0.000,0.000,0.000) 指令加速度=(0.000,0.000,nan) 滚转角=0.08度 俯仰角=0.13度
11:10:04.730925 [轨迹] 序号=352 单调时间=8619.510333 时间=8619.510 模式=AUTO.LAND 起飞状态=未执行起飞 水平控制=位置保持 类型掩码=3520 实际位置NED=(0.187,0.093,-0.259) 实际速度=(0.004,-0.007,0.005) 最终目标=(0.187,0.093,-0.259) 指令位置=(0.187,0.093,nan) 指令速度=(0.000,0.000,0.000) 指令加速度=(0.000,0.000,nan) 滚转角=0.08度 俯仰角=0.13度
11:10:04.835265 [轨迹] 序号=353 单调时间=8619.615214 时间=8619.615 模式=AUTO.LAND 起飞状态=未执行起飞 水平控制=位置保持 类型掩码=3520 实际位置NED=(0.187,0.092,-0.258) 实际速度=(0.004,-0.007,0.006) 最终目标=(0.187,0.092,-0.258) 指令位置=(0.187,0.092,nan) 指令速度=(0.000,0.000,0.000) 指令加速度=(0.000,0.000,nan) 滚转角=0.08度 俯仰角=0.13度
11:10:04.939479 [轨迹] 序号=354 单调时间=8619.719442 时间=8619.719 模式=AUTO.LAND 起飞状态=未执行起飞 水平控制=位置保持 类型掩码=3520 实际位置NED=(0.188,0.091,-0.257) 实际速度=(0.003,-0.007,0.007) 最终目标=(0.188,0.091,-0.257) 指令位置=(0.188,0.091,nan) 指令速度=(0.000,0.000,0.000) 指令加速度=(0.000,0.000,nan) 滚转角=0.08度 俯仰角=0.13度
11:10:05.043315 [轨迹] 序号=355 单调时间=8619.823101 时间=8619.823 模式=AUTO.LAND 起飞状态=未执行起飞 水平控制=位置保持 类型掩码=3520 实际位置NED=(0.188,0.091,-0.256) 实际速度=(0.003,-0.007,0.007) 最终目标=(0.188,0.091,-0.256) 指令位置=(0.188,0.091,nan) 指令速度=(0.000,0.000,0.000) 指令加速度=(0.000,0.000,nan) 滚转角=0.08度 俯仰角=0.12度
11:10:05.147348 [轨迹] 序号=356 单调时间=8619.927264 时间=8619.927 模式=AUTO.LAND 起飞状态=未执行起飞 水平控制=位置保持 类型掩码=3520 实际位置NED=(0.188,0.090,-0.255) 实际速度=(0.003,-0.007,0.007) 最终目标=(0.188,0.090,-0.255) 指令位置=(0.188,0.090,nan) 指令速度=(0.000,0.000,0.000) 指令加速度=(0.000,0.000,nan) 滚转角=0.08度 俯仰角=0.13度
11:10:05.250502 [轨迹] 序号=357 单调时间=8620.030435 时间=8620.030 模式=AUTO.LAND 起飞状态=未执行起飞 水平控制=位置保持 类型掩码=3520 实际位置NED=(0.188,0.090,-0.254) 实际速度=(0.003,-0.006,0.008) 最终目标=(0.188,0.090,-0.254) 指令位置=(0.188,0.090,nan) 指令速度=(0.000,0.000,0.000) 指令加速度=(0.000,0.000,nan) 滚转角=0.08度 俯仰角=0.13度
11:10:05.353703 [轨迹] 序号=358 单调时间=8620.133457 时间=8620.133 模式=AUTO.LAND 起飞状态=未执行起飞 水平控制=位置保持 类型掩码=3520 实际位置NED=(0.188,0.089,-0.253) 实际速度=(0.003,-0.006,0.008) 最终目标=(0.188,0.089,-0.253) 指令位置=(0.188,0.089,nan) 指令速度=(0.000,0.000,0.000) 指令加速度=(0.000,0.000,nan) 滚转角=0.08度 俯仰角=0.12度
11:10:05.457347 [轨迹] 序号=359 单调时间=8620.237138 时间=8620.237 模式=AUTO.LAND 起飞状态=未执行起飞 水平控制=位置保持 类型掩码=3520 实际位置NED=(0.188,0.089,-0.253) 实际速度=(0.003,-0.006,0.008) 最终目标=(0.188,0.089,-0.253) 指令位置=(0.188,0.089,nan) 指令速度=(0.000,0.000,0.000) 指令加速度=(0.000,0.000,nan) 滚转角=0.09度 俯仰角=0.12度
11:10:05.560692 [轨迹] 序号=360 单调时间=8620.340727 时间=8620.341 模式=AUTO.LAND 起飞状态=未执行起飞 水平控制=位置保持 类型掩码=3520 实际位置NED=(0.188,0.088,-0.252) 实际速度=(0.003,-0.006,0.009) 最终目标=(0.188,0.088,-0.252) 指令位置=(0.188,0.088,nan) 指令速度=(0.000,0.000,0.000) 指令加速度=(0.000,0.000,nan) 滚转角=0.09度 俯仰角=0.12度
11:10:05.663898 [轨迹] 序号=361 单调时间=8620.443842 时间=8620.444 模式=AUTO.LAND 起飞状态=未执行起飞 水平控制=位置保持 类型掩码=3520 实际位置NED=(0.188,0.088,-0.252) 实际速度=(0.003,-0.006,0.009) 最终目标=(0.188,0.088,-0.252) 指令位置=(0.188,0.088,nan) 指令速度=(0.000,0.000,0.000) 指令加速度=(0.000,0.000,nan) 滚转角=0.09度 俯仰角=0.12度
11:10:05.767381 [轨迹] 序号=362 单调时间=8620.547239 时间=8620.547 模式=AUTO.LAND 起飞状态=未执行起飞 水平控制=位置保持 类型掩码=3520 实际位置NED=(0.188,0.088,-0.251) 实际速度=(0.002,-0.006,0.009) 最终目标=(0.188,0.088,-0.251) 指令位置=(0.188,0.088,nan) 指令速度=(0.000,0.000,0.000) 指令加速度=(0.000,0.000,nan) 滚转角=0.09度 俯仰角=0.12度
11:10:05.870597 [轨迹] 序号=363 单调时间=8620.650471 时间=8620.650 模式=AUTO.LAND 起飞状态=未执行起飞 水平控制=位置保持 类型掩码=3520 实际位置NED=(0.189,0.088,-0.251) 实际速度=(0.002,-0.006,0.009) 最终目标=(0.189,0.088,-0.251) 指令位置=(0.189,0.088,nan) 指令速度=(0.000,0.000,0.000) 指令加速度=(0.000,0.000,nan) 滚转角=0.09度 俯仰角=0.12度
11:10:05.973978 [轨迹] 序号=364 单调时间=8620.753883 时间=8620.754 模式=AUTO.LAND 起飞状态=未执行起飞 水平控制=位置保持 类型掩码=3520 实际位置NED=(0.189,0.087,-0.250) 实际速度=(0.002,-0.006,0.009) 最终目标=(0.189,0.087,-0.250) 指令位置=(0.189,0.087,nan) 指令速度=(0.000,0.000,0.000) 指令加速度=(0.000,0.000,nan) 滚转角=0.09度 俯仰角=0.12度
11:10:06.077191 [轨迹] 序号=365 单调时间=8620.857054 时间=8620.857 模式=AUTO.LAND 起飞状态=未执行起飞 水平控制=位置保持 类型掩码=3520 实际位置NED=(0.189,0.087,-0.250) 实际速度=(0.002,-0.006,0.010) 最终目标=(0.189,0.087,-0.250) 指令位置=(0.189,0.087,nan) 指令速度=(0.000,0.000,0.000) 指令加速度=(0.000,0.000,nan) 滚转角=0.09度 俯仰角=0.12度
11:10:06.180612 [轨迹] 序号=366 单调时间=8620.960591 时间=8620.961 模式=AUTO.LAND 起飞状态=未执行起飞 水平控制=位置保持 类型掩码=3520 实际位置NED=(0.189,0.087,-0.249) 实际速度=(0.002,-0.005,0.010) 最终目标=(0.189,0.087,-0.249) 指令位置=(0.189,0.087,nan) 指令速度=(0.000,0.000,0.000) 指令加速度=(0.000,0.000,nan) 滚转角=0.09度 俯仰角=0.12度
11:10:06.284273 [轨迹] 序号=367 单调时间=8621.064168 时间=8621.064 模式=AUTO.LAND 起飞状态=未执行起飞 水平控制=位置保持 类型掩码=3520 实际位置NED=(0.189,0.086,-0.249) 实际速度=(0.002,-0.005,0.010) 最终目标=(0.189,0.086,-0.249) 指令位置=(0.189,0.086,nan) 指令速度=(0.000,0.000,0.000) 指令加速度=(0.000,0.000,nan) 滚转角=0.09度 俯仰角=0.12度
11:10:06.387736 [轨迹] 序号=368 单调时间=8621.167663 时间=8621.168 模式=AUTO.LAND 起飞状态=未执行起飞 水平控制=位置保持 类型掩码=3520 实际位置NED=(0.189,0.086,-0.249) 实际速度=(0.002,-0.005,0.010) 最终目标=(0.189,0.086,-0.249) 指令位置=(0.189,0.086,nan) 指令速度=(0.000,0.000,0.000) 指令加速度=(0.000,0.000,nan) 滚转角=0.09度 俯仰角=0.12度
11:10:06.491547 [轨迹] 序号=369 单调时间=8621.271501 时间=8621.272 模式=AUTO.LAND 起飞状态=未执行起飞 水平控制=位置保持 类型掩码=3520 实际位置NED=(0.189,0.086,-0.248) 实际速度=(0.002,-0.005,0.010) 最终目标=(0.189,0.086,-0.248) 指令位置=(0.189,0.086,nan) 指令速度=(0.000,0.000,0.000) 指令加速度=(0.000,0.000,nan) 滚转角=0.09度 俯仰角=0.12度
11:10:06.594984 [轨迹] 序号=370 单调时间=8621.374891 时间=8621.375 模式=AUTO.LAND 起飞状态=未执行起飞 水平控制=位置保持 类型掩码=3520 实际位置NED=(0.189,0.086,-0.248) 实际速度=(0.002,-0.005,0.010) 最终目标=(0.189,0.086,-0.248) 指令位置=(0.189,0.086,nan) 指令速度=(0.000,0.000,0.000) 指令加速度=(0.000,0.000,nan) 滚转角=0.09度 俯仰角=0.12度
11:10:06.698390 [轨迹] 序号=371 单调时间=8621.477949 时间=8621.478 模式=AUTO.LAND 起飞状态=未执行起飞 水平控制=位置保持 类型掩码=3520 实际位置NED=(0.190,0.085,-0.248) 实际速度=(0.002,-0.005,0.010) 最终目标=(0.190,0.085,-0.248) 指令位置=(0.190,0.085,nan) 指令速度=(0.000,0.000,0.000) 指令加速度=(0.000,0.000,nan) 滚转角=0.09度 俯仰角=0.11度
11:10:06.801978 [轨迹] 序号=372 单调时间=8621.581931 时间=8621.582 模式=AUTO.LAND 起飞状态=未执行起飞 水平控制=位置保持 类型掩码=3520 实际位置NED=(0.190,0.085,-0.247) 实际速度=(0.002,-0.005,0.010) 最终目标=(0.190,0.085,-0.247) 指令位置=(0.190,0.085,nan) 指令速度=(0.000,0.000,0.000) 指令加速度=(0.000,0.000,nan) 滚转角=0.09度 俯仰角=0.11度
11:10:06.905136 [轨迹] 序号=373 单调时间=8621.685022 时间=8621.685 模式=AUTO.LAND 起飞状态=未执行起飞 水平控制=位置保持 类型掩码=3520 实际位置NED=(0.190,0.085,-0.247) 实际速度=(0.002,-0.005,0.010) 最终目标=(0.190,0.085,-0.247) 指令位置=(0.190,0.085,nan) 指令速度=(0.000,0.000,0.000) 指令加速度=(0.000,0.000,nan) 滚转角=0.09度 俯仰角=0.11度
11:10:07.008186 [轨迹] 序号=374 单调时间=8621.788161 时间=8621.788 模式=AUTO.LAND 起飞状态=未执行起飞 水平控制=位置保持 类型掩码=3520 实际位置NED=(0.190,0.084,-0.247) 实际速度=(0.001,-0.004,0.010) 最终目标=(0.190,0.084,-0.247) 指令位置=(0.190,0.084,nan) 指令速度=(0.000,0.000,0.000) 指令加速度=(0.000,0.000,nan) 滚转角=0.09度 俯仰角=0.11度
11:10:07.111184 [轨迹] 序号=375 单调时间=8621.891101 时间=8621.891 模式=AUTO.LAND 起飞状态=未执行起飞 水平控制=位置保持 类型掩码=3520 实际位置NED=(0.190,0.084,-0.247) 实际速度=(0.001,-0.004,0.010) 最终目标=(0.190,0.084,-0.247) 指令位置=(0.190,0.084,nan) 指令速度=(0.000,0.000,0.000) 指令加速度=(0.000,0.000,nan) 滚转角=0.09度 俯仰角=0.11度
11:10:07.215090 [轨迹] 序号=376 单调时间=8621.995058 时间=8621.995 模式=AUTO.LAND 起飞状态=未执行起飞 水平控制=位置保持 类型掩码=3520 实际位置NED=(0.190,0.084,-0.247) 实际速度=(0.001,-0.004,0.010) 最终目标=(0.190,0.084,-0.247) 指令位置=(0.190,0.084,nan) 指令速度=(0.000,0.000,0.000) 指令加速度=(0.000,0.000,nan) 滚转角=0.09度 俯仰角=0.11度
11:10:07.318361 [轨迹] 序号=377 单调时间=8622.098320 时间=8622.098 模式=AUTO.LAND 起飞状态=未执行起飞 水平控制=位置保持 类型掩码=3520 实际位置NED=(0.190,0.084,-0.247) 实际速度=(0.001,-0.004,0.010) 最终目标=(0.190,0.084,-0.247) 指令位置=(0.190,0.084,nan) 指令速度=(0.000,0.000,0.000) 指令加速度=(0.000,0.000,nan) 滚转角=0.09度 俯仰角=0.11度
11:10:07.421499 [轨迹] 序号=378 单调时间=8622.201446 时间=8622.201 模式=AUTO.LAND 起飞状态=未执行起飞 水平控制=位置保持 类型掩码=3520 实际位置NED=(0.191,0.083,-0.247) 实际速度=(0.001,-0.004,0.009) 最终目标=(0.191,0.083,-0.247) 指令位置=(0.191,0.083,nan) 指令速度=(0.000,0.000,0.000) 指令加速度=(0.000,0.000,nan) 滚转角=0.09度 俯仰角=0.11度
11:10:07.524608 [轨迹] 序号=379 单调时间=8622.304488 时间=8622.304 模式=AUTO.LAND 起飞状态=未执行起飞 水平控制=位置保持 类型掩码=3520 实际位置NED=(0.191,0.083,-0.247) 实际速度=(0.001,-0.004,0.009) 最终目标=(0.191,0.083,-0.247) 指令位置=(0.191,0.083,nan) 指令速度=(0.000,0.000,0.000) 指令加速度=(0.000,0.000,nan) 滚转角=0.09度 俯仰角=0.11度
11:10:07.628045 [轨迹] 序号=380 单调时间=8622.407824 时间=8622.408 模式=AUTO.LAND 起飞状态=未执行起飞 水平控制=位置保持 类型掩码=3520 实际位置NED=(0.191,0.083,-0.247) 实际速度=(0.001,-0.004,0.009) 最终目标=(0.191,0.083,-0.247) 指令位置=(0.191,0.083,nan) 指令速度=(0.000,0.000,0.000) 指令加速度=(0.000,0.000,nan) 滚转角=0.09度 俯仰角=0.11度
11:10:07.731114 [轨迹] 序号=381 单调时间=8622.511104 时间=8622.511 模式=AUTO.LAND 起飞状态=未执行起飞 水平控制=位置保持 类型掩码=3520 实际位置NED=(0.191,0.083,-0.247) 实际速度=(0.001,-0.004,0.008) 最终目标=(0.191,0.083,-0.247) 指令位置=(0.191,0.083,nan) 指令速度=(0.000,0.000,0.000) 指令加速度=(0.000,0.000,nan) 滚转角=0.09度 俯仰角=0.11度
11:10:07.834028 [轨迹] 序号=382 单调时间=8622.613925 时间=8622.614 模式=AUTO.LAND 起飞状态=未执行起飞 水平控制=位置保持 类型掩码=3520 实际位置NED=(0.191,0.082,-0.247) 实际速度=(0.001,-0.004,0.008) 最终目标=(0.191,0.082,-0.247) 指令位置=(0.191,0.082,nan) 指令速度=(0.000,0.000,0.000) 指令加速度=(0.000,0.000,nan) 滚转角=0.09度 俯仰角=0.11度
11:10:07.937374 [轨迹] 序号=383 单调时间=8622.717269 时间=8622.717 模式=AUTO.LAND 起飞状态=未执行起飞 水平控制=位置保持 类型掩码=3520 实际位置NED=(0.191,0.082,-0.247) 实际速度=(0.001,-0.004,0.008) 最终目标=(0.191,0.082,-0.247) 指令位置=(0.191,0.082,nan) 指令速度=(0.000,0.000,0.000) 指令加速度=(0.000,0.000,nan) 滚转角=0.09度 俯仰角=0.11度
11:10:08.041078 [轨迹] 序号=384 单调时间=8622.821008 时间=8622.821 模式=AUTO.LAND 起飞状态=未执行起飞 水平控制=位置保持 类型掩码=3520 实际位置NED=(0.191,0.082,-0.247) 实际速度=(0.001,-0.004,0.008) 最终目标=(0.191,0.082,-0.247) 指令位置=(0.191,0.082,nan) 指令速度=(0.000,0.000,0.000) 指令加速度=(0.000,0.000,nan) 滚转角=0.09度 俯仰角=0.11度
11:10:08.144200 [轨迹] 序号=385 单调时间=8622.924143 时间=8622.924 模式=AUTO.LAND 起飞状态=未执行起飞 水平控制=位置保持 类型掩码=3520 实际位置NED=(0.191,0.082,-0.247) 实际速度=(0.000,-0.004,0.008) 最终目标=(0.191,0.082,-0.247) 指令位置=(0.191,0.082,nan) 指令速度=(0.000,0.000,0.000) 指令加速度=(0.000,0.000,nan) 滚转角=0.09度 俯仰角=0.11度
11:10:08.252496 [轨迹] 序号=386 单调时间=8623.028768 时间=8623.029 模式=AUTO.LAND 起飞状态=未执行起飞 水平控制=位置保持 类型掩码=3520 实际位置NED=(0.192,0.081,-0.247) 实际速度=(0.001,-0.004,0.007) 最终目标=(0.192,0.081,-0.247) 指令位置=(0.192,0.081,nan) 指令速度=(0.000,0.000,0.000) 指令加速度=(0.000,0.000,nan) 滚转角=0.09度 俯仰角=0.11度
11:10:08.352156 [轨迹] 序号=387 单调时间=8623.132062 时间=8623.132 模式=AUTO.LAND 起飞状态=未执行起飞 水平控制=位置保持 类型掩码=3520 实际位置NED=(0.192,0.081,-0.247) 实际速度=(0.001,-0.004,0.007) 最终目标=(0.192,0.081,-0.247) 指令位置=(0.192,0.081,nan) 指令速度=(0.000,0.000,0.000) 指令加速度=(0.000,0.000,nan) 滚转角=0.09度 俯仰角=0.11度
11:10:08.455387 [轨迹] 序号=388 单调时间=8623.235422 时间=8623.235 模式=AUTO.LAND 起飞状态=未执行起飞 水平控制=位置保持 类型掩码=3520 实际位置NED=(0.192,0.081,-0.247) 实际速度=(0.001,-0.003,0.007) 最终目标=(0.192,0.081,-0.247) 指令位置=(0.192,0.081,nan) 指令速度=(0.000,0.000,0.000) 指令加速度=(0.000,0.000,nan) 滚转角=0.09度 俯仰角=0.11度
11:10:08.556212 [轨迹] 序号=389 单调时间=8623.336087 时间=8623.336 模式=AUTO.LAND 起飞状态=未执行起飞 水平控制=位置保持 类型掩码=3520 实际位置NED=(0.192,0.081,-0.247) 实际速度=(0.001,-0.003,0.007) 最终目标=(0.192,0.081,-0.247) 指令位置=(0.192,0.081,nan) 指令速度=(0.000,0.000,0.000) 指令加速度=(0.000,0.000,nan) 滚转角=0.09度 俯仰角=0.11度
11:10:08.659983 [轨迹] 序号=390 单调时间=8623.439956 时间=8623.440 模式=AUTO.LAND 起飞状态=未执行起飞 水平控制=位置保持 类型掩码=3520 实际位置NED=(0.192,0.081,-0.247) 实际速度=(0.001,-0.003,0.007) 最终目标=(0.192,0.081,-0.247) 指令位置=(0.192,0.081,nan) 指令速度=(0.000,0.000,0.000) 指令加速度=(0.000,0.000,nan) 滚转角=0.09度 俯仰角=0.11度
11:10:08.764133 [轨迹] 序号=391 单调时间=8623.543943 时间=8623.544 模式=AUTO.LAND 起飞状态=未执行起飞 水平控制=位置保持 类型掩码=3520 实际位置NED=(0.192,0.080,-0.248) 实际速度=(0.001,-0.003,0.006) 最终目标=(0.192,0.080,-0.248) 指令位置=(0.192,0.080,nan) 指令速度=(0.000,0.000,0.000) 指令加速度=(0.000,0.000,nan) 滚转角=0.09度 俯仰角=0.11度
11:10:08.867204 [轨迹] 序号=392 单调时间=8623.647020 时间=8623.647 模式=AUTO.LAND 起飞状态=未执行起飞 水平控制=位置保持 类型掩码=3520 实际位置NED=(0.192,0.080,-0.248) 实际速度=(0.001,-0.003,0.006) 最终目标=(0.192,0.080,-0.248) 指令位置=(0.192,0.080,nan) 指令速度=(0.000,0.000,0.000) 指令加速度=(0.000,0.000,nan) 滚转角=0.09度 俯仰角=0.11度
11:10:08.970257 [轨迹] 序号=393 单调时间=8623.750034 时间=8623.750 模式=AUTO.LAND 起飞状态=未执行起飞 水平控制=位置保持 类型掩码=3520 实际位置NED=(0.192,0.080,-0.248) 实际速度=(0.001,-0.003,0.006) 最终目标=(0.192,0.080,-0.248) 指令位置=(0.192,0.080,nan) 指令速度=(0.000,0.000,0.000) 指令加速度=(0.000,0.000,nan) 滚转角=0.09度 俯仰角=0.11度
11:10:09.073778 [轨迹] 序号=394 单调时间=8623.853741 时间=8623.854 模式=AUTO.LAND 起飞状态=未执行起飞 水平控制=位置保持 类型掩码=3520 实际位置NED=(0.193,0.080,-0.248) 实际速度=(0.001,-0.003,0.005) 最终目标=(0.193,0.080,-0.248) 指令位置=(0.193,0.080,nan) 指令速度=(0.000,0.000,0.000) 指令加速度=(0.000,0.000,nan) 滚转角=0.09度 俯仰角=0.11度
11:10:09.177988 [轨迹] 序号=395 单调时间=8623.957695 时间=8623.958 模式=AUTO.LAND 起飞状态=未执行起飞 水平控制=位置保持 类型掩码=3520 实际位置NED=(0.193,0.079,-0.248) 实际速度=(0.001,-0.003,0.005) 最终目标=(0.193,0.079,-0.248) 指令位置=(0.193,0.079,nan) 指令速度=(0.000,0.000,0.000) 指令加速度=(0.000,0.000,nan) 滚转角=0.09度 俯仰角=0.11度
11:10:09.281986 [轨迹] 序号=396 单调时间=8624.061913 时间=8624.062 模式=AUTO.LAND 起飞状态=未执行起飞 水平控制=位置保持 类型掩码=3520 实际位置NED=(0.193,0.079,-0.249) 实际速度=(0.001,-0.003,0.005) 最终目标=(0.193,0.079,-0.249) 指令位置=(0.193,0.079,nan) 指令速度=(0.000,0.000,0.000) 指令加速度=(0.000,0.000,nan) 滚转角=0.09度 俯仰角=0.11度
11:10:09.385235 [轨迹] 序号=397 单调时间=8624.165202 时间=8624.165 模式=AUTO.LAND 起飞状态=未执行起飞 水平控制=位置保持 类型掩码=3520 实际位置NED=(0.193,0.079,-0.249) 实际速度=(0.001,-0.003,0.005) 最终目标=(0.193,0.079,-0.249) 指令位置=(0.193,0.079,nan) 指令速度=(0.000,0.000,0.000) 指令加速度=(0.000,0.000,nan) 滚转角=0.09度 俯仰角=0.11度
11:10:09.489279 [轨迹] 序号=398 单调时间=8624.269195 时间=8624.269 模式=AUTO.LAND 起飞状态=未执行起飞 水平控制=位置保持 类型掩码=3520 实际位置NED=(0.193,0.079,-0.249) 实际速度=(0.001,-0.003,0.004) 最终目标=(0.193,0.079,-0.249) 指令位置=(0.193,0.079,nan) 指令速度=(0.000,0.000,0.000) 指令加速度=(0.000,0.000,nan) 滚转角=0.09度 俯仰角=0.11度
11:10:09.592891 [轨迹] 序号=399 单调时间=8624.372796 时间=8624.373 模式=AUTO.LAND 起飞状态=未执行起飞 水平控制=位置保持 类型掩码=3520 实际位置NED=(0.193,0.078,-0.249) 实际速度=(0.001,-0.003,0.004) 最终目标=(0.193,0.078,-0.249) 指令位置=(0.193,0.078,nan) 指令速度=(0.000,0.000,0.000) 指令加速度=(0.000,0.000,nan) 滚转角=0.09度 俯仰角=0.11度
11:10:09.695890 [轨迹] 序号=400 单调时间=8624.475907 时间=8624.476 模式=AUTO.LAND 起飞状态=未执行起飞 水平控制=位置保持 类型掩码=3520 实际位置NED=(0.193,0.078,-0.249) 实际速度=(0.001,-0.002,0.004) 最终目标=(0.193,0.078,-0.249) 指令位置=(0.193,0.078,nan) 指令速度=(0.000,0.000,0.000) 指令加速度=(0.000,0.000,nan) 滚转角=0.09度 俯仰角=0.11度
11:10:09.798930 [轨迹] 序号=401 单调时间=8624.578898 时间=8624.579 模式=AUTO.LAND 起飞状态=未执行起飞 水平控制=位置保持 类型掩码=3520 实际位置NED=(0.194,0.078,-0.250) 实际速度=(0.001,-0.002,0.004) 最终目标=(0.194,0.078,-0.250) 指令位置=(0.194,0.078,nan) 指令速度=(0.000,0.000,0.000) 指令加速度=(0.000,0.000,nan) 滚转角=0.09度 俯仰角=0.11度
11:10:09.900671 [轨迹] 序号=402 单调时间=8624.680617 时间=8624.681 模式=AUTO.LAND 起飞状态=未执行起飞 水平控制=位置保持 类型掩码=3520 实际位置NED=(0.194,0.078,-0.250) 实际速度=(0.001,-0.002,0.004) 最终目标=(0.194,0.078,-0.250) 指令位置=(0.194,0.078,nan) 指令速度=(0.000,0.000,0.000) 指令加速度=(0.000,0.000,nan) 滚转角=0.09度 俯仰角=0.11度
11:10:10.003545 [轨迹] 序号=403 单调时间=8624.783271 时间=8624.783 模式=AUTO.LAND 起飞状态=未执行起飞 水平控制=位置保持 类型掩码=3520 实际位置NED=(0.194,0.078,-0.250) 实际速度=(0.001,-0.002,0.004) 最终目标=(0.194,0.078,-0.250) 指令位置=(0.194,0.078,nan) 指令速度=(0.000,0.000,0.000) 指令加速度=(0.000,0.000,nan) 滚转角=0.09度 俯仰角=0.11度
11:10:10.106771 [轨迹] 序号=404 单调时间=8624.886600 时间=8624.887 模式=AUTO.LAND 起飞状态=未执行起飞 水平控制=位置保持 类型掩码=3520 实际位置NED=(0.194,0.078,-0.250) 实际速度=(0.001,-0.002,0.003) 最终目标=(0.194,0.078,-0.250) 指令位置=(0.194,0.078,nan) 指令速度=(0.000,0.000,0.000) 指令加速度=(0.000,0.000,nan) 滚转角=0.09度 俯仰角=0.11度
11:10:10.210520 [轨迹] 序号=405 单调时间=8624.990390 时间=8624.990 模式=AUTO.LAND 起飞状态=未执行起飞 水平控制=位置保持 类型掩码=3520 实际位置NED=(0.194,0.077,-0.251) 实际速度=(0.001,-0.002,0.003) 最终目标=(0.194,0.077,-0.251) 指令位置=(0.194,0.077,nan) 指令速度=(0.000,0.000,0.000) 指令加速度=(0.000,0.000,nan) 滚转角=0.09度 俯仰角=0.10度
11:10:10.314189 [轨迹] 序号=406 单调时间=8625.093889 时间=8625.094 模式=AUTO.LAND 起飞状态=未执行起飞 水平控制=位置保持 类型掩码=3520 实际位置NED=(0.194,0.077,-0.251) 实际速度=(0.001,-0.002,0.003) 最终目标=(0.194,0.077,-0.251) 指令位置=(0.194,0.077,nan) 指令速度=(0.000,0.000,0.000) 指令加速度=(0.000,0.000,nan) 滚转角=0.09度 俯仰角=0.10度
11:10:10.417955 [轨迹] 序号=407 单调时间=8625.197929 时间=8625.198 模式=AUTO.LAND 起飞状态=未执行起飞 水平控制=位置保持 类型掩码=3520 实际位置NED=(0.194,0.077,-0.251) 实际速度=(0.001,-0.002,0.002) 最终目标=(0.194,0.077,-0.251) 指令位置=(0.194,0.077,nan) 指令速度=(0.000,0.000,0.000) 指令加速度=(0.000,0.000,nan) 滚转角=0.09度 俯仰角=0.10度
11:10:10.521989 [轨迹] 序号=408 单调时间=8625.301766 时间=8625.302 模式=AUTO.LAND 起飞状态=未执行起飞 水平控制=位置保持 类型掩码=3520 实际位置NED=(0.194,0.077,-0.251) 实际速度=(0.001,-0.002,0.002) 最终目标=(0.194,0.077,-0.251) 指令位置=(0.194,0.077,nan) 指令速度=(0.000,0.000,0.000) 指令加速度=(0.000,0.000,nan) 滚转角=0.09度 俯仰角=0.10度
11:10:10.625771 [轨迹] 序号=409 单调时间=8625.405587 时间=8625.406 模式=AUTO.LAND 起飞状态=未执行起飞 水平控制=位置保持 类型掩码=3520 实际位置NED=(0.194,0.077,-0.251) 实际速度=(0.001,-0.002,0.002) 最终目标=(0.194,0.077,-0.251) 指令位置=(0.194,0.077,nan) 指令速度=(0.000,0.000,0.000) 指令加速度=(0.000,0.000,nan) 滚转角=0.09度 俯仰角=0.10度
11:10:10.729274 [轨迹] 序号=410 单调时间=8625.509029 时间=8625.509 模式=AUTO.LAND 起飞状态=未执行起飞 水平控制=位置保持 类型掩码=3520 实际位置NED=(0.194,0.077,-0.252) 实际速度=(0.001,-0.002,0.002) 最终目标=(0.194,0.077,-0.252) 指令位置=(0.194,0.077,nan) 指令速度=(0.000,0.000,0.000) 指令加速度=(0.000,0.000,nan) 滚转角=0.09度 俯仰角=0.10度
11:10:10.832519 [轨迹] 序号=411 单调时间=8625.612494 时间=8625.612 模式=AUTO.LAND 起飞状态=未执行起飞 水平控制=位置保持 类型掩码=3520 实际位置NED=(0.194,0.077,-0.252) 实际速度=(0.001,-0.002,0.002) 最终目标=(0.194,0.077,-0.252) 指令位置=(0.194,0.077,nan) 指令速度=(0.000,0.000,0.000) 指令加速度=(0.000,0.000,nan) 滚转角=0.09度 俯仰角=0.10度
11:10:10.935412 [轨迹] 序号=412 单调时间=8625.715390 时间=8625.715 模式=AUTO.LAND 起飞状态=未执行起飞 水平控制=位置保持 类型掩码=3520 实际位置NED=(0.194,0.076,-0.252) 实际速度=(0.001,-0.002,0.002) 最终目标=(0.194,0.076,-0.252) 指令位置=(0.194,0.076,nan) 指令速度=(0.000,0.000,0.000) 指令加速度=(0.000,0.000,nan) 滚转角=0.09度 俯仰角=0.10度
11:10:11.038528 [轨迹] 序号=413 单调时间=8625.818319 时间=8625.818 模式=AUTO.LAND 起飞状态=未执行起飞 水平控制=位置保持 类型掩码=3520 实际位置NED=(0.194,0.076,-0.252) 实际速度=(0.001,-0.002,0.001) 最终目标=(0.194,0.076,-0.252) 指令位置=(0.194,0.076,nan) 指令速度=(0.000,0.000,0.000) 指令加速度=(0.000,0.000,nan) 滚转角=0.09度 俯仰角=0.10度
11:10:11.142326 [轨迹] 序号=414 单调时间=8625.922203 时间=8625.922 模式=AUTO.LAND 起飞状态=未执行起飞 水平控制=位置保持 类型掩码=3520 实际位置NED=(0.194,0.076,-0.253) 实际速度=(0.001,-0.002,0.001) 最终目标=(0.194,0.076,-0.253) 指令位置=(0.194,0.076,nan) 指令速度=(0.000,0.000,0.000) 指令加速度=(0.000,0.000,nan) 滚转角=0.09度 俯仰角=0.10度
11:10:11.245888 [轨迹] 序号=415 单调时间=8626.025595 时间=8626.026 模式=AUTO.LAND 起飞状态=未执行起飞 水平控制=位置保持 类型掩码=3520 实际位置NED=(0.194,0.076,-0.253) 实际速度=(0.001,-0.002,0.001) 最终目标=(0.194,0.076,-0.253) 指令位置=(0.194,0.076,nan) 指令速度=(0.000,0.000,0.000) 指令加速度=(0.000,0.000,nan) 滚转角=0.09度 俯仰角=0.10度
11:10:11.349141 [轨迹] 序号=416 单调时间=8626.129051 时间=8626.129 模式=AUTO.LAND 起飞状态=未执行起飞 水平控制=位置保持 类型掩码=3520 实际位置NED=(0.194,0.076,-0.253) 实际速度=(0.001,-0.002,0.001) 最终目标=(0.194,0.076,-0.253) 指令位置=(0.194,0.076,nan) 指令速度=(0.000,0.000,0.000) 指令加速度=(0.000,0.000,nan) 滚转角=0.09度 俯仰角=0.10度
11:10:11.452074 [轨迹] 序号=417 单调时间=8626.232054 时间=8626.232 模式=AUTO.LAND 起飞状态=未执行起飞 水平控制=位置保持 类型掩码=3520 实际位置NED=(0.194,0.076,-0.253) 实际速度=(0.001,-0.002,0.001) 最终目标=(0.194,0.076,-0.253) 指令位置=(0.194,0.076,nan) 指令速度=(0.000,0.000,0.000) 指令加速度=(0.000,0.000,nan) 滚转角=0.09度 俯仰角=0.10度
11:10:11.555427 [轨迹] 序号=418 单调时间=8626.335279 时间=8626.335 模式=AUTO.LAND 起飞状态=未执行起飞 水平控制=位置保持 类型掩码=3520 实际位置NED=(0.195,0.076,-0.253) 实际速度=(0.001,-0.002,0.001) 最终目标=(0.195,0.076,-0.253) 指令位置=(0.195,0.076,nan) 指令速度=(0.000,0.000,0.000) 指令加速度=(0.000,0.000,nan) 滚转角=0.09度 俯仰角=0.10度
11:10:11.659469 [轨迹] 序号=419 单调时间=8626.439203 时间=8626.439 模式=AUTO.LAND 起飞状态=未执行起飞 水平控制=位置保持 类型掩码=3520 实际位置NED=(0.195,0.075,-0.253) 实际速度=(0.001,-0.002,0.001) 最终目标=(0.195,0.075,-0.253) 指令位置=(0.195,0.075,nan) 指令速度=(0.000,0.000,0.000) 指令加速度=(0.000,0.000,nan) 滚转角=0.09度 俯仰角=0.10度
11:10:11.762569 [轨迹] 序号=420 单调时间=8626.542486 时间=8626.542 模式=AUTO.LAND 起飞状态=未执行起飞 水平控制=位置保持 类型掩码=3520 实际位置NED=(0.195,0.075,-0.253) 实际速度=(0.001,-0.002,0.001) 最终目标=(0.195,0.075,-0.253) 指令位置=(0.195,0.075,nan) 指令速度=(0.000,0.000,0.000) 指令加速度=(0.000,0.000,nan) 滚转角=0.09度 俯仰角=0.10度
11:10:11.865754 [轨迹] 序号=421 单调时间=8626.645467 时间=8626.645 模式=AUTO.LAND 起飞状态=未执行起飞 水平控制=位置保持 类型掩码=3520 实际位置NED=(0.195,0.075,-0.254) 实际速度=(0.001,-0.002,0.001) 最终目标=(0.195,0.075,-0.254) 指令位置=(0.195,0.075,nan) 指令速度=(0.000,0.000,0.000) 指令加速度=(0.000,0.000,nan) 滚转角=0.09度 俯仰角=0.10度
11:10:11.968914 [轨迹] 序号=422 单调时间=8626.748717 时间=8626.749 模式=AUTO.LAND 起飞状态=未执行起飞 水平控制=位置保持 类型掩码=3520 实际位置NED=(0.195,0.075,-0.254) 实际速度=(0.001,-0.002,0.001) 最终目标=(0.195,0.075,-0.254) 指令位置=(0.195,0.075,nan) 指令速度=(0.000,0.000,0.000) 指令加速度=(0.000,0.000,nan) 滚转角=0.09度 俯仰角=0.10度
11:10:12.073048 [轨迹] 序号=423 单调时间=8626.853032 时间=8626.853 模式=AUTO.LAND 起飞状态=未执行起飞 水平控制=位置保持 类型掩码=3520 实际位置NED=(0.195,0.075,-0.254) 实际速度=(0.001,-0.002,0.001) 最终目标=(0.195,0.075,-0.254) 指令位置=(0.195,0.075,nan) 指令速度=(0.000,0.000,0.000) 指令加速度=(0.000,0.000,nan) 滚转角=0.10度 俯仰角=0.10度
11:10:12.176500 [轨迹] 序号=424 单调时间=8626.956287 时间=8626.956 模式=AUTO.LAND 起飞状态=未执行起飞 水平控制=位置保持 类型掩码=3520 实际位置NED=(0.195,0.075,-0.254) 实际速度=(0.001,-0.002,0.001) 最终目标=(0.195,0.075,-0.254) 指令位置=(0.195,0.075,nan) 指令速度=(0.000,0.000,0.000) 指令加速度=(0.000,0.000,nan) 滚转角=0.10度 俯仰角=0.10度
11:10:12.280253 [轨迹] 序号=425 单调时间=8627.060069 时间=8627.060 模式=AUTO.LAND 起飞状态=未执行起飞 水平控制=位置保持 类型掩码=3520 实际位置NED=(0.195,0.075,-0.254) 实际速度=(0.001,-0.002,0.001) 最终目标=(0.195,0.075,-0.254) 指令位置=(0.195,0.075,nan) 指令速度=(0.000,0.000,0.000) 指令加速度=(0.000,0.000,nan) 滚转角=0.10度 俯仰角=0.10度
11:10:12.383814 [轨迹] 序号=426 单调时间=8627.163706 时间=8627.164 模式=AUTO.LAND 起飞状态=未执行起飞 水平控制=位置保持 类型掩码=3520 实际位置NED=(0.195,0.074,-0.254) 实际速度=(0.001,-0.001,0.001) 最终目标=(0.195,0.074,-0.254) 指令位置=(0.195,0.074,nan) 指令速度=(0.000,0.000,0.000) 指令加速度=(0.000,0.000,nan) 滚转角=0.10度 俯仰角=0.10度
11:10:12.487861 [轨迹] 序号=427 单调时间=8627.267511 时间=8627.268 模式=AUTO.LAND 起飞状态=未执行起飞 水平控制=位置保持 类型掩码=3520 实际位置NED=(0.195,0.074,-0.254) 实际速度=(0.001,-0.001,0.001) 最终目标=(0.195,0.074,-0.254) 指令位置=(0.195,0.074,nan) 指令速度=(0.000,0.000,0.000) 指令加速度=(0.000,0.000,nan) 滚转角=0.10度 俯仰角=0.10度
11:10:12.591890 [轨迹] 序号=428 单调时间=8627.371279 时间=8627.371 模式=AUTO.LAND 起飞状态=未执行起飞 水平控制=位置保持 类型掩码=3520 实际位置NED=(0.195,0.074,-0.254) 实际速度=(0.001,-0.001,0.001) 最终目标=(0.195,0.074,-0.254) 指令位置=(0.195,0.074,nan) 指令速度=(0.000,0.000,0.000) 指令加速度=(0.000,0.000,nan) 滚转角=0.10度 俯仰角=0.10度
11:10:12.695087 [轨迹] 序号=429 单调时间=8627.474999 时间=8627.475 模式=AUTO.LAND 起飞状态=未执行起飞 水平控制=位置保持 类型掩码=3520 实际位置NED=(0.195,0.074,-0.254) 实际速度=(0.001,-0.001,0.001) 最终目标=(0.195,0.074,-0.254) 指令位置=(0.195,0.074,nan) 指令速度=(0.000,0.000,0.000) 指令加速度=(0.000,0.000,nan) 滚转角=0.10度 俯仰角=0.10度
11:10:12.798143 [轨迹] 序号=430 单调时间=8627.578030 时间=8627.578 模式=AUTO.LAND 起飞状态=未执行起飞 水平控制=位置保持 类型掩码=3520 实际位置NED=(0.195,0.074,-0.254) 实际速度=(0.001,-0.001,0.001) 最终目标=(0.195,0.074,-0.254) 指令位置=(0.195,0.074,nan) 指令速度=(0.000,0.000,0.000) 指令加速度=(0.000,0.000,nan) 滚转角=0.10度 俯仰角=0.10度
11:10:12 [地面待机] 已清除上一轮飞行目标，正在跟随当前位置
11:10:12.903051 [轨迹] 序号=431 单调时间=8627.682780 时间=8627.683 模式=OFFBOARD 起飞状态=未执行起飞 水平控制=位置保持 类型掩码=3520 实际位置NED=(0.195,0.074,-0.254) 实际速度=(0.000,-0.001,0.001) 最终目标=(0.195,0.074,-0.254) 指令位置=(0.195,0.074,nan) 指令速度=(0.000,0.000,0.000) 指令加速度=(0.000,0.000,nan) 滚转角=0.10度 俯仰角=0.10度
11:10:13.006345 [轨迹] 序号=432 单调时间=8627.786213 时间=8627.786 模式=OFFBOARD 起飞状态=未执行起飞 水平控制=位置保持 类型掩码=3520 实际位置NED=(0.195,0.074,-0.254) 实际速度=(0.001,-0.001,0.001) 最终目标=(0.195,0.074,-0.254) 指令位置=(0.195,0.074,nan) 指令速度=(0.000,0.000,0.000) 指令加速度=(0.000,0.000,nan) 滚转角=0.10度 俯仰角=0.10度
11:10:13.109695 [轨迹] 序号=433 单调时间=8627.889466 时间=8627.889 模式=OFFBOARD 起飞状态=未执行起飞 水平控制=位置保持 类型掩码=3520 实际位置NED=(0.195,0.074,-0.254) 实际速度=(0.000,-0.001,0.001) 最终目标=(0.195,0.074,-0.254) 指令位置=(0.195,0.074,nan) 指令速度=(0.000,0.000,0.000) 指令加速度=(0.000,0.000,nan) 滚转角=0.10度 俯仰角=0.10度
11:10:13.212710 [轨迹] 序号=434 单调时间=8627.992710 时间=8627.993 模式=OFFBOARD 起飞状态=未执行起飞 水平控制=位置保持 类型掩码=3520 实际位置NED=(0.195,0.073,-0.254) 实际速度=(0.001,-0.001,0.001) 最终目标=(0.195,0.074,-0.254) 指令位置=(0.195,0.074,nan) 指令速度=(0.000,0.000,0.000) 指令加速度=(0.000,0.000,nan) 滚转角=0.10度 俯仰角=0.10度
11:10:13.313615 [轨迹] 序号=435 单调时间=8628.093322 时间=8628.093 模式=OFFBOARD 起飞状态=未执行起飞 水平控制=位置保持 类型掩码=3520 实际位置NED=(0.195,0.073,-0.254) 实际速度=(0.001,-0.001,0.001) 最终目标=(0.195,0.074,-0.254) 指令位置=(0.195,0.074,nan) 指令速度=(0.000,0.000,0.000) 指令加速度=(0.000,0.000,nan) 滚转角=0.10度 俯仰角=0.10度
11:10:13.414955 [轨迹] 序号=436 单调时间=8628.194766 时间=8628.195 模式=OFFBOARD 起飞状态=未执行起飞 水平控制=位置保持 类型掩码=3520 实际位置NED=(0.195,0.073,-0.254) 实际速度=(0.000,-0.001,0.001) 最终目标=(0.195,0.074,-0.254) 指令位置=(0.195,0.074,nan) 指令速度=(0.000,0.000,0.000) 指令加速度=(0.000,0.000,nan) 滚转角=0.10度 俯仰角=0.10度
11:10:13.518409 [轨迹] 序号=437 单调时间=8628.298168 时间=8628.298 模式=OFFBOARD 起飞状态=未执行起飞 水平控制=位置保持 类型掩码=3520 实际位置NED=(0.195,0.073,-0.254) 实际速度=(0.001,-0.001,0.001) 最终目标=(0.195,0.074,-0.254) 指令位置=(0.195,0.074,nan) 指令速度=(0.000,0.000,0.000) 指令加速度=(0.000,0.000,nan) 滚转角=0.10度 俯仰角=0.10度
11:10:13.621847 [轨迹] 序号=438 单调时间=8628.401773 时间=8628.402 模式=OFFBOARD 起飞状态=未执行起飞 水平控制=位置保持 类型掩码=3520 实际位置NED=(0.195,0.073,-0.254) 实际速度=(0.001,-0.001,0.001) 最终目标=(0.195,0.074,-0.254) 指令位置=(0.195,0.074,nan) 指令速度=(0.000,0.000,0.000) 指令加速度=(0.000,0.000,nan) 滚转角=0.10度 俯仰角=0.10度
11:10:13.725196 [轨迹] 序号=439 单调时间=8628.505073 时间=8628.505 模式=OFFBOARD 起飞状态=未执行起飞 水平控制=位置保持 类型掩码=3520 实际位置NED=(0.195,0.073,-0.254) 实际速度=(0.000,-0.001,0.001) 最终目标=(0.195,0.074,-0.254) 指令位置=(0.195,0.074,nan) 指令速度=(0.000,0.000,0.000) 指令加速度=(0.000,0.000,nan) 滚转角=0.10度 俯仰角=0.10度
11:10:13.828763 [轨迹] 序号=440 单调时间=8628.608721 时间=8628.609 模式=OFFBOARD 起飞状态=未执行起飞 水平控制=位置保持 类型掩码=3520 实际位置NED=(0.195,0.073,-0.254) 实际速度=(0.000,-0.001,0.001) 最终目标=(0.195,0.074,-0.254) 指令位置=(0.195,0.074,nan) 指令速度=(0.000,0.000,0.000) 指令加速度=(0.000,0.000,nan) 滚转角=0.10度 俯仰角=0.10度
11:10:13.931948 [轨迹] 序号=441 单调时间=8628.711763 时间=8628.712 模式=OFFBOARD 起飞状态=未执行起飞 水平控制=位置保持 类型掩码=3520 实际位置NED=(0.195,0.073,-0.254) 实际速度=(0.000,-0.001,0.001) 最终目标=(0.195,0.074,-0.254) 指令位置=(0.195,0.074,nan) 指令速度=(0.000,0.000,0.000) 指令加速度=(0.000,0.000,nan) 滚转角=0.10度 俯仰角=0.10度
11:10:14.036096 [轨迹] 序号=442 单调时间=8628.815944 时间=8628.816 模式=OFFBOARD 起飞状态=未执行起飞 水平控制=位置保持 类型掩码=3520 实际位置NED=(0.195,0.073,-0.254) 实际速度=(0.000,-0.001,0.001) 最终目标=(0.195,0.074,-0.254) 指令位置=(0.195,0.074,nan) 指令速度=(0.000,0.000,0.000) 指令加速度=(0.000,0.000,nan) 滚转角=0.09度 俯仰角=0.10度
11:10:14.137435 [轨迹] 序号=443 单调时间=8628.917369 时间=8628.917 模式=OFFBOARD 起飞状态=未执行起飞 水平控制=位置保持 类型掩码=3520 实际位置NED=(0.195,0.073,-0.254) 实际速度=(0.000,-0.001,0.001) 最终目标=(0.195,0.074,-0.254) 指令位置=(0.195,0.074,nan) 指令速度=(0.000,0.000,0.000) 指令加速度=(0.000,0.000,nan) 滚转角=0.10度 俯仰角=0.10度
11:10:14.240463 [轨迹] 序号=444 单调时间=8629.020517 时间=8629.021 模式=OFFBOARD 起飞状态=未执行起飞 水平控制=位置保持 类型掩码=3520 实际位置NED=(0.195,0.072,-0.254) 实际速度=(0.000,-0.001,0.001) 最终目标=(0.195,0.074,-0.254) 指令位置=(0.195,0.074,nan) 指令速度=(0.000,0.000,0.000) 指令加速度=(0.000,0.000,nan) 滚转角=0.09度 俯仰角=0.10度
11:10:14.343794 [轨迹] 序号=445 单调时间=8629.123677 时间=8629.124 模式=OFFBOARD 起飞状态=未执行起飞 水平控制=位置保持 类型掩码=3520 实际位置NED=(0.194,0.072,-0.254) 实际速度=(0.000,-0.001,0.001) 最终目标=(0.195,0.074,-0.254) 指令位置=(0.195,0.074,nan) 指令速度=(0.000,0.000,0.000) 指令加速度=(0.000,0.000,nan) 滚转角=0.09度 俯仰角=0.10度
11:10:14.447284 [轨迹] 序号=446 单调时间=8629.227218 时间=8629.227 模式=OFFBOARD 起飞状态=未执行起飞 水平控制=位置保持 类型掩码=3520 实际位置NED=(0.194,0.072,-0.254) 实际速度=(0.000,-0.001,0.001) 最终目标=(0.195,0.074,-0.254) 指令位置=(0.195,0.074,nan) 指令速度=(0.000,0.000,0.000) 指令加速度=(0.000,0.000,nan) 滚转角=0.10度 俯仰角=0.10度
11:10:14.550985 [轨迹] 序号=447 单调时间=8629.331052 时间=8629.331 模式=OFFBOARD 起飞状态=未执行起飞 水平控制=位置保持 类型掩码=3520 实际位置NED=(0.194,0.072,-0.254) 实际速度=(0.000,-0.001,0.001) 最终目标=(0.195,0.074,-0.254) 指令位置=(0.195,0.074,nan) 指令速度=(0.000,0.000,0.000) 指令加速度=(0.000,0.000,nan) 滚转角=0.10度 俯仰角=0.10度
11:10:14.654997 [轨迹] 序号=448 单调时间=8629.434752 时间=8629.435 模式=OFFBOARD 起飞状态=未执行起飞 水平控制=位置保持 类型掩码=3520 实际位置NED=(0.194,0.072,-0.255) 实际速度=(0.000,-0.001,0.001) 最终目标=(0.195,0.074,-0.254) 指令位置=(0.195,0.074,nan) 指令速度=(0.000,0.000,0.000) 指令加速度=(0.000,0.000,nan) 滚转角=0.10度 俯仰角=0.10度
11:10:14.758692 [轨迹] 序号=449 单调时间=8629.538583 时间=8629.539 模式=OFFBOARD 起飞状态=未执行起飞 水平控制=位置保持 类型掩码=3520 实际位置NED=(0.194,0.072,-0.255) 实际速度=(0.000,-0.001,0.001) 最终目标=(0.195,0.074,-0.254) 指令位置=(0.195,0.074,nan) 指令速度=(0.000,0.000,0.000) 指令加速度=(0.000,0.000,nan) 滚转角=0.10度 俯仰角=0.10度
11:10:14.862003 [轨迹] 序号=450 单调时间=8629.641722 时间=8629.642 模式=OFFBOARD 起飞状态=未执行起飞 水平控制=位置保持 类型掩码=3520 实际位置NED=(0.194,0.072,-0.255) 实际速度=(0.000,-0.002,0.001) 最终目标=(0.195,0.074,-0.254) 指令位置=(0.195,0.074,nan) 指令速度=(0.000,0.000,0.000) 指令加速度=(0.000,0.000,nan) 滚转角=0.10度 俯仰角=0.10度
11:10:14.965783 [轨迹] 序号=451 单调时间=8629.745584 时间=8629.746 模式=OFFBOARD 起飞状态=未执行起飞 水平控制=位置保持 类型掩码=3520 实际位置NED=(0.194,0.071,-0.255) 实际速度=(0.000,-0.001,0.001) 最终目标=(0.195,0.074,-0.254) 指令位置=(0.195,0.074,nan) 指令速度=(0.000,0.000,0.000) 指令加速度=(0.000,0.000,nan) 滚转角=0.10度 俯仰角=0.10度
11:10:15.069992 [轨迹] 序号=452 单调时间=8629.849609 时间=8629.850 模式=OFFBOARD 起飞状态=未执行起飞 水平控制=位置保持 类型掩码=3520 实际位置NED=(0.194,0.071,-0.255) 实际速度=(0.000,-0.001,0.001) 最终目标=(0.195,0.074,-0.254) 指令位置=(0.195,0.074,nan) 指令速度=(0.000,0.000,0.000) 指令加速度=(0.000,0.000,nan) 滚转角=0.10度 俯仰角=0.10度
11:10:15.173737 [轨迹] 序号=453 单调时间=8629.953559 时间=8629.954 模式=OFFBOARD 起飞状态=未执行起飞 水平控制=位置保持 类型掩码=3520 实际位置NED=(0.194,0.071,-0.255) 实际速度=(0.000,-0.001,0.000) 最终目标=(0.195,0.074,-0.254) 指令位置=(0.195,0.074,nan) 指令速度=(0.000,0.000,0.000) 指令加速度=(0.000,0.000,nan) 滚转角=0.10度 俯仰角=0.10度
11:10:15.276929 [轨迹] 序号=454 单调时间=8630.056779 时间=8630.057 模式=OFFBOARD 起飞状态=未执行起飞 水平控制=位置保持 类型掩码=3520 实际位置NED=(0.194,0.071,-0.255) 实际速度=(0.000,-0.001,0.000) 最终目标=(0.195,0.074,-0.254) 指令位置=(0.195,0.074,nan) 指令速度=(0.000,0.000,0.000) 指令加速度=(0.000,0.000,nan) 滚转角=0.10度 俯仰角=0.10度
11:10:15.380143 [轨迹] 序号=455 单调时间=8630.159994 时间=8630.160 模式=OFFBOARD 起飞状态=未执行起飞 水平控制=位置保持 类型掩码=3520 实际位置NED=(0.194,0.071,-0.255) 实际速度=(0.000,-0.001,0.000) 最终目标=(0.195,0.074,-0.254) 指令位置=(0.195,0.074,nan) 指令速度=(0.000,0.000,0.000) 指令加速度=(0.000,0.000,nan) 滚转角=0.10度 俯仰角=0.10度
11:10:15.483401 [轨迹] 序号=456 单调时间=8630.263281 时间=8630.263 模式=OFFBOARD 起飞状态=未执行起飞 水平控制=位置保持 类型掩码=3520 实际位置NED=(0.194,0.071,-0.255) 实际速度=(0.000,-0.001,0.000) 最终目标=(0.195,0.074,-0.254) 指令位置=(0.195,0.074,nan) 指令速度=(0.000,0.000,0.000) 指令加速度=(0.000,0.000,nan) 滚转角=0.10度 俯仰角=0.10度
11:10:15 [地面待机] 已按当前位置重新定位；等待起飞指令
11:10:15.586405 [轨迹] 序号=457 单调时间=8630.366423 时间=8630.366 模式=OFFBOARD 起飞状态=未执行起飞 水平控制=位置保持 类型掩码=3520 实际位置NED=(0.194,0.071,-0.255) 实际速度=(0.000,-0.001,0.000) 最终目标=(0.194,0.071,-0.255) 指令位置=(0.194,0.071,nan) 指令速度=(0.000,0.000,0.000) 指令加速度=(0.000,0.000,nan) 滚转角=0.10度 俯仰角=0.10度
11:10:15.689861 [轨迹] 序号=458 单调时间=8630.469924 时间=8630.470 模式=OFFBOARD 起飞状态=未执行起飞 水平控制=位置保持 类型掩码=3520 实际位置NED=(0.194,0.071,-0.255) 实际速度=(0.000,-0.001,0.000) 最终目标=(0.194,0.071,-0.255) 指令位置=(0.194,0.071,nan) 指令速度=(0.000,0.000,0.000) 指令加速度=(0.000,0.000,nan) 滚转角=0.10度 俯仰角=0.10度
11:10:15.793179 [轨迹] 序号=459 单调时间=8630.573079 时间=8630.573 模式=OFFBOARD 起飞状态=未执行起飞 水平控制=位置保持 类型掩码=3520 实际位置NED=(0.193,0.070,-0.255) 实际速度=(0.000,-0.001,0.000) 最终目标=(0.194,0.071,-0.255) 指令位置=(0.194,0.071,nan) 指令速度=(0.000,0.000,0.000) 指令加速度=(0.000,0.000,nan) 滚转角=0.10度 俯仰角=0.10度
11:10:15.896574 [轨迹] 序号=460 单调时间=8630.676331 时间=8630.676 模式=OFFBOARD 起飞状态=未执行起飞 水平控制=位置保持 类型掩码=3520 实际位置NED=(0.193,0.070,-0.255) 实际速度=(0.000,-0.001,0.001) 最终目标=(0.194,0.071,-0.255) 指令位置=(0.194,0.071,nan) 指令速度=(0.000,0.000,0.000) 指令加速度=(0.000,0.000,nan) 滚转角=0.10度 俯仰角=0.10度
11:10:16.000166 [轨迹] 序号=461 单调时间=8630.779861 时间=8630.780 模式=OFFBOARD 起飞状态=未执行起飞 水平控制=位置保持 类型掩码=3520 实际位置NED=(0.193,0.070,-0.255) 实际速度=(0.000,-0.001,0.001) 最终目标=(0.194,0.071,-0.255) 指令位置=(0.194,0.071,nan) 指令速度=(0.000,0.000,0.000) 指令加速度=(0.000,0.000,nan) 滚转角=0.10度 俯仰角=0.10度
11:10:16.103358 [轨迹] 序号=462 单调时间=8630.883367 时间=8630.883 模式=OFFBOARD 起飞状态=未执行起飞 水平控制=位置保持 类型掩码=3520 实际位置NED=(0.193,0.070,-0.255) 实际速度=(0.000,-0.001,0.001) 最终目标=(0.194,0.071,-0.255) 指令位置=(0.194,0.071,nan) 指令速度=(0.000,0.000,0.000) 指令加速度=(0.000,0.000,nan) 滚转角=0.10度 俯仰角=0.10度
11:10:16.206678 [轨迹] 序号=463 单调时间=8630.986520 时间=8630.987 模式=OFFBOARD 起飞状态=未执行起飞 水平控制=位置保持 类型掩码=3520 实际位置NED=(0.193,0.070,-0.255) 实际速度=(0.000,-0.001,0.001) 最终目标=(0.194,0.071,-0.255) 指令位置=(0.194,0.071,nan) 指令速度=(0.000,0.000,0.000) 指令加速度=(0.000,0.000,nan) 滚转角=0.10度 俯仰角=0.10度
11:10:16.309962 [轨迹] 序号=464 单调时间=8631.089880 时间=8631.090 模式=OFFBOARD 起飞状态=未执行起飞 水平控制=位置保持 类型掩码=3520 实际位置NED=(0.193,0.070,-0.255) 实际速度=(0.000,-0.001,0.001) 最终目标=(0.194,0.071,-0.255) 指令位置=(0.194,0.071,nan) 指令速度=(0.000,0.000,0.000) 指令加速度=(0.000,0.000,nan) 滚转角=0.10度 俯仰角=0.09度
11:10:16.413215 [轨迹] 序号=465 单调时间=8631.193034 时间=8631.193 模式=OFFBOARD 起飞状态=未执行起飞 水平控制=位置保持 类型掩码=3520 实际位置NED=(0.193,0.069,-0.255) 实际速度=(0.000,-0.001,0.001) 最终目标=(0.194,0.071,-0.255) 指令位置=(0.194,0.071,nan) 指令速度=(0.000,0.000,0.000) 指令加速度=(0.000,0.000,nan) 滚转角=0.10度 俯仰角=0.09度
11:10:16.517022 [轨迹] 序号=466 单调时间=8631.296312 时间=8631.296 模式=OFFBOARD 起飞状态=未执行起飞 水平控制=位置保持 类型掩码=3520 实际位置NED=(0.193,0.069,-0.255) 实际速度=(0.000,-0.001,0.001) 最终目标=(0.194,0.071,-0.255) 指令位置=(0.194,0.071,nan) 指令速度=(0.000,0.000,0.000) 指令加速度=(0.000,0.000,nan) 滚转角=0.10度 俯仰角=0.09度
11:10:16.621009 [轨迹] 序号=467 单调时间=8631.401054 时间=8631.401 模式=OFFBOARD 起飞状态=未执行起飞 水平控制=位置保持 类型掩码=3520 实际位置NED=(0.193,0.069,-0.255) 实际速度=(0.000,-0.001,0.001) 最终目标=(0.194,0.071,-0.255) 指令位置=(0.194,0.071,nan) 指令速度=(0.000,0.000,0.000) 指令加速度=(0.000,0.000,nan) 滚转角=0.10度 俯仰角=0.09度
11:10:16.724726 [轨迹] 序号=468 单调时间=8631.504475 时间=8631.504 模式=OFFBOARD 起飞状态=未执行起飞 水平控制=位置保持 类型掩码=3520 实际位置NED=(0.194,0.069,-0.255) 实际速度=(0.000,-0.001,0.001) 最终目标=(0.194,0.071,-0.255) 指令位置=(0.194,0.071,nan) 指令速度=(0.000,0.000,0.000) 指令加速度=(0.000,0.000,nan) 滚转角=0.10度 俯仰角=0.09度
11:10:16.828070 [轨迹] 序号=469 单调时间=8631.608145 时间=8631.608 模式=OFFBOARD 起飞状态=未执行起飞 水平控制=位置保持 类型掩码=3520 实际位置NED=(0.194,0.069,-0.255) 实际速度=(0.000,-0.001,0.001) 最终目标=(0.194,0.071,-0.255) 指令位置=(0.194,0.071,nan) 指令速度=(0.000,0.000,0.000) 指令加速度=(0.000,0.000,nan) 滚转角=0.10度 俯仰角=0.09度
11:10:16.931305 [轨迹] 序号=470 单调时间=8631.711024 时间=8631.711 模式=OFFBOARD 起飞状态=未执行起飞 水平控制=位置保持 类型掩码=3520 实际位置NED=(0.194,0.068,-0.255) 实际速度=(0.000,-0.001,0.001) 最终目标=(0.194,0.071,-0.255) 指令位置=(0.194,0.071,nan) 指令速度=(0.000,0.000,0.000) 指令加速度=(0.000,0.000,nan) 滚转角=0.10度 俯仰角=0.09度
11:10:17.034830 [轨迹] 序号=471 单调时间=8631.814476 时间=8631.814 模式=OFFBOARD 起飞状态=未执行起飞 水平控制=位置保持 类型掩码=3520 实际位置NED=(0.194,0.068,-0.255) 实际速度=(-0.000,-0.001,0.001) 最终目标=(0.194,0.071,-0.255) 指令位置=(0.194,0.071,nan) 指令速度=(0.000,0.000,0.000) 指令加速度=(0.000,0.000,nan) 滚转角=0.10度 俯仰角=0.09度
11:10:17.138084 [轨迹] 序号=472 单调时间=8631.917929 时间=8631.918 模式=OFFBOARD 起飞状态=未执行起飞 水平控制=位置保持 类型掩码=3520 实际位置NED=(0.194,0.068,-0.255) 实际速度=(-0.000,-0.001,0.001) 最终目标=(0.194,0.071,-0.255) 指令位置=(0.194,0.071,nan) 指令速度=(0.000,0.000,0.000) 指令加速度=(0.000,0.000,nan) 滚转角=0.10度 俯仰角=0.09度
11:10:17 [输入] 已按下一次起飞按钮
11:10:17 [目标] 修改前：北=0.194 东=0.071 下=-0.255
11:10:17 [目标] 修改后：北=0.194 东=0.068 下=-1.255
11:10:17 [起飞] 起始下轴位置=-0.255 离地阶段下轴目标=-0.605 最终下轴目标=-1.255；水平位置已锁定到当前位置
11:10:17.241469 [轨迹] 序号=473 单调时间=8632.021405 时间=8632.021 模式=OFFBOARD 起飞状态=离地阶段 水平控制=位置保持 类型掩码=2496 实际位置NED=(0.194,0.068,-0.255) 实际速度=(-0.000,-0.001,0.001) 最终目标=(0.194,0.068,-1.255) 指令位置=(0.194,0.068,-0.262) 指令速度=(0.000,0.000,-0.075) 指令加速度=(0.000,0.000,-0.750) 滚转角=0.10度 俯仰角=0.09度
11:10:17.342442 [轨迹] 序号=474 单调时间=8632.122205 时间=8632.122 模式=OFFBOARD 起飞状态=离地阶段 水平控制=位置保持 类型掩码=2496 实际位置NED=(0.194,0.068,-0.255) 实际速度=(-0.000,-0.001,0.001) 最终目标=(0.194,0.068,-1.255) 指令位置=(0.194,0.068,-0.278) 指令速度=(0.000,0.000,-0.151) 指令加速度=(0.000,0.000,-0.750) 滚转角=0.10度 俯仰角=0.09度
11:10:17.442557 [轨迹] 序号=475 单调时间=8632.222608 时间=8632.223 模式=OFFBOARD 起飞状态=离地阶段 水平控制=位置保持 类型掩码=2496 实际位置NED=(0.194,0.067,-0.255) 实际速度=(-0.000,-0.001,0.001) 最终目标=(0.194,0.068,-1.255) 指令位置=(0.194,0.068,-0.300) 指令速度=(0.000,0.000,-0.226) 指令加速度=(0.000,0.000,-0.750) 滚转角=0.10度 俯仰角=0.09度
11:10:17.546862 [轨迹] 序号=476 单调时间=8632.326743 时间=8632.327 模式=OFFBOARD 起飞状态=离地阶段 水平控制=位置保持 类型掩码=2496 实际位置NED=(0.194,0.067,-0.255) 实际速度=(-0.000,-0.001,0.001) 最终目标=(0.194,0.068,-1.255) 指令位置=(0.194,0.068,-0.332) 指令速度=(0.000,0.000,-0.304) 指令加速度=(0.000,0.000,-0.750) 滚转角=0.10度 俯仰角=0.09度
11:10:17.650415 [轨迹] 序号=477 单调时间=8632.430216 时间=8632.430 模式=OFFBOARD 起飞状态=离地阶段 水平控制=位置保持 类型掩码=2496 实际位置NED=(0.194,0.067,-0.255) 实际速度=(-0.000,-0.001,0.001) 最终目标=(0.194,0.068,-1.255) 指令位置=(0.194,0.068,-0.371) 指令速度=(0.000,0.000,-0.382) 指令加速度=(0.000,0.000,-0.750) 滚转角=0.10度 俯仰角=0.09度
11:10:17.754235 [轨迹] 序号=478 单调时间=8632.533997 时间=8632.534 模式=OFFBOARD 起飞状态=离地阶段 水平控制=位置保持 类型掩码=2496 实际位置NED=(0.194,0.066,-0.255) 实际速度=(-0.000,-0.001,0.001) 最终目标=(0.194,0.068,-1.255) 指令位置=(0.194,0.068,-0.419) 指令速度=(0.000,0.000,-0.459) 指令加速度=(0.000,0.000,-0.750) 滚转角=0.10度 俯仰角=0.09度
11:10:17.857434 [轨迹] 序号=479 单调时间=8632.637502 时间=8632.638 模式=OFFBOARD 起飞状态=离地阶段 水平控制=位置保持 类型掩码=2496 实际位置NED=(0.194,0.066,-0.255) 实际速度=(-0.000,-0.001,0.001) 最终目标=(0.194,0.068,-1.255) 指令位置=(0.194,0.068,-0.471) 指令速度=(0.000,0.000,-0.500) 指令加速度=(0.000,0.000,-0.392) 滚转角=0.10度 俯仰角=0.09度
11:10:17.961351 [轨迹] 序号=480 单调时间=8632.741226 时间=8632.741 模式=OFFBOARD 起飞状态=离地阶段 水平控制=位置保持 类型掩码=2496 实际位置NED=(0.194,0.066,-0.255) 实际速度=(-0.000,-0.000,0.001) 最终目标=(0.194,0.068,-1.255) 指令位置=(0.194,0.068,-0.523) 指令速度=(0.000,0.000,-0.500) 指令加速度=(0.000,0.000,0.000) 滚转角=0.10度 俯仰角=0.09度
11:10:18.064423 [轨迹] 序号=481 单调时间=8632.844386 时间=8632.844 模式=OFFBOARD 起飞状态=离地阶段 水平控制=位置保持 类型掩码=2496 实际位置NED=(0.194,0.066,-0.255) 实际速度=(-0.000,-0.000,0.001) 最终目标=(0.194,0.068,-1.255) 指令位置=(0.194,0.068,-0.574) 指令速度=(0.000,0.000,-0.500) 指令加速度=(0.000,0.000,0.000) 滚转角=0.10度 俯仰角=0.09度
11:10:18.168099 [轨迹] 序号=482 单调时间=8632.948039 时间=8632.948 模式=OFFBOARD 起飞状态=离地阶段 水平控制=位置保持 类型掩码=2496 实际位置NED=(0.194,0.066,-0.255) 实际速度=(-0.000,-0.000,0.001) 最终目标=(0.194,0.068,-1.255) 指令位置=(0.194,0.068,-0.626) 指令速度=(0.000,0.000,-0.500) 指令加速度=(0.000,0.000,0.000) 滚转角=0.10度 俯仰角=0.09度
11:10:18.271263 [轨迹] 序号=483 单调时间=8633.051050 时间=8633.051 模式=OFFBOARD 起飞状态=爬升阶段 水平控制=位置保持 类型掩码=2496 实际位置NED=(0.194,0.065,-0.254) 实际速度=(-0.000,-0.000,0.001) 最终目标=(0.194,0.068,-1.255) 指令位置=(0.194,0.068,-0.674) 指令速度=(0.000,0.000,-0.469) 指令加速度=(0.000,0.000,0.300) 滚转角=0.10度 俯仰角=0.09度
11:10:18.375060 [轨迹] 序号=484 单调时间=8633.154902 时间=8633.155 模式=OFFBOARD 起飞状态=爬升阶段 水平控制=位置保持 类型掩码=2496 实际位置NED=(0.194,0.065,-0.254) 实际速度=(-0.000,-0.000,0.001) 最终目标=(0.194,0.068,-1.255) 指令位置=(0.194,0.068,-0.720) 指令速度=(0.000,0.000,-0.438) 指令加速度=(0.000,0.000,0.300) 滚转角=0.10度 俯仰角=0.09度
11:10:18.476104 [轨迹] 序号=485 单调时间=8633.255983 时间=8633.256 模式=OFFBOARD 起飞状态=爬升阶段 水平控制=位置保持 类型掩码=2496 实际位置NED=(0.194,0.065,-0.254) 实际速度=(-0.000,-0.000,0.001) 最终目标=(0.194,0.068,-1.255) 指令位置=(0.194,0.068,-0.761) 指令速度=(0.000,0.000,-0.408) 指令加速度=(0.000,0.000,0.300) 滚转角=0.10度 俯仰角=0.09度
11:10:18.581177 [轨迹] 序号=486 单调时间=8633.360250 时间=8633.360 模式=OFFBOARD 起飞状态=爬升阶段 水平控制=位置保持 类型掩码=2496 实际位置NED=(0.194,0.065,-0.254) 实际速度=(-0.000,-0.000,0.002) 最终目标=(0.194,0.068,-1.255) 指令位置=(0.194,0.068,-0.800) 指令速度=(0.000,0.000,-0.376) 指令加速度=(0.000,0.000,0.300) 滚转角=0.10度 俯仰角=0.09度
11:10:18.685300 [轨迹] 序号=487 单调时间=8633.465196 时间=8633.465 模式=OFFBOARD 起飞状态=爬升阶段 水平控制=位置保持 类型掩码=2496 实际位置NED=(0.194,0.064,-0.254) 实际速度=(-0.000,-0.000,0.002) 最终目标=(0.194,0.068,-1.255) 指令位置=(0.194,0.068,-0.837) 指令速度=(0.000,0.000,-0.345) 指令加速度=(0.000,0.000,0.300) 滚转角=0.10度 俯仰角=0.09度
11:10:18.788399 [轨迹] 序号=488 单调时间=8633.568325 时间=8633.568 模式=OFFBOARD 起飞状态=爬升阶段 水平控制=位置保持 类型掩码=2496 实际位置NED=(0.194,0.064,-0.254) 实际速度=(-0.000,-0.000,0.002) 最终目标=(0.194,0.068,-1.255) 指令位置=(0.194,0.068,-0.869) 指令速度=(0.000,0.000,-0.314) 指令加速度=(0.000,0.000,0.300) 滚转角=0.10度 俯仰角=0.09度
11:10:18.889508 [轨迹] 序号=489 单调时间=8633.669317 时间=8633.669 模式=OFFBOARD 起飞状态=爬升阶段 水平控制=位置保持 类型掩码=2496 实际位置NED=(0.194,0.064,-0.254) 实际速度=(-0.000,-0.000,0.002) 最终目标=(0.194,0.068,-1.255) 指令位置=(0.194,0.068,-0.899) 指令速度=(0.000,0.000,-0.300) 指令加速度=(0.000,0.000,0.138) 滚转角=0.10度 俯仰角=0.09度
11:10:18.993256 [轨迹] 序号=490 单调时间=8633.773069 时间=8633.773 模式=OFFBOARD 起飞状态=爬升阶段 水平控制=位置保持 类型掩码=2496 实际位置NED=(0.194,0.064,-0.254) 实际速度=(-0.001,0.000,0.002) 最终目标=(0.194,0.068,-1.255) 指令位置=(0.194,0.068,-0.930) 指令速度=(0.000,0.000,-0.300) 指令加速度=(0.000,0.000,0.000) 滚转角=0.10度 俯仰角=0.09度
11:10:19.096637 [轨迹] 序号=491 单调时间=8633.876543 时间=8633.877 模式=OFFBOARD 起飞状态=爬升阶段 水平控制=位置保持 类型掩码=2496 实际位置NED=(0.195,0.064,-0.254) 实际速度=(-0.001,-0.000,0.002) 最终目标=(0.194,0.068,-1.255) 指令位置=(0.194,0.068,-0.961) 指令速度=(0.000,0.000,-0.300) 指令加速度=(0.000,0.000,0.000) 滚转角=0.10度 俯仰角=0.09度
11:10:19.200601 [轨迹] 序号=492 单调时间=8633.980494 时间=8633.980 模式=OFFBOARD 起飞状态=爬升阶段 水平控制=位置保持 类型掩码=2496 实际位置NED=(0.195,0.063,-0.254) 实际速度=(-0.000,-0.000,0.002) 最终目标=(0.194,0.068,-1.255) 指令位置=(0.194,0.068,-0.993) 指令速度=(0.000,0.000,-0.300) 指令加速度=(0.000,0.000,0.000) 滚转角=0.10度 俯仰角=0.09度
11:10:19.304391 [轨迹] 序号=493 单调时间=8634.083777 时间=8634.084 模式=OFFBOARD 起飞状态=爬升阶段 水平控制=位置保持 类型掩码=2496 实际位置NED=(0.195,0.063,-0.254) 实际速度=(-0.000,-0.000,0.002) 最终目标=(0.194,0.068,-1.255) 指令位置=(0.194,0.068,-1.024) 指令速度=(0.000,0.000,-0.300) 指令加速度=(0.000,0.000,0.000) 滚转角=0.10度 俯仰角=0.09度
11:10:19.407991 [轨迹] 序号=494 单调时间=8634.187987 时间=8634.188 模式=OFFBOARD 起飞状态=爬升阶段 水平控制=位置保持 类型掩码=2496 实际位置NED=(0.195,0.063,-0.254) 实际速度=(-0.000,0.000,0.002) 最终目标=(0.194,0.068,-1.255) 指令位置=(0.194,0.068,-1.055) 指令速度=(0.000,0.000,-0.300) 指令加速度=(0.000,0.000,0.000) 滚转角=0.10度 俯仰角=0.09度
11:10:19.511002 [轨迹] 序号=495 单调时间=8634.290882 时间=8634.291 模式=OFFBOARD 起飞状态=爬升阶段 水平控制=位置保持 类型掩码=2496 实际位置NED=(0.195,0.063,-0.254) 实际速度=(-0.000,0.000,0.002) 最终目标=(0.194,0.068,-1.255) 指令位置=(0.194,0.068,-1.084) 指令速度=(0.000,0.000,-0.285) 指令加速度=(0.000,0.000,0.148) 滚转角=0.10度 俯仰角=0.09度
11:10:19.615187 [轨迹] 序号=496 单调时间=8634.395041 时间=8634.395 模式=OFFBOARD 起飞状态=爬升阶段 水平控制=位置保持 类型掩码=2496 实际位置NED=(0.195,0.062,-0.254) 实际速度=(-0.000,0.000,0.002) 最终目标=(0.194,0.068,-1.255) 指令位置=(0.194,0.068,-1.111) 指令速度=(0.000,0.000,-0.258) 指令加速度=(0.000,0.000,0.260) 滚转角=0.10度 俯仰角=0.09度
11:10:19.719961 [轨迹] 序号=497 单调时间=8634.499735 时间=8634.500 模式=OFFBOARD 起飞状态=减速阶段 水平控制=位置保持 类型掩码=2496 实际位置NED=(0.195,0.062,-0.255) 实际速度=(-0.000,0.000,0.001) 最终目标=(0.194,0.068,-1.255) 指令位置=(0.194,0.068,-1.135) 指令速度=(0.000,0.000,-0.231) 指令加速度=(0.000,0.000,0.254) 滚转角=0.11度 俯仰角=0.09度
11:10:19.823238 [轨迹] 序号=498 单调时间=8634.603080 时间=8634.603 模式=OFFBOARD 起飞状态=减速阶段 水平控制=位置保持 类型掩码=2496 实际位置NED=(0.195,0.062,-0.256) 实际速度=(-0.000,-0.000,-0.000) 最终目标=(0.194,0.068,-1.255) 指令位置=(0.194,0.068,-1.156) 指令速度=(0.000,0.000,-0.206) 指令加速度=(0.000,0.000,0.242) 滚转角=0.11度 俯仰角=0.09度
11:10:19.926978 [轨迹] 序号=499 单调时间=8634.707078 时间=8634.707 模式=OFFBOARD 起飞状态=减速阶段 水平控制=位置保持 类型掩码=2496 实际位置NED=(0.195,0.062,-0.264) 实际速度=(-0.000,-0.000,-0.006) 最终目标=(0.194,0.068,-1.255) 指令位置=(0.194,0.068,-1.175) 指令速度=(0.000,0.000,-0.181) 指令加速度=(0.000,0.000,0.244) 滚转角=0.11度 俯仰角=0.09度
11:10:20.031012 [轨迹] 序号=500 单调时间=8634.810775 时间=8634.811 模式=OFFBOARD 起飞状态=减速阶段 水平控制=位置保持 类型掩码=2496 实际位置NED=(0.195,0.062,-0.269) 实际速度=(-0.000,-0.000,-0.010) 最终目标=(0.194,0.068,-1.255) 指令位置=(0.194,0.068,-1.191) 指令速度=(0.000,0.000,-0.156) 指令加速度=(0.000,0.000,0.234) 滚转角=0.11度 俯仰角=0.09度
11:10:20.135170 [轨迹] 序号=501 单调时间=8634.915156 时间=8634.915 模式=OFFBOARD 起飞状态=减速阶段 水平控制=位置保持 类型掩码=2496 实际位置NED=(0.195,0.061,-0.274) 实际速度=(-0.000,-0.000,-0.013) 最终目标=(0.194,0.068,-1.255) 指令位置=(0.194,0.068,-1.205) 指令速度=(0.000,0.000,-0.132) 指令加速度=(0.000,0.000,0.229) 滚转角=0.11度 俯仰角=0.09度
11:10:20.240073 [轨迹] 序号=502 单调时间=8635.019770 时间=8635.020 模式=OFFBOARD 起飞状态=减速阶段 水平控制=位置保持 类型掩码=2496 实际位置NED=(0.195,0.061,-0.279) 实际速度=(-0.000,-0.000,-0.017) 最终目标=(0.194,0.068,-1.255) 指令位置=(0.194,0.068,-1.217) 指令速度=(0.000,0.000,-0.110) 指令加速度=(0.000,0.000,0.217) 滚转角=0.11度 俯仰角=0.09度
11:10:20.342996 [轨迹] 序号=503 单调时间=8635.122781 时间=8635.123 模式=OFFBOARD 起飞状态=减速阶段 水平控制=位置保持 类型掩码=2496 实际位置NED=(0.195,0.061,-0.285) 实际速度=(-0.000,-0.001,-0.021) 最终目标=(0.194,0.068,-1.255) 指令位置=(0.194,0.068,-1.226) 指令速度=(0.000,0.000,-0.089) 指令加速度=(0.000,0.000,0.197) 滚转角=0.11度 俯仰角=0.09度
11:10:20.443025 [轨迹] 序号=504 单调时间=8635.222782 时间=8635.223 模式=OFFBOARD 起飞状态=减速阶段 水平控制=位置保持 类型掩码=2496 实际位置NED=(0.194,0.061,-0.293) 实际速度=(-0.000,-0.001,-0.027) 最终目标=(0.194,0.068,-1.255) 指令位置=(0.194,0.068,-1.233) 指令速度=(0.000,0.000,-0.072) 指令加速度=(0.000,0.000,0.177) 滚转角=0.11度 俯仰角=0.09度
11:10:20.547502 [轨迹] 序号=505 单调时间=8635.327241 时间=8635.327 模式=OFFBOARD 起飞状态=减速阶段 水平控制=位置保持 类型掩码=2496 实际位置NED=(0.194,0.060,-0.305) 实际速度=(-0.000,-0.001,-0.035) 最终目标=(0.194,0.068,-1.255) 指令位置=(0.194,0.068,-1.239) 指令速度=(0.000,0.000,-0.052) 指令加速度=(0.000,0.000,0.193) 滚转角=0.11度 俯仰角=0.09度
11:10:20.652400 [轨迹] 序号=506 单调时间=8635.431983 时间=8635.432 模式=OFFBOARD 起飞状态=减速阶段 水平控制=位置保持 类型掩码=2496 实际位置NED=(0.194,0.060,-0.312) 实际速度=(-0.000,-0.001,-0.039) 最终目标=(0.194,0.068,-1.255) 指令位置=(0.194,0.068,-1.242) 指令速度=(0.000,0.000,-0.036) 指令加速度=(0.000,0.000,0.146) 滚转角=0.11度 俯仰角=0.09度
11:10:20.752695 [轨迹] 序号=507 单调时间=8635.532184 时间=8635.532 模式=OFFBOARD 起飞状态=高度保持 水平控制=位置保持 类型掩码=2496 实际位置NED=(0.194,0.060,-0.319) 实际速度=(-0.000,-0.001,-0.043) 最终目标=(0.194,0.068,-1.255) 指令位置=(0.194,0.068,-1.255) 指令速度=(0.000,0.000,0.000) 指令加速度=(0.000,0.000,0.362) 滚转角=0.11度 俯仰角=0.09度
11:10:20.857013 [轨迹] 序号=508 单调时间=8635.636947 时间=8635.637 模式=OFFBOARD 起飞状态=高度保持 水平控制=位置保持 类型掩码=2496 实际位置NED=(0.194,0.060,-0.325) 实际速度=(-0.001,-0.001,-0.046) 最终目标=(0.194,0.068,-1.255) 指令位置=(0.194,0.068,-1.255) 指令速度=(0.000,0.000,0.000) 指令加速度=(0.000,0.000,0.000) 滚转角=0.11度 俯仰角=0.09度
11:10:20.961440 [轨迹] 序号=509 单调时间=8635.741334 时间=8635.741 模式=OFFBOARD 起飞状态=高度保持 水平控制=位置保持 类型掩码=2496 实际位置NED=(0.195,0.060,-0.333) 实际速度=(-0.001,-0.001,-0.051) 最终目标=(0.194,0.068,-1.255) 指令位置=(0.194,0.068,-1.255) 指令速度=(0.000,0.000,0.000) 指令加速度=(0.000,0.000,0.000) 滚转角=0.11度 俯仰角=0.09度
11:10:21.066074 [轨迹] 序号=510 单调时间=8635.845798 时间=8635.846 模式=OFFBOARD 起飞状态=高度保持 水平控制=位置保持 类型掩码=2496 实际位置NED=(0.195,0.059,-0.346) 实际速度=(-0.001,-0.002,-0.057) 最终目标=(0.194,0.068,-1.255) 指令位置=(0.194,0.068,-1.255) 指令速度=(0.000,0.000,0.000) 指令加速度=(0.000,0.000,0.000) 滚转角=0.11度 俯仰角=0.09度
11:10:21.169468 [轨迹] 序号=511 单调时间=8635.949378 时间=8635.949 模式=OFFBOARD 起飞状态=高度保持 水平控制=位置保持 类型掩码=2496 实际位置NED=(0.195,0.059,-0.352) 实际速度=(-0.000,-0.002,-0.060) 最终目标=(0.194,0.068,-1.255) 指令位置=(0.194,0.068,-1.255) 指令速度=(0.000,0.000,0.000) 指令加速度=(0.000,0.000,0.000) 滚转角=0.11度 俯仰角=0.09度
11:10:21.273912 [轨迹] 序号=512 单调时间=8636.053858 时间=8636.054 模式=OFFBOARD 起飞状态=高度保持 水平控制=位置保持 类型掩码=2496 实际位置NED=(0.195,0.059,-0.358) 实际速度=(-0.001,-0.002,-0.062) 最终目标=(0.194,0.068,-1.255) 指令位置=(0.194,0.068,-1.255) 指令速度=(0.000,0.000,0.000) 指令加速度=(0.000,0.000,0.000) 滚转角=0.11度 俯仰角=0.09度
11:10:21.378270 [轨迹] 序号=513 单调时间=8636.158144 时间=8636.158 模式=OFFBOARD 起飞状态=高度保持 水平控制=位置保持 类型掩码=2496 实际位置NED=(0.195,0.059,-0.364) 实际速度=(-0.001,-0.002,-0.065) 最终目标=(0.194,0.068,-1.255) 指令位置=(0.194,0.068,-1.255) 指令速度=(0.000,0.000,0.000) 指令加速度=(0.000,0.000,0.000) 滚转角=0.11度 俯仰角=0.09度
11:10:21.482195 [轨迹] 序号=514 单调时间=8636.262031 时间=8636.262 模式=OFFBOARD 起飞状态=高度保持 水平控制=位置保持 类型掩码=2496 实际位置NED=(0.195,0.058,-0.371) 实际速度=(-0.001,-0.002,-0.068) 最终目标=(0.194,0.068,-1.255) 指令位置=(0.194,0.068,-1.255) 指令速度=(0.000,0.000,0.000) 指令加速度=(0.000,0.000,0.000) 滚转角=0.11度 俯仰角=0.09度
11:10:21.585999 [轨迹] 序号=515 单调时间=8636.365919 时间=8636.366 模式=OFFBOARD 起飞状态=高度保持 水平控制=位置保持 类型掩码=2496 实际位置NED=(0.195,0.058,-0.382) 实际速度=(-0.001,-0.002,-0.071) 最终目标=(0.194,0.068,-1.255) 指令位置=(0.194,0.068,-1.255) 指令速度=(0.000,0.000,0.000) 指令加速度=(0.000,0.000,0.000) 滚转角=0.11度 俯仰角=0.09度
11:10:21.691276 [轨迹] 序号=516 单调时间=8636.471011 时间=8636.471 模式=OFFBOARD 起飞状态=高度保持 水平控制=位置保持 类型掩码=2496 实际位置NED=(0.195,0.058,-0.387) 实际速度=(-0.001,-0.002,-0.072) 最终目标=(0.194,0.068,-1.255) 指令位置=(0.194,0.068,-1.255) 指令速度=(0.000,0.000,0.000) 指令加速度=(0.000,0.000,0.000) 滚转角=0.11度 俯仰角=0.09度
11:10:21.795549 [轨迹] 序号=517 单调时间=8636.575360 时间=8636.575 模式=OFFBOARD 起飞状态=高度保持 水平控制=位置保持 类型掩码=2496 实际位置NED=(0.195,0.057,-0.391) 实际速度=(-0.000,-0.002,-0.074) 最终目标=(0.194,0.068,-1.255) 指令位置=(0.194,0.068,-1.255) 指令速度=(0.000,0.000,0.000) 指令加速度=(0.000,0.000,0.000) 滚转角=0.11度 俯仰角=0.09度
11:10:21.899796 [轨迹] 序号=518 单调时间=8636.679611 时间=8636.680 模式=OFFBOARD 起飞状态=高度保持 水平控制=位置保持 类型掩码=2496 实际位置NED=(0.195,0.057,-0.396) 实际速度=(-0.001,-0.003,-0.075) 最终目标=(0.194,0.068,-1.255) 指令位置=(0.194,0.068,-1.255) 指令速度=(0.000,0.000,0.000) 指令加速度=(0.000,0.000,0.000) 滚转角=0.11度 俯仰角=0.09度
11:10:22.004366 [轨迹] 序号=519 单调时间=8636.784291 时间=8636.784 模式=OFFBOARD 起飞状态=高度保持 水平控制=位置保持 类型掩码=2496 实际位置NED=(0.195,0.057,-0.401) 实际速度=(-0.000,-0.003,-0.076) 最终目标=(0.194,0.068,-1.255) 指令位置=(0.194,0.068,-1.255) 指令速度=(0.000,0.000,0.000) 指令加速度=(0.000,0.000,0.000) 滚转角=0.11度 俯仰角=0.09度
11:10:22.108619 [轨迹] 序号=520 单调时间=8636.888494 时间=8636.888 模式=OFFBOARD 起飞状态=高度保持 水平控制=位置保持 类型掩码=2496 实际位置NED=(0.195,0.057,-0.409) 实际速度=(-0.000,-0.003,-0.077) 最终目标=(0.194,0.068,-1.255) 指令位置=(0.194,0.068,-1.255) 指令速度=(0.000,0.000,0.000) 指令加速度=(0.000,0.000,0.000) 滚转角=0.11度 俯仰角=0.09度
11:10:22.212526 [轨迹] 序号=521 单调时间=8636.992338 时间=8636.992 模式=OFFBOARD 起飞状态=高度保持 水平控制=位置保持 类型掩码=2496 实际位置NED=(0.196,0.056,-0.412) 实际速度=(-0.000,-0.003,-0.077) 最终目标=(0.194,0.068,-1.255) 指令位置=(0.194,0.068,-1.255) 指令速度=(0.000,0.000,0.000) 指令加速度=(0.000,0.000,0.000) 滚转角=0.11度 俯仰角=0.09度
11:10:22.316967 [轨迹] 序号=522 单调时间=8637.096898 时间=8637.097 模式=OFFBOARD 起飞状态=高度保持 水平控制=位置保持 类型掩码=2496 实际位置NED=(0.196,0.056,-0.415) 实际速度=(-0.000,-0.003,-0.077) 最终目标=(0.194,0.068,-1.255) 指令位置=(0.194,0.068,-1.255) 指令速度=(0.000,0.000,0.000) 指令加速度=(0.000,0.000,0.000) 滚转角=0.11度 俯仰角=0.09度
11:10:22.421421 [轨迹] 序号=523 单调时间=8637.201259 时间=8637.201 模式=OFFBOARD 起飞状态=高度保持 水平控制=位置保持 类型掩码=2496 实际位置NED=(0.196,0.056,-0.418) 实际速度=(-0.000,-0.003,-0.077) 最终目标=(0.194,0.068,-1.255) 指令位置=(0.194,0.068,-1.255) 指令速度=(0.000,0.000,0.000) 指令加速度=(0.000,0.000,0.000) 滚转角=0.11度 俯仰角=0.09度
11:10:22.525603 [轨迹] 序号=524 单调时间=8637.305388 时间=8637.305 模式=OFFBOARD 起飞状态=高度保持 水平控制=位置保持 类型掩码=2496 实际位置NED=(0.196,0.055,-0.422) 实际速度=(0.000,-0.003,-0.077) 最终目标=(0.194,0.068,-1.255) 指令位置=(0.194,0.068,-1.255) 指令速度=(0.000,0.000,0.000) 指令加速度=(0.000,0.000,0.000) 滚转角=0.11度 俯仰角=0.09度
11:10:22.630409 [轨迹] 序号=525 单调时间=8637.410255 时间=8637.410 模式=OFFBOARD 起飞状态=高度保持 水平控制=位置保持 类型掩码=2496 实际位置NED=(0.197,0.055,-0.426) 实际速度=(0.000,-0.004,-0.076) 最终目标=(0.194,0.068,-1.255) 指令位置=(0.194,0.068,-1.255) 指令速度=(0.000,0.000,0.000) 指令加速度=(0.000,0.000,0.000) 滚转角=0.11度 俯仰角=0.09度
11:10:22.730670 [轨迹] 序号=526 单调时间=8637.510666 时间=8637.511 模式=OFFBOARD 起飞状态=高度保持 水平控制=位置保持 类型掩码=2496 实际位置NED=(0.197,0.055,-0.429) 实际速度=(0.000,-0.004,-0.075) 最终目标=(0.194,0.068,-1.255) 指令位置=(0.194,0.068,-1.255) 指令速度=(0.000,0.000,0.000) 指令加速度=(0.000,0.000,0.000) 滚转角=0.11度 俯仰角=0.09度
11:10:22.834733 [轨迹] 序号=527 单调时间=8637.614577 时间=8637.615 模式=OFFBOARD 起飞状态=高度保持 水平控制=位置保持 类型掩码=2496 实际位置NED=(0.197,0.055,-0.430) 实际速度=(0.000,-0.004,-0.074) 最终目标=(0.194,0.068,-1.255) 指令位置=(0.194,0.068,-1.255) 指令速度=(0.000,0.000,0.000) 指令加速度=(0.000,0.000,0.000) 滚转角=0.11度 俯仰角=0.09度
11:10:22.938573 [轨迹] 序号=528 单调时间=8637.718509 时间=8637.719 模式=OFFBOARD 起飞状态=高度保持 水平控制=位置保持 类型掩码=2496 实际位置NED=(0.197,0.054,-0.432) 实际速度=(0.000,-0.004,-0.073) 最终目标=(0.194,0.068,-1.255) 指令位置=(0.194,0.068,-1.255) 指令速度=(0.000,0.000,0.000) 指令加速度=(0.000,0.000,0.000) 滚转角=0.11度 俯仰角=0.09度
11:10:23.042273 [轨迹] 序号=529 单调时间=8637.822333 时间=8637.822 模式=OFFBOARD 起飞状态=高度保持 水平控制=位置保持 类型掩码=2496 实际位置NED=(0.197,0.054,-0.434) 实际速度=(0.000,-0.004,-0.072) 最终目标=(0.194,0.068,-1.255) 指令位置=(0.194,0.068,-1.255) 指令速度=(0.000,0.000,0.000) 指令加速度=(0.000,0.000,0.000) 滚转角=0.11度 俯仰角=0.09度
11:10:23.146464 [轨迹] 序号=530 单调时间=8637.926413 时间=8637.926 模式=OFFBOARD 起飞状态=高度保持 水平控制=位置保持 类型掩码=2496 实际位置NED=(0.197,0.054,-0.435) 实际速度=(-0.000,-0.004,-0.071) 最终目标=(0.194,0.068,-1.255) 指令位置=(0.194,0.068,-1.255) 指令速度=(0.000,0.000,0.000) 指令加速度=(0.000,0.000,0.000) 滚转角=0.11度 俯仰角=0.09度
11:10:23.250883 [轨迹] 序号=531 单调时间=8638.030719 时间=8638.031 模式=OFFBOARD 起飞状态=高度保持 水平控制=位置保持 类型掩码=2496 实际位置NED=(0.197,0.054,-0.436) 实际速度=(-0.000,-0.004,-0.070) 最终目标=(0.194,0.068,-1.255) 指令位置=(0.194,0.068,-1.255) 指令速度=(0.000,0.000,0.000) 指令加速度=(0.000,0.000,0.000) 滚转角=0.11度 俯仰角=0.09度
11:10:23 [应答] UP INTENT：已接受（MAV_RESULT_ACCEPTED）
11:10:23 [输入] 已按下一次上升按钮
11:10:23 [目标] 修改前：北=0.194 东=0.068 下=-1.255
11:10:23 [目标] 修改后：北=0.194 东=0.068 下=-1.755
11:10:23.354796 [轨迹] 序号=532 单调时间=8638.134694 时间=8638.135 模式=OFFBOARD 起飞状态=未执行起飞 水平控制=位置保持 类型掩码=3520 实际位置NED=(0.197,0.053,-0.437) 实际速度=(-0.000,-0.005,-0.067) 最终目标=(0.194,0.068,-1.755) 指令位置=(0.194,0.068,-1.258) 指令速度=(0.000,0.000,-0.031) 指令加速度=(0.000,0.000,-0.300) 滚转角=0.11度 俯仰角=0.09度
11:10:23.458949 [轨迹] 序号=533 单调时间=8638.238587 时间=8638.239 模式=OFFBOARD 起飞状态=未执行起飞 水平控制=位置保持 类型掩码=3520 实际位置NED=(0.197,0.053,-0.438) 实际速度=(-0.001,-0.005,-0.066) 最终目标=(0.194,0.068,-1.755) 指令位置=(0.194,0.068,-1.265) 指令速度=(0.000,0.000,-0.062) 指令加速度=(0.000,0.000,-0.300) 滚转角=0.11度 俯仰角=0.09度
11:10:23.563163 [轨迹] 序号=534 单调时间=8638.342989 时间=8638.343 模式=OFFBOARD 起飞状态=未执行起飞 水平控制=位置保持 类型掩码=3520 实际位置NED=(0.197,0.052,-0.438) 实际速度=(-0.001,-0.005,-0.064) 最终目标=(0.194,0.068,-1.755) 指令位置=(0.194,0.068,-1.274) 指令速度=(0.000,0.000,-0.094) 指令加速度=(0.000,0.000,-0.300) 滚转角=0.11度 俯仰角=0.09度
11:10:23.667735 [轨迹] 序号=535 单调时间=8638.447579 时间=8638.448 模式=OFFBOARD 起飞状态=未执行起飞 水平控制=位置保持 类型掩码=3520 实际位置NED=(0.197,0.052,-0.438) 实际速度=(-0.001,-0.005,-0.063) 最终目标=(0.194,0.068,-1.755) 指令位置=(0.194,0.068,-1.287) 指令速度=(0.000,0.000,-0.125) 指令加速度=(0.000,0.000,-0.300) 滚转角=0.11度 俯仰角=0.09度
11:10:23.771709 [轨迹] 序号=536 单调时间=8638.551485 时间=8638.551 模式=OFFBOARD 起飞状态=未执行起飞 水平控制=位置保持 类型掩码=3520 实际位置NED=(0.197,0.052,-0.438) 实际速度=(-0.001,-0.005,-0.061) 最终目标=(0.194,0.068,-1.755) 指令位置=(0.194,0.068,-1.304) 指令速度=(0.000,0.000,-0.156) 指令加速度=(0.000,0.000,-0.300) 滚转角=0.11度 俯仰角=0.09度
11:10:23 [应答] UP INTENT：已接受（MAV_RESULT_ACCEPTED）
11:10:23 [输入] 已按下一次上升按钮
11:10:23 [目标] 修改前：北=0.194 东=0.068 下=-1.755
11:10:23 [目标] 修改后：北=0.194 东=0.068 下=-2.255
11:10:23.872160 [轨迹] 序号=537 单调时间=8638.652115 时间=8638.652 模式=OFFBOARD 起飞状态=未执行起飞 水平控制=位置保持 类型掩码=3520 实际位置NED=(0.197,0.051,-0.438) 实际速度=(-0.001,-0.006,-0.058) 最终目标=(0.194,0.068,-2.255) 指令位置=(0.194,0.068,-1.322) 指令速度=(0.000,0.000,-0.186) 指令加速度=(0.000,0.000,-0.300) 滚转角=0.11度 俯仰角=0.09度
11:10:23.975602 [轨迹] 序号=538 单调时间=8638.755619 时间=8638.756 模式=OFFBOARD 起飞状态=未执行起飞 水平控制=位置保持 类型掩码=3520 实际位置NED=(0.197,0.050,-0.438) 实际速度=(-0.001,-0.006,-0.056) 最终目标=(0.194,0.068,-2.255) 指令位置=(0.194,0.068,-1.345) 指令速度=(0.000,0.000,-0.217) 指令加速度=(0.000,0.000,-0.300) 滚转角=0.11度 俯仰角=0.09度
11:10:24.079301 [轨迹] 序号=539 单调时间=8638.859241 时间=8638.859 模式=OFFBOARD 起飞状态=未执行起飞 水平控制=位置保持 类型掩码=3520 实际位置NED=(0.197,0.050,-0.437) 实际速度=(-0.002,-0.004,-0.056) 最终目标=(0.194,0.068,-2.255) 指令位置=(0.194,0.068,-1.371) 指令速度=(0.000,0.000,-0.249) 指令加速度=(0.000,0.000,-0.300) 滚转角=0.11度 俯仰角=0.08度
11:10:24.183221 [轨迹] 序号=540 单调时间=8638.962913 时间=8638.963 模式=OFFBOARD 起飞状态=未执行起飞 水平控制=位置保持 类型掩码=3520 实际位置NED=(0.197,0.050,-0.437) 实际速度=(-0.002,-0.004,-0.065) 最终目标=(0.194,0.068,-2.255) 指令位置=(0.194,0.068,-1.400) 指令速度=(0.000,0.000,-0.280) 指令加速度=(0.000,0.000,-0.300) 滚转角=0.10度 俯仰角=-0.03度
11:10:24.286610 [轨迹] 序号=541 单调时间=8639.066539 时间=8639.067 模式=OFFBOARD 起飞状态=未执行起飞 水平控制=位置保持 类型掩码=3520 实际位置NED=(0.197,0.049,-0.437) 实际速度=(-0.002,-0.003,-0.084) 最终目标=(0.194,0.068,-2.255) 指令位置=(0.194,0.068,-1.431) 指令速度=(0.000,0.000,-0.300) 指令加速度=(0.000,0.000,-0.196) 滚转角=0.05度 俯仰角=-0.17度
11:10:24.390412 [轨迹] 序号=542 单调时间=8639.170115 时间=8639.170 模式=OFFBOARD 起飞状态=未执行起飞 水平控制=位置保持 类型掩码=3520 实际位置NED=(0.198,0.049,-0.440) 实际速度=(-0.001,0.000,-0.145) 最终目标=(0.194,0.068,-2.255) 指令位置=(0.194,0.068,-1.462) 指令速度=(0.000,0.000,-0.300) 指令加速度=(0.000,0.000,0.000) 滚转角=-0.02度 俯仰角=-0.37度
11:10:24.494751 [轨迹] 序号=543 单调时间=8639.274589 时间=8639.275 模式=OFFBOARD 起飞状态=未执行起飞 水平控制=位置保持 类型掩码=3520 实际位置NED=(0.198,0.048,-0.443) 实际速度=(-0.001,0.003,-0.181) 最终目标=(0.194,0.068,-2.255) 指令位置=(0.194,0.068,-1.493) 指令速度=(0.000,0.000,-0.300) 指令加速度=(0.000,0.000,0.000) 滚转角=-0.04度 俯仰角=-0.42度
11:10:24.598599 [轨迹] 序号=544 单调时间=8639.378461 时间=8639.378 模式=OFFBOARD 起飞状态=未执行起飞 水平控制=位置保持 类型掩码=3520 实际位置NED=(0.198,0.048,-0.448) 实际速度=(0.000,0.007,-0.228) 最终目标=(0.194,0.068,-2.255) 指令位置=(0.194,0.068,-1.524) 指令速度=(0.000,0.000,-0.300) 指令加速度=(0.000,0.000,0.000) 滚转角=-0.08度 俯仰角=-0.51度
11:10:24.702670 [轨迹] 序号=545 单调时间=8639.482545 时间=8639.483 模式=OFFBOARD 起飞状态=未执行起飞 水平控制=位置保持 类型掩码=3520 实际位置NED=(0.198,0.048,-0.453) 实际速度=(0.001,0.010,-0.267) 最终目标=(0.194,0.068,-2.255) 指令位置=(0.194,0.068,-1.556) 指令速度=(0.000,0.000,-0.300) 指令加速度=(0.000,0.000,0.000) 滚转角=-0.11度 俯仰角=-0.56度
11:10:24.806513 [轨迹] 序号=546 单调时间=8639.586336 时间=8639.586 模式=OFFBOARD 起飞状态=未执行起飞 水平控制=位置保持 类型掩码=3520 实际位置NED=(0.198,0.049,-0.460) 实际速度=(0.002,0.014,-0.307) 最终目标=(0.194,0.068,-2.255) 指令位置=(0.194,0.068,-1.587) 指令速度=(0.000,0.000,-0.300) 指令加速度=(0.000,0.000,0.000) 滚转角=-0.13度 俯仰角=-0.59度
11:10:24.909981 [轨迹] 序号=547 单调时间=8639.689842 时间=8639.690 模式=OFFBOARD 起飞状态=未执行起飞 水平控制=位置保持 类型掩码=3520 实际位置NED=(0.199,0.049,-0.469) 实际速度=(0.003,0.018,-0.346) 最终目标=(0.194,0.068,-2.255) 指令位置=(0.194,0.068,-1.618) 指令速度=(0.000,0.000,-0.300) 指令加速度=(0.000,0.000,0.000) 滚转角=-0.14度 俯仰角=-0.60度
11:10:25.013464 [轨迹] 序号=548 单调时间=8639.793377 时间=8639.793 模式=OFFBOARD 起飞状态=未执行起飞 水平控制=位置保持 类型掩码=3520 实际位置NED=(0.199,0.050,-0.478) 实际速度=(0.004,0.023,-0.385) 最终目标=(0.194,0.068,-2.255) 指令位置=(0.194,0.068,-1.649) 指令速度=(0.000,0.000,-0.300) 指令加速度=(0.000,0.000,0.000) 滚转角=-0.13度 俯仰角=-0.59度
11:10:25.116893 [轨迹] 序号=549 单调时间=8639.896717 时间=8639.897 模式=OFFBOARD 起飞状态=未执行起飞 水平控制=位置保持 类型掩码=3520 实际位置NED=(0.199,0.051,-0.489) 实际速度=(0.005,0.027,-0.424) 最终目标=(0.194,0.068,-2.255) 指令位置=(0.194,0.068,-1.680) 指令速度=(0.000,0.000,-0.300) 指令加速度=(0.000,0.000,0.000) 滚转角=-0.13度 俯仰角=-0.58度
11:10:25.220404 [轨迹] 序号=550 单调时间=8640.000152 时间=8640.000 模式=OFFBOARD 起飞状态=未执行起飞 水平控制=位置保持 类型掩码=3520 实际位置NED=(0.200,0.053,-0.517) 实际速度=(0.007,0.036,-0.508) 最终目标=(0.194,0.068,-2.255) 指令位置=(0.194,0.068,-1.711) 指令速度=(0.000,0.000,-0.300) 指令加速度=(0.000,0.000,0.000) 滚转角=-0.10度 俯仰角=-0.51度
11:10:25.323991 [轨迹] 序号=551 单调时间=8640.103885 时间=8640.104 模式=OFFBOARD 起飞状态=未执行起飞 水平控制=位置保持 类型掩码=3520 实际位置NED=(0.200,0.054,-0.532) 实际速度=(0.007,0.038,-0.542) 最终目标=(0.194,0.068,-2.255) 指令位置=(0.194,0.068,-1.742) 指令速度=(0.000,0.000,-0.300) 指令加速度=(0.000,0.000,0.000) 滚转角=-0.08度 俯仰角=-0.46度
11:10:25.427942 [轨迹] 序号=552 单调时间=8640.207839 时间=8640.208 模式=OFFBOARD 起飞状态=未执行起飞 水平控制=位置保持 类型掩码=3520 实际位置NED=(0.201,0.054,-0.548) 实际速度=(0.008,0.041,-0.574) 最终目标=(0.194,0.068,-2.255) 指令位置=(0.194,0.068,-1.773) 指令速度=(0.000,0.000,-0.300) 指令加速度=(0.000,0.000,0.000) 滚转角=-0.06度 俯仰角=-0.41度
11:10:25.532170 [轨迹] 序号=553 单调时间=8640.312094 时间=8640.312 模式=OFFBOARD 起飞状态=未执行起飞 水平控制=位置保持 类型掩码=3520 实际位置NED=(0.200,0.055,-0.565) 实际速度=(0.006,0.043,-0.604) 最终目标=(0.194,0.068,-2.255) 指令位置=(0.194,0.068,-1.804) 指令速度=(0.000,0.000,-0.300) 指令加速度=(0.000,0.000,0.000) 滚转角=-0.03度 俯仰角=-0.35度
11:10:25.636189 [轨迹] 序号=554 单调时间=8640.415850 时间=8640.416 模式=OFFBOARD 起飞状态=未执行起飞 水平控制=位置保持 类型掩码=3520 实际位置NED=(0.199,0.057,-0.582) 实际速度=(0.004,0.046,-0.634) 最终目标=(0.194,0.068,-2.255) 指令位置=(0.194,0.068,-1.836) 指令速度=(0.000,0.000,-0.300) 指令加速度=(0.000,0.000,0.000) 滚转角=-0.01度 俯仰角=-0.31度
11:10:25.737804 [轨迹] 序号=555 单调时间=8640.517758 时间=8640.518 模式=OFFBOARD 起飞状态=未执行起飞 水平控制=位置保持 类型掩码=3520 实际位置NED=(0.195,0.060,-0.625) 实际速度=(-0.004,0.050,-0.697) 最终目标=(0.194,0.068,-2.255) 指令位置=(0.194,0.068,-1.866) 指令速度=(0.000,0.000,-0.300) 指令加速度=(0.000,0.000,0.000) 滚转角=0.03度 俯仰角=-0.23度
11:10:25.841903 [轨迹] 序号=556 单调时间=8640.621767 时间=8640.622 模式=OFFBOARD 起飞状态=未执行起飞 水平控制=位置保持 类型掩码=3520 实际位置NED=(0.193,0.062,-0.646) 实际速度=(-0.008,0.052,-0.722) 最终目标=(0.194,0.068,-2.255) 指令位置=(0.194,0.068,-1.897) 指令速度=(0.000,0.000,-0.300) 指令加速度=(0.000,0.000,0.000) 滚转角=0.04度 俯仰角=-0.17度
11:10:25.945547 [轨迹] 序号=557 单调时间=8640.725369 时间=8640.725 模式=OFFBOARD 起飞状态=未执行起飞 水平控制=位置保持 类型掩码=3520 实际位置NED=(0.190,0.063,-0.667) 实际速度=(-0.012,0.053,-0.744) 最终目标=(0.194,0.068,-2.255) 指令位置=(0.194,0.068,-1.928) 指令速度=(0.000,0.000,-0.300) 指令加速度=(0.000,0.000,0.000) 滚转角=0.03度 俯仰角=-0.10度
11:10:26.049521 [轨迹] 序号=558 单调时间=8640.829571 时间=8640.830 模式=OFFBOARD 起飞状态=未执行起飞 水平控制=位置保持 类型掩码=3520 实际位置NED=(0.186,0.067,-0.712) 实际速度=(-0.018,0.055,-0.785) 最终目标=(0.194,0.068,-2.255) 指令位置=(0.194,0.068,-1.960) 指令速度=(0.000,0.000,-0.300) 指令加速度=(0.000,0.000,0.000) 滚转角=0.01度 俯仰角=-0.04度
11:10:26.152918 [轨迹] 序号=559 单调时间=8640.932913 时间=8640.933 模式=OFFBOARD 起飞状态=未执行起飞 水平控制=位置保持 类型掩码=3520 实际位置NED=(0.186,0.067,-0.712) 实际速度=(-0.018,0.055,-0.785) 最终目标=(0.194,0.068,-2.255) 指令位置=(0.194,0.068,-1.991) 指令速度=(0.000,0.000,-0.300) 指令加速度=(0.000,0.000,0.000) 滚转角=-0.02度 俯仰角=0.01度
11:10:26.256920 [轨迹] 序号=560 单调时间=8641.036709 时间=8641.037 模式=OFFBOARD 起飞状态=未执行起飞 水平控制=位置保持 类型掩码=3520 实际位置NED=(0.182,0.070,-0.766) 实际速度=(-0.018,0.054,-0.828) 最终目标=(0.194,0.068,-2.255) 指令位置=(0.194,0.068,-2.022) 指令速度=(0.000,0.000,-0.300) 指令加速度=(0.000,0.000,0.000) 滚转角=-0.08度 俯仰角=0.08度
11:10:26.360189 [轨迹] 序号=561 单调时间=8641.140069 时间=8641.140 模式=OFFBOARD 起飞状态=未执行起飞 水平控制=位置保持 类型掩码=3520 实际位置NED=(0.181,0.071,-0.791) 实际速度=(-0.015,0.052,-0.846) 最终目标=(0.194,0.068,-2.255) 指令位置=(0.194,0.068,-2.053) 指令速度=(0.000,0.000,-0.300) 指令加速度=(0.000,0.000,0.000) 滚转角=-0.14度 俯仰角=0.14度
11:10:26.463393 [轨迹] 序号=562 单调时间=8641.243453 时间=8641.243 模式=OFFBOARD 起飞状态=未执行起飞 水平控制=位置保持 类型掩码=3520 实际位置NED=(0.181,0.072,-0.816) 实际速度=(-0.010,0.049,-0.862) 最终目标=(0.194,0.068,-2.255) 指令位置=(0.194,0.068,-2.082) 指令速度=(0.000,0.000,-0.286) 指令加速度=(0.000,0.000,0.134) 滚转角=-0.19度 俯仰角=0.19度
11:10:26.566752 [轨迹] 序号=563 单调时间=8641.346727 时间=8641.347 模式=OFFBOARD 起飞状态=未执行起飞 水平控制=位置保持 类型掩码=3520 实际位置NED=(0.182,0.073,-0.842) 实际速度=(-0.004,0.046,-0.877) 最终目标=(0.194,0.068,-2.255) 指令位置=(0.194,0.068,-2.109) 指令速度=(0.000,0.000,-0.260) 指令加速度=(0.000,0.000,0.256) 滚转角=-0.22度 俯仰角=0.23度
11:10:26.670764 [轨迹] 序号=564 单调时间=8641.450694 时间=8641.451 模式=OFFBOARD 起飞状态=未执行起飞 水平控制=位置保持 类型掩码=3520 实际位置NED=(0.183,0.073,-0.869) 实际速度=(0.004,0.042,-0.891) 最终目标=(0.194,0.068,-2.255) 指令位置=(0.194,0.068,-2.133) 指令速度=(0.000,0.000,-0.233) 指令加速度=(0.000,0.000,0.255) 滚转角=-0.24度 俯仰角=0.25度
11:10:26.774235 [轨迹] 序号=565 单调时间=8641.553887 时间=8641.554 模式=OFFBOARD 起飞状态=未执行起飞 水平控制=位置保持 类型掩码=3520 实际位置NED=(0.188,0.073,-0.930) 实际速度=(0.020,0.032,-0.908) 最终目标=(0.194,0.068,-2.255) 指令位置=(0.194,0.068,-2.155) 指令速度=(0.000,0.000,-0.208) 指令加速度=(0.000,0.000,0.245) 滚转角=-0.23度 俯仰角=0.27度
11:10:26.877852 [轨迹] 序号=566 单调时间=8641.657831 时间=8641.658 模式=OFFBOARD 起飞状态=未执行起飞 水平控制=位置保持 类型掩码=3520 实际位置NED=(0.190,0.073,-0.957) 实际速度=(0.027,0.028,-0.909) 最终目标=(0.194,0.068,-2.255) 指令位置=(0.194,0.068,-2.174) 指令速度=(0.000,0.000,-0.182) 指令加速度=(0.000,0.000,0.245) 滚转角=-0.19度 俯仰角=0.27度
11:10:26.981371 [轨迹] 序号=567 单调时间=8641.761379 时间=8641.761 模式=OFFBOARD 起飞状态=未执行起飞 水平控制=位置保持 类型掩码=3520 实际位置NED=(0.193,0.072,-0.985) 实际速度=(0.033,0.024,-0.905) 最终目标=(0.194,0.068,-2.255) 指令位置=(0.194,0.068,-2.190) 指令速度=(0.000,0.000,-0.158) 指令加速度=(0.000,0.000,0.234) 滚转角=-0.14度 俯仰角=0.25度
11:10:27.085140 [轨迹] 序号=568 单调时间=8641.865068 时间=8641.865 模式=OFFBOARD 起飞状态=未执行起飞 水平控制=位置保持 类型掩码=3520 实际位置NED=(0.196,0.072,-1.012) 实际速度=(0.038,0.019,-0.898) 最终目标=(0.194,0.068,-2.255) 指令位置=(0.194,0.068,-2.204) 指令速度=(0.000,0.000,-0.135) 指令加速度=(0.000,0.000,0.228) 滚转角=-0.08度 俯仰角=0.23度
11:10:27.188776 [轨迹] 序号=569 单调时间=8641.968445 时间=8641.968 模式=OFFBOARD 起飞状态=未执行起飞 水平控制=位置保持 类型掩码=3520 实际位置NED=(0.199,0.071,-1.039) 实际速度=(0.042,0.015,-0.888) 最终目标=(0.194,0.068,-2.255) 指令位置=(0.194,0.068,-2.216) 指令速度=(0.000,0.000,-0.112) 指令加速度=(0.000,0.000,0.216) 滚转角=0.00度 俯仰角=0.20度
11:10:27.293127 [轨迹] 序号=570 单调时间=8642.073037 时间=8642.073 模式=OFFBOARD 起飞状态=未执行起飞 水平控制=位置保持 类型掩码=3520 实际位置NED=(0.207,0.068,-1.099) 实际速度=(0.050,0.007,-0.853) 最终目标=(0.194,0.068,-2.255) 指令位置=(0.194,0.068,-2.225) 指令速度=(0.000,0.000,-0.090) 指令加速度=(0.000,0.000,0.210) 滚转角=0.14度 俯仰角=0.13度
11:10:27.396479 [轨迹] 序号=571 单调时间=8642.176466 时间=8642.176 模式=OFFBOARD 起飞状态=未执行起飞 水平控制=位置保持 类型掩码=3520 实际位置NED=(0.210,0.067,-1.124) 实际速度=(0.054,0.004,-0.834) 最终目标=(0.194,0.068,-2.255) 指令位置=(0.194,0.068,-2.233) 指令速度=(0.000,0.000,-0.071) 指令加速度=(0.000,0.000,0.185) 滚转角=0.23度 俯仰角=0.08度
11:10:27.500157 [轨迹] 序号=572 单调时间=8642.279743 时间=8642.280 模式=OFFBOARD 起飞状态=未执行起飞 水平控制=位置保持 类型掩码=3520 实际位置NED=(0.214,0.065,-1.150) 实际速度=(0.057,0.001,-0.814) 最终目标=(0.194,0.068,-2.255) 指令位置=(0.194,0.068,-2.238) 指令速度=(0.000,0.000,-0.053) 指令加速度=(0.000,0.000,0.171) 滚转角=0.30度 俯仰角=0.04度
11:10:27.603560 [轨迹] 序号=573 单调时间=8642.383456 时间=8642.383 模式=OFFBOARD 起飞状态=未执行起飞 水平控制=位置保持 类型掩码=3520 实际位置NED=(0.218,0.064,-1.174) 实际速度=(0.059,-0.001,-0.791) 最终目标=(0.194,0.068,-2.255) 指令位置=(0.194,0.068,-2.255) 指令速度=(0.000,0.000,0.000) 指令加速度=(0.000,0.000,0.516) 滚转角=0.36度 俯仰角=0.00度
11:10:27.707233 [轨迹] 序号=574 单调时间=8642.487115 时间=8642.487 模式=OFFBOARD 起飞状态=未执行起飞 水平控制=位置保持 类型掩码=3520 实际位置NED=(0.222,0.063,-1.198) 实际速度=(0.061,-0.003,-0.768) 最终目标=(0.194,0.068,-2.255) 指令位置=(0.194,0.068,-2.255) 指令速度=(0.000,0.000,0.000) 指令加速度=(0.000,0.000,0.000) 滚转角=0.45度 俯仰角=-0.05度
11:10:27.810538 [轨迹] 序号=575 单调时间=8642.590459 时间=8642.590 模式=OFFBOARD 起飞状态=未执行起飞 水平控制=位置保持 类型掩码=3520 实际位置NED=(0.227,0.061,-1.227) 实际速度=(0.063,-0.006,-0.735) 最终目标=(0.194,0.068,-2.255) 指令位置=(0.194,0.068,-2.255) 指令速度=(0.000,0.000,0.000) 指令加速度=(0.000,0.000,0.000) 滚转角=0.55度 俯仰角=-0.11度
11:10:27.913930 [轨迹] 序号=576 单调时间=8642.693785 时间=8642.694 模式=OFFBOARD 起飞状态=未执行起飞 水平控制=位置保持 类型掩码=3520 实际位置NED=(0.236,0.058,-1.270) 实际速度=(0.065,-0.008,-0.680) 最终目标=(0.194,0.068,-2.255) 指令位置=(0.194,0.068,-2.255) 指令速度=(0.000,0.000,0.000) 指令加速度=(0.000,0.000,0.000) 滚转角=0.61度 俯仰角=-0.15度
11:10:28.017270 [轨迹] 序号=577 单调时间=8642.797114 时间=8642.797 模式=OFFBOARD 起飞状态=未执行起飞 水平控制=位置保持 类型掩码=3520 实际位置NED=(0.240,0.057,-1.291) 实际速度=(0.065,-0.009,-0.655) 最终目标=(0.194,0.068,-2.255) 指令位置=(0.194,0.068,-2.255) 指令速度=(0.000,0.000,0.000) 指令加速度=(0.000,0.000,0.000) 滚转角=0.69度 俯仰角=-0.20度
11:10:28.120836 [轨迹] 序号=578 单调时间=8642.900674 时间=8642.901 模式=OFFBOARD 起飞状态=未执行起飞 水平控制=位置保持 类型掩码=3520 实际位置NED=(0.244,0.056,-1.310) 实际速度=(0.065,-0.009,-0.631) 最终目标=(0.194,0.068,-2.255) 指令位置=(0.194,0.068,-2.255) 指令速度=(0.000,0.000,0.000) 指令加速度=(0.000,0.000,0.000) 滚转角=0.76度 俯仰角=-0.24度
11:10:28.224138 [轨迹] 序号=579 单调时间=8643.003868 时间=8643.004 模式=OFFBOARD 起飞状态=未执行起飞 水平控制=位置保持 类型掩码=3520 实际位置NED=(0.248,0.055,-1.330) 实际速度=(0.063,-0.009,-0.609) 最终目标=(0.194,0.068,-2.255) 指令位置=(0.194,0.068,-2.255) 指令速度=(0.000,0.000,0.000) 指令加速度=(0.000,0.000,0.000) 滚转角=0.83度 俯仰角=-0.28度
11:10:28.328068 [轨迹] 序号=580 单调时间=8643.107895 时间=8643.108 模式=OFFBOARD 起飞状态=未执行起飞 水平控制=位置保持 类型掩码=3520 实际位置NED=(0.252,0.053,-1.353) 实际速度=(0.061,-0.008,-0.583) 最终目标=(0.194,0.068,-2.255) 指令位置=(0.194,0.068,-2.255) 指令速度=(0.000,0.000,0.000) 指令加速度=(0.000,0.000,0.000) 滚转角=0.89度 俯仰角=-0.32度
11:10:28.431570 [轨迹] 序号=581 单调时间=8643.211395 时间=8643.211 模式=OFFBOARD 起飞状态=未执行起飞 水平控制=位置保持 类型掩码=3520 实际位置NED=(0.259,0.052,-1.388) 实际速度=(0.055,-0.006,-0.546) 最终目标=(0.194,0.068,-2.255) 指令位置=(0.194,0.068,-2.255) 指令速度=(0.000,0.000,0.000) 指令加速度=(0.000,0.000,0.000) 滚转角=0.95度 俯仰角=-0.35度
11:10:28.534895 [轨迹] 序号=582 单调时间=8643.314864 时间=8643.315 模式=OFFBOARD 起飞状态=未执行起飞 水平控制=位置保持 类型掩码=3520 实际位置NED=(0.259,0.052,-1.388) 实际速度=(0.055,-0.006,-0.546) 最终目标=(0.194,0.068,-2.255) 指令位置=(0.194,0.068,-2.255) 指令速度=(0.000,0.000,0.000) 指令加速度=(0.000,0.000,0.000) 滚转角=0.99度 俯仰角=-0.36度
11:10:28.639130 [轨迹] 序号=583 单调时间=8643.418839 时间=8643.419 模式=OFFBOARD 起飞状态=未执行起飞 水平控制=位置保持 类型掩码=3520 实际位置NED=(0.264,0.051,-1.421) 实际速度=(0.047,-0.004,-0.513) 最终目标=(0.194,0.068,-2.255) 指令位置=(0.194,0.068,-2.255) 指令速度=(0.000,0.000,0.000) 指令加速度=(0.000,0.000,0.000) 滚转角=1.04度 俯仰角=-0.38度
11:10:28.742303 [轨迹] 序号=584 单调时间=8643.522224 时间=8643.522 模式=OFFBOARD 起飞状态=未执行起飞 水平控制=位置保持 类型掩码=3520 实际位置NED=(0.266,0.051,-1.437) 实际速度=(0.042,-0.002,-0.498) 最终目标=(0.194,0.068,-2.255) 指令位置=(0.194,0.068,-2.255) 指令速度=(0.000,0.000,0.000) 指令加速度=(0.000,0.000,0.000) 滚转角=1.07度 俯仰角=-0.39度
11:10:28.845720 [轨迹] 序号=585 单调时间=8643.625736 时间=8643.626 模式=OFFBOARD 起飞状态=未执行起飞 水平控制=位置保持 类型掩码=3520 实际位置NED=(0.269,0.052,-1.456) 实际速度=(0.036,0.001,-0.480) 最终目标=(0.194,0.068,-2.255) 指令位置=(0.194,0.068,-2.255) 指令速度=(0.000,0.000,0.000) 指令加速度=(0.000,0.000,0.000) 滚转角=1.09度 俯仰角=-0.40度
11:10:28.949562 [轨迹] 序号=586 单调时间=8643.729465 时间=8643.729 模式=OFFBOARD 起飞状态=未执行起飞 水平控制=位置保持 类型掩码=3520 实际位置NED=(0.270,0.052,-1.471) 实际速度=(0.030,0.003,-0.466) 最终目标=(0.194,0.068,-2.255) 指令位置=(0.194,0.068,-2.255) 指令速度=(0.000,0.000,0.000) 指令加速度=(0.000,0.000,0.000) 滚转角=1.10度 俯仰角=-0.39度
11:10:29.052956 [轨迹] 序号=587 单调时间=8643.832855 时间=8643.833 模式=OFFBOARD 起飞状态=未执行起飞 水平控制=位置保持 类型掩码=3520 实际位置NED=(0.271,0.053,-1.485) 实际速度=(0.025,0.006,-0.453) 最终目标=(0.194,0.068,-2.255) 指令位置=(0.194,0.068,-2.255) 指令速度=(0.000,0.000,0.000) 指令加速度=(0.000,0.000,0.000) 滚转角=1.10度 俯仰角=-0.38度
11:10:29.157051 [轨迹] 序号=588 单调时间=8643.936832 时间=8643.937 模式=OFFBOARD 起飞状态=未执行起飞 水平控制=位置保持 类型掩码=3520 实际位置NED=(0.272,0.055,-1.513) 实际速度=(0.013,0.011,-0.429) 最终目标=(0.194,0.068,-2.255) 指令位置=(0.194,0.068,-2.255) 指令速度=(0.000,0.000,0.000) 指令加速度=(0.000,0.000,0.000) 滚转角=1.08度 俯仰角=-0.36度
11:10:29.260309 [轨迹] 序号=589 单调时间=8644.040368 时间=8644.040 模式=OFFBOARD 起飞状态=未执行起飞 水平控制=位置保持 类型掩码=3520 实际位置NED=(0.272,0.056,-1.527) 实际速度=(0.007,0.013,-0.418) 最终目标=(0.194,0.068,-2.255) 指令位置=(0.194,0.068,-2.255) 指令速度=(0.000,0.000,0.000) 指令加速度=(0.000,0.000,0.000) 滚转角=1.06度 俯仰角=-0.33度
11:10:29.364297 [轨迹] 序号=590 单调时间=8644.143924 时间=8644.144 模式=OFFBOARD 起飞状态=未执行起飞 水平控制=位置保持 类型掩码=3520 实际位置NED=(0.272,0.058,-1.543) 实际速度=(-0.001,0.016,-0.404) 最终目标=(0.194,0.068,-2.255) 指令位置=(0.194,0.068,-2.255) 指令速度=(0.000,0.000,0.000) 指令加速度=(0.000,0.000,0.000) 滚转角=1.05度 俯仰角=-0.31度
11:10:29.467840 [轨迹] 序号=591 单调时间=8644.247805 时间=8644.248 模式=OFFBOARD 起飞状态=未执行起飞 水平控制=位置保持 类型掩码=3520 实际位置NED=(0.271,0.059,-1.556) 实际速度=(-0.007,0.018,-0.394) 最终目标=(0.194,0.068,-2.255) 指令位置=(0.194,0.068,-2.255) 指令速度=(0.000,0.000,0.000) 指令加速度=(0.000,0.000,0.000) 滚转角=1.01度 俯仰角=-0.27度
11:10:29.571546 [轨迹] 序号=592 单调时间=8644.351493 时间=8644.351 模式=OFFBOARD 起飞状态=未执行起飞 水平控制=位置保持 类型掩码=3520 实际位置NED=(0.270,0.061,-1.569) 实际速度=(-0.013,0.021,-0.384) 最终目标=(0.194,0.068,-2.255) 指令位置=(0.194,0.068,-2.255) 指令速度=(0.000,0.000,0.000) 指令加速度=(0.000,0.000,0.000) 滚转角=0.96度 俯仰角=-0.22度
11:10:29.676004 [轨迹] 序号=593 单调时间=8644.455514 时间=8644.456 模式=OFFBOARD 起飞状态=未执行起飞 水平控制=位置保持 类型掩码=3520 实际位置NED=(0.267,0.065,-1.593) 实际速度=(-0.024,0.025,-0.365) 最终目标=(0.194,0.068,-2.255) 指令位置=(0.194,0.068,-2.255) 指令速度=(0.000,0.000,0.000) 指令加速度=(0.000,0.000,0.000) 滚转角=0.90度 俯仰角=-0.17度
11:10:29.779633 [轨迹] 序号=594 单调时间=8644.559471 时间=8644.559 模式=OFFBOARD 起飞状态=未执行起飞 水平控制=位置保持 类型掩码=3520 实际位置NED=(0.266,0.067,-1.605) 实际速度=(-0.029,0.027,-0.357) 最终目标=(0.194,0.068,-2.255) 指令位置=(0.194,0.068,-2.255) 指令速度=(0.000,0.000,0.000) 指令加速度=(0.000,0.000,0.000) 滚转角=0.85度 俯仰角=-0.12度
11:10:29.883787 [轨迹] 序号=595 单调时间=8644.663676 时间=8644.664 模式=OFFBOARD 起飞状态=未执行起飞 水平控制=位置保持 类型掩码=3520 实际位置NED=(0.263,0.070,-1.619) 实际速度=(-0.036,0.029,-0.346) 最终目标=(0.194,0.068,-2.255) 指令位置=(0.194,0.068,-2.255) 指令速度=(0.000,0.000,0.000) 指令加速度=(0.000,0.000,0.000) 滚转角=0.82度 俯仰角=-0.09度
11:10:29.987336 [轨迹] 序号=596 单调时间=8644.767291 时间=8644.767 模式=OFFBOARD 起飞状态=未执行起飞 水平控制=位置保持 类型掩码=3520 实际位置NED=(0.261,0.073,-1.630) 实际速度=(-0.040,0.030,-0.338) 最终目标=(0.194,0.068,-2.255) 指令位置=(0.194,0.068,-2.255) 指令速度=(0.000,0.000,0.000) 指令加速度=(0.000,0.000,0.000) 滚转角=0.76度 俯仰角=-0.04度
11:10:30.091475 [轨迹] 序号=597 单调时间=8644.871185 时间=8644.871 模式=OFFBOARD 起飞状态=未执行起飞 水平控制=位置保持 类型掩码=3520 实际位置NED=(0.258,0.075,-1.641) 实际速度=(-0.045,0.032,-0.330) 最终目标=(0.194,0.068,-2.255) 指令位置=(0.194,0.068,-2.255) 指令速度=(0.000,0.000,0.000) 指令加速度=(0.000,0.000,0.000) 滚转角=0.69度 俯仰角=0.01度
11:10:30.196003 [轨迹] 序号=598 单调时间=8644.975813 时间=8644.976 模式=OFFBOARD 起飞状态=未执行起飞 水平控制=位置保持 类型掩码=3520 实际位置NED=(0.253,0.081,-1.662) 实际速度=(-0.053,0.034,-0.315) 最终目标=(0.194,0.068,-2.255) 指令位置=(0.194,0.068,-2.255) 指令速度=(0.000,0.000,0.000) 指令加速度=(0.000,0.000,0.000) 滚转角=0.59度 俯仰角=0.10度
11:10:30.299793 [轨迹] 序号=599 单调时间=8645.079509 时间=8645.080 模式=OFFBOARD 起飞状态=未执行起飞 水平控制=位置保持 类型掩码=3520 实际位置NED=(0.250,0.084,-1.673) 实际速度=(-0.056,0.035,-0.308) 最终目标=(0.194,0.068,-2.255) 指令位置=(0.194,0.068,-2.255) 指令速度=(0.000,0.000,0.000) 指令加速度=(0.000,0.000,0.000) 滚转角=0.53度 俯仰角=0.15度
11:10:30.403245 [轨迹] 序号=600 单调时间=8645.183084 时间=8645.183 模式=OFFBOARD 起飞状态=未执行起飞 水平控制=位置保持 类型掩码=3520 实际位置NED=(0.246,0.087,-1.685) 实际速度=(-0.060,0.036,-0.300) 最终目标=(0.194,0.068,-2.255) 指令位置=(0.194,0.068,-2.255) 指令速度=(0.000,0.000,0.000) 指令加速度=(0.000,0.000,0.000) 滚转角=0.46度 俯仰角=0.21度
11:10:30.506480 [轨迹] 序号=601 单调时间=8645.286383 时间=8645.286 模式=OFFBOARD 起飞状态=未执行起飞 水平控制=位置保持 类型掩码=3520 实际位置NED=(0.239,0.093,-1.705) 实际速度=(-0.066,0.037,-0.287) 最终目标=(0.194,0.068,-2.255) 指令位置=(0.194,0.068,-2.255) 指令速度=(0.000,0.000,0.000) 指令加速度=(0.000,0.000,0.000) 滚转角=0.39度 俯仰角=0.27度
11:10:30.610204 [轨迹] 序号=602 单调时间=8645.390191 时间=8645.390 模式=OFFBOARD 起飞状态=未执行起飞 水平控制=位置保持 类型掩码=3520 实际位置NED=(0.235,0.097,-1.714) 实际速度=(-0.068,0.037,-0.280) 最终目标=(0.194,0.068,-2.255) 指令位置=(0.194,0.068,-2.255) 指令速度=(0.000,0.000,0.000) 指令加速度=(0.000,0.000,0.000) 滚转角=0.33度 俯仰角=0.32度
11:10:30.714666 [轨迹] 序号=603 单调时间=8645.494601 时间=8645.495 模式=OFFBOARD 起飞状态=未执行起飞 水平控制=位置保持 类型掩码=3520 实际位置NED=(0.232,0.100,-1.724) 实际速度=(-0.070,0.037,-0.274) 最终目标=(0.194,0.068,-2.255) 指令位置=(0.194,0.068,-2.255) 指令速度=(0.000,0.000,0.000) 指令加速度=(0.000,0.000,0.000) 滚转角=0.26度 俯仰角=0.38度
11:10:30.818385 [轨迹] 序号=604 单调时间=8645.598296 时间=8645.598 模式=OFFBOARD 起飞状态=未执行起飞 水平控制=位置保持 类型掩码=3520 实际位置NED=(0.228,0.103,-1.733) 实际速度=(-0.071,0.037,-0.268) 最终目标=(0.194,0.068,-2.255) 指令位置=(0.194,0.068,-2.255) 指令速度=(0.000,0.000,0.000) 指令加速度=(0.000,0.000,0.000) 滚转角=0.20度 俯仰角=0.43度
11:10:30.922817 [轨迹] 序号=605 单调时间=8645.702763 时间=8645.703 模式=OFFBOARD 起飞状态=未执行起飞 水平控制=位置保持 类型掩码=3520 实际位置NED=(0.223,0.107,-1.744) 实际速度=(-0.073,0.037,-0.261) 最终目标=(0.194,0.068,-2.255) 指令位置=(0.194,0.068,-2.255) 指令速度=(0.000,0.000,0.000) 指令加速度=(0.000,0.000,0.000) 滚转角=0.12度 俯仰角=0.50度
11:10:31.026541 [轨迹] 序号=606 单调时间=8645.806501 时间=8645.807 模式=OFFBOARD 起飞状态=未执行起飞 水平控制=位置保持 类型掩码=3520 实际位置NED=(0.215,0.114,-1.761) 实际速度=(-0.074,0.036,-0.250) 最终目标=(0.194,0.068,-2.255) 指令位置=(0.194,0.068,-2.255) 指令速度=(0.000,0.000,0.000) 指令加速度=(0.000,0.000,0.000) 滚转角=0.06度 俯仰角=0.55度
11:10:31.129792 [轨迹] 序号=607 单调时间=8645.909697 时间=8645.910 模式=OFFBOARD 起飞状态=未执行起飞 水平控制=位置保持 类型掩码=3520 实际位置NED=(0.212,0.117,-1.769) 实际速度=(-0.075,0.035,-0.245) 最终目标=(0.194,0.068,-2.255) 指令位置=(0.194,0.068,-2.255) 指令速度=(0.000,0.000,0.000) 指令加速度=(0.000,0.000,0.000) 滚转角=0.03度 俯仰角=0.59度
11:10:31.233500 [轨迹] 序号=608 单调时间=8646.013217 时间=8646.013 模式=OFFBOARD 起飞状态=未执行起飞 水平控制=位置保持 类型掩码=3520 实际位置NED=(0.208,0.121,-1.778) 实际速度=(-0.074,0.034,-0.240) 最终目标=(0.194,0.068,-2.255) 指令位置=(0.194,0.068,-2.255) 指令速度=(0.000,0.000,0.000) 指令加速度=(0.000,0.000,0.000) 滚转角=-0.03度 俯仰角=0.64度
11:10:31.336959 [轨迹] 序号=609 单调时间=8646.116791 时间=8646.117 模式=OFFBOARD 起飞状态=未执行起飞 水平控制=位置保持 类型掩码=3520 实际位置NED=(0.203,0.125,-1.788) 实际速度=(-0.074,0.032,-0.234) 最终目标=(0.194,0.068,-2.255) 指令位置=(0.194,0.068,-2.255) 指令速度=(0.000,0.000,0.000) 指令加速度=(0.000,0.000,0.000) 滚转角=-0.08度 俯仰角=0.68度
11:10:31.440259 [轨迹] 序号=610 单调时间=8646.220063 时间=8646.220 模式=OFFBOARD 起飞状态=未执行起飞 水平控制=位置保持 类型掩码=3520 实际位置NED=(0.195,0.131,-1.803) 实际速度=(-0.073,0.029,-0.224) 最终目标=(0.194,0.068,-2.255) 指令位置=(0.194,0.068,-2.255) 指令速度=(0.000,0.000,0.000) 指令加速度=(0.000,0.000,0.000) 滚转角=-0.15度 俯仰角=0.75度
11:10:31.544145 [轨迹] 序号=611 单调时间=8646.324065 时间=8646.324 模式=OFFBOARD 起飞状态=未执行起飞 水平控制=位置保持 类型掩码=3520 实际位置NED=(0.191,0.135,-1.811) 实际速度=(-0.072,0.028,-0.220) 最终目标=(0.194,0.068,-2.255) 指令位置=(0.194,0.068,-2.255) 指令速度=(0.000,0.000,0.000) 指令加速度=(0.000,0.000,0.000) 滚转角=-0.19度 俯仰角=0.79度
11:10:31.648244 [轨迹] 序号=612 单调时间=8646.428045 时间=8646.428 模式=OFFBOARD 起飞状态=未执行起飞 水平控制=位置保持 类型掩码=3520 实际位置NED=(0.188,0.138,-1.818) 实际速度=(-0.071,0.026,-0.215) 最终目标=(0.194,0.068,-2.255) 指令位置=(0.194,0.068,-2.255) 指令速度=(0.000,0.000,0.000) 指令加速度=(0.000,0.000,0.000) 滚转角=-0.23度 俯仰角=0.83度
11:10:31.751610 [轨迹] 序号=613 单调时间=8646.531457 时间=8646.531 模式=OFFBOARD 起飞状态=未执行起飞 水平控制=位置保持 类型掩码=3520 实际位置NED=(0.180,0.144,-1.833) 实际速度=(-0.067,0.022,-0.207) 最终目标=(0.194,0.068,-2.255) 指令位置=(0.194,0.068,-2.255) 指令速度=(0.000,0.000,0.000) 指令加速度=(0.000,0.000,0.000) 滚转角=-0.27度 俯仰角=0.86度
11:10:31.854961 [轨迹] 序号=614 单调时间=8646.634926 时间=8646.635 模式=OFFBOARD 起飞状态=未执行起飞 水平控制=位置保持 类型掩码=3520 实际位置NED=(0.180,0.144,-1.833) 实际速度=(-0.067,0.022,-0.207) 最终目标=(0.194,0.068,-2.255) 指令位置=(0.194,0.068,-2.255) 指令速度=(0.000,0.000,0.000) 指令加速度=(0.000,0.000,0.000) 滚转角=-0.30度 俯仰角=0.89度
11:10:31.958957 [轨迹] 序号=615 单调时间=8646.738838 时间=8646.739 模式=OFFBOARD 起飞状态=未执行起飞 水平控制=位置保持 类型掩码=3520 实际位置NED=(0.172,0.150,-1.849) 实际速度=(-0.062,0.017,-0.197) 最终目标=(0.194,0.068,-2.255) 指令位置=(0.194,0.068,-2.255) 指令速度=(0.000,0.000,0.000) 指令加速度=(0.000,0.000,0.000) 滚转角=-0.33度 俯仰角=0.93度
11:10:32.062046 [轨迹] 序号=616 单调时间=8646.841981 时间=8646.842 模式=OFFBOARD 起飞状态=未执行起飞 水平控制=位置保持 类型掩码=3520 实际位置NED=(0.169,0.153,-1.855) 实际速度=(-0.060,0.014,-0.194) 最终目标=(0.194,0.068,-2.255) 指令位置=(0.194,0.068,-2.255) 指令速度=(0.000,0.000,0.000) 指令加速度=(0.000,0.000,0.000) 滚转角=-0.36度 俯仰角=0.96度
11:10:32.165054 [轨迹] 序号=617 单调时间=8646.945023 时间=8646.945 模式=OFFBOARD 起飞状态=未执行起飞 水平控制=位置保持 类型掩码=3520 实际位置NED=(0.166,0.156,-1.862) 实际速度=(-0.058,0.011,-0.190) 最终目标=(0.194,0.068,-2.255) 指令位置=(0.194,0.068,-2.255) 指令速度=(0.000,0.000,0.000) 指令加速度=(0.000,0.000,0.000) 滚转角=-0.39度 俯仰角=0.98度
11:10:32.268119 [轨迹] 序号=618 单调时间=8647.048155 时间=8647.048 模式=OFFBOARD 起飞状态=未执行起飞 水平控制=位置保持 类型掩码=3520 实际位置NED=(0.163,0.158,-1.868) 实际速度=(-0.055,0.008,-0.186) 最终目标=(0.194,0.068,-2.255) 指令位置=(0.194,0.068,-2.255) 指令速度=(0.000,0.000,0.000) 指令加速度=(0.000,0.000,0.000) 滚转角=-0.41度 俯仰角=1.00度
11:10:32.371334 [轨迹] 序号=619 单调时间=8647.151253 时间=8647.151 模式=OFFBOARD 起飞状态=未执行起飞 水平控制=位置保持 类型掩码=3520 实际位置NED=(0.160,0.160,-1.875) 实际速度=(-0.052,0.005,-0.182) 最终目标=(0.194,0.068,-2.255) 指令位置=(0.194,0.068,-2.255) 指令速度=(0.000,0.000,0.000) 指令加速度=(0.000,0.000,0.000) 滚转角=-0.42度 俯仰角=1.01度
11:10:32.474413 [轨迹] 序号=620 单调时间=8647.254311 时间=8647.254 模式=OFFBOARD 起飞状态=未执行起飞 水平控制=位置保持 类型掩码=3520 实际位置NED=(0.153,0.164,-1.889) 实际速度=(-0.046,-0.002,-0.174) 最终目标=(0.194,0.068,-2.255) 指令位置=(0.194,0.068,-2.255) 指令速度=(0.000,0.000,0.000) 指令加速度=(0.000,0.000,0.000) 滚转角=-0.44度 俯仰角=1.03度
11:10:32.578341 [轨迹] 序号=621 单调时间=8647.358288 时间=8647.358 模式=OFFBOARD 起飞状态=未执行起飞 水平控制=位置保持 类型掩码=3520 实际位置NED=(0.151,0.166,-1.895) 实际速度=(-0.043,-0.006,-0.171) 最终目标=(0.194,0.068,-2.255) 指令位置=(0.194,0.068,-2.255) 指令速度=(0.000,0.000,0.000) 指令加速度=(0.000,0.000,0.000) 滚转角=-0.46度 俯仰角=1.03度
11:10:32.678704 [轨迹] 序号=622 单调时间=8647.458587 时间=8647.459 模式=OFFBOARD 起飞状态=未执行起飞 水平控制=位置保持 类型掩码=3520 实际位置NED=(0.148,0.168,-1.902) 实际速度=(-0.039,-0.010,-0.166) 最终目标=(0.194,0.068,-2.255) 指令位置=(0.194,0.068,-2.255) 指令速度=(0.000,0.000,0.000) 指令加速度=(0.000,0.000,0.000) 滚转角=-0.47度 俯仰角=1.04度
11:10:32.781669 [轨迹] 序号=623 单调时间=8647.561627 时间=8647.562 模式=OFFBOARD 起飞状态=未执行起飞 水平控制=位置保持 类型掩码=3520 实际位置NED=(0.144,0.170,-1.912) 实际速度=(-0.032,-0.017,-0.161) 最终目标=(0.194,0.068,-2.255) 指令位置=(0.194,0.068,-2.255) 指令速度=(0.000,0.000,0.000) 指令加速度=(0.000,0.000,0.000) 滚转角=-0.48度 俯仰角=1.04度
11:10:32.884995 [轨迹] 序号=624 单调时间=8647.664901 时间=8647.665 模式=OFFBOARD 起飞状态=未执行起飞 水平控制=位置保持 类型掩码=3520 实际位置NED=(0.144,0.170,-1.912) 实际速度=(-0.032,-0.017,-0.161) 最终目标=(0.194,0.068,-2.255) 指令位置=(0.194,0.068,-2.255) 指令速度=(0.000,0.000,0.000) 指令加速度=(0.000,0.000,0.000) 滚转角=-0.49度 俯仰角=1.04度
11:10:32.989108 [轨迹] 序号=625 单调时间=8647.769050 时间=8647.769 模式=OFFBOARD 起飞状态=未执行起飞 水平控制=位置保持 类型掩码=3520 实际位置NED=(0.140,0.171,-1.924) 实际速度=(-0.025,-0.025,-0.154) 最终目标=(0.194,0.068,-2.255) 指令位置=(0.194,0.068,-2.255) 指令速度=(0.000,0.000,0.000) 指令加速度=(0.000,0.000,0.000) 滚转角=-0.49度 俯仰角=1.03度
11:10:33.092202 [轨迹] 序号=626 单调时间=8647.872092 时间=8647.872 模式=OFFBOARD 起飞状态=未执行起飞 水平控制=位置保持 类型掩码=3520 实际位置NED=(0.138,0.171,-1.929) 实际速度=(-0.021,-0.029,-0.150) 最终目标=(0.194,0.068,-2.255) 指令位置=(0.194,0.068,-2.255) 指令速度=(0.000,0.000,0.000) 指令加速度=(0.000,0.000,0.000) 滚转角=-0.49度 俯仰角=1.01度
11:10:33.195814 [轨迹] 序号=627 单调时间=8647.975670 时间=8647.976 模式=OFFBOARD 起飞状态=未执行起飞 水平控制=位置保持 类型掩码=3520 实际位置NED=(0.137,0.171,-1.935) 实际速度=(-0.017,-0.033,-0.148) 最终目标=(0.194,0.068,-2.255) 指令位置=(0.194,0.068,-2.255) 指令速度=(0.000,0.000,0.000) 指令加速度=(0.000,0.000,0.000) 滚转角=-0.48度 俯仰角=1.00度
11:10:33.299222 [轨迹] 序号=628 单调时间=8648.079097 时间=8648.079 模式=OFFBOARD 起飞状态=未执行起飞 水平控制=位置保持 类型掩码=3520 实际位置NED=(0.134,0.171,-1.945) 实际速度=(-0.011,-0.041,-0.142) 最终目标=(0.194,0.068,-2.255) 指令位置=(0.194,0.068,-2.255) 指令速度=(0.000,0.000,0.000) 指令加速度=(0.000,0.000,0.000) 滚转角=-0.48度 俯仰角=0.97度
11:10:33.402643 [轨迹] 序号=629 单调时间=8648.182253 时间=8648.182 模式=OFFBOARD 起飞状态=未执行起飞 水平控制=位置保持 类型掩码=3520 实际位置NED=(0.133,0.170,-1.951) 实际速度=(-0.006,-0.045,-0.139) 最终目标=(0.194,0.068,-2.255) 指令位置=(0.194,0.068,-2.255) 指令速度=(0.000,0.000,0.000) 指令加速度=(0.000,0.000,0.000) 滚转角=-0.47度 俯仰角=0.95度
11:10:33.506063 [轨迹] 序号=630 单调时间=8648.285985 时间=8648.286 模式=OFFBOARD 起飞状态=未执行起飞 水平控制=位置保持 类型掩码=3520 实际位置NED=(0.132,0.170,-1.955) 实际速度=(-0.003,-0.049,-0.136) 最终目标=(0.194,0.068,-2.255) 指令位置=(0.194,0.068,-2.255) 指令速度=(0.000,0.000,0.000) 指令加速度=(0.000,0.000,0.000) 滚转角=-0.45度 俯仰角=0.91度
11:10:33.608047 [轨迹] 序号=631 单调时间=8648.387895 时间=8648.388 模式=OFFBOARD 起飞状态=未执行起飞 水平控制=位置保持 类型掩码=3520 实际位置NED=(0.131,0.169,-1.960) 实际速度=(0.000,-0.052,-0.134) 最终目标=(0.194,0.068,-2.255) 指令位置=(0.194,0.068,-2.255) 指令速度=(0.000,0.000,0.000) 指令加速度=(0.000,0.000,0.000) 滚转角=-0.45度 俯仰角=0.88度
11:10:33.712095 [轨迹] 序号=632 单调时间=8648.491948 时间=8648.492 模式=OFFBOARD 起飞状态=未执行起飞 水平控制=位置保持 类型掩码=3520 实际位置NED=(0.130,0.167,-1.969) 实际速度=(0.007,-0.059,-0.129) 最终目标=(0.194,0.068,-2.255) 指令位置=(0.194,0.068,-2.255) 指令速度=(0.000,0.000,0.000) 指令加速度=(0.000,0.000,0.000) 滚转角=-0.43度 俯仰角=0.83度
11:10:33.815001 [轨迹] 序号=633 单调时间=8648.595060 时间=8648.595 模式=OFFBOARD 起飞状态=未执行起飞 水平控制=位置保持 类型掩码=3520 实际位置NED=(0.130,0.165,-1.973) 实际速度=(0.010,-0.062,-0.126) 最终目标=(0.194,0.068,-2.255) 指令位置=(0.194,0.068,-2.255) 指令速度=(0.000,0.000,0.000) 指令加速度=(0.000,0.000,0.000) 滚转角=-0.41度 俯仰角=0.79度
11:10:33.918260 [轨迹] 序号=634 单调时间=8648.698207 时间=8648.698 模式=OFFBOARD 起飞状态=未执行起飞 水平控制=位置保持 类型掩码=3520 实际位置NED=(0.130,0.164,-1.979) 实际速度=(0.014,-0.066,-0.124) 最终目标=(0.194,0.068,-2.255) 指令位置=(0.194,0.068,-2.255) 指令速度=(0.000,0.000,0.000) 指令加速度=(0.000,0.000,0.000) 滚转角=-0.40度 俯仰角=0.76度
11:10:34.021795 [轨迹] 序号=635 单调时间=8648.801333 时间=8648.801 模式=OFFBOARD 起飞状态=未执行起飞 水平控制=位置保持 类型掩码=3520 实际位置NED=(0.129,0.162,-1.983) 实际速度=(0.017,-0.069,-0.122) 最终目标=(0.194,0.068,-2.255) 指令位置=(0.194,0.068,-2.255) 指令速度=(0.000,0.000,0.000) 指令加速度=(0.000,0.000,0.000) 滚转角=-0.39度 俯仰角=0.72度
11:10:34.125421 [轨迹] 序号=636 单调时间=8648.905398 时间=8648.905 模式=OFFBOARD 起飞状态=未执行起飞 水平控制=位置保持 类型掩码=3520 实际位置NED=(0.129,0.161,-1.987) 实际速度=(0.019,-0.071,-0.119) 最终目标=(0.194,0.068,-2.255) 指令位置=(0.194,0.068,-2.255) 指令速度=(0.000,0.000,0.000) 指令加速度=(0.000,0.000,0.000) 滚转角=-0.37度 俯仰角=0.67度
11:10:34.228898 [轨迹] 序号=637 单调时间=8649.008718 时间=8649.009 模式=OFFBOARD 起飞状态=未执行起飞 水平控制=位置保持 类型掩码=3520 实际位置NED=(0.129,0.157,-1.995) 实际速度=(0.024,-0.076,-0.115) 最终目标=(0.194,0.068,-2.255) 指令位置=(0.194,0.068,-2.255) 指令速度=(0.000,0.000,0.000) 指令加速度=(0.000,0.000,0.000) 滚转角=-0.34度 俯仰角=0.60度
11:10:34.331931 [轨迹] 序号=638 单调时间=8649.112046 时间=8649.112 模式=OFFBOARD 起飞状态=未执行起飞 水平控制=位置保持 类型掩码=3520 实际位置NED=(0.129,0.155,-1.999) 实际速度=(0.026,-0.078,-0.113) 最终目标=(0.194,0.068,-2.255) 指令位置=(0.194,0.068,-2.255) 指令速度=(0.000,0.000,0.000) 指令加速度=(0.000,0.000,0.000) 滚转角=-0.32度 俯仰角=0.56度
11:10:34.435432 [轨迹] 序号=639 单调时间=8649.215618 时间=8649.216 模式=OFFBOARD 起飞状态=未执行起飞 水平控制=位置保持 类型掩码=3520 实际位置NED=(0.129,0.153,-2.004) 实际速度=(0.029,-0.079,-0.111) 最终目标=(0.194,0.068,-2.255) 指令位置=(0.194,0.068,-2.255) 指令速度=(0.000,0.000,0.000) 指令加速度=(0.000,0.000,0.000) 滚转角=-0.31度 俯仰角=0.52度
11:10:34.538696 [轨迹] 序号=640 单调时间=8649.318362 时间=8649.318 模式=OFFBOARD 起飞状态=未执行起飞 水平控制=位置保持 类型掩码=3520 实际位置NED=(0.129,0.151,-2.007) 实际速度=(0.030,-0.081,-0.110) 最终目标=(0.194,0.068,-2.255) 指令位置=(0.194,0.068,-2.255) 指令速度=(0.000,0.000,0.000) 指令加速度=(0.000,0.000,0.000) 滚转角=-0.29度 俯仰角=0.49度
11:10:34.641926 [轨迹] 序号=641 单调时间=8649.421884 时间=8649.422 模式=OFFBOARD 起飞状态=未执行起飞 水平控制=位置保持 类型掩码=3520 实际位置NED=(0.129,0.149,-2.011) 实际速度=(0.032,-0.082,-0.108) 最终目标=(0.194,0.068,-2.255) 指令位置=(0.194,0.068,-2.255) 指令速度=(0.000,0.000,0.000) 指令加速度=(0.000,0.000,0.000) 滚转角=-0.27度 俯仰角=0.45度
11:10:34.745663 [轨迹] 序号=642 单调时间=8649.525738 时间=8649.526 模式=OFFBOARD 起飞状态=未执行起飞 水平控制=位置保持 类型掩码=3520 实际位置NED=(0.129,0.145,-2.018) 实际速度=(0.034,-0.084,-0.104) 最终目标=(0.194,0.068,-2.255) 指令位置=(0.194,0.068,-2.255) 指令速度=(0.000,0.000,0.000) 指令加速度=(0.000,0.000,0.000) 滚转角=-0.25度 俯仰角=0.39度
11:10:34.849316 [轨迹] 序号=643 单调时间=8649.629055 时间=8649.629 模式=OFFBOARD 起飞状态=未执行起飞 水平控制=位置保持 类型掩码=3520 实际位置NED=(0.129,0.143,-2.022) 实际速度=(0.035,-0.085,-0.103) 最终目标=(0.194,0.068,-2.255) 指令位置=(0.194,0.068,-2.255) 指令速度=(0.000,0.000,0.000) 指令加速度=(0.000,0.000,0.000) 滚转角=-0.24度 俯仰角=0.37度
11:10:34.952768 [轨迹] 序号=644 单调时间=8649.732388 时间=8649.732 模式=OFFBOARD 起飞状态=未执行起飞 水平控制=位置保持 类型掩码=3520 实际位置NED=(0.129,0.141,-2.026) 实际速度=(0.037,-0.085,-0.101) 最终目标=(0.194,0.068,-2.255) 指令位置=(0.194,0.068,-2.255) 指令速度=(0.000,0.000,0.000) 指令加速度=(0.000,0.000,0.000) 滚转角=-0.23度 俯仰角=0.33度
11:10:35.056254 [轨迹] 序号=645 单调时间=8649.835775 时间=8649.836 模式=OFFBOARD 起飞状态=未执行起飞 水平控制=位置保持 类型掩码=3520 实际位置NED=(0.129,0.139,-2.029) 实际速度=(0.038,-0.086,-0.099) 最终目标=(0.194,0.068,-2.255) 指令位置=(0.194,0.068,-2.255) 指令速度=(0.000,0.000,0.000) 指令加速度=(0.000,0.000,0.000) 滚转角=-0.22度 俯仰角=0.28度
11:10:35.159364 [轨迹] 序号=646 单调时间=8649.939279 时间=8649.939 模式=OFFBOARD 起飞状态=未执行起飞 水平控制=位置保持 类型掩码=3520 实际位置NED=(0.129,0.136,-2.033) 实际速度=(0.039,-0.086,-0.098) 最终目标=(0.194,0.068,-2.255) 指令位置=(0.194,0.068,-2.255) 指令速度=(0.000,0.000,0.000) 指令加速度=(0.000,0.000,0.000) 滚转角=-0.21度 俯仰角=0.26度
11:10:35.262757 [轨迹] 序号=647 单调时间=8650.042590 时间=8650.043 模式=OFFBOARD 起飞状态=未执行起飞 水平控制=位置保持 类型掩码=3520 实际位置NED=(0.130,0.132,-2.039) 实际速度=(0.040,-0.086,-0.095) 最终目标=(0.194,0.068,-2.255) 指令位置=(0.194,0.068,-2.255) 指令速度=(0.000,0.000,0.000) 指令加速度=(0.000,0.000,0.000) 滚转角=-0.20度 俯仰角=0.21度
11:10:35.366396 [轨迹] 序号=648 单调时间=8650.146310 时间=8650.146 模式=OFFBOARD 起飞状态=未执行起飞 水平控制=位置保持 类型掩码=3520 实际位置NED=(0.130,0.130,-2.042) 实际速度=(0.041,-0.086,-0.094) 最终目标=(0.194,0.068,-2.255) 指令位置=(0.194,0.068,-2.255) 指令速度=(0.000,0.000,0.000) 指令加速度=(0.000,0.000,0.000) 滚转角=-0.20度 俯仰角=0.18度
11:10:35.469645 [轨迹] 序号=649 单调时间=8650.249439 时间=8650.249 模式=OFFBOARD 起飞状态=未执行起飞 水平控制=位置保持 类型掩码=3520 实际位置NED=(0.131,0.127,-2.046) 实际速度=(0.042,-0.085,-0.092) 最终目标=(0.194,0.068,-2.255) 指令位置=(0.194,0.068,-2.255) 指令速度=(0.000,0.000,0.000) 指令加速度=(0.000,0.000,0.000) 滚转角=-0.20度 俯仰角=0.16度
11:10:35.572861 [轨迹] 序号=650 单调时间=8650.352592 时间=8650.353 模式=OFFBOARD 起飞状态=未执行起飞 水平控制=位置保持 类型掩码=3520 实际位置NED=(0.131,0.125,-2.049) 实际速度=(0.043,-0.085,-0.091) 最终目标=(0.194,0.068,-2.255) 指令位置=(0.194,0.068,-2.255) 指令速度=(0.000,0.000,0.000) 指令加速度=(0.000,0.000,0.000) 滚转角=-0.19度 俯仰角=0.14度
11:10:35.676411 [轨迹] 序号=651 单调时间=8650.456312 时间=8650.456 模式=OFFBOARD 起飞状态=未执行起飞 水平控制=位置保持 类型掩码=3520 实际位置NED=(0.132,0.123,-2.052) 实际速度=(0.044,-0.084,-0.089) 最终目标=(0.194,0.068,-2.255) 指令位置=(0.194,0.068,-2.255) 指令速度=(0.000,0.000,0.000) 指令加速度=(0.000,0.000,0.000) 滚转角=-0.19度 俯仰角=0.11度
11:10:35.779868 [轨迹] 序号=652 单调时间=8650.559773 时间=8650.560 模式=OFFBOARD 起飞状态=未执行起飞 水平控制=位置保持 类型掩码=3520 实际位置NED=(0.133,0.119,-2.058) 实际速度=(0.046,-0.083,-0.087) 最终目标=(0.194,0.068,-2.255) 指令位置=(0.194,0.068,-2.255) 指令速度=(0.000,0.000,0.000) 指令加速度=(0.000,0.000,0.000) 滚转角=-0.18度 俯仰角=0.08度
11:10:35.882758 [轨迹] 序号=653 单调时间=8650.662794 时间=8650.663 模式=OFFBOARD 起飞状态=未执行起飞 水平控制=位置保持 类型掩码=3520 实际位置NED=(0.134,0.116,-2.061) 实际速度=(0.047,-0.082,-0.086) 最终目标=(0.194,0.068,-2.255) 指令位置=(0.194,0.068,-2.255) 指令速度=(0.000,0.000,0.000) 指令加速度=(0.000,0.000,0.000) 滚转角=-0.17度 俯仰角=0.05度
11:10:35.985921 [轨迹] 序号=654 单调时间=8650.765842 时间=8650.766 模式=OFFBOARD 起飞状态=未执行起飞 水平控制=位置保持 类型掩码=3520 实际位置NED=(0.134,0.114,-2.064) 实际速度=(0.048,-0.081,-0.084) 最终目标=(0.194,0.068,-2.255) 指令位置=(0.194,0.068,-2.255) 指令速度=(0.000,0.000,0.000) 指令加速度=(0.000,0.000,0.000) 滚转角=-0.16度 俯仰角=0.04度
11:10:36.089298 [轨迹] 序号=655 单调时间=8650.868874 时间=8650.869 模式=OFFBOARD 起飞状态=未执行起飞 水平控制=位置保持 类型掩码=3520 实际位置NED=(0.135,0.112,-2.067) 实际速度=(0.049,-0.080,-0.083) 最终目标=(0.194,0.068,-2.255) 指令位置=(0.194,0.068,-2.255) 指令速度=(0.000,0.000,0.000) 指令加速度=(0.000,0.000,0.000) 滚转角=-0.15度 俯仰角=0.02度
11:10:36 [贴顶流程] 启动指令已发送
11:10:36.192354 [轨迹] 序号=656 单调时间=8650.972348 时间=8650.972 模式=OFFBOARD 起飞状态=未执行起飞 水平控制=位置保持 类型掩码=3520 实际位置NED=(0.136,0.109,-2.069) 实际速度=(0.049,-0.079,-0.082) 最终目标=(0.194,0.068,-2.255) 指令位置=(0.194,0.068,-2.255) 指令速度=(0.000,0.000,0.000) 指令加速度=(0.000,0.000,0.000) 滚转角=-0.14度 俯仰角=-0.01度
11:10:38 [贴顶流程] 正在快速寻顶
11:10:49 [贴顶流程] 正在缓慢贴顶
11:10:54 [贴顶流程] 贴顶完成，正在等输出加压，原因：顶部距离确认
11:11:20 [输入] 已按下一次降落按钮；后续移动目标已禁用
11:11:20 [安全离顶] 降落前先保留轻微贴力完成调平，再垂直下降到安全距离
11:11:20 [安全离顶] 飞控已经开始减压、调平和离顶
11:11:20 [应答] 安全离顶：已接受（MAV_RESULT_ACCEPTED）
11:11:23 [贴顶流程] 保持轻微贴力，正在调平姿态，原因：执行降落
11:11:25 [贴顶流程] 正在垂直离开顶部，原因：执行降落
11:11:31 [安全离顶] 已达到安全距离，正在交还控制权
11:11:31 [贴顶流程] 正在恢复上位机控制
11:11:31 [目标] 已重置：北=0.131 东=0.136 下=-2.384
11:11:32 [控制交接] 目标重置完成，交接编号=9；上位机目标=北0.131 东0.136 下-2.384
11:11:32.105936 [轨迹] 序号=657 单调时间=8706.885863 时间=8706.886 模式=OFFBOARD 起飞状态=未执行起飞 水平控制=位置保持 类型掩码=3520 实际位置NED=(0.131,0.137,-2.382) 实际速度=(-0.005,-0.001,0.079) 最终目标=(0.131,0.136,-2.384) 指令位置=(0.131,0.136,-2.384) 指令速度=(0.000,0.000,0.000) 指令加速度=(0.000,0.000,0.000) 滚转角=0.16度 俯仰角=0.21度
11:11:32.209300 [轨迹] 序号=658 单调时间=8706.988873 时间=8706.989 模式=OFFBOARD 起飞状态=未执行起飞 水平控制=位置保持 类型掩码=3520 实际位置NED=(0.131,0.137,-2.379) 实际速度=(-0.005,-0.002,0.059) 最终目标=(0.131,0.136,-2.384) 指令位置=(0.131,0.136,-2.384) 指令速度=(0.000,0.000,0.000) 指令加速度=(0.000,0.000,0.000) 滚转角=0.15度 俯仰角=0.19度
11:11:32.312278 [轨迹] 序号=659 单调时间=8707.092061 时间=8707.092 模式=OFFBOARD 起飞状态=未执行起飞 水平控制=位置保持 类型掩码=3520 实际位置NED=(0.131,0.137,-2.378) 实际速度=(-0.005,-0.002,0.044) 最终目标=(0.131,0.136,-2.384) 指令位置=(0.131,0.136,-2.384) 指令速度=(0.000,0.000,0.000) 指令加速度=(0.000,0.000,0.000) 滚转角=0.14度 俯仰角=0.18度
11:11:32.415505 [轨迹] 序号=660 单调时间=8707.195546 时间=8707.196 模式=OFFBOARD 起飞状态=未执行起飞 水平控制=位置保持 类型掩码=3520 实际位置NED=(0.131,0.137,-2.377) 实际速度=(-0.004,-0.003,0.034) 最终目标=(0.131,0.136,-2.384) 指令位置=(0.131,0.136,-2.384) 指令速度=(0.000,0.000,0.000) 指令加速度=(0.000,0.000,0.000) 滚转角=0.12度 俯仰角=0.15度
11:11:32.518943 [轨迹] 序号=661 单调时间=8707.298906 时间=8707.299 模式=OFFBOARD 起飞状态=未执行起飞 水平控制=位置保持 类型掩码=3520 实际位置NED=(0.131,0.138,-2.375) 实际速度=(-0.004,-0.004,0.012) 最终目标=(0.131,0.136,-2.384) 指令位置=(0.131,0.136,-2.384) 指令速度=(0.000,0.000,0.000) 指令加速度=(0.000,0.000,0.000) 滚转角=0.10度 俯仰角=0.13度
11:11:32.623002 [轨迹] 序号=662 单调时间=8707.402657 时间=8707.403 模式=OFFBOARD 起飞状态=未执行起飞 水平控制=位置保持 类型掩码=3520 实际位置NED=(0.131,0.138,-2.375) 实际速度=(-0.004,-0.004,0.006) 最终目标=(0.131,0.136,-2.384) 指令位置=(0.131,0.136,-2.384) 指令速度=(0.000,0.000,0.000) 指令加速度=(0.000,0.000,0.000) 滚转角=0.09度 俯仰角=0.12度
11:11:32.726225 [轨迹] 序号=663 单调时间=8707.506186 时间=8707.506 模式=OFFBOARD 起飞状态=未执行起飞 水平控制=位置保持 类型掩码=3520 实际位置NED=(0.131,0.138,-2.375) 实际速度=(-0.003,-0.004,0.001) 最终目标=(0.131,0.136,-2.384) 指令位置=(0.131,0.136,-2.384) 指令速度=(0.000,0.000,0.000) 指令加速度=(0.000,0.000,0.000) 滚转角=0.07度 俯仰角=0.10度
11:11:32.829546 [轨迹] 序号=664 单调时间=8707.609492 时间=8707.609 模式=OFFBOARD 起飞状态=未执行起飞 水平控制=位置保持 类型掩码=3520 实际位置NED=(0.131,0.139,-2.376) 实际速度=(-0.003,-0.004,-0.003) 最终目标=(0.131,0.136,-2.384) 指令位置=(0.131,0.136,-2.384) 指令速度=(0.000,0.000,0.000) 指令加速度=(0.000,0.000,0.000) 滚转角=0.06度 俯仰角=0.09度
11:11:32.933580 [轨迹] 序号=665 单调时间=8707.713175 时间=8707.713 模式=OFFBOARD 起飞状态=未执行起飞 水平控制=位置保持 类型掩码=3520 实际位置NED=(0.131,0.139,-2.376) 实际速度=(-0.003,-0.004,-0.006) 最终目标=(0.131,0.136,-2.384) 指令位置=(0.131,0.136,-2.384) 指令速度=(0.000,0.000,0.000) 指令加速度=(0.000,0.000,0.000) 滚转角=0.05度 俯仰角=0.08度
11:11:33.036931 [轨迹] 序号=666 单调时间=8707.816837 时间=8707.817 模式=OFFBOARD 起飞状态=未执行起飞 水平控制=位置保持 类型掩码=3520 实际位置NED=(0.130,0.139,-2.377) 实际速度=(-0.002,-0.003,-0.009) 最终目标=(0.131,0.136,-2.384) 指令位置=(0.131,0.136,-2.384) 指令速度=(0.000,0.000,0.000) 指令加速度=(0.000,0.000,0.000) 滚转角=0.04度 俯仰角=0.07度
11:11:33.139944 [轨迹] 序号=667 单调时间=8707.920045 时间=8707.920 模式=OFFBOARD 起飞状态=未执行起飞 水平控制=位置保持 类型掩码=3520 实际位置NED=(0.130,0.139,-2.377) 实际速度=(-0.002,-0.003,-0.010) 最终目标=(0.131,0.136,-2.384) 指令位置=(0.131,0.136,-2.384) 指令速度=(0.000,0.000,0.000) 指令加速度=(0.000,0.000,0.000) 滚转角=0.04度 俯仰角=0.07度
11:11:33.243784 [轨迹] 序号=668 单调时间=8708.023650 时间=8708.024 模式=OFFBOARD 起飞状态=未执行起飞 水平控制=位置保持 类型掩码=3520 实际位置NED=(0.130,0.139,-2.378) 实际速度=(-0.002,-0.003,-0.011) 最终目标=(0.131,0.136,-2.384) 指令位置=(0.131,0.136,-2.384) 指令速度=(0.000,0.000,0.000) 指令加速度=(0.000,0.000,0.000) 滚转角=0.04度 俯仰角=0.07度
11:11:33.347101 [轨迹] 序号=669 单调时间=8708.127172 时间=8708.127 模式=OFFBOARD 起飞状态=未执行起飞 水平控制=位置保持 类型掩码=3520 实际位置NED=(0.129,0.139,-2.378) 实际速度=(-0.001,-0.003,-0.011) 最终目标=(0.131,0.136,-2.384) 指令位置=(0.131,0.136,-2.384) 指令速度=(0.000,0.000,0.000) 指令加速度=(0.000,0.000,0.000) 滚转角=0.04度 俯仰角=0.07度
11:11:33.450231 [轨迹] 序号=670 单调时间=8708.230229 时间=8708.230 模式=OFFBOARD 起飞状态=未执行起飞 水平控制=位置保持 类型掩码=3520 实际位置NED=(0.129,0.139,-2.379) 实际速度=(-0.001,-0.003,-0.011) 最终目标=(0.131,0.136,-2.384) 指令位置=(0.131,0.136,-2.384) 指令速度=(0.000,0.000,0.000) 指令加速度=(0.000,0.000,0.000) 滚转角=0.04度 俯仰角=0.07度
11:11:33.553340 [轨迹] 序号=671 单调时间=8708.333172 时间=8708.333 模式=OFFBOARD 起飞状态=未执行起飞 水平控制=位置保持 类型掩码=3520 实际位置NED=(0.128,0.139,-2.380) 实际速度=(-0.001,-0.003,-0.010) 最终目标=(0.131,0.136,-2.384) 指令位置=(0.131,0.136,-2.384) 指令速度=(0.000,0.000,0.000) 指令加速度=(0.000,0.000,0.000) 滚转角=0.04度 俯仰角=0.07度
11:11:33.656509 [轨迹] 序号=672 单调时间=8708.436406 时间=8708.436 模式=OFFBOARD 起飞状态=未执行起飞 水平控制=位置保持 类型掩码=3520 实际位置NED=(0.128,0.139,-2.380) 实际速度=(-0.001,-0.002,-0.010) 最终目标=(0.131,0.136,-2.384) 指令位置=(0.131,0.136,-2.384) 指令速度=(0.000,0.000,0.000) 指令加速度=(0.000,0.000,0.000) 滚转角=0.04度 俯仰角=0.07度
11:11:33 [贴顶流程] 待机
11:11:33 [安全离顶] 控制权已经恢复，现在发送正式降落指令
11:11:33 [应答] 降落：已接受（MAV_RESULT_ACCEPTED）
11:11:36 [模式] 已退出OFFBOARD；旧目标已丢弃，开始跟随飞机当前位置
11:11:36.635271 [轨迹] 序号=673 单调时间=8711.415181 时间=8711.415 模式=AUTO.LAND 起飞状态=未执行起飞 水平控制=位置保持 类型掩码=3520 实际位置NED=(0.126,0.132,-1.926) 实际速度=(0.010,-0.008,0.643) 最终目标=(0.126,0.132,-1.926) 指令位置=(0.126,0.132,nan) 指令速度=(0.000,0.000,0.000) 指令加速度=(0.000,0.000,nan) 滚转角=0.10度 俯仰角=0.03度
11:11:36.738103 [轨迹] 序号=674 单调时间=8711.518150 时间=8711.518 模式=AUTO.LAND 起飞状态=未执行起飞 水平控制=位置保持 类型掩码=3520 实际位置NED=(0.128,0.129,-1.881) 实际速度=(0.010,-0.010,0.636) 最终目标=(0.128,0.129,-1.881) 指令位置=(0.128,0.129,nan) 指令速度=(0.000,0.000,0.000) 指令加速度=(0.000,0.000,nan) 滚转角=0.10度 俯仰角=0.01度
11:11:36.841438 [轨迹] 序号=675 单调时间=8711.621356 时间=8711.621 模式=AUTO.LAND 起飞状态=未执行起飞 水平控制=位置保持 类型掩码=3520 实际位置NED=(0.129,0.127,-1.861) 实际速度=(0.011,-0.011,0.636) 最终目标=(0.129,0.127,-1.861) 指令位置=(0.129,0.127,nan) 指令速度=(0.000,0.000,0.000) 指令加速度=(0.000,0.000,nan) 滚转角=0.11度 俯仰角=-0.01度
11:11:36.944564 [轨迹] 序号=676 单调时间=8711.724625 时间=8711.725 模式=AUTO.LAND 起飞状态=未执行起飞 水平控制=位置保持 类型掩码=3520 实际位置NED=(0.129,0.126,-1.841) 实际速度=(0.011,-0.012,0.636) 最终目标=(0.129,0.126,-1.841) 指令位置=(0.129,0.126,nan) 指令速度=(0.000,0.000,0.000) 指令加速度=(0.000,0.000,nan) 滚转角=0.12度 俯仰角=-0.03度
11:11:37.047465 [轨迹] 序号=677 单调时间=8711.827361 时间=8711.827 模式=AUTO.LAND 起飞状态=未执行起飞 水平控制=位置保持 类型掩码=3520 实际位置NED=(0.130,0.124,-1.821) 实际速度=(0.011,-0.012,0.637) 最终目标=(0.130,0.124,-1.821) 指令位置=(0.130,0.124,nan) 指令速度=(0.000,0.000,0.000) 指令加速度=(0.000,0.000,nan) 滚转角=0.13度 俯仰角=-0.06度
11:11:37.151449 [轨迹] 序号=678 单调时间=8711.931242 时间=8711.931 模式=AUTO.LAND 起飞状态=未执行起飞 水平控制=位置保持 类型掩码=3520 实际位置NED=(0.130,0.122,-1.801) 实际速度=(0.010,-0.013,0.638) 最终目标=(0.130,0.122,-1.801) 指令位置=(0.130,0.122,nan) 指令速度=(0.000,0.000,0.000) 指令加速度=(0.000,0.000,nan) 滚转角=0.14度 俯仰角=-0.08度
11:11:37.254550 [轨迹] 序号=679 单调时间=8712.034329 时间=8712.034 模式=AUTO.LAND 起飞状态=未执行起飞 水平控制=位置保持 类型掩码=3520 实际位置NED=(0.131,0.119,-1.761) 实际速度=(0.010,-0.013,0.641) 最终目标=(0.131,0.119,-1.761) 指令位置=(0.131,0.119,nan) 指令速度=(0.000,0.000,0.000) 指令加速度=(0.000,0.000,nan) 滚转角=0.15度 俯仰角=-0.11度
11:11:37.357620 [轨迹] 序号=680 单调时间=8712.137614 时间=8712.138 模式=AUTO.LAND 起飞状态=未执行起飞 水平控制=位置保持 类型掩码=3520 实际位置NED=(0.131,0.119,-1.761) 实际速度=(0.010,-0.013,0.641) 最终目标=(0.131,0.119,-1.761) 指令位置=(0.131,0.119,nan) 指令速度=(0.000,0.000,0.000) 指令加速度=(0.000,0.000,nan) 滚转角=0.15度 俯仰角=-0.14度
11:11:37.460475 [轨迹] 序号=681 单调时间=8712.240339 时间=8712.240 模式=AUTO.LAND 起飞状态=未执行起飞 水平控制=位置保持 类型掩码=3520 实际位置NED=(0.131,0.117,-1.721) 实际速度=(0.008,-0.013,0.648) 最终目标=(0.131,0.117,-1.721) 指令位置=(0.131,0.117,nan) 指令速度=(0.000,0.000,0.000) 指令加速度=(0.000,0.000,nan) 滚转角=0.16度 俯仰角=-0.17度
11:11:37.563334 [轨迹] 序号=682 单调时间=8712.343216 时间=8712.343 模式=AUTO.LAND 起飞状态=未执行起飞 水平控制=位置保持 类型掩码=3520 实际位置NED=(0.131,0.115,-1.700) 实际速度=(0.007,-0.012,0.652) 最终目标=(0.131,0.115,-1.700) 指令位置=(0.131,0.115,nan) 指令速度=(0.000,0.000,0.000) 指令加速度=(0.000,0.000,nan) 滚转角=0.16度 俯仰角=-0.19度
11:11:37.667814 [轨迹] 序号=683 单调时间=8712.447636 时间=8712.448 模式=AUTO.LAND 起飞状态=未执行起飞 水平控制=位置保持 类型掩码=3520 实际位置NED=(0.131,0.114,-1.680) 实际速度=(0.006,-0.011,0.656) 最终目标=(0.131,0.114,-1.680) 指令位置=(0.131,0.114,nan) 指令速度=(0.000,0.000,0.000) 指令加速度=(0.000,0.000,nan) 滚转角=0.16度 俯仰角=-0.21度
11:11:37.770923 [轨迹] 序号=684 单调时间=8712.550801 时间=8712.551 模式=AUTO.LAND 起飞状态=未执行起飞 水平控制=位置保持 类型掩码=3520 实际位置NED=(0.131,0.113,-1.633) 实际速度=(0.005,-0.009,0.663) 最终目标=(0.131,0.113,-1.633) 指令位置=(0.131,0.113,nan) 指令速度=(0.000,0.000,0.000) 指令加速度=(0.000,0.000,nan) 滚转角=0.16度 俯仰角=-0.23度
11:11:37.874359 [轨迹] 序号=685 单调时间=8712.654305 时间=8712.654 模式=AUTO.LAND 起飞状态=未执行起飞 水平控制=位置保持 类型掩码=3520 实际位置NED=(0.131,0.112,-1.612) 实际速度=(0.004,-0.007,0.666) 最终目标=(0.131,0.112,-1.612) 指令位置=(0.131,0.112,nan) 指令速度=(0.000,0.000,0.000) 指令加速度=(0.000,0.000,nan) 滚转角=0.15度 俯仰角=-0.25度
11:11:37.977329 [轨迹] 序号=686 单调时间=8712.757189 时间=8712.757 模式=AUTO.LAND 起飞状态=未执行起飞 水平控制=位置保持 类型掩码=3520 实际位置NED=(0.130,0.112,-1.591) 实际速度=(0.003,-0.006,0.668) 最终目标=(0.130,0.112,-1.591) 指令位置=(0.130,0.112,nan) 指令速度=(0.000,0.000,0.000) 指令加速度=(0.000,0.000,nan) 滚转角=0.14度 俯仰角=-0.25度
11:11:38.080890 [轨迹] 序号=687 单调时间=8712.860806 时间=8712.861 模式=AUTO.LAND 起飞状态=未执行起飞 水平控制=位置保持 类型掩码=3520 实际位置NED=(0.130,0.112,-1.570) 实际速度=(0.002,-0.004,0.671) 最终目标=(0.130,0.112,-1.570) 指令位置=(0.130,0.112,nan) 指令速度=(0.000,0.000,0.000) 指令加速度=(0.000,0.000,nan) 滚转角=0.13度 俯仰角=-0.26度
11:11:38.184592 [轨迹] 序号=688 单调时间=8712.964477 时间=8712.964 模式=AUTO.LAND 起飞状态=未执行起飞 水平控制=位置保持 类型掩码=3520 实际位置NED=(0.129,0.112,-1.549) 实际速度=(0.001,-0.002,0.673) 最终目标=(0.129,0.112,-1.549) 指令位置=(0.129,0.112,nan) 指令速度=(0.000,0.000,0.000) 指令加速度=(0.000,0.000,nan) 滚转角=0.12度 俯仰角=-0.26度
11:11:38.287408 [轨迹] 序号=689 单调时间=8713.067369 时间=8713.067 模式=AUTO.LAND 起飞状态=未执行起飞 水平控制=位置保持 类型掩码=3520 实际位置NED=(0.128,0.112,-1.501) 实际速度=(-0.001,0.002,0.678) 最终目标=(0.128,0.112,-1.501) 指令位置=(0.128,0.112,nan) 指令速度=(0.000,0.000,0.000) 指令加速度=(0.000,0.000,nan) 滚转角=0.11度 俯仰角=-0.25度
11:11:38.390200 [轨迹] 序号=690 单调时间=8713.170131 时间=8713.170 模式=AUTO.LAND 起飞状态=未执行起飞 水平控制=位置保持 类型掩码=3520 实际位置NED=(0.128,0.112,-1.501) 实际速度=(-0.001,0.002,0.678) 最终目标=(0.128,0.112,-1.501) 指令位置=(0.128,0.112,nan) 指令速度=(0.000,0.000,0.000) 指令加速度=(0.000,0.000,nan) 滚转角=0.11度 俯仰角=-0.25度
11:11:38.493285 [轨迹] 序号=691 单调时间=8713.273214 时间=8713.273 模式=AUTO.LAND 起飞状态=未执行起飞 水平控制=位置保持 类型掩码=3520 实际位置NED=(0.126,0.113,-1.458) 实际速度=(-0.003,0.007,0.682) 最终目标=(0.126,0.113,-1.458) 指令位置=(0.126,0.113,nan) 指令速度=(0.000,0.000,0.000) 指令加速度=(0.000,0.000,nan) 滚转角=0.09度 俯仰角=-0.23度
11:11:38.596325 [轨迹] 序号=692 单调时间=8713.376223 时间=8713.376 模式=AUTO.LAND 起飞状态=未执行起飞 水平控制=位置保持 类型掩码=3520 实际位置NED=(0.125,0.114,-1.436) 实际速度=(-0.004,0.009,0.684) 最终目标=(0.125,0.114,-1.436) 指令位置=(0.125,0.114,nan) 指令速度=(0.000,0.000,0.000) 指令加速度=(0.000,0.000,nan) 滚转角=0.08度 俯仰角=-0.21度
11:11:38.699312 [轨迹] 序号=693 单调时间=8713.479280 时间=8713.479 模式=AUTO.LAND 起飞状态=未执行起飞 水平控制=位置保持 类型掩码=3520 实际位置NED=(0.124,0.115,-1.414) 实际速度=(-0.004,0.011,0.685) 最终目标=(0.124,0.115,-1.414) 指令位置=(0.124,0.115,nan) 指令速度=(0.000,0.000,0.000) 指令加速度=(0.000,0.000,nan) 滚转角=0.06度 俯仰角=-0.19度
11:11:38.802294 [轨迹] 序号=694 单调时间=8713.582270 时间=8713.582 模式=AUTO.LAND 起飞状态=未执行起飞 水平控制=位置保持 类型掩码=3520 实际位置NED=(0.124,0.117,-1.387) 实际速度=(-0.005,0.014,0.687) 最终目标=(0.124,0.117,-1.387) 指令位置=(0.124,0.117,nan) 指令速度=(0.000,0.000,0.000) 指令加速度=(0.000,0.000,nan) 滚转角=0.05度 俯仰角=-0.17度
11:11:38.905760 [轨迹] 序号=695 单调时间=8713.685749 时间=8713.686 模式=AUTO.LAND 起飞状态=未执行起飞 水平控制=位置保持 类型掩码=3520 实际位置NED=(0.124,0.118,-1.365) 实际速度=(-0.004,0.016,0.689) 最终目标=(0.124,0.118,-1.365) 指令位置=(0.124,0.118,nan) 指令速度=(0.000,0.000,0.000) 指令加速度=(0.000,0.000,nan) 滚转角=0.04度 俯仰角=-0.15度
11:11:39.008876 [轨迹] 序号=696 单调时间=8713.788749 时间=8713.789 模式=AUTO.LAND 起飞状态=未执行起飞 水平控制=位置保持 类型掩码=3520 实际位置NED=(0.124,0.122,-1.321) 实际速度=(-0.002,0.021,0.691) 最终目标=(0.124,0.122,-1.321) 指令位置=(0.124,0.122,nan) 指令速度=(0.000,0.000,0.000) 指令加速度=(0.000,0.000,nan) 滚转角=0.02度 俯仰角=-0.11度
11:11:39.113179 [轨迹] 序号=697 单调时间=8713.892537 时间=8713.893 模式=AUTO.LAND 起飞状态=未执行起飞 水平控制=位置保持 类型掩码=3520 实际位置NED=(0.125,0.124,-1.299) 实际速度=(-0.001,0.024,0.692) 最终目标=(0.125,0.124,-1.299) 指令位置=(0.125,0.124,nan) 指令速度=(0.000,0.000,0.000) 指令加速度=(0.000,0.000,nan) 滚转角=0.01度 俯仰角=-0.07度
11:11:39.216488 [轨迹] 序号=698 单调时间=8713.996411 时间=8713.996 模式=AUTO.LAND 起飞状态=未执行起飞 水平控制=位置保持 类型掩码=3520 实际位置NED=(0.125,0.127,-1.277) 实际速度=(0.000,0.026,0.693) 最终目标=(0.125,0.127,-1.277) 指令位置=(0.125,0.127,nan) 指令速度=(0.000,0.000,0.000) 指令加速度=(0.000,0.000,nan) 滚转角=0.01度 俯仰角=-0.04度
11:11:39.319677 [轨迹] 序号=699 单调时间=8714.099650 时间=8714.100 模式=AUTO.LAND 起飞状态=未执行起飞 水平控制=位置保持 类型掩码=3520 实际位置NED=(0.126,0.130,-1.250) 实际速度=(0.002,0.029,0.694) 最终目标=(0.126,0.130,-1.250) 指令位置=(0.126,0.130,nan) 指令速度=(0.000,0.000,0.000) 指令加速度=(0.000,0.000,nan) 滚转角=0.01度 俯仰角=0.00度
11:11:39.423703 [轨迹] 序号=700 单调时间=8714.202804 时间=8714.203 模式=AUTO.LAND 起飞状态=未执行起飞 水平控制=位置保持 类型掩码=3520 实际位置NED=(0.126,0.133,-1.228) 实际速度=(0.002,0.032,0.695) 最终目标=(0.126,0.133,-1.228) 指令位置=(0.126,0.133,nan) 指令速度=(0.000,0.000,0.000) 指令加速度=(0.000,0.000,nan) 滚转角=0.02度 俯仰角=0.04度
11:11:39.526638 [轨迹] 序号=701 单调时间=8714.306535 时间=8714.307 模式=AUTO.LAND 起飞状态=未执行起飞 水平控制=位置保持 类型掩码=3520 实际位置NED=(0.126,0.140,-1.184) 实际速度=(0.002,0.036,0.697) 最终目标=(0.126,0.140,-1.184) 指令位置=(0.126,0.140,nan) 指令速度=(0.000,0.000,0.000) 指令加速度=(0.000,0.000,nan) 滚转角=0.05度 俯仰角=0.09度
11:11:39.629877 [轨迹] 序号=702 单调时间=8714.409835 时间=8714.410 模式=AUTO.LAND 起飞状态=未执行起飞 水平控制=位置保持 类型掩码=3520 实际位置NED=(0.125,0.143,-1.161) 实际速度=(0.002,0.038,0.697) 最终目标=(0.125,0.143,-1.161) 指令位置=(0.125,0.143,nan) 指令速度=(0.000,0.000,0.000) 指令加速度=(0.000,0.000,nan) 滚转角=0.07度 俯仰角=0.14度
11:11:39.733191 [轨迹] 序号=703 单调时间=8714.513109 时间=8714.513 模式=AUTO.LAND 起飞状态=未执行起飞 水平控制=位置保持 类型掩码=3520 实际位置NED=(0.124,0.147,-1.139) 实际速度=(0.001,0.040,0.698) 最终目标=(0.124,0.147,-1.139) 指令位置=(0.124,0.147,nan) 指令速度=(0.000,0.000,0.000) 指令加速度=(0.000,0.000,nan) 滚转角=0.09度 俯仰角=0.20度
11:11:39.838280 [轨迹] 序号=704 单调时间=8714.618131 时间=8714.618 模式=AUTO.LAND 起飞状态=未执行起飞 水平控制=位置保持 类型掩码=3520 实际位置NED=(0.121,0.155,-1.089) 实际速度=(-0.004,0.043,0.699) 最终目标=(0.121,0.155,-1.089) 指令位置=(0.121,0.155,nan) 指令速度=(0.000,0.000,0.000) 指令加速度=(0.000,0.000,nan) 滚转角=0.11度 俯仰角=0.25度
11:11:39.942729 [轨迹] 序号=705 单调时间=8714.722633 时间=8714.723 模式=AUTO.LAND 起飞状态=未执行起飞 水平控制=位置保持 类型掩码=3520 实际位置NED=(0.121,0.155,-1.089) 实际速度=(-0.004,0.043,0.699) 最终目标=(0.121,0.155,-1.089) 指令位置=(0.121,0.155,nan) 指令速度=(0.000,0.000,0.000) 指令加速度=(0.000,0.000,nan) 滚转角=0.12度 俯仰角=0.28度
11:11:40.046577 [轨迹] 序号=706 单调时间=8714.826380 时间=8714.826 模式=AUTO.LAND 起飞状态=未执行起飞 水平控制=位置保持 类型掩码=3520 实际位置NED=(0.116,0.161,-1.045) 实际速度=(-0.009,0.043,0.684) 最终目标=(0.116,0.161,-1.045) 指令位置=(0.116,0.161,nan) 指令速度=(0.000,0.000,0.000) 指令加速度=(0.000,0.000,nan) 滚转角=0.13度 俯仰角=0.37度
11:11:40.149885 [轨迹] 序号=707 单调时间=8714.929749 时间=8714.930 模式=AUTO.LAND 起飞状态=未执行起飞 水平控制=位置保持 类型掩码=3520 实际位置NED=(0.113,0.164,-1.023) 实际速度=(-0.013,0.042,0.667) 最终目标=(0.113,0.164,-1.023) 指令位置=(0.113,0.164,nan) 指令速度=(0.000,0.000,0.000) 指令加速度=(0.000,0.000,nan) 滚转角=0.13度 俯仰角=0.43度
11:11:40.253922 [轨迹] 序号=708 单调时间=8715.033936 时间=8715.034 模式=AUTO.LAND 起飞状态=未执行起飞 水平控制=位置保持 类型掩码=3520 实际位置NED=(0.104,0.171,-0.977) 实际速度=(-0.023,0.040,0.603) 最终目标=(0.104,0.171,-0.977) 指令位置=(0.104,0.171,nan) 指令速度=(0.000,0.000,0.000) 指令加速度=(0.000,0.000,nan) 滚转角=0.10度 俯仰角=0.51度
11:11:40.358360 [轨迹] 序号=709 单调时间=8715.138316 时间=8715.138 模式=AUTO.LAND 起飞状态=未执行起飞 水平控制=位置保持 类型掩码=3520 实际位置NED=(0.100,0.174,-0.959) 实际速度=(-0.027,0.039,0.566) 最终目标=(0.100,0.174,-0.959) 指令位置=(0.100,0.174,nan) 指令速度=(0.000,0.000,0.000) 指令加速度=(0.000,0.000,nan) 滚转角=0.07度 俯仰角=0.55度
11:11:40.462166 [轨迹] 序号=710 单调时间=8715.242127 时间=8715.242 模式=AUTO.LAND 起飞状态=未执行起飞 水平控制=位置保持 类型掩码=3520 实际位置NED=(0.095,0.177,-0.941) 实际速度=(-0.032,0.037,0.523) 最终目标=(0.095,0.177,-0.941) 指令位置=(0.095,0.177,nan) 指令速度=(0.000,0.000,0.000) 指令加速度=(0.000,0.000,nan) 滚转角=0.04度 俯仰角=0.58度
11:11:40.572581 [轨迹] 序号=711 单调时间=8715.347980 时间=8715.348 模式=AUTO.LAND 起飞状态=未执行起飞 水平控制=位置保持 类型掩码=3520 实际位置NED=(0.090,0.180,-0.925) 实际速度=(-0.036,0.036,0.476) 最终目标=(0.090,0.180,-0.925) 指令位置=(0.090,0.180,nan) 指令速度=(0.000,0.000,0.000) 指令加速度=(0.000,0.000,nan) 滚转角=-0.02度 俯仰角=0.63度
11:11:40.671711 [轨迹] 序号=712 单调时间=8715.451388 时间=8715.451 模式=AUTO.LAND 起飞状态=未执行起飞 水平控制=位置保持 类型掩码=3520 实际位置NED=(0.085,0.183,-0.911) 实际速度=(-0.040,0.035,0.425) 最终目标=(0.085,0.183,-0.911) 指令位置=(0.085,0.183,nan) 指令速度=(0.000,0.000,0.000) 指令加速度=(0.000,0.000,nan) 滚转角=-0.09度 俯仰角=0.66度
11:11:40.775282 [轨迹] 序号=713 单调时间=8715.555251 时间=8715.555 模式=AUTO.LAND 起飞状态=未执行起飞 水平控制=位置保持 类型掩码=3520 实际位置NED=(0.080,0.186,-0.898) 实际速度=(-0.044,0.033,0.371) 最终目标=(0.080,0.186,-0.898) 指令位置=(0.080,0.186,nan) 指令速度=(0.000,0.000,0.000) 指令加速度=(0.000,0.000,nan) 滚转角=-0.18度 俯仰角=0.70度
11:11:40.879084 [轨迹] 序号=714 单调时间=8715.658950 时间=8715.659 模式=AUTO.LAND 起飞状态=未执行起飞 水平控制=位置保持 类型掩码=3520 实际位置NED=(0.069,0.193,-0.875) 实际速度=(-0.048,0.030,0.276) 最终目标=(0.069,0.193,-0.875) 指令位置=(0.069,0.193,nan) 指令速度=(0.000,0.000,0.000) 指令加速度=(0.000,0.000,nan) 滚转角=-0.27度 俯仰角=0.74度
11:11:40.982507 [轨迹] 序号=715 单调时间=8715.762477 时间=8715.762 模式=AUTO.LAND 起飞状态=未执行起飞 水平控制=位置保持 类型掩码=3520 实际位置NED=(0.064,0.196,-0.867) 实际速度=(-0.049,0.028,0.251) 最终目标=(0.064,0.196,-0.867) 指令位置=(0.064,0.196,nan) 指令速度=(0.000,0.000,0.000) 指令加速度=(0.000,0.000,nan) 滚转角=-0.37度 俯仰角=0.78度
11:11:41.086094 [轨迹] 序号=716 单调时间=8715.865986 时间=8715.866 模式=AUTO.LAND 起飞状态=未执行起飞 水平控制=位置保持 类型掩码=3520 实际位置NED=(0.064,0.196,-0.867) 实际速度=(-0.049,0.028,0.251) 最终目标=(0.064,0.196,-0.867) 指令位置=(0.064,0.196,nan) 指令速度=(0.000,0.000,0.000) 指令加速度=(0.000,0.000,nan) 滚转角=-0.45度 俯仰角=0.81度
11:11:41.189997 [轨迹] 序号=717 单调时间=8715.969953 时间=8715.970 模式=AUTO.LAND 起飞状态=未执行起飞 水平控制=位置保持 类型掩码=3520 实际位置NED=(0.057,0.201,-0.854) 实际速度=(-0.047,0.026,0.229) 最终目标=(0.057,0.201,-0.854) 指令位置=(0.057,0.201,nan) 指令速度=(0.000,0.000,0.000) 指令加速度=(0.000,0.000,nan) 滚转角=-0.52度 俯仰角=0.84度
11:11:41.293610 [轨迹] 序号=718 单调时间=8716.073551 时间=8716.074 模式=AUTO.LAND 起飞状态=未执行起飞 水平控制=位置保持 类型掩码=3520 实际位置NED=(0.057,0.201,-0.854) 实际速度=(-0.047,0.026,0.229) 最终目标=(0.057,0.201,-0.854) 指令位置=(0.057,0.201,nan) 指令速度=(0.000,0.000,0.000) 指令加速度=(0.000,0.000,nan) 滚转角=-0.59度 俯仰角=0.87度
11:11:41.397514 [轨迹] 序号=719 单调时间=8716.177287 时间=8716.177 模式=AUTO.LAND 起飞状态=未执行起飞 水平控制=位置保持 类型掩码=3520 实际位置NED=(0.051,0.207,-0.835) 实际速度=(-0.039,0.021,0.236) 最终目标=(0.051,0.207,-0.835) 指令位置=(0.051,0.207,nan) 指令速度=(0.000,0.000,0.000) 指令加速度=(0.000,0.000,nan) 滚转角=-0.70度 俯仰角=0.91度
11:11:41.501396 [轨迹] 序号=720 单调时间=8716.281229 时间=8716.281 模式=AUTO.LAND 起飞状态=未执行起飞 水平控制=位置保持 类型掩码=3520 实际位置NED=(0.050,0.209,-0.828) 实际速度=(-0.033,0.019,0.248) 最终目标=(0.050,0.209,-0.828) 指令位置=(0.050,0.209,nan) 指令速度=(0.000,0.000,0.000) 指令加速度=(0.000,0.000,nan) 滚转角=-0.78度 俯仰角=0.95度
11:11:41.605354 [轨迹] 序号=721 单调时间=8716.385252 时间=8716.385 模式=AUTO.LAND 起飞状态=未执行起飞 水平控制=位置保持 类型掩码=3520 实际位置NED=(0.050,0.211,-0.819) 实际速度=(-0.026,0.017,0.265) 最终目标=(0.050,0.211,-0.819) 指令位置=(0.050,0.211,nan) 指令速度=(0.000,0.000,0.000) 指令加速度=(0.000,0.000,nan) 滚转角=-0.83度 俯仰角=0.98度
11:11:41.709014 [轨迹] 序号=722 单调时间=8716.488871 时间=8716.489 模式=AUTO.LAND 起飞状态=未执行起飞 水平控制=位置保持 类型掩码=3520 实际位置NED=(0.051,0.215,-0.801) 实际速度=(-0.010,0.012,0.301) 最终目标=(0.051,0.215,-0.801) 指令位置=(0.051,0.215,nan) 指令速度=(0.000,0.000,0.000) 指令加速度=(0.000,0.000,nan) 滚转角=-0.87度 俯仰角=1.01度
11:11:41.813224 [轨迹] 序号=723 单调时间=8716.593105 时间=8716.593 模式=AUTO.LAND 起飞状态=未执行起飞 水平控制=位置保持 类型掩码=3520 实际位置NED=(0.052,0.216,-0.791) 实际速度=(-0.001,0.010,0.315) 最终目标=(0.052,0.216,-0.791) 指令位置=(0.052,0.216,nan) 指令速度=(0.000,0.000,0.000) 指令加速度=(0.000,0.000,nan) 滚转角=-0.88度 俯仰角=1.03度
11:11:41.916949 [轨迹] 序号=724 单调时间=8716.696860 时间=8716.697 模式=AUTO.LAND 起飞状态=未执行起飞 水平控制=位置保持 类型掩码=3520 实际位置NED=(0.055,0.218,-0.778) 实际速度=(0.010,0.006,0.328) 最终目标=(0.055,0.218,-0.778) 指令位置=(0.055,0.218,nan) 指令速度=(0.000,0.000,0.000) 指令加速度=(0.000,0.000,nan) 滚转角=-0.87度 俯仰角=1.04度
11:11:42.017989 [轨迹] 序号=725 单调时间=8716.797867 时间=8716.798 模式=AUTO.LAND 起飞状态=未执行起飞 水平控制=位置保持 类型掩码=3520 实际位置NED=(0.058,0.219,-0.767) 实际速度=(0.020,0.002,0.336) 最终目标=(0.058,0.219,-0.767) 指令位置=(0.058,0.219,nan) 指令速度=(0.000,0.000,0.000) 指令加速度=(0.000,0.000,nan) 滚转角=-0.83度 俯仰角=1.04度
11:11:42.122032 [轨迹] 序号=726 单调时间=8716.901872 时间=8716.902 模式=AUTO.LAND 起飞状态=未执行起飞 水平控制=位置保持 类型掩码=3520 实际位置NED=(0.061,0.219,-0.756) 实际速度=(0.030,-0.001,0.341) 最终目标=(0.061,0.219,-0.756) 指令位置=(0.061,0.219,nan) 指令速度=(0.000,0.000,0.000) 指令加速度=(0.000,0.000,nan) 滚转角=-0.80度 俯仰角=1.04度
11:11:42.227821 [轨迹] 序号=727 单调时间=8717.007646 时间=8717.008 模式=AUTO.LAND 起飞状态=未执行起飞 水平控制=位置保持 类型掩码=3520 实际位置NED=(0.066,0.220,-0.745) 实际速度=(0.040,-0.004,0.345) 最终目标=(0.066,0.220,-0.745) 指令位置=(0.066,0.220,nan) 指令速度=(0.000,0.000,0.000) 指令加速度=(0.000,0.000,nan) 滚转角=-0.73度 俯仰角=1.03度
11:11:42.328191 [轨迹] 序号=728 单调时间=8717.108137 时间=8717.108 模式=AUTO.LAND 起飞状态=未执行起飞 水平控制=位置保持 类型掩码=3520 实际位置NED=(0.071,0.221,-0.733) 实际速度=(0.051,-0.007,0.348) 最终目标=(0.071,0.221,-0.733) 指令位置=(0.071,0.221,nan) 指令速度=(0.000,0.000,0.000) 指令加速度=(0.000,0.000,nan) 滚转角=-0.64度 俯仰角=1.01度
11:11:42.432172 [轨迹] 序号=729 单调时间=8717.211960 时间=8717.212 模式=AUTO.LAND 起飞状态=未执行起飞 水平控制=位置保持 类型掩码=3520 实际位置NED=(0.076,0.221,-0.722) 实际速度=(0.061,-0.010,0.349) 最终目标=(0.076,0.221,-0.722) 指令位置=(0.076,0.221,nan) 指令速度=(0.000,0.000,0.000) 指令加速度=(0.000,0.000,nan) 滚转角=-0.50度 俯仰角=0.97度
11:11:42.536685 [轨迹] 序号=730 单调时间=8717.316527 时间=8717.317 模式=AUTO.LAND 起飞状态=未执行起飞 水平控制=位置保持 类型掩码=3520 实际位置NED=(0.089,0.222,-0.698) 实际速度=(0.081,-0.015,0.349) 最终目标=(0.089,0.222,-0.698) 指令位置=(0.089,0.222,nan) 指令速度=(0.000,0.000,0.000) 指令加速度=(0.000,0.000,nan) 滚转角=-0.37度 俯仰角=0.93度
11:11:42.641623 [轨迹] 序号=731 单调时间=8717.421188 时间=8717.421 模式=AUTO.LAND 起飞状态=未执行起飞 水平控制=位置保持 类型掩码=3520 实际位置NED=(0.096,0.222,-0.687) 实际速度=(0.090,-0.018,0.348) 最终目标=(0.096,0.222,-0.687) 指令位置=(0.096,0.222,nan) 指令速度=(0.000,0.000,0.000) 指令加速度=(0.000,0.000,nan) 滚转角=-0.27度 俯仰角=0.91度
11:11:42.745721 [轨迹] 序号=732 单调时间=8717.525600 时间=8717.526 模式=AUTO.LAND 起飞状态=未执行起飞 水平控制=位置保持 类型掩码=3520 实际位置NED=(0.105,0.221,-0.672) 实际速度=(0.100,-0.024,0.346) 最终目标=(0.105,0.221,-0.672) 指令位置=(0.105,0.221,nan) 指令速度=(0.000,0.000,0.000) 指令加速度=(0.000,0.000,nan) 滚转角=-0.11度 俯仰角=0.87度
11:11:42.849633 [轨迹] 序号=733 单调时间=8717.629486 时间=8717.629 模式=AUTO.LAND 起飞状态=未执行起飞 水平控制=位置保持 类型掩码=3520 实际位置NED=(0.112,0.220,-0.660) 实际速度=(0.107,-0.028,0.345) 最终目标=(0.112,0.220,-0.660) 指令位置=(0.112,0.220,nan) 指令速度=(0.000,0.000,0.000) 指令加速度=(0.000,0.000,nan) 滚转角=0.07度 俯仰角=0.83度
11:11:42.953982 [轨迹] 序号=734 单调时间=8717.733765 时间=8717.734 模式=AUTO.LAND 起飞状态=未执行起飞 水平控制=位置保持 类型掩码=3520 实际位置NED=(0.127,0.216,-0.637) 实际速度=(0.117,-0.039,0.341) 最终目标=(0.127,0.216,-0.637) 指令位置=(0.127,0.216,nan) 指令速度=(0.000,0.000,0.000) 指令加速度=(0.000,0.000,nan) 滚转角=0.33度 俯仰角=0.75度
11:11:43.058000 [轨迹] 序号=735 单调时间=8717.837572 时间=8717.838 模式=AUTO.LAND 起飞状态=未执行起飞 水平控制=位置保持 类型掩码=3520 实际位置NED=(0.137,0.213,-0.622) 实际速度=(0.120,-0.047,0.337) 最终目标=(0.137,0.213,-0.622) 指令位置=(0.137,0.213,nan) 指令速度=(0.000,0.000,0.000) 指令加速度=(0.000,0.000,nan) 滚转角=0.52度 俯仰角=0.68度
11:11:43.161620 [轨迹] 序号=736 单调时间=8717.941688 时间=8717.942 模式=AUTO.LAND 起飞状态=未执行起飞 水平控制=位置保持 类型掩码=3520 实际位置NED=(0.142,0.211,-0.614) 实际速度=(0.121,-0.052,0.335) 最终目标=(0.142,0.211,-0.614) 指令位置=(0.142,0.211,nan) 指令速度=(0.000,0.000,0.000) 指令加速度=(0.000,0.000,nan) 滚转角=0.69度 俯仰角=0.61度
11:11:43.265219 [轨迹] 序号=737 单调时间=8718.045235 时间=8718.045 模式=AUTO.LAND 起飞状态=未执行起飞 水平控制=位置保持 类型掩码=3520 实际位置NED=(0.151,0.206,-0.600) 实际速度=(0.121,-0.060,0.332) 最终目标=(0.151,0.206,-0.600) 指令位置=(0.151,0.206,nan) 指令速度=(0.000,0.000,0.000) 指令加速度=(0.000,0.000,nan) 滚转角=0.81度 俯仰角=0.54度
11:11:43.369620 [轨迹] 序号=738 单调时间=8718.149475 时间=8718.149 模式=AUTO.LAND 起飞状态=未执行起飞 水平控制=位置保持 类型掩码=3520 实际位置NED=(0.157,0.202,-0.589) 实际速度=(0.120,-0.068,0.330) 最终目标=(0.157,0.202,-0.589) 指令位置=(0.157,0.202,nan) 指令速度=(0.000,0.000,0.000) 指令加速度=(0.000,0.000,nan) 滚转角=0.91度 俯仰角=0.48度
11:11:43.473441 [轨迹] 序号=739 单调时间=8718.253339 时间=8718.253 模式=AUTO.LAND 起飞状态=未执行起飞 水平控制=位置保持 类型掩码=3520 实际位置NED=(0.169,0.192,-0.567) 实际速度=(0.114,-0.082,0.325) 最终目标=(0.169,0.192,-0.567) 指令位置=(0.169,0.192,nan) 指令速度=(0.000,0.000,0.000) 指令加速度=(0.000,0.000,nan) 滚转角=1.09度 俯仰角=0.33度
11:11:43.577050 [轨迹] 序号=740 单调时间=8718.356695 时间=8718.357 模式=AUTO.LAND 起飞状态=未执行起飞 水平控制=位置保持 类型掩码=3520 实际位置NED=(0.175,0.187,-0.556) 实际速度=(0.109,-0.089,0.323) 最终目标=(0.175,0.187,-0.556) 指令位置=(0.175,0.187,nan) 指令速度=(0.000,0.000,0.000) 指令加速度=(0.000,0.000,nan) 滚转角=1.17度 俯仰角=0.23度
11:11:43.680721 [轨迹] 序号=741 单调时间=8718.460510 时间=8718.461 模式=AUTO.LAND 起飞状态=未执行起飞 水平控制=位置保持 类型掩码=3520 实际位置NED=(0.180,0.181,-0.546) 实际速度=(0.102,-0.094,0.321) 最终目标=(0.180,0.181,-0.546) 指令位置=(0.180,0.181,nan) 指令速度=(0.000,0.000,0.000) 指令加速度=(0.000,0.000,nan) 滚转角=1.23度 俯仰角=0.15度
11:11:43.784296 [轨迹] 序号=742 单调时间=8718.564189 时间=8718.564 模式=AUTO.LAND 起飞状态=未执行起飞 水平控制=位置保持 类型掩码=3520 实际位置NED=(0.185,0.174,-0.533) 实际速度=(0.094,-0.100,0.318) 最终目标=(0.185,0.174,-0.533) 指令位置=(0.185,0.174,nan) 指令速度=(0.000,0.000,0.000) 指令加速度=(0.000,0.000,nan) 滚转角=1.29度 俯仰角=0.02度
11:11:43.889308 [轨迹] 序号=743 单调时间=8718.669252 时间=8718.669 模式=AUTO.LAND 起飞状态=未执行起飞 水平控制=位置保持 类型掩码=3520 实际位置NED=(0.189,0.169,-0.523) 实际速度=(0.087,-0.104,0.316) 最终目标=(0.189,0.169,-0.523) 指令位置=(0.189,0.169,nan) 指令速度=(0.000,0.000,0.000) 指令加速度=(0.000,0.000,nan) 滚转角=1.32度 俯仰角=-0.11度
11:11:43.992642 [轨迹] 序号=744 单调时间=8718.772524 时间=8718.773 模式=AUTO.LAND 起飞状态=未执行起飞 水平控制=位置保持 类型掩码=3520 实际位置NED=(0.192,0.163,-0.513) 实际速度=(0.079,-0.107,0.315) 最终目标=(0.192,0.163,-0.513) 指令位置=(0.192,0.163,nan) 指令速度=(0.000,0.000,0.000) 指令加速度=(0.000,0.000,nan) 滚转角=1.33度 俯仰角=-0.23度
11:11:44.097004 [轨迹] 序号=745 单调时间=8718.877004 时间=8718.877 模式=AUTO.LAND 起飞状态=未执行起飞 水平控制=位置保持 类型掩码=3520 实际位置NED=(0.198,0.151,-0.492) 实际速度=(0.063,-0.111,0.313) 最终目标=(0.198,0.151,-0.492) 指令位置=(0.198,0.151,nan) 指令速度=(0.000,0.000,0.000) 指令加速度=(0.000,0.000,nan) 滚转角=1.32度 俯仰角=-0.35度
11:11:44.200113 [轨迹] 序号=746 单调时间=8718.980083 时间=8718.980 模式=AUTO.LAND 起飞状态=未执行起飞 水平控制=位置保持 类型掩码=3520 实际位置NED=(0.198,0.151,-0.492) 实际速度=(0.063,-0.111,0.313) 最终目标=(0.198,0.151,-0.492) 指令位置=(0.198,0.151,nan) 指令速度=(0.000,0.000,0.000) 指令加速度=(0.000,0.000,nan) 滚转角=1.30度 俯仰角=-0.44度
11:11:44.306828 [轨迹] 序号=747 单调时间=8719.085452 时间=8719.085 模式=AUTO.LAND 起飞状态=未执行起飞 水平控制=位置保持 类型掩码=3520 实际位置NED=(0.203,0.137,-0.469) 实际速度=(0.044,-0.115,0.311) 最终目标=(0.203,0.137,-0.469) 指令位置=(0.203,0.137,nan) 指令速度=(0.000,0.000,0.000) 指令加速度=(0.000,0.000,nan) 滚转角=1.26度 俯仰角=-0.56度
11:11:44.407930 [轨迹] 序号=748 单调时间=8719.187741 时间=8719.188 模式=AUTO.LAND 起飞状态=未执行起飞 水平控制=位置保持 类型掩码=3520 实际位置NED=(0.204,0.131,-0.459) 实际速度=(0.035,-0.116,0.311) 最终目标=(0.204,0.131,-0.459) 指令位置=(0.204,0.131,nan) 指令速度=(0.000,0.000,0.000) 指令加速度=(0.000,0.000,nan) 滚转角=1.21度 俯仰角=-0.65度
11:11:44.511717 [轨迹] 序号=749 单调时间=8719.291658 时间=8719.292 模式=AUTO.LAND 起飞状态=未执行起飞 水平控制=位置保持 类型掩码=3520 实际位置NED=(0.205,0.125,-0.449) 实际速度=(0.026,-0.118,0.310) 最终目标=(0.205,0.125,-0.449) 指令位置=(0.205,0.125,nan) 指令速度=(0.000,0.000,0.000) 指令加速度=(0.000,0.000,nan) 滚转角=1.16度 俯仰角=-0.74度
11:11:44.615260 [轨迹] 序号=750 单调时间=8719.395289 时间=8719.395 模式=AUTO.LAND 起飞状态=未执行起飞 水平控制=位置保持 类型掩码=3520 实际位置NED=(0.205,0.118,-0.438) 实际速度=(0.019,-0.118,0.309) 最终目标=(0.205,0.118,-0.438) 指令位置=(0.205,0.118,nan) 指令速度=(0.000,0.000,0.000) 指令加速度=(0.000,0.000,nan) 滚转角=1.09度 俯仰角=-0.83度
11:11:44.718978 [轨迹] 序号=751 单调时间=8719.498828 时间=8719.499 模式=AUTO.LAND 起飞状态=未执行起飞 水平控制=位置保持 类型掩码=3520 实际位置NED=(0.206,0.112,-0.428) 实际速度=(0.014,-0.119,0.308) 最终目标=(0.206,0.112,-0.428) 指令位置=(0.206,0.112,nan) 指令速度=(0.000,0.000,0.000) 指令加速度=(0.000,0.000,nan) 滚转角=1.03度 俯仰角=-0.89度
11:11:44.823434 [轨迹] 序号=752 单调时间=8719.603185 时间=8719.603 模式=AUTO.LAND 起飞状态=未执行起飞 水平控制=位置保持 类型掩码=3520 实际位置NED=(0.209,0.097,-0.405) 实际速度=(0.009,-0.118,0.307) 最终目标=(0.209,0.097,-0.405) 指令位置=(0.209,0.097,nan) 指令速度=(0.000,0.000,0.000) 指令加速度=(0.000,0.000,nan) 滚转角=0.93度 俯仰角=-0.99度
11:11:44.927268 [轨迹] 序号=753 单调时间=8719.707211 时间=8719.707 模式=AUTO.LAND 起飞状态=未执行起飞 水平控制=位置保持 类型掩码=3520 实际位置NED=(0.210,0.091,-0.395) 实际速度=(0.008,-0.116,0.306) 最终目标=(0.210,0.091,-0.395) 指令位置=(0.210,0.091,nan) 指令速度=(0.000,0.000,0.000) 指令加速度=(0.000,0.000,nan) 滚转角=0.87度 俯仰角=-1.07度
11:11:45.030802 [轨迹] 序号=754 单调时间=8719.810760 时间=8719.811 模式=AUTO.LAND 起飞状态=未执行起飞 水平控制=位置保持 类型掩码=3520 实际位置NED=(0.211,0.084,-0.385) 实际速度=(0.006,-0.114,0.305) 最终目标=(0.211,0.084,-0.385) 指令位置=(0.211,0.084,nan) 指令速度=(0.000,0.000,0.000) 指令加速度=(0.000,0.000,nan) 滚转角=0.80度 俯仰角=-1.09度
11:11:45.134259 [轨迹] 序号=755 单调时间=8719.914041 时间=8719.914 模式=AUTO.LAND 起飞状态=未执行起飞 水平控制=位置保持 类型掩码=3520 实际位置NED=(0.213,0.077,-0.377) 实际速度=(0.097,-0.172,0.112) 最终目标=(0.213,0.077,-0.377) 指令位置=(0.213,0.077,nan) 指令速度=(0.000,0.000,0.000) 指令加速度=(0.000,0.000,nan) 滚转角=0.41度 俯仰角=-0.51度
11:11:45.237463 [轨迹] 序号=756 单调时间=8720.017371 时间=8720.017 模式=AUTO.LAND 起飞状态=未执行起飞 水平控制=位置保持 类型掩码=3520 实际位置NED=(0.217,0.070,-0.374) 实际速度=(0.073,-0.174,0.066) 最终目标=(0.217,0.070,-0.374) 指令位置=(0.217,0.070,nan) 指令速度=(0.000,0.000,0.000) 指令加速度=(0.000,0.000,nan) 滚转角=0.03度 俯仰角=0.47度
11:11:45.341036 [轨迹] 序号=757 单调时间=8720.120868 时间=8720.121 模式=AUTO.LAND 起飞状态=未执行起飞 水平控制=位置保持 类型掩码=3520 实际位置NED=(0.222,0.055,-0.374) 实际速度=(0.054,-0.096,0.019) 最终目标=(0.222,0.055,-0.374) 指令位置=(0.222,0.055,nan) 指令速度=(0.000,0.000,0.000) 指令加速度=(0.000,0.000,nan) 滚转角=0.13度 俯仰角=0.31度
11:11:45.443647 [轨迹] 序号=758 单调时间=8720.223535 时间=8720.224 模式=AUTO.LAND 起飞状态=未执行起飞 水平控制=位置保持 类型掩码=3520 实际位置NED=(0.225,0.051,-0.375) 实际速度=(0.045,-0.054,0.006) 最终目标=(0.225,0.051,-0.375) 指令位置=(0.225,0.051,nan) 指令速度=(0.000,0.000,0.000) 指令加速度=(0.000,0.000,nan) 滚转角=-0.05度 俯仰角=0.22度
11:11:45.548535 [轨迹] 序号=759 单调时间=8720.328509 时间=8720.329 模式=AUTO.LAND 起飞状态=未执行起飞 水平控制=位置保持 类型掩码=3520 实际位置NED=(0.228,0.048,-0.376) 实际速度=(0.044,-0.054,0.008) 最终目标=(0.228,0.048,-0.376) 指令位置=(0.228,0.048,nan) 指令速度=(0.000,0.000,0.000) 指令加速度=(0.000,0.000,nan) 滚转角=-0.06度 俯仰角=0.21度
11:11:45.652494 [轨迹] 序号=760 单调时间=8720.432524 时间=8720.433 模式=AUTO.LAND 起飞状态=未执行起飞 水平控制=位置保持 类型掩码=3520 实际位置NED=(0.231,0.045,-0.377) 实际速度=(0.048,-0.054,0.006) 最终目标=(0.231,0.045,-0.377) 指令位置=(0.231,0.045,nan) 指令速度=(0.000,0.000,0.000) 指令加速度=(0.000,0.000,nan) 滚转角=-0.07度 俯仰角=0.21度
11:11:45.755388 [轨迹] 序号=761 单调时间=8720.535354 时间=8720.535 模式=AUTO.LAND 起飞状态=未执行起飞 水平控制=位置保持 类型掩码=3520 实际位置NED=(0.233,0.042,-0.377) 实际速度=(0.051,-0.053,0.005) 最终目标=(0.233,0.042,-0.377) 指令位置=(0.233,0.042,nan) 指令速度=(0.000,0.000,0.000) 指令加速度=(0.000,0.000,nan) 滚转角=-0.08度 俯仰角=0.20度
11:11:45.858931 [轨迹] 序号=762 单调时间=8720.638695 时间=8720.639 模式=AUTO.LAND 起飞状态=未执行起飞 水平控制=位置保持 类型掩码=3520 实际位置NED=(0.238,0.037,-0.381) 实际速度=(0.052,-0.047,-0.000) 最终目标=(0.238,0.037,-0.381) 指令位置=(0.238,0.037,nan) 指令速度=(0.000,0.000,0.000) 指令加速度=(0.000,0.000,nan) 滚转角=-0.07度 俯仰角=0.18度
11:11:45.960961 [轨迹] 序号=763 单调时间=8720.740895 时间=8720.741 模式=AUTO.LAND 起飞状态=未执行起飞 水平控制=位置保持 类型掩码=3520 实际位置NED=(0.239,0.035,-0.383) 实际速度=(0.050,-0.043,-0.003) 最终目标=(0.239,0.035,-0.383) 指令位置=(0.239,0.035,nan) 指令速度=(0.000,0.000,0.000) 指令加速度=(0.000,0.000,nan) 滚转角=-0.06度 俯仰角=0.16度
11:11:46.064541 [轨迹] 序号=764 单调时间=8720.844213 时间=8720.844 模式=AUTO.LAND 起飞状态=未执行起飞 水平控制=位置保持 类型掩码=3520 实际位置NED=(0.240,0.034,-0.384) 实际速度=(0.047,-0.039,-0.005) 最终目标=(0.240,0.034,-0.384) 指令位置=(0.240,0.034,nan) 指令速度=(0.000,0.000,0.000) 指令加速度=(0.000,0.000,nan) 滚转角=-0.05度 俯仰角=0.15度
11:11:46.167649 [轨迹] 序号=765 单调时间=8720.947660 时间=8720.948 模式=AUTO.LAND 起飞状态=未执行起飞 水平控制=位置保持 类型掩码=3520 实际位置NED=(0.241,0.033,-0.386) 实际速度=(0.044,-0.036,-0.006) 最终目标=(0.241,0.033,-0.386) 指令位置=(0.241,0.033,nan) 指令速度=(0.000,0.000,0.000) 指令加速度=(0.000,0.000,nan) 滚转角=-0.03度 俯仰角=0.13度
11:11:46.271531 [轨迹] 序号=766 单调时间=8721.051604 时间=8721.052 模式=AUTO.LAND 起飞状态=未执行起飞 水平控制=位置保持 类型掩码=3520 实际位置NED=(0.241,0.032,-0.388) 实际速度=(0.039,-0.029,-0.009) 最终目标=(0.241,0.032,-0.388) 指令位置=(0.241,0.032,nan) 指令速度=(0.000,0.000,0.000) 指令加速度=(0.000,0.000,nan) 滚转角=-0.01度 俯仰角=0.12度
11:11:46.374850 [轨迹] 序号=767 单调时间=8721.154731 时间=8721.155 模式=AUTO.LAND 起飞状态=未执行起飞 水平控制=位置保持 类型掩码=3520 实际位置NED=(0.241,0.032,-0.389) 实际速度=(0.035,-0.025,-0.009) 最终目标=(0.241,0.032,-0.389) 指令位置=(0.241,0.032,nan) 指令速度=(0.000,0.000,0.000) 指令加速度=(0.000,0.000,nan) 滚转角=0.01度 俯仰角=0.10度
11:11:46.478046 [轨迹] 序号=768 单调时间=8721.257904 时间=8721.258 模式=AUTO.LAND 起飞状态=未执行起飞 水平控制=位置保持 类型掩码=3520 实际位置NED=(0.241,0.032,-0.390) 实际速度=(0.032,-0.023,-0.010) 最终目标=(0.241,0.032,-0.390) 指令位置=(0.241,0.032,nan) 指令速度=(0.000,0.000,0.000) 指令加速度=(0.000,0.000,nan) 滚转角=0.02度 俯仰角=0.09度
11:11:46.581483 [轨迹] 序号=769 单调时间=8721.361574 时间=8721.362 模式=AUTO.LAND 起飞状态=未执行起飞 水平控制=位置保持 类型掩码=3520 实际位置NED=(0.241,0.032,-0.392) 实际速度=(0.027,-0.018,-0.011) 最终目标=(0.241,0.032,-0.392) 指令位置=(0.241,0.032,nan) 指令速度=(0.000,0.000,0.000) 指令加速度=(0.000,0.000,nan) 滚转角=0.04度 俯仰角=0.08度
11:11:46.684863 [轨迹] 序号=770 单调时间=8721.464835 时间=8721.465 模式=AUTO.LAND 起飞状态=未执行起飞 水平控制=位置保持 类型掩码=3520 实际位置NED=(0.241,0.032,-0.392) 实际速度=(0.027,-0.018,-0.011) 最终目标=(0.241,0.032,-0.392) 指令位置=(0.241,0.032,nan) 指令速度=(0.000,0.000,0.000) 指令加速度=(0.000,0.000,nan) 滚转角=0.05度 俯仰角=0.08度
11:11:46.788211 [轨迹] 序号=771 单调时间=8721.567976 时间=8721.568 模式=AUTO.LAND 起飞状态=未执行起飞 水平控制=位置保持 类型掩码=3520 实际位置NED=(0.240,0.033,-0.392) 实际速度=(0.025,-0.016,-0.011) 最终目标=(0.240,0.033,-0.392) 指令位置=(0.240,0.033,nan) 指令速度=(0.000,0.000,0.000) 指令加速度=(0.000,0.000,nan) 滚转角=0.05度 俯仰角=0.07度
11:11:46.892770 [轨迹] 序号=772 单调时间=8721.672637 时间=8721.673 模式=AUTO.LAND 起飞状态=未执行起飞 水平控制=位置保持 类型掩码=3520 实际位置NED=(0.239,0.034,-0.394) 实际速度=(0.020,-0.012,-0.011) 最终目标=(0.239,0.034,-0.394) 指令位置=(0.239,0.034,nan) 指令速度=(0.000,0.000,0.000) 指令加速度=(0.000,0.000,nan) 滚转角=0.06度 俯仰角=0.07度
11:11:46.996608 [轨迹] 序号=773 单调时间=8721.775872 时间=8721.776 模式=AUTO.LAND 起飞状态=未执行起飞 水平控制=位置保持 类型掩码=3520 实际位置NED=(0.238,0.034,-0.394) 实际速度=(0.018,-0.011,-0.011) 最终目标=(0.238,0.034,-0.394) 指令位置=(0.238,0.034,nan) 指令速度=(0.000,0.000,0.000) 指令加速度=(0.000,0.000,nan) 滚转角=0.07度 俯仰角=0.07度
11:11:47.100478 [轨迹] 序号=774 单调时间=8721.880052 时间=8721.880 模式=AUTO.LAND 起飞状态=未执行起飞 水平控制=位置保持 类型掩码=3520 实际位置NED=(0.238,0.035,-0.394) 实际速度=(0.016,-0.009,-0.011) 最终目标=(0.238,0.035,-0.394) 指令位置=(0.238,0.035,nan) 指令速度=(0.000,0.000,0.000) 指令加速度=(0.000,0.000,nan) 滚转角=0.07度 俯仰角=0.07度
11:11:47.204149 [轨迹] 序号=775 单调时间=8721.983971 时间=8721.984 模式=AUTO.LAND 起飞状态=未执行起飞 水平控制=位置保持 类型掩码=3520 实际位置NED=(0.237,0.035,-0.395) 实际速度=(0.014,-0.008,-0.010) 最终目标=(0.237,0.035,-0.395) 指令位置=(0.237,0.035,nan) 指令速度=(0.000,0.000,0.000) 指令加速度=(0.000,0.000,nan) 滚转角=0.08度 俯仰角=0.07度
11:11:47.309152 [轨迹] 序号=776 单调时间=8722.088910 时间=8722.089 模式=AUTO.LAND 起飞状态=未执行起飞 水平控制=位置保持 类型掩码=3520 实际位置NED=(0.236,0.035,-0.395) 实际速度=(0.013,-0.007,-0.010) 最终目标=(0.236,0.035,-0.395) 指令位置=(0.236,0.035,nan) 指令速度=(0.000,0.000,0.000) 指令加速度=(0.000,0.000,nan) 滚转角=0.08度 俯仰角=0.07度
11:11:47.411310 [轨迹] 序号=777 单调时间=8722.190891 时间=8722.191 模式=AUTO.LAND 起飞状态=未执行起飞 水平控制=位置保持 类型掩码=3520 实际位置NED=(0.235,0.036,-0.395) 实际速度=(0.011,-0.006,-0.010) 最终目标=(0.235,0.036,-0.395) 指令位置=(0.235,0.036,nan) 指令速度=(0.000,0.000,0.000) 指令加速度=(0.000,0.000,nan) 滚转角=0.08度 俯仰角=0.07度
11:11:47.515799 [轨迹] 序号=778 单调时间=8722.295136 时间=8722.295 模式=AUTO.LAND 起飞状态=未执行起飞 水平控制=位置保持 类型掩码=3520 实际位置NED=(0.234,0.037,-0.395) 实际速度=(0.010,-0.005,-0.010) 最终目标=(0.234,0.037,-0.395) 指令位置=(0.234,0.037,nan) 指令速度=(0.000,0.000,0.000) 指令加速度=(0.000,0.000,nan) 滚转角=0.08度 俯仰角=0.07度
11:11:47.619413 [轨迹] 序号=779 单调时间=8722.399221 时间=8722.399 模式=AUTO.LAND 起飞状态=未执行起飞 水平控制=位置保持 类型掩码=3520 实际位置NED=(0.234,0.037,-0.395) 实际速度=(0.009,-0.004,-0.009) 最终目标=(0.234,0.037,-0.395) 指令位置=(0.234,0.037,nan) 指令速度=(0.000,0.000,0.000) 指令加速度=(0.000,0.000,nan) 滚转角=0.08度 俯仰角=0.07度
11:11:47.722707 [轨迹] 序号=780 单调时间=8722.502494 时间=8722.502 模式=AUTO.LAND 起飞状态=未执行起飞 水平控制=位置保持 类型掩码=3520 实际位置NED=(0.232,0.038,-0.395) 实际速度=(0.007,-0.003,-0.009) 最终目标=(0.232,0.038,-0.395) 指令位置=(0.232,0.038,nan) 指令速度=(0.000,0.000,0.000) 指令加速度=(0.000,0.000,nan) 滚转角=0.08度 俯仰角=0.07度
11:11:47.826589 [轨迹] 序号=781 单调时间=8722.606365 时间=8722.606 模式=AUTO.LAND 起飞状态=未执行起飞 水平控制=位置保持 类型掩码=3520 实际位置NED=(0.232,0.038,-0.395) 实际速度=(0.006,-0.002,-0.008) 最终目标=(0.232,0.038,-0.395) 指令位置=(0.232,0.038,nan) 指令速度=(0.000,0.000,0.000) 指令加速度=(0.000,0.000,nan) 滚转角=0.08度 俯仰角=0.07度
11:11:47.928048 [轨迹] 序号=782 单调时间=8722.707822 时间=8722.708 模式=AUTO.LAND 起飞状态=未执行起飞 水平控制=位置保持 类型掩码=3520 实际位置NED=(0.231,0.038,-0.395) 实际速度=(0.006,-0.002,-0.008) 最终目标=(0.231,0.038,-0.395) 指令位置=(0.231,0.038,nan) 指令速度=(0.000,0.000,0.000) 指令加速度=(0.000,0.000,nan) 滚转角=0.08度 俯仰角=0.07度
11:11:48.031705 [轨迹] 序号=783 单调时间=8722.811417 时间=8722.811 模式=AUTO.LAND 起飞状态=未执行起飞 水平控制=位置保持 类型掩码=3520 实际位置NED=(0.230,0.039,-0.395) 实际速度=(0.005,-0.001,-0.007) 最终目标=(0.230,0.039,-0.395) 指令位置=(0.230,0.039,nan) 指令速度=(0.000,0.000,0.000) 指令加速度=(0.000,0.000,nan) 滚转角=0.08度 俯仰角=0.07度
11:11:48.132835 [轨迹] 序号=784 单调时间=8722.912796 时间=8722.913 模式=AUTO.LAND 起飞状态=未执行起飞 水平控制=位置保持 类型掩码=3520 实际位置NED=(0.230,0.039,-0.394) 实际速度=(0.004,-0.001,-0.007) 最终目标=(0.230,0.039,-0.394) 指令位置=(0.230,0.039,nan) 指令速度=(0.000,0.000,0.000) 指令加速度=(0.000,0.000,nan) 滚转角=0.08度 俯仰角=0.07度
11:11:48.236405 [轨迹] 序号=785 单调时间=8723.016403 时间=8723.016 模式=AUTO.LAND 起飞状态=未执行起飞 水平控制=位置保持 类型掩码=3520 实际位置NED=(0.229,0.039,-0.394) 实际速度=(0.004,-0.001,-0.006) 最终目标=(0.229,0.039,-0.394) 指令位置=(0.229,0.039,nan) 指令速度=(0.000,0.000,0.000) 指令加速度=(0.000,0.000,nan) 滚转角=0.08度 俯仰角=0.07度
11:11:48.339771 [轨迹] 序号=786 单调时间=8723.119347 时间=8723.119 模式=AUTO.LAND 起飞状态=未执行起飞 水平控制=位置保持 类型掩码=3520 实际位置NED=(0.228,0.040,-0.394) 实际速度=(0.003,-0.000,-0.006) 最终目标=(0.228,0.040,-0.394) 指令位置=(0.228,0.040,nan) 指令速度=(0.000,0.000,0.000) 指令加速度=(0.000,0.000,nan) 滚转角=0.08度 俯仰角=0.07度
11:11:48.448215 [轨迹] 序号=787 单调时间=8723.223620 时间=8723.224 模式=AUTO.LAND 起飞状态=未执行起飞 水平控制=位置保持 类型掩码=3520 实际位置NED=(0.228,0.040,-0.393) 实际速度=(0.003,-0.000,-0.005) 最终目标=(0.228,0.040,-0.393) 指令位置=(0.228,0.040,nan) 指令速度=(0.000,0.000,0.000) 指令加速度=(0.000,0.000,nan) 滚转角=0.08度 俯仰角=0.07度
11:11:48.548314 [轨迹] 序号=788 单调时间=8723.328203 时间=8723.328 模式=AUTO.LAND 起飞状态=未执行起飞 水平控制=位置保持 类型掩码=3520 实际位置NED=(0.227,0.040,-0.393) 实际速度=(0.002,0.000,-0.005) 最终目标=(0.227,0.040,-0.393) 指令位置=(0.227,0.040,nan) 指令速度=(0.000,0.000,0.000) 指令加速度=(0.000,0.000,nan) 滚转角=0.08度 俯仰角=0.07度
11:11:48.652077 [轨迹] 序号=789 单调时间=8723.431902 时间=8723.432 模式=AUTO.LAND 起飞状态=未执行起飞 水平控制=位置保持 类型掩码=3520 实际位置NED=(0.227,0.040,-0.393) 实际速度=(0.002,0.000,-0.005) 最终目标=(0.227,0.040,-0.393) 指令位置=(0.227,0.040,nan) 指令速度=(0.000,0.000,0.000) 指令加速度=(0.000,0.000,nan) 滚转角=0.08度 俯仰角=0.07度
11:11:48.755153 [轨迹] 序号=790 单调时间=8723.535145 时间=8723.535 模式=AUTO.LAND 起飞状态=未执行起飞 水平控制=位置保持 类型掩码=3520 实际位置NED=(0.226,0.040,-0.393) 实际速度=(0.002,0.000,-0.004) 最终目标=(0.226,0.040,-0.393) 指令位置=(0.226,0.040,nan) 指令速度=(0.000,0.000,0.000) 指令加速度=(0.000,0.000,nan) 滚转角=0.08度 俯仰角=0.07度
11:11:48.858329 [轨迹] 序号=791 单调时间=8723.638419 时间=8723.638 模式=AUTO.LAND 起飞状态=未执行起飞 水平控制=位置保持 类型掩码=3520 实际位置NED=(0.226,0.041,-0.392) 实际速度=(0.001,0.000,-0.004) 最终目标=(0.226,0.041,-0.392) 指令位置=(0.226,0.041,nan) 指令速度=(0.000,0.000,0.000) 指令加速度=(0.000,0.000,nan) 滚转角=0.08度 俯仰角=0.07度
11:11:48.961530 [轨迹] 序号=792 单调时间=8723.741388 时间=8723.741 模式=AUTO.LAND 起飞状态=未执行起飞 水平控制=位置保持 类型掩码=3520 实际位置NED=(0.226,0.041,-0.392) 实际速度=(0.001,0.001,-0.003) 最终目标=(0.226,0.041,-0.392) 指令位置=(0.226,0.041,nan) 指令速度=(0.000,0.000,0.000) 指令加速度=(0.000,0.000,nan) 滚转角=0.08度 俯仰角=0.07度
11:11:49.065236 [轨迹] 序号=793 单调时间=8723.845101 时间=8723.845 模式=AUTO.LAND 起飞状态=未执行起飞 水平控制=位置保持 类型掩码=3520 实际位置NED=(0.225,0.041,-0.391) 实际速度=(0.001,0.001,-0.003) 最终目标=(0.225,0.041,-0.391) 指令位置=(0.225,0.041,nan) 指令速度=(0.000,0.000,0.000) 指令加速度=(0.000,0.000,nan) 滚转角=0.08度 俯仰角=0.07度
11:11:49.168682 [轨迹] 序号=794 单调时间=8723.948560 时间=8723.949 模式=AUTO.LAND 起飞状态=未执行起飞 水平控制=位置保持 类型掩码=3520 实际位置NED=(0.225,0.041,-0.391) 实际速度=(0.001,0.000,-0.003) 最终目标=(0.225,0.041,-0.391) 指令位置=(0.225,0.041,nan) 指令速度=(0.000,0.000,0.000) 指令加速度=(0.000,0.000,nan) 滚转角=0.08度 俯仰角=0.07度
11:11:49.271587 [轨迹] 序号=795 单调时间=8724.051632 时间=8724.052 模式=AUTO.LAND 起飞状态=未执行起飞 水平控制=位置保持 类型掩码=3520 实际位置NED=(0.225,0.041,-0.390) 实际速度=(0.001,0.001,-0.002) 最终目标=(0.225,0.041,-0.390) 指令位置=(0.225,0.041,nan) 指令速度=(0.000,0.000,0.000) 指令加速度=(0.000,0.000,nan) 滚转角=0.08度 俯仰角=0.07度
11:11:49.374771 [轨迹] 序号=796 单调时间=8724.154500 时间=8724.154 模式=AUTO.LAND 起飞状态=未执行起飞 水平控制=位置保持 类型掩码=3520 实际位置NED=(0.225,0.041,-0.390) 实际速度=(0.001,0.001,-0.001) 最终目标=(0.225,0.041,-0.390) 指令位置=(0.225,0.041,nan) 指令速度=(0.000,0.000,0.000) 指令加速度=(0.000,0.000,nan) 滚转角=0.08度 俯仰角=0.07度
11:11:49.477550 [轨迹] 序号=797 单调时间=8724.257663 时间=8724.258 模式=AUTO.LAND 起飞状态=未执行起飞 水平控制=位置保持 类型掩码=3520 实际位置NED=(0.225,0.041,-0.390) 实际速度=(0.001,0.001,-0.001) 最终目标=(0.225,0.041,-0.390) 指令位置=(0.225,0.041,nan) 指令速度=(0.000,0.000,0.000) 指令加速度=(0.000,0.000,nan) 滚转角=0.08度 俯仰角=0.07度
