09:03:28 [激光测距] 已通过 MyLink MAVLink 收到四路距离数据
09:03:28 [电机输出] 已通过 MyLink MAVLink 收到四路电机PWM数据
09:03:29 [贴顶流程] 待机
09:03:30 [成功] PX4已连接：udp:127.0.0.1:14540 系统ID=1 组件ID=1
09:03:30 [成功] 已保存UDP地址：udp:127.0.0.1:14540
09:03:30 [成功] 本地NED坐标原点=(0.01718389242887497, 0.009929576888680458, -0.14103442430496216)；已启动10 Hz本地位置数据流
09:03:30.653535 [轨迹] 序号=1 单调时间=1841.672864 时间=1841.673 模式=AUTO.LOITER 起飞状态=未执行起飞 水平控制=位置保持 类型掩码=3520 实际位置NED=(0.017,0.010,-0.141) 实际速度=(0.004,0.002,-0.019) 最终目标=(0.017,0.010,-0.141) 指令位置=(0.017,0.010,-0.141) 指令速度=(0.000,0.000,0.000) 指令加速度=(0.000,0.000,0.000) 滚转角=-0.07度 俯仰角=0.11度
09:03:30.756701 [轨迹] 序号=2 单调时间=1841.775962 时间=1841.776 模式=AUTO.LOITER 起飞状态=未执行起飞 水平控制=位置保持 类型掩码=3520 实际位置NED=(0.017,0.010,-0.141) 实际速度=(0.004,0.002,-0.018) 最终目标=(0.017,0.010,-0.141) 指令位置=(0.017,0.010,-0.141) 指令速度=(0.000,0.000,0.000) 指令加速度=(0.000,0.000,0.000) 滚转角=-0.07度 俯仰角=0.11度
09:03:30.860577 [轨迹] 序号=3 单调时间=1841.879542 时间=1841.880 模式=AUTO.LOITER 起飞状态=未执行起飞 水平控制=位置保持 类型掩码=3520 实际位置NED=(0.017,0.010,-0.141) 实际速度=(0.003,0.002,-0.018) 最终目标=(0.017,0.010,-0.141) 指令位置=(0.017,0.010,-0.141) 指令速度=(0.000,0.000,0.000) 指令加速度=(0.000,0.000,0.000) 滚转角=-0.07度 俯仰角=0.11度
09:03:30.963573 [轨迹] 序号=4 单调时间=1841.982872 时间=1841.983 模式=AUTO.LOITER 起飞状态=未执行起飞 水平控制=位置保持 类型掩码=3520 实际位置NED=(0.016,0.010,-0.141) 实际速度=(0.003,0.002,-0.018) 最终目标=(0.016,0.010,-0.141) 指令位置=(0.016,0.010,-0.141) 指令速度=(0.000,0.000,0.000) 指令加速度=(0.000,0.000,0.000) 滚转角=-0.07度 俯仰角=0.11度
09:03:31.067212 [轨迹] 序号=5 单调时间=1842.086321 时间=1842.086 模式=AUTO.LOITER 起飞状态=未执行起飞 水平控制=位置保持 类型掩码=3520 实际位置NED=(0.016,0.010,-0.141) 实际速度=(0.003,0.002,-0.018) 最终目标=(0.016,0.010,-0.141) 指令位置=(0.016,0.010,-0.141) 指令速度=(0.000,0.000,0.000) 指令加速度=(0.000,0.000,0.000) 滚转角=-0.07度 俯仰角=0.11度
09:03:31.170937 [轨迹] 序号=6 单调时间=1842.190372 时间=1842.190 模式=AUTO.LOITER 起飞状态=未执行起飞 水平控制=位置保持 类型掩码=3520 实际位置NED=(0.016,0.010,-0.140) 实际速度=(0.003,0.002,-0.017) 最终目标=(0.016,0.010,-0.140) 指令位置=(0.016,0.010,-0.140) 指令速度=(0.000,0.000,0.000) 指令加速度=(0.000,0.000,0.000) 滚转角=-0.07度 俯仰角=0.11度
09:03:31.275414 [轨迹] 序号=7 单调时间=1842.294318 时间=1842.294 模式=AUTO.LOITER 起飞状态=未执行起飞 水平控制=位置保持 类型掩码=3520 实际位置NED=(0.016,0.010,-0.140) 实际速度=(0.003,0.002,-0.017) 最终目标=(0.016,0.010,-0.140) 指令位置=(0.016,0.010,-0.140) 指令速度=(0.000,0.000,0.000) 指令加速度=(0.000,0.000,0.000) 滚转角=-0.07度 俯仰角=0.11度
09:03:31.378461 [轨迹] 序号=8 单调时间=1842.397857 时间=1842.398 模式=AUTO.LOITER 起飞状态=未执行起飞 水平控制=位置保持 类型掩码=3520 实际位置NED=(0.015,0.011,-0.140) 实际速度=(0.003,0.002,-0.017) 最终目标=(0.015,0.011,-0.140) 指令位置=(0.015,0.011,-0.140) 指令速度=(0.000,0.000,0.000) 指令加速度=(0.000,0.000,0.000) 滚转角=-0.07度 俯仰角=0.11度
09:03:31.481476 [轨迹] 序号=9 单调时间=1842.500851 时间=1842.501 模式=AUTO.LOITER 起飞状态=未执行起飞 水平控制=位置保持 类型掩码=3520 实际位置NED=(0.015,0.011,-0.140) 实际速度=(0.003,0.002,-0.016) 最终目标=(0.015,0.011,-0.140) 指令位置=(0.015,0.011,-0.140) 指令速度=(0.000,0.000,0.000) 指令加速度=(0.000,0.000,0.000) 滚转角=-0.07度 俯仰角=0.11度
09:03:31.584548 [轨迹] 序号=10 单调时间=1842.603972 时间=1842.604 模式=AUTO.LOITER 起飞状态=未执行起飞 水平控制=位置保持 类型掩码=3520 实际位置NED=(0.015,0.011,-0.140) 实际速度=(0.003,0.002,-0.016) 最终目标=(0.015,0.011,-0.140) 指令位置=(0.015,0.011,-0.140) 指令速度=(0.000,0.000,0.000) 指令加速度=(0.000,0.000,0.000) 滚转角=-0.07度 俯仰角=0.11度
09:03:31.688907 [轨迹] 序号=11 单调时间=1842.708187 时间=1842.708 模式=AUTO.LOITER 起飞状态=未执行起飞 水平控制=位置保持 类型掩码=3520 实际位置NED=(0.014,0.011,-0.140) 实际速度=(0.003,0.002,-0.016) 最终目标=(0.014,0.011,-0.140) 指令位置=(0.014,0.011,-0.140) 指令速度=(0.000,0.000,0.000) 指令加速度=(0.000,0.000,0.000) 滚转角=-0.07度 俯仰角=0.11度
09:03:31.791850 [轨迹] 序号=12 单调时间=1842.811220 时间=1842.811 模式=AUTO.LOITER 起飞状态=未执行起飞 水平控制=位置保持 类型掩码=3520 实际位置NED=(0.014,0.011,-0.140) 实际速度=(0.003,0.002,-0.016) 最终目标=(0.014,0.011,-0.140) 指令位置=(0.014,0.011,-0.140) 指令速度=(0.000,0.000,0.000) 指令加速度=(0.000,0.000,0.000) 滚转角=-0.07度 俯仰角=0.11度
09:03:31.895841 [轨迹] 序号=13 单调时间=1842.915049 时间=1842.915 模式=AUTO.LOITER 起飞状态=未执行起飞 水平控制=位置保持 类型掩码=3520 实际位置NED=(0.014,0.011,-0.140) 实际速度=(0.003,0.002,-0.015) 最终目标=(0.014,0.011,-0.140) 指令位置=(0.014,0.011,-0.140) 指令速度=(0.000,0.000,0.000) 指令加速度=(0.000,0.000,0.000) 滚转角=-0.07度 俯仰角=0.11度
09:03:31.998809 [轨迹] 序号=14 单调时间=1843.018302 时间=1843.018 模式=AUTO.LOITER 起飞状态=未执行起飞 水平控制=位置保持 类型掩码=3520 实际位置NED=(0.013,0.011,-0.140) 实际速度=(0.003,0.002,-0.015) 最终目标=(0.013,0.011,-0.140) 指令位置=(0.013,0.011,-0.140) 指令速度=(0.000,0.000,0.000) 指令加速度=(0.000,0.000,0.000) 滚转角=-0.07度 俯仰角=0.11度
09:03:32.101894 [轨迹] 序号=15 单调时间=1843.121314 时间=1843.121 模式=AUTO.LOITER 起飞状态=未执行起飞 水平控制=位置保持 类型掩码=3520 实际位置NED=(0.013,0.011,-0.140) 实际速度=(0.003,0.002,-0.015) 最终目标=(0.013,0.011,-0.140) 指令位置=(0.013,0.011,-0.140) 指令速度=(0.000,0.000,0.000) 指令加速度=(0.000,0.000,0.000) 滚转角=-0.07度 俯仰角=0.11度
09:03:32.204846 [轨迹] 序号=16 单调时间=1843.224292 时间=1843.224 模式=AUTO.LOITER 起飞状态=未执行起飞 水平控制=位置保持 类型掩码=3520 实际位置NED=(0.013,0.011,-0.140) 实际速度=(0.003,0.002,-0.015) 最终目标=(0.013,0.011,-0.140) 指令位置=(0.013,0.011,-0.140) 指令速度=(0.000,0.000,0.000) 指令加速度=(0.000,0.000,0.000) 滚转角=-0.07度 俯仰角=0.11度
09:03:32.307935 [轨迹] 序号=17 单调时间=1843.327306 时间=1843.327 模式=AUTO.LOITER 起飞状态=未执行起飞 水平控制=位置保持 类型掩码=3520 实际位置NED=(0.012,0.012,-0.140) 实际速度=(0.002,0.002,-0.015) 最终目标=(0.012,0.012,-0.140) 指令位置=(0.012,0.012,-0.140) 指令速度=(0.000,0.000,0.000) 指令加速度=(0.000,0.000,0.000) 滚转角=-0.07度 俯仰角=0.11度
09:03:32.411271 [轨迹] 序号=18 单调时间=1843.430513 时间=1843.431 模式=AUTO.LOITER 起飞状态=未执行起飞 水平控制=位置保持 类型掩码=3520 实际位置NED=(0.012,0.012,-0.140) 实际速度=(0.002,0.002,-0.014) 最终目标=(0.012,0.012,-0.140) 指令位置=(0.012,0.012,-0.140) 指令速度=(0.000,0.000,0.000) 指令加速度=(0.000,0.000,0.000) 滚转角=-0.07度 俯仰角=0.11度
09:03:32.514215 [轨迹] 序号=19 单调时间=1843.533579 时间=1843.534 模式=AUTO.LOITER 起飞状态=未执行起飞 水平控制=位置保持 类型掩码=3520 实际位置NED=(0.011,0.012,-0.140) 实际速度=(0.002,0.002,-0.014) 最终目标=(0.011,0.012,-0.140) 指令位置=(0.011,0.012,-0.140) 指令速度=(0.000,0.000,0.000) 指令加速度=(0.000,0.000,0.000) 滚转角=-0.07度 俯仰角=0.11度
09:03:32.617196 [轨迹] 序号=20 单调时间=1843.636691 时间=1843.637 模式=AUTO.LOITER 起飞状态=未执行起飞 水平控制=位置保持 类型掩码=3520 实际位置NED=(0.011,0.012,-0.140) 实际速度=(0.003,0.002,-0.014) 最终目标=(0.011,0.012,-0.140) 指令位置=(0.011,0.012,-0.140) 指令速度=(0.000,0.000,0.000) 指令加速度=(0.000,0.000,0.000) 滚转角=-0.07度 俯仰角=0.11度
09:03:32.720391 [轨迹] 序号=21 单调时间=1843.739788 时间=1843.740 模式=AUTO.LOITER 起飞状态=未执行起飞 水平控制=位置保持 类型掩码=3520 实际位置NED=(0.011,0.012,-0.140) 实际速度=(0.002,0.002,-0.014) 最终目标=(0.011,0.012,-0.140) 指令位置=(0.011,0.012,-0.140) 指令速度=(0.000,0.000,0.000) 指令加速度=(0.000,0.000,0.000) 滚转角=-0.07度 俯仰角=0.10度
09:03:32.823023 [轨迹] 序号=22 单调时间=1843.842556 时间=1843.843 模式=AUTO.LOITER 起飞状态=未执行起飞 水平控制=位置保持 类型掩码=3520 实际位置NED=(0.010,0.011,-0.140) 实际速度=(0.002,0.002,-0.014) 最终目标=(0.010,0.011,-0.140) 指令位置=(0.010,0.011,-0.140) 指令速度=(0.000,0.000,0.000) 指令加速度=(0.000,0.000,0.000) 滚转角=-0.07度 俯仰角=0.10度
09:03:32.926191 [轨迹] 序号=23 单调时间=1843.945672 时间=1843.946 模式=AUTO.LOITER 起飞状态=未执行起飞 水平控制=位置保持 类型掩码=3520 实际位置NED=(0.010,0.011,-0.140) 实际速度=(0.002,0.002,-0.014) 最终目标=(0.010,0.011,-0.140) 指令位置=(0.010,0.011,-0.140) 指令速度=(0.000,0.000,0.000) 指令加速度=(0.000,0.000,0.000) 滚转角=-0.07度 俯仰角=0.10度
09:03:33.029057 [轨迹] 序号=24 单调时间=1844.048445 时间=1844.048 模式=AUTO.LOITER 起飞状态=未执行起飞 水平控制=位置保持 类型掩码=3520 实际位置NED=(0.009,0.011,-0.140) 实际速度=(0.002,0.002,-0.013) 最终目标=(0.009,0.011,-0.140) 指令位置=(0.009,0.011,-0.140) 指令速度=(0.000,0.000,0.000) 指令加速度=(0.000,0.000,0.000) 滚转角=-0.07度 俯仰角=0.10度
09:03:33.132592 [轨迹] 序号=25 单调时间=1844.151875 时间=1844.152 模式=AUTO.LOITER 起飞状态=未执行起飞 水平控制=位置保持 类型掩码=3520 实际位置NED=(0.009,0.011,-0.140) 实际速度=(0.002,0.002,-0.013) 最终目标=(0.009,0.011,-0.140) 指令位置=(0.009,0.011,-0.140) 指令速度=(0.000,0.000,0.000) 指令加速度=(0.000,0.000,0.000) 滚转角=-0.07度 俯仰角=0.10度
09:03:33.235670 [轨迹] 序号=26 单调时间=1844.254969 时间=1844.255 模式=AUTO.LOITER 起飞状态=未执行起飞 水平控制=位置保持 类型掩码=3520 实际位置NED=(0.009,0.011,-0.140) 实际速度=(0.002,0.002,-0.013) 最终目标=(0.009,0.011,-0.140) 指令位置=(0.009,0.011,-0.140) 指令速度=(0.000,0.000,0.000) 指令加速度=(0.000,0.000,0.000) 滚转角=-0.07度 俯仰角=0.10度
09:03:33.339098 [轨迹] 序号=27 单调时间=1844.358357 时间=1844.358 模式=AUTO.LOITER 起飞状态=未执行起飞 水平控制=位置保持 类型掩码=3520 实际位置NED=(0.008,0.011,-0.140) 实际速度=(0.002,0.002,-0.013) 最终目标=(0.008,0.011,-0.140) 指令位置=(0.008,0.011,-0.140) 指令速度=(0.000,0.000,0.000) 指令加速度=(0.000,0.000,0.000) 滚转角=-0.07度 俯仰角=0.10度
09:03:33.441871 [轨迹] 序号=28 单调时间=1844.461246 时间=1844.461 模式=AUTO.LOITER 起飞状态=未执行起飞 水平控制=位置保持 类型掩码=3520 实际位置NED=(0.008,0.011,-0.140) 实际速度=(0.002,0.002,-0.012) 最终目标=(0.008,0.011,-0.140) 指令位置=(0.008,0.011,-0.140) 指令速度=(0.000,0.000,0.000) 指令加速度=(0.000,0.000,0.000) 滚转角=-0.07度 俯仰角=0.10度
09:03:33.545152 [轨迹] 序号=29 单调时间=1844.564487 时间=1844.564 模式=AUTO.LOITER 起飞状态=未执行起飞 水平控制=位置保持 类型掩码=3520 实际位置NED=(0.008,0.011,-0.140) 实际速度=(0.002,0.002,-0.012) 最终目标=(0.008,0.011,-0.140) 指令位置=(0.008,0.011,-0.140) 指令速度=(0.000,0.000,0.000) 指令加速度=(0.000,0.000,0.000) 滚转角=-0.07度 俯仰角=0.10度
09:03:33.648857 [轨迹] 序号=30 单调时间=1844.668202 时间=1844.668 模式=AUTO.LOITER 起飞状态=未执行起飞 水平控制=位置保持 类型掩码=3520 实际位置NED=(0.008,0.011,-0.140) 实际速度=(0.002,0.002,-0.012) 最终目标=(0.008,0.011,-0.140) 指令位置=(0.008,0.011,-0.140) 指令速度=(0.000,0.000,0.000) 指令加速度=(0.000,0.000,0.000) 滚转角=-0.07度 俯仰角=0.10度
09:03:33.751724 [轨迹] 序号=31 单调时间=1844.771124 时间=1844.771 模式=AUTO.LOITER 起飞状态=未执行起飞 水平控制=位置保持 类型掩码=3520 实际位置NED=(0.007,0.011,-0.139) 实际速度=(0.002,0.002,-0.012) 最终目标=(0.007,0.011,-0.139) 指令位置=(0.007,0.011,-0.139) 指令速度=(0.000,0.000,0.000) 指令加速度=(0.000,0.000,0.000) 滚转角=-0.07度 俯仰角=0.10度
09:03:33.854503 [轨迹] 序号=32 单调时间=1844.873881 时间=1844.874 模式=AUTO.LOITER 起飞状态=未执行起飞 水平控制=位置保持 类型掩码=3520 实际位置NED=(0.007,0.011,-0.139) 实际速度=(0.002,0.002,-0.011) 最终目标=(0.007,0.011,-0.139) 指令位置=(0.007,0.011,-0.139) 指令速度=(0.000,0.000,0.000) 指令加速度=(0.000,0.000,0.000) 滚转角=-0.07度 俯仰角=0.10度
09:03:33.957824 [轨迹] 序号=33 单调时间=1844.977131 时间=1844.977 模式=AUTO.LOITER 起飞状态=未执行起飞 水平控制=位置保持 类型掩码=3520 实际位置NED=(0.007,0.011,-0.139) 实际速度=(0.002,0.002,-0.011) 最终目标=(0.007,0.011,-0.139) 指令位置=(0.007,0.011,-0.139) 指令速度=(0.000,0.000,0.000) 指令加速度=(0.000,0.000,0.000) 滚转角=-0.07度 俯仰角=0.10度
09:03:34.061691 [轨迹] 序号=34 单调时间=1845.081077 时间=1845.081 模式=AUTO.LOITER 起飞状态=未执行起飞 水平控制=位置保持 类型掩码=3520 实际位置NED=(0.007,0.011,-0.139) 实际速度=(0.002,0.002,-0.011) 最终目标=(0.007,0.011,-0.139) 指令位置=(0.007,0.011,-0.139) 指令速度=(0.000,0.000,0.000) 指令加速度=(0.000,0.000,0.000) 滚转角=-0.07度 俯仰角=0.10度
09:03:34.164718 [轨迹] 序号=35 单调时间=1845.184074 时间=1845.184 模式=AUTO.LOITER 起飞状态=未执行起飞 水平控制=位置保持 类型掩码=3520 实际位置NED=(0.007,0.011,-0.139) 实际速度=(0.002,0.002,-0.010) 最终目标=(0.007,0.011,-0.139) 指令位置=(0.007,0.011,-0.139) 指令速度=(0.000,0.000,0.000) 指令加速度=(0.000,0.000,0.000) 滚转角=-0.07度 俯仰角=0.10度
09:03:34.268293 [轨迹] 序号=36 单调时间=1845.287593 时间=1845.288 模式=AUTO.LOITER 起飞状态=未执行起飞 水平控制=位置保持 类型掩码=3520 实际位置NED=(0.006,0.011,-0.139) 实际速度=(0.002,0.002,-0.010) 最终目标=(0.006,0.011,-0.139) 指令位置=(0.006,0.011,-0.139) 指令速度=(0.000,0.000,0.000) 指令加速度=(0.000,0.000,0.000) 滚转角=-0.07度 俯仰角=0.10度
09:03:34.371342 [轨迹] 序号=37 单调时间=1845.390712 时间=1845.391 模式=AUTO.LOITER 起飞状态=未执行起飞 水平控制=位置保持 类型掩码=3520 实际位置NED=(0.006,0.011,-0.139) 实际速度=(0.002,0.002,-0.010) 最终目标=(0.006,0.011,-0.139) 指令位置=(0.006,0.011,-0.139) 指令速度=(0.000,0.000,0.000) 指令加速度=(0.000,0.000,0.000) 滚转角=-0.07度 俯仰角=0.10度
09:03:34.474379 [轨迹] 序号=38 单调时间=1845.493758 时间=1845.494 模式=AUTO.LOITER 起飞状态=未执行起飞 水平控制=位置保持 类型掩码=3520 实际位置NED=(0.006,0.011,-0.139) 实际速度=(0.002,0.002,-0.010) 最终目标=(0.006,0.011,-0.139) 指令位置=(0.006,0.011,-0.139) 指令速度=(0.000,0.000,0.000) 指令加速度=(0.000,0.000,0.000) 滚转角=-0.08度 俯仰角=0.10度
09:03:34.577461 [轨迹] 序号=39 单调时间=1845.596937 时间=1845.597 模式=AUTO.LOITER 起飞状态=未执行起飞 水平控制=位置保持 类型掩码=3520 实际位置NED=(0.006,0.011,-0.139) 实际速度=(0.002,0.002,-0.010) 最终目标=(0.006,0.011,-0.139) 指令位置=(0.006,0.011,-0.139) 指令速度=(0.000,0.000,0.000) 指令加速度=(0.000,0.000,0.000) 滚转角=-0.08度 俯仰角=0.10度
09:03:34.681295 [轨迹] 序号=40 单调时间=1845.700537 时间=1845.701 模式=AUTO.LOITER 起飞状态=未执行起飞 水平控制=位置保持 类型掩码=3520 实际位置NED=(0.006,0.011,-0.139) 实际速度=(0.002,0.002,-0.009) 最终目标=(0.006,0.011,-0.139) 指令位置=(0.006,0.011,-0.139) 指令速度=(0.000,0.000,0.000) 指令加速度=(0.000,0.000,0.000) 滚转角=-0.08度 俯仰角=0.10度
09:03:34.784396 [轨迹] 序号=41 单调时间=1845.803703 时间=1845.804 模式=AUTO.LOITER 起飞状态=未执行起飞 水平控制=位置保持 类型掩码=3520 实际位置NED=(0.006,0.011,-0.138) 实际速度=(0.001,0.002,-0.009) 最终目标=(0.006,0.011,-0.138) 指令位置=(0.006,0.011,-0.138) 指令速度=(0.000,0.000,0.000) 指令加速度=(0.000,0.000,0.000) 滚转角=-0.08度 俯仰角=0.10度
09:03:34.887477 [轨迹] 序号=42 单调时间=1845.906669 时间=1845.907 模式=AUTO.LOITER 起飞状态=未执行起飞 水平控制=位置保持 类型掩码=3520 实际位置NED=(0.006,0.011,-0.138) 实际速度=(0.001,0.002,-0.009) 最终目标=(0.006,0.011,-0.138) 指令位置=(0.006,0.011,-0.138) 指令速度=(0.000,0.000,0.000) 指令加速度=(0.000,0.000,0.000) 滚转角=-0.08度 俯仰角=0.10度
09:03:34.991291 [轨迹] 序号=43 单调时间=1846.010679 时间=1846.011 模式=AUTO.LOITER 起飞状态=未执行起飞 水平控制=位置保持 类型掩码=3520 实际位置NED=(0.006,0.011,-0.138) 实际速度=(0.001,0.002,-0.008) 最终目标=(0.006,0.011,-0.138) 指令位置=(0.006,0.011,-0.138) 指令速度=(0.000,0.000,0.000) 指令加速度=(0.000,0.000,0.000) 滚转角=-0.08度 俯仰角=0.10度
09:03:35.094938 [轨迹] 序号=44 单调时间=1846.114202 时间=1846.114 模式=AUTO.LOITER 起飞状态=未执行起飞 水平控制=位置保持 类型掩码=3520 实际位置NED=(0.005,0.011,-0.138) 实际速度=(0.001,0.002,-0.008) 最终目标=(0.005,0.011,-0.138) 指令位置=(0.005,0.011,-0.138) 指令速度=(0.000,0.000,0.000) 指令加速度=(0.000,0.000,0.000) 滚转角=-0.08度 俯仰角=0.10度
09:03:35.197921 [轨迹] 序号=45 单调时间=1846.217215 时间=1846.217 模式=AUTO.LOITER 起飞状态=未执行起飞 水平控制=位置保持 类型掩码=3520 实际位置NED=(0.005,0.010,-0.138) 实际速度=(0.001,0.002,-0.008) 最终目标=(0.005,0.010,-0.138) 指令位置=(0.005,0.010,-0.138) 指令速度=(0.000,0.000,0.000) 指令加速度=(0.000,0.000,0.000) 滚转角=-0.08度 俯仰角=0.10度
09:03:35.301281 [轨迹] 序号=46 单调时间=1846.320487 时间=1846.320 模式=AUTO.LOITER 起飞状态=未执行起飞 水平控制=位置保持 类型掩码=3520 实际位置NED=(0.005,0.010,-0.138) 实际速度=(0.001,0.002,-0.008) 最终目标=(0.005,0.010,-0.138) 指令位置=(0.005,0.010,-0.138) 指令速度=(0.000,0.000,0.000) 指令加速度=(0.000,0.000,0.000) 滚转角=-0.08度 俯仰角=0.10度
09:03:35.406702 [轨迹] 序号=47 单调时间=1846.425392 时间=1846.425 模式=AUTO.LOITER 起飞状态=未执行起飞 水平控制=位置保持 类型掩码=3520 实际位置NED=(0.005,0.010,-0.138) 实际速度=(0.001,0.002,-0.008) 最终目标=(0.005,0.010,-0.138) 指令位置=(0.005,0.010,-0.138) 指令速度=(0.000,0.000,0.000) 指令加速度=(0.000,0.000,0.000) 滚转角=-0.08度 俯仰角=0.10度
09:03:35.509849 [轨迹] 序号=48 单调时间=1846.529198 时间=1846.529 模式=AUTO.LOITER 起飞状态=未执行起飞 水平控制=位置保持 类型掩码=3520 实际位置NED=(0.005,0.010,-0.138) 实际速度=(0.001,0.002,-0.008) 最终目标=(0.005,0.010,-0.138) 指令位置=(0.005,0.010,-0.138) 指令速度=(0.000,0.000,0.000) 指令加速度=(0.000,0.000,0.000) 滚转角=-0.08度 俯仰角=0.10度
09:03:35.612961 [轨迹] 序号=49 单调时间=1846.632324 时间=1846.632 模式=AUTO.LOITER 起飞状态=未执行起飞 水平控制=位置保持 类型掩码=3520 实际位置NED=(0.005,0.010,-0.138) 实际速度=(0.001,0.002,-0.008) 最终目标=(0.005,0.010,-0.138) 指令位置=(0.005,0.010,-0.138) 指令速度=(0.000,0.000,0.000) 指令加速度=(0.000,0.000,0.000) 滚转角=-0.08度 俯仰角=0.10度
09:03:35.716285 [轨迹] 序号=50 单调时间=1846.735695 时间=1846.736 模式=AUTO.LOITER 起飞状态=未执行起飞 水平控制=位置保持 类型掩码=3520 实际位置NED=(0.005,0.010,-0.138) 实际速度=(0.001,0.002,-0.008) 最终目标=(0.005,0.010,-0.138) 指令位置=(0.005,0.010,-0.138) 指令速度=(0.000,0.000,0.000) 指令加速度=(0.000,0.000,0.000) 滚转角=-0.08度 俯仰角=0.10度
09:03:35.818532 [轨迹] 序号=51 单调时间=1846.837843 时间=1846.838 模式=AUTO.LOITER 起飞状态=未执行起飞 水平控制=位置保持 类型掩码=3520 实际位置NED=(0.005,0.010,-0.138) 实际速度=(0.001,0.002,-0.007) 最终目标=(0.005,0.010,-0.138) 指令位置=(0.005,0.010,-0.138) 指令速度=(0.000,0.000,0.000) 指令加速度=(0.000,0.000,0.000) 滚转角=-0.08度 俯仰角=0.10度
09:03:35.922545 [轨迹] 序号=52 单调时间=1846.941484 时间=1846.941 模式=AUTO.LOITER 起飞状态=未执行起飞 水平控制=位置保持 类型掩码=3520 实际位置NED=(0.005,0.010,-0.138) 实际速度=(0.001,0.002,-0.007) 最终目标=(0.005,0.010,-0.138) 指令位置=(0.005,0.010,-0.138) 指令速度=(0.000,0.000,0.000) 指令加速度=(0.000,0.000,0.000) 滚转角=-0.08度 俯仰角=0.10度
09:03:36.026141 [轨迹] 序号=53 单调时间=1847.045553 时间=1847.046 模式=AUTO.LOITER 起飞状态=未执行起飞 水平控制=位置保持 类型掩码=3520 实际位置NED=(0.005,0.010,-0.138) 实际速度=(0.001,0.002,-0.007) 最终目标=(0.005,0.010,-0.138) 指令位置=(0.005,0.010,-0.138) 指令速度=(0.000,0.000,0.000) 指令加速度=(0.000,0.000,0.000) 滚转角=-0.08度 俯仰角=0.11度
09:03:36.129435 [轨迹] 序号=54 单调时间=1847.148796 时间=1847.149 模式=AUTO.LOITER 起飞状态=未执行起飞 水平控制=位置保持 类型掩码=3520 实际位置NED=(0.005,0.009,-0.138) 实际速度=(0.001,0.002,-0.007) 最终目标=(0.005,0.009,-0.138) 指令位置=(0.005,0.009,-0.138) 指令速度=(0.000,0.000,0.000) 指令加速度=(0.000,0.000,0.000) 滚转角=-0.08度 俯仰角=0.11度
09:03:36.232474 [轨迹] 序号=55 单调时间=1847.251824 时间=1847.252 模式=AUTO.LOITER 起飞状态=未执行起飞 水平控制=位置保持 类型掩码=3520 实际位置NED=(0.005,0.009,-0.138) 实际速度=(0.001,0.001,-0.007) 最终目标=(0.005,0.009,-0.138) 指令位置=(0.005,0.009,-0.138) 指令速度=(0.000,0.000,0.000) 指令加速度=(0.000,0.000,0.000) 滚转角=-0.08度 俯仰角=0.11度
09:03:36.335793 [轨迹] 序号=56 单调时间=1847.355061 时间=1847.355 模式=AUTO.LOITER 起飞状态=未执行起飞 水平控制=位置保持 类型掩码=3520 实际位置NED=(0.004,0.009,-0.138) 实际速度=(0.001,0.001,-0.007) 最终目标=(0.004,0.009,-0.138) 指令位置=(0.004,0.009,-0.138) 指令速度=(0.000,0.000,0.000) 指令加速度=(0.000,0.000,0.000) 滚转角=-0.08度 俯仰角=0.11度
09:03:36.439038 [轨迹] 序号=57 单调时间=1847.458409 时间=1847.458 模式=AUTO.LOITER 起飞状态=未执行起飞 水平控制=位置保持 类型掩码=3520 实际位置NED=(0.004,0.009,-0.138) 实际速度=(0.001,0.001,-0.006) 最终目标=(0.004,0.009,-0.138) 指令位置=(0.004,0.009,-0.138) 指令速度=(0.000,0.000,0.000) 指令加速度=(0.000,0.000,0.000) 滚转角=-0.08度 俯仰角=0.11度
09:03:36.542063 [轨迹] 序号=58 单调时间=1847.561443 时间=1847.561 模式=AUTO.LOITER 起飞状态=未执行起飞 水平控制=位置保持 类型掩码=3520 实际位置NED=(0.004,0.009,-0.137) 实际速度=(0.001,0.001,-0.006) 最终目标=(0.004,0.009,-0.137) 指令位置=(0.004,0.009,-0.137) 指令速度=(0.000,0.000,0.000) 指令加速度=(0.000,0.000,0.000) 滚转角=-0.08度 俯仰角=0.11度
09:03:36.644987 [轨迹] 序号=59 单调时间=1847.664304 时间=1847.664 模式=AUTO.LOITER 起飞状态=未执行起飞 水平控制=位置保持 类型掩码=3520 实际位置NED=(0.004,0.009,-0.137) 实际速度=(0.001,0.001,-0.006) 最终目标=(0.004,0.009,-0.137) 指令位置=(0.004,0.009,-0.137) 指令速度=(0.000,0.000,0.000) 指令加速度=(0.000,0.000,0.000) 滚转角=-0.08度 俯仰角=0.11度
09:03:36.748232 [轨迹] 序号=60 单调时间=1847.767642 时间=1847.768 模式=AUTO.LOITER 起飞状态=未执行起飞 水平控制=位置保持 类型掩码=3520 实际位置NED=(0.004,0.009,-0.137) 实际速度=(0.001,0.001,-0.006) 最终目标=(0.004,0.009,-0.137) 指令位置=(0.004,0.009,-0.137) 指令速度=(0.000,0.000,0.000) 指令加速度=(0.000,0.000,0.000) 滚转角=-0.08度 俯仰角=0.11度
09:03:36.850913 [轨迹] 序号=61 单调时间=1847.870401 时间=1847.870 模式=AUTO.LOITER 起飞状态=未执行起飞 水平控制=位置保持 类型掩码=3520 实际位置NED=(0.004,0.009,-0.137) 实际速度=(0.001,0.001,-0.006) 最终目标=(0.004,0.009,-0.137) 指令位置=(0.004,0.009,-0.137) 指令速度=(0.000,0.000,0.000) 指令加速度=(0.000,0.000,0.000) 滚转角=-0.08度 俯仰角=0.11度
09:03:36.953933 [轨迹] 序号=62 单调时间=1847.973226 时间=1847.973 模式=AUTO.LOITER 起飞状态=未执行起飞 水平控制=位置保持 类型掩码=3520 实际位置NED=(0.004,0.009,-0.137) 实际速度=(0.001,0.001,-0.006) 最终目标=(0.004,0.009,-0.137) 指令位置=(0.004,0.009,-0.137) 指令速度=(0.000,0.000,0.000) 指令加速度=(0.000,0.000,0.000) 滚转角=-0.08度 俯仰角=0.11度
09:03:37.057654 [轨迹] 序号=63 单调时间=1848.076995 时间=1848.077 模式=AUTO.LOITER 起飞状态=未执行起飞 水平控制=位置保持 类型掩码=3520 实际位置NED=(0.004,0.009,-0.137) 实际速度=(0.001,0.001,-0.006) 最终目标=(0.004,0.009,-0.137) 指令位置=(0.004,0.009,-0.137) 指令速度=(0.000,0.000,0.000) 指令加速度=(0.000,0.000,0.000) 滚转角=-0.08度 俯仰角=0.11度
09:03:37.160837 [轨迹] 序号=64 单调时间=1848.180198 时间=1848.180 模式=AUTO.LOITER 起飞状态=未执行起飞 水平控制=位置保持 类型掩码=3520 实际位置NED=(0.003,0.009,-0.137) 实际速度=(0.001,0.001,-0.006) 最终目标=(0.003,0.009,-0.137) 指令位置=(0.003,0.009,-0.137) 指令速度=(0.000,0.000,0.000) 指令加速度=(0.000,0.000,0.000) 滚转角=-0.08度 俯仰角=0.11度
09:03:37.266605 [轨迹] 序号=65 单调时间=1848.285867 时间=1848.286 模式=AUTO.LOITER 起飞状态=未执行起飞 水平控制=位置保持 类型掩码=3520 实际位置NED=(0.003,0.009,-0.137) 实际速度=(0.001,0.001,-0.005) 最终目标=(0.003,0.009,-0.137) 指令位置=(0.003,0.009,-0.137) 指令速度=(0.000,0.000,0.000) 指令加速度=(0.000,0.000,0.000) 滚转角=-0.08度 俯仰角=0.11度
09:03:37.369766 [轨迹] 序号=66 单调时间=1848.388988 时间=1848.389 模式=AUTO.LOITER 起飞状态=未执行起飞 水平控制=位置保持 类型掩码=3520 实际位置NED=(0.003,0.009,-0.137) 实际速度=(0.001,0.001,-0.005) 最终目标=(0.003,0.009,-0.137) 指令位置=(0.003,0.009,-0.137) 指令速度=(0.000,0.000,0.000) 指令加速度=(0.000,0.000,0.000) 滚转角=-0.08度 俯仰角=0.11度
09:03:37.472711 [轨迹] 序号=67 单调时间=1848.492090 时间=1848.492 模式=AUTO.LOITER 起飞状态=未执行起飞 水平控制=位置保持 类型掩码=3520 实际位置NED=(0.003,0.009,-0.137) 实际速度=(0.001,0.001,-0.005) 最终目标=(0.003,0.009,-0.137) 指令位置=(0.003,0.009,-0.137) 指令速度=(0.000,0.000,0.000) 指令加速度=(0.000,0.000,0.000) 滚转角=-0.08度 俯仰角=0.11度
09:03:37.576381 [轨迹] 序号=68 单调时间=1848.595679 时间=1848.596 模式=AUTO.LOITER 起飞状态=未执行起飞 水平控制=位置保持 类型掩码=3520 实际位置NED=(0.003,0.009,-0.137) 实际速度=(0.001,0.001,-0.005) 最终目标=(0.003,0.009,-0.137) 指令位置=(0.003,0.009,-0.137) 指令速度=(0.000,0.000,0.000) 指令加速度=(0.000,0.000,0.000) 滚转角=-0.08度 俯仰角=0.11度
09:03:37.679689 [轨迹] 序号=69 单调时间=1848.698884 时间=1848.699 模式=AUTO.LOITER 起飞状态=未执行起飞 水平控制=位置保持 类型掩码=3520 实际位置NED=(0.003,0.009,-0.137) 实际速度=(0.001,0.001,-0.005) 最终目标=(0.003,0.009,-0.137) 指令位置=(0.003,0.009,-0.137) 指令速度=(0.000,0.000,0.000) 指令加速度=(0.000,0.000,0.000) 滚转角=-0.08度 俯仰角=0.11度
09:03:37.783345 [轨迹] 序号=70 单调时间=1848.802526 时间=1848.803 模式=AUTO.LOITER 起飞状态=未执行起飞 水平控制=位置保持 类型掩码=3520 实际位置NED=(0.003,0.009,-0.137) 实际速度=(0.001,0.001,-0.005) 最终目标=(0.003,0.009,-0.137) 指令位置=(0.003,0.009,-0.137) 指令速度=(0.000,0.000,0.000) 指令加速度=(0.000,0.000,0.000) 滚转角=-0.08度 俯仰角=0.11度
09:03:37.886689 [轨迹] 序号=71 单调时间=1848.905999 时间=1848.906 模式=AUTO.LOITER 起飞状态=未执行起飞 水平控制=位置保持 类型掩码=3520 实际位置NED=(0.003,0.009,-0.137) 实际速度=(0.001,0.001,-0.005) 最终目标=(0.003,0.009,-0.137) 指令位置=(0.003,0.009,-0.137) 指令速度=(0.000,0.000,0.000) 指令加速度=(0.000,0.000,0.000) 滚转角=-0.08度 俯仰角=0.11度
09:03:37.989869 [轨迹] 序号=72 单调时间=1849.009225 时间=1849.009 模式=AUTO.LOITER 起飞状态=未执行起飞 水平控制=位置保持 类型掩码=3520 实际位置NED=(0.003,0.009,-0.137) 实际速度=(0.001,0.001,-0.005) 最终目标=(0.003,0.009,-0.137) 指令位置=(0.003,0.009,-0.137) 指令速度=(0.000,0.000,0.000) 指令加速度=(0.000,0.000,0.000) 滚转角=-0.08度 俯仰角=0.11度
09:03:38.092874 [轨迹] 序号=73 单调时间=1849.112195 时间=1849.112 模式=AUTO.LOITER 起飞状态=未执行起飞 水平控制=位置保持 类型掩码=3520 实际位置NED=(0.003,0.009,-0.137) 实际速度=(0.001,0.001,-0.005) 最终目标=(0.003,0.009,-0.137) 指令位置=(0.003,0.009,-0.137) 指令速度=(0.000,0.000,0.000) 指令加速度=(0.000,0.000,0.000) 滚转角=-0.08度 俯仰角=0.11度
09:03:38.196070 [轨迹] 序号=74 单调时间=1849.215213 时间=1849.215 模式=AUTO.LOITER 起飞状态=未执行起飞 水平控制=位置保持 类型掩码=3520 实际位置NED=(0.003,0.009,-0.137) 实际速度=(0.001,0.001,-0.005) 最终目标=(0.003,0.009,-0.137) 指令位置=(0.003,0.009,-0.137) 指令速度=(0.000,0.000,0.000) 指令加速度=(0.000,0.000,0.000) 滚转角=-0.08度 俯仰角=0.11度
09:03:38.296814 [轨迹] 序号=75 单调时间=1849.315646 时间=1849.316 模式=AUTO.LOITER 起飞状态=未执行起飞 水平控制=位置保持 类型掩码=3520 实际位置NED=(0.003,0.009,-0.137) 实际速度=(0.001,0.001,-0.005) 最终目标=(0.003,0.009,-0.137) 指令位置=(0.003,0.009,-0.137) 指令速度=(0.000,0.000,0.000) 指令加速度=(0.000,0.000,0.000) 滚转角=-0.08度 俯仰角=0.11度
09:03:38.400181 [轨迹] 序号=76 单调时间=1849.419505 时间=1849.420 模式=AUTO.LOITER 起飞状态=未执行起飞 水平控制=位置保持 类型掩码=3520 实际位置NED=(0.003,0.009,-0.137) 实际速度=(0.001,0.001,-0.005) 最终目标=(0.003,0.009,-0.137) 指令位置=(0.003,0.009,-0.137) 指令速度=(0.000,0.000,0.000) 指令加速度=(0.000,0.000,0.000) 滚转角=-0.08度 俯仰角=0.11度
09:03:38.501015 [轨迹] 序号=77 单调时间=1849.520382 时间=1849.520 模式=AUTO.LOITER 起飞状态=未执行起飞 水平控制=位置保持 类型掩码=3520 实际位置NED=(0.003,0.009,-0.137) 实际速度=(0.001,0.001,-0.005) 最终目标=(0.003,0.009,-0.137) 指令位置=(0.003,0.009,-0.137) 指令速度=(0.000,0.000,0.000) 指令加速度=(0.000,0.000,0.000) 滚转角=-0.08度 俯仰角=0.11度
09:03:38.604724 [轨迹] 序号=78 单调时间=1849.624090 时间=1849.624 模式=AUTO.LOITER 起飞状态=未执行起飞 水平控制=位置保持 类型掩码=3520 实际位置NED=(0.002,0.009,-0.137) 实际速度=(0.001,0.001,-0.005) 最终目标=(0.002,0.009,-0.137) 指令位置=(0.002,0.009,-0.137) 指令速度=(0.000,0.000,0.000) 指令加速度=(0.000,0.000,0.000) 滚转角=-0.08度 俯仰角=0.11度
09:03:38.707933 [轨迹] 序号=79 单调时间=1849.727286 时间=1849.727 模式=AUTO.LOITER 起飞状态=未执行起飞 水平控制=位置保持 类型掩码=3520 实际位置NED=(0.002,0.009,-0.137) 实际速度=(0.001,0.001,-0.005) 最终目标=(0.002,0.009,-0.137) 指令位置=(0.002,0.009,-0.137) 指令速度=(0.000,0.000,0.000) 指令加速度=(0.000,0.000,0.000) 滚转角=-0.08度 俯仰角=0.11度
09:03:38.810896 [轨迹] 序号=80 单调时间=1849.830274 时间=1849.830 模式=AUTO.LOITER 起飞状态=未执行起飞 水平控制=位置保持 类型掩码=3520 实际位置NED=(0.002,0.009,-0.137) 实际速度=(0.001,0.001,-0.005) 最终目标=(0.002,0.009,-0.137) 指令位置=(0.002,0.009,-0.137) 指令速度=(0.000,0.000,0.000) 指令加速度=(0.000,0.000,0.000) 滚转角=-0.08度 俯仰角=0.11度
09:03:38.913804 [轨迹] 序号=81 单调时间=1849.933207 时间=1849.933 模式=AUTO.LOITER 起飞状态=未执行起飞 水平控制=位置保持 类型掩码=3520 实际位置NED=(0.002,0.009,-0.137) 实际速度=(0.001,0.001,-0.005) 最终目标=(0.002,0.009,-0.137) 指令位置=(0.002,0.009,-0.137) 指令速度=(0.000,0.000,0.000) 指令加速度=(0.000,0.000,0.000) 滚转角=-0.08度 俯仰角=0.11度
09:03:39.014587 [轨迹] 序号=82 单调时间=1850.034037 时间=1850.034 模式=AUTO.LOITER 起飞状态=未执行起飞 水平控制=位置保持 类型掩码=3520 实际位置NED=(0.002,0.009,-0.137) 实际速度=(0.001,0.001,-0.005) 最终目标=(0.002,0.009,-0.137) 指令位置=(0.002,0.009,-0.137) 指令速度=(0.000,0.000,0.000) 指令加速度=(0.000,0.000,0.000) 滚转角=-0.08度 俯仰角=0.11度
09:03:39.118274 [轨迹] 序号=83 单调时间=1850.137566 时间=1850.138 模式=AUTO.LOITER 起飞状态=未执行起飞 水平控制=位置保持 类型掩码=3520 实际位置NED=(0.002,0.009,-0.137) 实际速度=(0.001,0.001,-0.005) 最终目标=(0.002,0.009,-0.137) 指令位置=(0.002,0.009,-0.137) 指令速度=(0.000,0.000,0.000) 指令加速度=(0.000,0.000,0.000) 滚转角=-0.08度 俯仰角=0.11度
09:03:39.221902 [轨迹] 序号=84 单调时间=1850.241205 时间=1850.241 模式=AUTO.LOITER 起飞状态=未执行起飞 水平控制=位置保持 类型掩码=3520 实际位置NED=(0.002,0.009,-0.137) 实际速度=(0.001,0.001,-0.005) 最终目标=(0.002,0.009,-0.137) 指令位置=(0.002,0.009,-0.137) 指令速度=(0.000,0.000,0.000) 指令加速度=(0.000,0.000,0.000) 滚转角=-0.08度 俯仰角=0.11度
09:03:39.325267 [轨迹] 序号=85 单调时间=1850.344601 时间=1850.345 模式=AUTO.LOITER 起飞状态=未执行起飞 水平控制=位置保持 类型掩码=3520 实际位置NED=(0.002,0.009,-0.137) 实际速度=(0.001,0.001,-0.005) 最终目标=(0.002,0.009,-0.137) 指令位置=(0.002,0.009,-0.137) 指令速度=(0.000,0.000,0.000) 指令加速度=(0.000,0.000,0.000) 滚转角=-0.08度 俯仰角=0.11度
09:03:39.428583 [轨迹] 序号=86 单调时间=1850.447909 时间=1850.448 模式=AUTO.LOITER 起飞状态=未执行起飞 水平控制=位置保持 类型掩码=3520 实际位置NED=(0.002,0.009,-0.137) 实际速度=(0.001,0.001,-0.005) 最终目标=(0.002,0.009,-0.137) 指令位置=(0.002,0.009,-0.137) 指令速度=(0.000,0.000,0.000) 指令加速度=(0.000,0.000,0.000) 滚转角=-0.08度 俯仰角=0.11度
09:03:39.531603 [轨迹] 序号=87 单调时间=1850.551143 时间=1850.551 模式=AUTO.LOITER 起飞状态=未执行起飞 水平控制=位置保持 类型掩码=3520 实际位置NED=(0.002,0.009,-0.137) 实际速度=(0.001,0.001,-0.004) 最终目标=(0.002,0.009,-0.137) 指令位置=(0.002,0.009,-0.137) 指令速度=(0.000,0.000,0.000) 指令加速度=(0.000,0.000,0.000) 滚转角=-0.08度 俯仰角=0.11度
09:03:39.632385 [轨迹] 序号=88 单调时间=1850.651715 时间=1850.652 模式=AUTO.LOITER 起飞状态=未执行起飞 水平控制=位置保持 类型掩码=3520 实际位置NED=(0.002,0.009,-0.137) 实际速度=(0.001,0.001,-0.004) 最终目标=(0.002,0.009,-0.137) 指令位置=(0.002,0.009,-0.137) 指令速度=(0.000,0.000,0.000) 指令加速度=(0.000,0.000,0.000) 滚转角=-0.08度 俯仰角=0.11度
09:03:39.732486 [轨迹] 序号=89 单调时间=1850.751822 时间=1850.752 模式=AUTO.LOITER 起飞状态=未执行起飞 水平控制=位置保持 类型掩码=3520 实际位置NED=(0.002,0.009,-0.137) 实际速度=(0.001,0.001,-0.004) 最终目标=(0.002,0.009,-0.137) 指令位置=(0.002,0.009,-0.137) 指令速度=(0.000,0.000,0.000) 指令加速度=(0.000,0.000,0.000) 滚转角=-0.08度 俯仰角=0.11度
09:03:39.836112 [轨迹] 序号=90 单调时间=1850.855549 时间=1850.856 模式=AUTO.LOITER 起飞状态=未执行起飞 水平控制=位置保持 类型掩码=3520 实际位置NED=(0.001,0.009,-0.137) 实际速度=(0.001,0.001,-0.004) 最终目标=(0.001,0.009,-0.137) 指令位置=(0.001,0.009,-0.137) 指令速度=(0.000,0.000,0.000) 指令加速度=(0.000,0.000,0.000) 滚转角=-0.08度 俯仰角=0.11度
09:03:39.939437 [轨迹] 序号=91 单调时间=1850.958815 时间=1850.959 模式=AUTO.LOITER 起飞状态=未执行起飞 水平控制=位置保持 类型掩码=3520 实际位置NED=(0.001,0.009,-0.137) 实际速度=(0.001,0.001,-0.004) 最终目标=(0.001,0.009,-0.137) 指令位置=(0.001,0.009,-0.137) 指令速度=(0.000,0.000,0.000) 指令加速度=(0.000,0.000,0.000) 滚转角=-0.08度 俯仰角=0.11度
09:03:40.042698 [轨迹] 序号=92 单调时间=1851.062001 时间=1851.062 模式=AUTO.LOITER 起飞状态=未执行起飞 水平控制=位置保持 类型掩码=3520 实际位置NED=(0.001,0.010,-0.137) 实际速度=(0.001,0.001,-0.004) 最终目标=(0.001,0.010,-0.137) 指令位置=(0.001,0.010,-0.137) 指令速度=(0.000,0.000,0.000) 指令加速度=(0.000,0.000,0.000) 滚转角=-0.08度 俯仰角=0.11度
09:03:40.145887 [轨迹] 序号=93 单调时间=1851.165235 时间=1851.165 模式=AUTO.LOITER 起飞状态=未执行起飞 水平控制=位置保持 类型掩码=3520 实际位置NED=(0.001,0.010,-0.137) 实际速度=(0.001,0.001,-0.004) 最终目标=(0.001,0.010,-0.137) 指令位置=(0.001,0.010,-0.137) 指令速度=(0.000,0.000,0.000) 指令加速度=(0.000,0.000,0.000) 滚转角=-0.08度 俯仰角=0.11度
09:03:40.249202 [轨迹] 序号=94 单调时间=1851.268512 时间=1851.269 模式=AUTO.LOITER 起飞状态=未执行起飞 水平控制=位置保持 类型掩码=3520 实际位置NED=(0.001,0.010,-0.137) 实际速度=(0.001,0.001,-0.004) 最终目标=(0.001,0.010,-0.137) 指令位置=(0.001,0.010,-0.137) 指令速度=(0.000,0.000,0.000) 指令加速度=(0.000,0.000,0.000) 滚转角=-0.08度 俯仰角=0.11度
09:03:40.353111 [轨迹] 序号=95 单调时间=1851.372300 时间=1851.372 模式=AUTO.LOITER 起飞状态=未执行起飞 水平控制=位置保持 类型掩码=3520 实际位置NED=(0.001,0.010,-0.137) 实际速度=(0.001,0.001,-0.004) 最终目标=(0.001,0.010,-0.137) 指令位置=(0.001,0.010,-0.137) 指令速度=(0.000,0.000,0.000) 指令加速度=(0.000,0.000,0.000) 滚转角=-0.08度 俯仰角=0.11度
09:03:40.456290 [轨迹] 序号=96 单调时间=1851.475555 时间=1851.476 模式=AUTO.LOITER 起飞状态=未执行起飞 水平控制=位置保持 类型掩码=3520 实际位置NED=(0.001,0.010,-0.137) 实际速度=(0.001,0.001,-0.004) 最终目标=(0.001,0.010,-0.137) 指令位置=(0.001,0.010,-0.137) 指令速度=(0.000,0.000,0.000) 指令加速度=(0.000,0.000,0.000) 滚转角=-0.08度 俯仰角=0.11度
09:03:40.559470 [轨迹] 序号=97 单调时间=1851.578911 时间=1851.579 模式=AUTO.LOITER 起飞状态=未执行起飞 水平控制=位置保持 类型掩码=3520 实际位置NED=(0.001,0.010,-0.137) 实际速度=(0.001,0.001,-0.004) 最终目标=(0.001,0.010,-0.137) 指令位置=(0.001,0.010,-0.137) 指令速度=(0.000,0.000,0.000) 指令加速度=(0.000,0.000,0.000) 滚转角=-0.08度 俯仰角=0.11度
09:03:40.662938 [轨迹] 序号=98 单调时间=1851.682394 时间=1851.682 模式=AUTO.LOITER 起飞状态=未执行起飞 水平控制=位置保持 类型掩码=3520 实际位置NED=(0.001,0.010,-0.137) 实际速度=(0.001,0.001,-0.004) 最终目标=(0.001,0.010,-0.137) 指令位置=(0.001,0.010,-0.137) 指令速度=(0.000,0.000,0.000) 指令加速度=(0.000,0.000,0.000) 滚转角=-0.08度 俯仰角=0.11度
09:03:40.766433 [轨迹] 序号=99 单调时间=1851.785728 时间=1851.786 模式=AUTO.LOITER 起飞状态=未执行起飞 水平控制=位置保持 类型掩码=3520 实际位置NED=(0.001,0.010,-0.137) 实际速度=(0.001,0.001,-0.004) 最终目标=(0.001,0.010,-0.137) 指令位置=(0.001,0.010,-0.137) 指令速度=(0.000,0.000,0.000) 指令加速度=(0.000,0.000,0.000) 滚转角=-0.08度 俯仰角=0.11度
09:03:40.870055 [轨迹] 序号=100 单调时间=1851.889410 时间=1851.889 模式=AUTO.LOITER 起飞状态=未执行起飞 水平控制=位置保持 类型掩码=3520 实际位置NED=(0.001,0.010,-0.137) 实际速度=(0.001,0.001,-0.004) 最终目标=(0.001,0.010,-0.137) 指令位置=(0.001,0.010,-0.137) 指令速度=(0.000,0.000,0.000) 指令加速度=(0.000,0.000,0.000) 滚转角=-0.08度 俯仰角=0.11度
09:03:40.973483 [轨迹] 序号=101 单调时间=1851.992953 时间=1851.993 模式=AUTO.LOITER 起飞状态=未执行起飞 水平控制=位置保持 类型掩码=3520 实际位置NED=(0.001,0.010,-0.137) 实际速度=(0.001,0.001,-0.004) 最终目标=(0.001,0.010,-0.137) 指令位置=(0.001,0.010,-0.137) 指令速度=(0.000,0.000,0.000) 指令加速度=(0.000,0.000,0.000) 滚转角=-0.08度 俯仰角=0.11度
09:03:41.076623 [轨迹] 序号=102 单调时间=1852.095976 时间=1852.096 模式=AUTO.LOITER 起飞状态=未执行起飞 水平控制=位置保持 类型掩码=3520 实际位置NED=(0.001,0.010,-0.137) 实际速度=(0.001,0.001,-0.004) 最终目标=(0.001,0.010,-0.137) 指令位置=(0.001,0.010,-0.137) 指令速度=(0.000,0.000,0.000) 指令加速度=(0.000,0.000,0.000) 滚转角=-0.08度 俯仰角=0.11度
09:03:41.179751 [轨迹] 序号=103 单调时间=1852.199110 时间=1852.199 模式=AUTO.LOITER 起飞状态=未执行起飞 水平控制=位置保持 类型掩码=3520 实际位置NED=(0.001,0.010,-0.137) 实际速度=(0.001,0.001,-0.004) 最终目标=(0.001,0.010,-0.137) 指令位置=(0.001,0.010,-0.137) 指令速度=(0.000,0.000,0.000) 指令加速度=(0.000,0.000,0.000) 滚转角=-0.07度 俯仰角=0.11度
09:03:41.281372 [轨迹] 序号=104 单调时间=1852.300706 时间=1852.301 模式=AUTO.LOITER 起飞状态=未执行起飞 水平控制=位置保持 类型掩码=3520 实际位置NED=(0.001,0.010,-0.138) 实际速度=(0.001,0.001,-0.004) 最终目标=(0.001,0.010,-0.138) 指令位置=(0.001,0.010,-0.138) 指令速度=(0.000,0.000,0.000) 指令加速度=(0.000,0.000,0.000) 滚转角=-0.07度 俯仰角=0.11度
09:03:41.384582 [轨迹] 序号=105 单调时间=1852.403755 时间=1852.404 模式=AUTO.LOITER 起飞状态=未执行起飞 水平控制=位置保持 类型掩码=3520 实际位置NED=(0.001,0.010,-0.138) 实际速度=(0.001,0.001,-0.004) 最终目标=(0.001,0.010,-0.138) 指令位置=(0.001,0.010,-0.138) 指令速度=(0.000,0.000,0.000) 指令加速度=(0.000,0.000,0.000) 滚转角=-0.07度 俯仰角=0.11度
09:03:41.487481 [轨迹] 序号=106 单调时间=1852.506871 时间=1852.507 模式=AUTO.LOITER 起飞状态=未执行起飞 水平控制=位置保持 类型掩码=3520 实际位置NED=(0.001,0.010,-0.138) 实际速度=(0.000,0.001,-0.004) 最终目标=(0.001,0.010,-0.138) 指令位置=(0.001,0.010,-0.138) 指令速度=(0.000,0.000,0.000) 指令加速度=(0.000,0.000,0.000) 滚转角=-0.07度 俯仰角=0.11度
09:03:41.590428 [轨迹] 序号=107 单调时间=1852.609814 时间=1852.610 模式=AUTO.LOITER 起飞状态=未执行起飞 水平控制=位置保持 类型掩码=3520 实际位置NED=(0.001,0.010,-0.138) 实际速度=(0.000,0.001,-0.004) 最终目标=(0.001,0.010,-0.138) 指令位置=(0.001,0.010,-0.138) 指令速度=(0.000,0.000,0.000) 指令加速度=(0.000,0.000,0.000) 滚转角=-0.07度 俯仰角=0.11度
09:03:41.693646 [轨迹] 序号=108 单调时间=1852.712981 时间=1852.713 模式=AUTO.LOITER 起飞状态=未执行起飞 水平控制=位置保持 类型掩码=3520 实际位置NED=(0.000,0.010,-0.138) 实际速度=(0.000,0.001,-0.004) 最终目标=(0.000,0.010,-0.138) 指令位置=(0.000,0.010,-0.138) 指令速度=(0.000,0.000,0.000) 指令加速度=(0.000,0.000,0.000) 滚转角=-0.07度 俯仰角=0.11度
09:03:41.796548 [轨迹] 序号=109 单调时间=1852.815862 时间=1852.816 模式=AUTO.LOITER 起飞状态=未执行起飞 水平控制=位置保持 类型掩码=3520 实际位置NED=(0.000,0.011,-0.138) 实际速度=(0.000,0.001,-0.004) 最终目标=(0.000,0.011,-0.138) 指令位置=(0.000,0.011,-0.138) 指令速度=(0.000,0.000,0.000) 指令加速度=(0.000,0.000,0.000) 滚转角=-0.07度 俯仰角=0.11度
09:03:41.899371 [轨迹] 序号=110 单调时间=1852.918768 时间=1852.919 模式=AUTO.LOITER 起飞状态=未执行起飞 水平控制=位置保持 类型掩码=3520 实际位置NED=(0.000,0.011,-0.138) 实际速度=(0.000,0.001,-0.004) 最终目标=(0.000,0.011,-0.138) 指令位置=(0.000,0.011,-0.138) 指令速度=(0.000,0.000,0.000) 指令加速度=(0.000,0.000,0.000) 滚转角=-0.07度 俯仰角=0.11度
09:03:42.002606 [轨迹] 序号=111 单调时间=1853.021966 时间=1853.022 模式=AUTO.LOITER 起飞状态=未执行起飞 水平控制=位置保持 类型掩码=3520 实际位置NED=(0.000,0.011,-0.138) 实际速度=(0.000,0.001,-0.004) 最终目标=(0.000,0.011,-0.138) 指令位置=(0.000,0.011,-0.138) 指令速度=(0.000,0.000,0.000) 指令加速度=(0.000,0.000,0.000) 滚转角=-0.07度 俯仰角=0.11度
09:03:42.106684 [轨迹] 序号=112 单调时间=1853.126004 时间=1853.126 模式=AUTO.LOITER 起飞状态=未执行起飞 水平控制=位置保持 类型掩码=3520 实际位置NED=(0.000,0.011,-0.138) 实际速度=(0.000,0.001,-0.004) 最终目标=(0.000,0.011,-0.138) 指令位置=(0.000,0.011,-0.138) 指令速度=(0.000,0.000,0.000) 指令加速度=(0.000,0.000,0.000) 滚转角=-0.07度 俯仰角=0.11度
09:03:42.210164 [轨迹] 序号=113 单调时间=1853.229538 时间=1853.230 模式=AUTO.LOITER 起飞状态=未执行起飞 水平控制=位置保持 类型掩码=3520 实际位置NED=(0.000,0.011,-0.138) 实际速度=(0.000,0.001,-0.004) 最终目标=(0.000,0.011,-0.138) 指令位置=(0.000,0.011,-0.138) 指令速度=(0.000,0.000,0.000) 指令加速度=(0.000,0.000,0.000) 滚转角=-0.08度 俯仰角=0.11度
09:03:42.313515 [轨迹] 序号=114 单调时间=1853.332848 时间=1853.333 模式=AUTO.LOITER 起飞状态=未执行起飞 水平控制=位置保持 类型掩码=3520 实际位置NED=(0.000,0.011,-0.138) 实际速度=(-0.000,0.001,-0.003) 最终目标=(0.000,0.011,-0.138) 指令位置=(0.000,0.011,-0.138) 指令速度=(0.000,0.000,0.000) 指令加速度=(0.000,0.000,0.000) 滚转角=-0.08度 俯仰角=0.11度
09:03:42.417433 [轨迹] 序号=115 单调时间=1853.436734 时间=1853.437 模式=AUTO.LOITER 起飞状态=未执行起飞 水平控制=位置保持 类型掩码=3520 实际位置NED=(0.000,0.011,-0.137) 实际速度=(-0.000,0.001,-0.003) 最终目标=(0.000,0.011,-0.137) 指令位置=(0.000,0.011,-0.137) 指令速度=(0.000,0.000,0.000) 指令加速度=(0.000,0.000,0.000) 滚转角=-0.08度 俯仰角=0.11度
09:03:42.520672 [轨迹] 序号=116 单调时间=1853.540036 时间=1853.540 模式=AUTO.LOITER 起飞状态=未执行起飞 水平控制=位置保持 类型掩码=3520 实际位置NED=(0.000,0.011,-0.137) 实际速度=(-0.000,0.001,-0.003) 最终目标=(0.000,0.011,-0.137) 指令位置=(0.000,0.011,-0.137) 指令速度=(0.000,0.000,0.000) 指令加速度=(0.000,0.000,0.000) 滚转角=-0.08度 俯仰角=0.11度
09:03:42.623761 [轨迹] 序号=117 单调时间=1853.643130 时间=1853.643 模式=AUTO.LOITER 起飞状态=未执行起飞 水平控制=位置保持 类型掩码=3520 实际位置NED=(0.000,0.011,-0.137) 实际速度=(-0.000,0.001,-0.003) 最终目标=(0.000,0.011,-0.137) 指令位置=(0.000,0.011,-0.137) 指令速度=(0.000,0.000,0.000) 指令加速度=(0.000,0.000,0.000) 滚转角=-0.08度 俯仰角=0.11度
09:03:42.726991 [轨迹] 序号=118 单调时间=1853.746342 时间=1853.746 模式=AUTO.LOITER 起飞状态=未执行起飞 水平控制=位置保持 类型掩码=3520 实际位置NED=(-0.000,0.011,-0.137) 实际速度=(-0.000,0.001,-0.003) 最终目标=(-0.000,0.011,-0.137) 指令位置=(-0.000,0.011,-0.137) 指令速度=(0.000,0.000,0.000) 指令加速度=(0.000,0.000,0.000) 滚转角=-0.08度 俯仰角=0.11度
09:03:42.830071 [轨迹] 序号=119 单调时间=1853.849375 时间=1853.849 模式=AUTO.LOITER 起飞状态=未执行起飞 水平控制=位置保持 类型掩码=3520 实际位置NED=(-0.000,0.011,-0.137) 实际速度=(-0.000,0.001,-0.003) 最终目标=(-0.000,0.011,-0.137) 指令位置=(-0.000,0.011,-0.137) 指令速度=(0.000,0.000,0.000) 指令加速度=(0.000,0.000,0.000) 滚转角=-0.08度 俯仰角=0.11度
09:03:42.934378 [轨迹] 序号=120 单调时间=1853.953776 时间=1853.954 模式=AUTO.LOITER 起飞状态=未执行起飞 水平控制=位置保持 类型掩码=3520 实际位置NED=(-0.000,0.011,-0.137) 实际速度=(-0.000,0.001,-0.003) 最终目标=(-0.000,0.011,-0.137) 指令位置=(-0.000,0.011,-0.137) 指令速度=(0.000,0.000,0.000) 指令加速度=(0.000,0.000,0.000) 滚转角=-0.08度 俯仰角=0.11度
09:03:43.037508 [轨迹] 序号=121 单调时间=1854.056810 时间=1854.057 模式=AUTO.LOITER 起飞状态=未执行起飞 水平控制=位置保持 类型掩码=3520 实际位置NED=(-0.000,0.011,-0.137) 实际速度=(0.000,0.001,-0.002) 最终目标=(-0.000,0.011,-0.137) 指令位置=(-0.000,0.011,-0.137) 指令速度=(0.000,0.000,0.000) 指令加速度=(0.000,0.000,0.000) 滚转角=-0.08度 俯仰角=0.11度
09:03:43.141157 [轨迹] 序号=122 单调时间=1854.160495 时间=1854.160 模式=AUTO.LOITER 起飞状态=未执行起飞 水平控制=位置保持 类型掩码=3520 实际位置NED=(-0.000,0.011,-0.137) 实际速度=(0.000,0.001,-0.002) 最终目标=(-0.000,0.011,-0.137) 指令位置=(-0.000,0.011,-0.137) 指令速度=(0.000,0.000,0.000) 指令加速度=(0.000,0.000,0.000) 滚转角=-0.08度 俯仰角=0.11度
09:03:43.244354 [轨迹] 序号=123 单调时间=1854.263736 时间=1854.264 模式=AUTO.LOITER 起飞状态=未执行起飞 水平控制=位置保持 类型掩码=3520 实际位置NED=(-0.000,0.011,-0.137) 实际速度=(0.000,0.001,-0.002) 最终目标=(-0.000,0.011,-0.137) 指令位置=(-0.000,0.011,-0.137) 指令速度=(0.000,0.000,0.000) 指令加速度=(0.000,0.000,0.000) 滚转角=-0.08度 俯仰角=0.11度
09:03:43.347693 [轨迹] 序号=124 单调时间=1854.366915 时间=1854.367 模式=AUTO.LOITER 起飞状态=未执行起飞 水平控制=位置保持 类型掩码=3520 实际位置NED=(-0.000,0.011,-0.137) 实际速度=(0.000,0.000,-0.002) 最终目标=(-0.000,0.011,-0.137) 指令位置=(-0.000,0.011,-0.137) 指令速度=(0.000,0.000,0.000) 指令加速度=(0.000,0.000,0.000) 滚转角=-0.08度 俯仰角=0.11度
09:03:43.451248 [轨迹] 序号=125 单调时间=1854.470258 时间=1854.470 模式=AUTO.LOITER 起飞状态=未执行起飞 水平控制=位置保持 类型掩码=3520 实际位置NED=(-0.001,0.011,-0.137) 实际速度=(0.000,0.000,-0.002) 最终目标=(-0.001,0.011,-0.137) 指令位置=(-0.001,0.011,-0.137) 指令速度=(0.000,0.000,0.000) 指令加速度=(0.000,0.000,0.000) 滚转角=-0.08度 俯仰角=0.11度
09:03:43.554311 [轨迹] 序号=126 单调时间=1854.573685 时间=1854.574 模式=AUTO.LOITER 起飞状态=未执行起飞 水平控制=位置保持 类型掩码=3520 实际位置NED=(-0.001,0.011,-0.136) 实际速度=(0.000,0.000,-0.002) 最终目标=(-0.001,0.011,-0.136) 指令位置=(-0.001,0.011,-0.136) 指令速度=(0.000,0.000,0.000) 指令加速度=(0.000,0.000,0.000) 滚转角=-0.08度 俯仰角=0.11度
09:03:43.657904 [轨迹] 序号=127 单调时间=1854.677272 时间=1854.677 模式=AUTO.LOITER 起飞状态=未执行起飞 水平控制=位置保持 类型掩码=3520 实际位置NED=(-0.001,0.011,-0.136) 实际速度=(0.000,0.000,-0.002) 最终目标=(-0.001,0.011,-0.136) 指令位置=(-0.001,0.011,-0.136) 指令速度=(0.000,0.000,0.000) 指令加速度=(0.000,0.000,0.000) 滚转角=-0.08度 俯仰角=0.11度
09:03:43.761633 [轨迹] 序号=128 单调时间=1854.781001 时间=1854.781 模式=AUTO.LOITER 起飞状态=未执行起飞 水平控制=位置保持 类型掩码=3520 实际位置NED=(-0.001,0.011,-0.136) 实际速度=(0.000,0.000,-0.001) 最终目标=(-0.001,0.011,-0.136) 指令位置=(-0.001,0.011,-0.136) 指令速度=(0.000,0.000,0.000) 指令加速度=(0.000,0.000,0.000) 滚转角=-0.08度 俯仰角=0.11度
09:03:43.864617 [轨迹] 序号=129 单调时间=1854.884062 时间=1854.884 模式=AUTO.LOITER 起飞状态=未执行起飞 水平控制=位置保持 类型掩码=3520 实际位置NED=(-0.001,0.011,-0.136) 实际速度=(0.000,0.000,-0.001) 最终目标=(-0.001,0.011,-0.136) 指令位置=(-0.001,0.011,-0.136) 指令速度=(0.000,0.000,0.000) 指令加速度=(0.000,0.000,0.000) 滚转角=-0.08度 俯仰角=0.11度
09:03:43.967554 [轨迹] 序号=130 单调时间=1854.986911 时间=1854.987 模式=AUTO.LOITER 起飞状态=未执行起飞 水平控制=位置保持 类型掩码=3520 实际位置NED=(-0.001,0.011,-0.136) 实际速度=(0.000,0.000,-0.001) 最终目标=(-0.001,0.011,-0.136) 指令位置=(-0.001,0.011,-0.136) 指令速度=(0.000,0.000,0.000) 指令加速度=(0.000,0.000,0.000) 滚转角=-0.08度 俯仰角=0.11度
09:03:44.070953 [轨迹] 序号=131 单调时间=1855.090415 时间=1855.090 模式=AUTO.LOITER 起飞状态=未执行起飞 水平控制=位置保持 类型掩码=3520 实际位置NED=(-0.001,0.011,-0.136) 实际速度=(0.000,0.000,-0.001) 最终目标=(-0.001,0.011,-0.136) 指令位置=(-0.001,0.011,-0.136) 指令速度=(0.000,0.000,0.000) 指令加速度=(0.000,0.000,0.000) 滚转角=-0.08度 俯仰角=0.11度
09:03:44.173861 [轨迹] 序号=132 单调时间=1855.193180 时间=1855.193 模式=AUTO.LOITER 起飞状态=未执行起飞 水平控制=位置保持 类型掩码=3520 实际位置NED=(-0.001,0.011,-0.135) 实际速度=(0.000,0.000,-0.001) 最终目标=(-0.001,0.011,-0.135) 指令位置=(-0.001,0.011,-0.135) 指令速度=(0.000,0.000,0.000) 指令加速度=(0.000,0.000,0.000) 滚转角=-0.08度 俯仰角=0.11度
09:03:44.277036 [轨迹] 序号=133 单调时间=1855.296432 时间=1855.296 模式=AUTO.LOITER 起飞状态=未执行起飞 水平控制=位置保持 类型掩码=3520 实际位置NED=(-0.001,0.011,-0.135) 实际速度=(0.000,0.000,-0.000) 最终目标=(-0.001,0.011,-0.135) 指令位置=(-0.001,0.011,-0.135) 指令速度=(0.000,0.000,0.000) 指令加速度=(0.000,0.000,0.000) 滚转角=-0.08度 俯仰角=0.11度
09:03:44.380011 [轨迹] 序号=134 单调时间=1855.399330 时间=1855.399 模式=AUTO.LOITER 起飞状态=未执行起飞 水平控制=位置保持 类型掩码=3520 实际位置NED=(-0.002,0.011,-0.135) 实际速度=(0.000,0.000,-0.000) 最终目标=(-0.002,0.011,-0.135) 指令位置=(-0.002,0.011,-0.135) 指令速度=(0.000,0.000,0.000) 指令加速度=(0.000,0.000,0.000) 滚转角=-0.08度 俯仰角=0.11度
09:03:44.483128 [轨迹] 序号=135 单调时间=1855.502517 时间=1855.503 模式=AUTO.LOITER 起飞状态=未执行起飞 水平控制=位置保持 类型掩码=3520 实际位置NED=(-0.002,0.011,-0.135) 实际速度=(0.000,0.000,-0.000) 最终目标=(-0.002,0.011,-0.135) 指令位置=(-0.002,0.011,-0.135) 指令速度=(0.000,0.000,0.000) 指令加速度=(0.000,0.000,0.000) 滚转角=-0.08度 俯仰角=0.11度
09:03:44.586904 [轨迹] 序号=136 单调时间=1855.606194 时间=1855.606 模式=AUTO.LOITER 起飞状态=未执行起飞 水平控制=位置保持 类型掩码=3520 实际位置NED=(-0.002,0.011,-0.135) 实际速度=(0.000,0.000,0.000) 最终目标=(-0.002,0.011,-0.135) 指令位置=(-0.002,0.011,-0.135) 指令速度=(0.000,0.000,0.000) 指令加速度=(0.000,0.000,0.000) 滚转角=-0.08度 俯仰角=0.10度
09:03:44.696332 [轨迹] 序号=137 单调时间=1855.712496 时间=1855.712 模式=AUTO.LOITER 起飞状态=未执行起飞 水平控制=位置保持 类型掩码=3520 实际位置NED=(-0.002,0.011,-0.135) 实际速度=(0.000,0.000,0.000) 最终目标=(-0.002,0.011,-0.135) 指令位置=(-0.002,0.011,-0.135) 指令速度=(0.000,0.000,0.000) 指令加速度=(0.000,0.000,0.000) 滚转角=-0.08度 俯仰角=0.11度
09:03:44.795720 [轨迹] 序号=138 单调时间=1855.814604 时间=1855.815 模式=AUTO.LOITER 起飞状态=未执行起飞 水平控制=位置保持 类型掩码=3520 实际位置NED=(-0.002,0.011,-0.135) 实际速度=(0.000,0.000,0.000) 最终目标=(-0.002,0.011,-0.135) 指令位置=(-0.002,0.011,-0.135) 指令速度=(0.000,0.000,0.000) 指令加速度=(0.000,0.000,0.000) 滚转角=-0.08度 俯仰角=0.11度
09:03:44.898675 [轨迹] 序号=139 单调时间=1855.917965 时间=1855.918 模式=AUTO.LOITER 起飞状态=未执行起飞 水平控制=位置保持 类型掩码=3520 实际位置NED=(-0.002,0.011,-0.134) 实际速度=(0.000,0.000,0.000) 最终目标=(-0.002,0.011,-0.134) 指令位置=(-0.002,0.011,-0.134) 指令速度=(0.000,0.000,0.000) 指令加速度=(0.000,0.000,0.000) 滚转角=-0.08度 俯仰角=0.11度
09:03:45.002496 [轨迹] 序号=140 单调时间=1856.021835 时间=1856.022 模式=AUTO.LOITER 起飞状态=未执行起飞 水平控制=位置保持 类型掩码=3520 实际位置NED=(-0.002,0.011,-0.134) 实际速度=(0.000,0.000,0.000) 最终目标=(-0.002,0.011,-0.134) 指令位置=(-0.002,0.011,-0.134) 指令速度=(0.000,0.000,0.000) 指令加速度=(0.000,0.000,0.000) 滚转角=-0.08度 俯仰角=0.11度
09:03:45.105635 [轨迹] 序号=141 单调时间=1856.125027 时间=1856.125 模式=AUTO.LOITER 起飞状态=未执行起飞 水平控制=位置保持 类型掩码=3520 实际位置NED=(-0.002,0.011,-0.134) 实际速度=(0.000,0.000,0.000) 最终目标=(-0.002,0.011,-0.134) 指令位置=(-0.002,0.011,-0.134) 指令速度=(0.000,0.000,0.000) 指令加速度=(0.000,0.000,0.000) 滚转角=-0.08度 俯仰角=0.11度
09:03:45.209155 [轨迹] 序号=142 单调时间=1856.228516 时间=1856.229 模式=AUTO.LOITER 起飞状态=未执行起飞 水平控制=位置保持 类型掩码=3520 实际位置NED=(-0.002,0.011,-0.134) 实际速度=(0.000,0.000,0.000) 最终目标=(-0.002,0.011,-0.134) 指令位置=(-0.002,0.011,-0.134) 指令速度=(0.000,0.000,0.000) 指令加速度=(0.000,0.000,0.000) 滚转角=-0.08度 俯仰角=0.11度
09:03:45.312526 [轨迹] 序号=143 单调时间=1856.331869 时间=1856.332 模式=AUTO.LOITER 起飞状态=未执行起飞 水平控制=位置保持 类型掩码=3520 实际位置NED=(-0.002,0.011,-0.134) 实际速度=(0.000,0.000,0.000) 最终目标=(-0.002,0.011,-0.134) 指令位置=(-0.002,0.011,-0.134) 指令速度=(0.000,0.000,0.000) 指令加速度=(0.000,0.000,0.000) 滚转角=-0.08度 俯仰角=0.11度
09:03:45.415836 [轨迹] 序号=144 单调时间=1856.435181 时间=1856.435 模式=AUTO.LOITER 起飞状态=未执行起飞 水平控制=位置保持 类型掩码=3520 实际位置NED=(-0.002,0.011,-0.134) 实际速度=(0.000,0.001,0.001) 最终目标=(-0.002,0.011,-0.134) 指令位置=(-0.002,0.011,-0.134) 指令速度=(0.000,0.000,0.000) 指令加速度=(0.000,0.000,0.000) 滚转角=-0.08度 俯仰角=0.11度
09:03:45.519083 [轨迹] 序号=145 单调时间=1856.538464 时间=1856.538 模式=AUTO.LOITER 起飞状态=未执行起飞 水平控制=位置保持 类型掩码=3520 实际位置NED=(-0.002,0.012,-0.134) 实际速度=(0.000,0.001,0.000) 最终目标=(-0.002,0.012,-0.134) 指令位置=(-0.002,0.012,-0.134) 指令速度=(0.000,0.000,0.000) 指令加速度=(0.000,0.000,0.000) 滚转角=-0.08度 俯仰角=0.11度
09:03:45.621846 [轨迹] 序号=146 单调时间=1856.641339 时间=1856.641 模式=AUTO.LOITER 起飞状态=未执行起飞 水平控制=位置保持 类型掩码=3520 实际位置NED=(-0.002,0.012,-0.134) 实际速度=(0.000,0.001,0.000) 最终目标=(-0.002,0.012,-0.134) 指令位置=(-0.002,0.012,-0.134) 指令速度=(0.000,0.000,0.000) 指令加速度=(0.000,0.000,0.000) 滚转角=-0.08度 俯仰角=0.11度
09:03:45.725184 [轨迹] 序号=147 单调时间=1856.744571 时间=1856.745 模式=AUTO.LOITER 起飞状态=未执行起飞 水平控制=位置保持 类型掩码=3520 实际位置NED=(-0.002,0.012,-0.134) 实际速度=(0.000,0.001,0.000) 最终目标=(-0.002,0.012,-0.134) 指令位置=(-0.002,0.012,-0.134) 指令速度=(0.000,0.000,0.000) 指令加速度=(0.000,0.000,0.000) 滚转角=-0.08度 俯仰角=0.11度
09:03:45.828931 [轨迹] 序号=148 单调时间=1856.848278 时间=1856.848 模式=AUTO.LOITER 起飞状态=未执行起飞 水平控制=位置保持 类型掩码=3520 实际位置NED=(-0.002,0.012,-0.134) 实际速度=(0.000,0.001,0.000) 最终目标=(-0.002,0.012,-0.134) 指令位置=(-0.002,0.012,-0.134) 指令速度=(0.000,0.000,0.000) 指令加速度=(0.000,0.000,0.000) 滚转角=-0.08度 俯仰角=0.11度
09:03:45.932669 [轨迹] 序号=149 单调时间=1856.952095 时间=1856.952 模式=AUTO.LOITER 起飞状态=未执行起飞 水平控制=位置保持 类型掩码=3520 实际位置NED=(-0.002,0.012,-0.134) 实际速度=(0.000,0.001,0.000) 最终目标=(-0.002,0.012,-0.134) 指令位置=(-0.002,0.012,-0.134) 指令速度=(0.000,0.000,0.000) 指令加速度=(0.000,0.000,0.000) 滚转角=-0.08度 俯仰角=0.11度
09:03:46.035694 [轨迹] 序号=150 单调时间=1857.055022 时间=1857.055 模式=AUTO.LOITER 起飞状态=未执行起飞 水平控制=位置保持 类型掩码=3520 实际位置NED=(-0.002,0.012,-0.134) 实际速度=(0.000,0.001,0.000) 最终目标=(-0.002,0.012,-0.134) 指令位置=(-0.002,0.012,-0.134) 指令速度=(0.000,0.000,0.000) 指令加速度=(0.000,0.000,0.000) 滚转角=-0.08度 俯仰角=0.11度
09:03:46.138700 [轨迹] 序号=151 单调时间=1857.158046 时间=1857.158 模式=AUTO.LOITER 起飞状态=未执行起飞 水平控制=位置保持 类型掩码=3520 实际位置NED=(-0.002,0.012,-0.134) 实际速度=(0.001,0.001,0.000) 最终目标=(-0.002,0.012,-0.134) 指令位置=(-0.002,0.012,-0.134) 指令速度=(0.000,0.000,0.000) 指令加速度=(0.000,0.000,0.000) 滚转角=-0.08度 俯仰角=0.11度
09:03:46.242131 [轨迹] 序号=152 单调时间=1857.261356 时间=1857.261 模式=AUTO.LOITER 起飞状态=未执行起飞 水平控制=位置保持 类型掩码=3520 实际位置NED=(-0.002,0.013,-0.134) 实际速度=(0.001,0.001,0.000) 最终目标=(-0.002,0.013,-0.134) 指令位置=(-0.002,0.013,-0.134) 指令速度=(0.000,0.000,0.000) 指令加速度=(0.000,0.000,0.000) 滚转角=-0.08度 俯仰角=0.11度
09:03:46.346076 [轨迹] 序号=153 单调时间=1857.365452 时间=1857.365 模式=AUTO.LOITER 起飞状态=未执行起飞 水平控制=位置保持 类型掩码=3520 实际位置NED=(-0.002,0.013,-0.134) 实际速度=(0.001,0.001,0.000) 最终目标=(-0.002,0.013,-0.134) 指令位置=(-0.002,0.013,-0.134) 指令速度=(0.000,0.000,0.000) 指令加速度=(0.000,0.000,0.000) 滚转角=-0.08度 俯仰角=0.11度
09:03:46.448992 [轨迹] 序号=154 单调时间=1857.468430 时间=1857.468 模式=AUTO.LOITER 起飞状态=未执行起飞 水平控制=位置保持 类型掩码=3520 实际位置NED=(-0.002,0.013,-0.134) 实际速度=(0.001,0.001,0.000) 最终目标=(-0.002,0.013,-0.134) 指令位置=(-0.002,0.013,-0.134) 指令速度=(0.000,0.000,0.000) 指令加速度=(0.000,0.000,0.000) 滚转角=-0.08度 俯仰角=0.11度
09:03:46.550786 [轨迹] 序号=155 单调时间=1857.570000 时间=1857.570 模式=AUTO.LOITER 起飞状态=未执行起飞 水平控制=位置保持 类型掩码=3520 实际位置NED=(-0.002,0.013,-0.134) 实际速度=(0.001,0.001,0.000) 最终目标=(-0.002,0.013,-0.134) 指令位置=(-0.002,0.013,-0.134) 指令速度=(0.000,0.000,0.000) 指令加速度=(0.000,0.000,0.000) 滚转角=-0.08度 俯仰角=0.11度
09:03:46.653747 [轨迹] 序号=156 单调时间=1857.673170 时间=1857.673 模式=AUTO.LOITER 起飞状态=未执行起飞 水平控制=位置保持 类型掩码=3520 实际位置NED=(-0.001,0.013,-0.134) 实际速度=(0.001,0.001,-0.000) 最终目标=(-0.001,0.013,-0.134) 指令位置=(-0.001,0.013,-0.134) 指令速度=(0.000,0.000,0.000) 指令加速度=(0.000,0.000,0.000) 滚转角=-0.08度 俯仰角=0.11度
09:03:46.758262 [轨迹] 序号=157 单调时间=1857.777535 时间=1857.778 模式=AUTO.LOITER 起飞状态=未执行起飞 水平控制=位置保持 类型掩码=3520 实际位置NED=(-0.001,0.013,-0.134) 实际速度=(0.000,0.001,-0.000) 最终目标=(-0.001,0.013,-0.134) 指令位置=(-0.001,0.013,-0.134) 指令速度=(0.000,0.000,0.000) 指令加速度=(0.000,0.000,0.000) 滚转角=-0.08度 俯仰角=0.11度
09:03:46.862341 [轨迹] 序号=158 单调时间=1857.881607 时间=1857.882 模式=AUTO.LOITER 起飞状态=未执行起飞 水平控制=位置保持 类型掩码=3520 实际位置NED=(-0.001,0.013,-0.134) 实际速度=(0.000,0.001,-0.000) 最终目标=(-0.001,0.013,-0.134) 指令位置=(-0.001,0.013,-0.134) 指令速度=(0.000,0.000,0.000) 指令加速度=(0.000,0.000,0.000) 滚转角=-0.08度 俯仰角=0.11度
09:03:46.965632 [轨迹] 序号=159 单调时间=1857.984966 时间=1857.985 模式=AUTO.LOITER 起飞状态=未执行起飞 水平控制=位置保持 类型掩码=3520 实际位置NED=(-0.001,0.013,-0.134) 实际速度=(0.000,0.000,-0.000) 最终目标=(-0.001,0.013,-0.134) 指令位置=(-0.001,0.013,-0.134) 指令速度=(0.000,0.000,0.000) 指令加速度=(0.000,0.000,0.000) 滚转角=-0.08度 俯仰角=0.11度
09:03:47.068535 [轨迹] 序号=160 单调时间=1858.087972 时间=1858.088 模式=AUTO.LOITER 起飞状态=未执行起飞 水平控制=位置保持 类型掩码=3520 实际位置NED=(-0.001,0.013,-0.134) 实际速度=(0.000,0.000,-0.001) 最终目标=(-0.001,0.013,-0.134) 指令位置=(-0.001,0.013,-0.134) 指令速度=(0.000,0.000,0.000) 指令加速度=(0.000,0.000,0.000) 滚转角=-0.08度 俯仰角=0.11度
09:03:47.171478 [轨迹] 序号=161 单调时间=1858.191001 时间=1858.191 模式=AUTO.LOITER 起飞状态=未执行起飞 水平控制=位置保持 类型掩码=3520 实际位置NED=(-0.001,0.013,-0.134) 实际速度=(0.000,0.000,-0.001) 最终目标=(-0.001,0.013,-0.134) 指令位置=(-0.001,0.013,-0.134) 指令速度=(0.000,0.000,0.000) 指令加速度=(0.000,0.000,0.000) 滚转角=-0.08度 俯仰角=0.11度
09:03:47.274689 [轨迹] 序号=162 单调时间=1858.294027 时间=1858.294 模式=AUTO.LOITER 起飞状态=未执行起飞 水平控制=位置保持 类型掩码=3520 实际位置NED=(-0.001,0.013,-0.134) 实际速度=(0.000,0.000,-0.001) 最终目标=(-0.001,0.013,-0.134) 指令位置=(-0.001,0.013,-0.134) 指令速度=(0.000,0.000,0.000) 指令加速度=(0.000,0.000,0.000) 滚转角=-0.08度 俯仰角=0.11度
09:03:47.377876 [轨迹] 序号=163 单调时间=1858.397115 时间=1858.397 模式=AUTO.LOITER 起飞状态=未执行起飞 水平控制=位置保持 类型掩码=3520 实际位置NED=(-0.001,0.014,-0.134) 实际速度=(0.000,0.000,-0.001) 最终目标=(-0.001,0.014,-0.134) 指令位置=(-0.001,0.014,-0.134) 指令速度=(0.000,0.000,0.000) 指令加速度=(0.000,0.000,0.000) 滚转角=-0.08度 俯仰角=0.11度
09:03:47.481604 [轨迹] 序号=164 单调时间=1858.500941 时间=1858.501 模式=AUTO.LOITER 起飞状态=未执行起飞 水平控制=位置保持 类型掩码=3520 实际位置NED=(-0.001,0.014,-0.134) 实际速度=(0.000,0.001,-0.001) 最终目标=(-0.001,0.014,-0.134) 指令位置=(-0.001,0.014,-0.134) 指令速度=(0.000,0.000,0.000) 指令加速度=(0.000,0.000,0.000) 滚转角=-0.08度 俯仰角=0.11度
09:03:47.584716 [轨迹] 序号=165 单调时间=1858.604100 时间=1858.604 模式=AUTO.LOITER 起飞状态=未执行起飞 水平控制=位置保持 类型掩码=3520 实际位置NED=(-0.001,0.014,-0.134) 实际速度=(0.000,0.000,-0.001) 最终目标=(-0.001,0.014,-0.134) 指令位置=(-0.001,0.014,-0.134) 指令速度=(0.000,0.000,0.000) 指令加速度=(0.000,0.000,0.000) 滚转角=-0.08度 俯仰角=0.11度
09:03:47.687760 [轨迹] 序号=166 单调时间=1858.707186 时间=1858.707 模式=AUTO.LOITER 起飞状态=未执行起飞 水平控制=位置保持 类型掩码=3520 实际位置NED=(-0.001,0.014,-0.135) 实际速度=(0.000,0.000,-0.001) 最终目标=(-0.001,0.014,-0.135) 指令位置=(-0.001,0.014,-0.135) 指令速度=(0.000,0.000,0.000) 指令加速度=(0.000,0.000,0.000) 滚转角=-0.08度 俯仰角=0.11度
09:03:47.791213 [轨迹] 序号=167 单调时间=1858.810513 时间=1858.811 模式=AUTO.LOITER 起飞状态=未执行起飞 水平控制=位置保持 类型掩码=3520 实际位置NED=(-0.001,0.014,-0.135) 实际速度=(0.000,0.000,-0.001) 最终目标=(-0.001,0.014,-0.135) 指令位置=(-0.001,0.014,-0.135) 指令速度=(0.000,0.000,0.000) 指令加速度=(0.000,0.000,0.000) 滚转角=-0.08度 俯仰角=0.11度
09:03:47.894782 [轨迹] 序号=168 单调时间=1858.914123 时间=1858.914 模式=AUTO.LOITER 起飞状态=未执行起飞 水平控制=位置保持 类型掩码=3520 实际位置NED=(-0.001,0.014,-0.135) 实际速度=(0.000,0.000,-0.001) 最终目标=(-0.001,0.014,-0.135) 指令位置=(-0.001,0.014,-0.135) 指令速度=(0.000,0.000,0.000) 指令加速度=(0.000,0.000,0.000) 滚转角=-0.08度 俯仰角=0.11度
09:03:47.997907 [轨迹] 序号=169 单调时间=1859.017339 时间=1859.017 模式=AUTO.LOITER 起飞状态=未执行起飞 水平控制=位置保持 类型掩码=3520 实际位置NED=(-0.001,0.014,-0.135) 实际速度=(0.000,0.000,-0.001) 最终目标=(-0.001,0.014,-0.135) 指令位置=(-0.001,0.014,-0.135) 指令速度=(0.000,0.000,0.000) 指令加速度=(0.000,0.000,0.000) 滚转角=-0.08度 俯仰角=0.11度
09:03:48.101905 [轨迹] 序号=170 单调时间=1859.121317 时间=1859.121 模式=AUTO.LOITER 起飞状态=未执行起飞 水平控制=位置保持 类型掩码=3520 实际位置NED=(-0.001,0.014,-0.135) 实际速度=(0.000,0.000,-0.001) 最终目标=(-0.001,0.014,-0.135) 指令位置=(-0.001,0.014,-0.135) 指令速度=(0.000,0.000,0.000) 指令加速度=(0.000,0.000,0.000) 滚转角=-0.08度 俯仰角=0.11度
09:03:48.205570 [轨迹] 序号=171 单调时间=1859.224886 时间=1859.225 模式=AUTO.LOITER 起飞状态=未执行起飞 水平控制=位置保持 类型掩码=3520 实际位置NED=(-0.001,0.014,-0.135) 实际速度=(0.000,0.001,-0.001) 最终目标=(-0.001,0.014,-0.135) 指令位置=(-0.001,0.014,-0.135) 指令速度=(0.000,0.000,0.000) 指令加速度=(0.000,0.000,0.000) 滚转角=-0.08度 俯仰角=0.11度
09:03:48.309224 [轨迹] 序号=172 单调时间=1859.328632 时间=1859.329 模式=AUTO.LOITER 起飞状态=未执行起飞 水平控制=位置保持 类型掩码=3520 实际位置NED=(-0.001,0.014,-0.135) 实际速度=(0.000,0.001,-0.001) 最终目标=(-0.001,0.014,-0.135) 指令位置=(-0.001,0.014,-0.135) 指令速度=(0.000,0.000,0.000) 指令加速度=(0.000,0.000,0.000) 滚转角=-0.08度 俯仰角=0.11度
09:03:48.412311 [轨迹] 序号=173 单调时间=1859.431662 时间=1859.432 模式=AUTO.LOITER 起飞状态=未执行起飞 水平控制=位置保持 类型掩码=3520 实际位置NED=(-0.001,0.015,-0.135) 实际速度=(0.000,0.001,-0.001) 最终目标=(-0.001,0.015,-0.135) 指令位置=(-0.001,0.015,-0.135) 指令速度=(0.000,0.000,0.000) 指令加速度=(0.000,0.000,0.000) 滚转角=-0.08度 俯仰角=0.11度
09:03:48.515298 [轨迹] 序号=174 单调时间=1859.534591 时间=1859.535 模式=AUTO.LOITER 起飞状态=未执行起飞 水平控制=位置保持 类型掩码=3520 实际位置NED=(-0.001,0.015,-0.135) 实际速度=(0.000,0.001,-0.001) 最终目标=(-0.001,0.015,-0.135) 指令位置=(-0.001,0.015,-0.135) 指令速度=(0.000,0.000,0.000) 指令加速度=(0.000,0.000,0.000) 滚转角=-0.08度 俯仰角=0.10度
09:03:48.617677 [轨迹] 序号=175 单调时间=1859.637012 时间=1859.637 模式=AUTO.LOITER 起飞状态=未执行起飞 水平控制=位置保持 类型掩码=3520 实际位置NED=(-0.001,0.015,-0.135) 实际速度=(0.000,0.001,-0.001) 最终目标=(-0.001,0.015,-0.135) 指令位置=(-0.001,0.015,-0.135) 指令速度=(0.000,0.000,0.000) 指令加速度=(0.000,0.000,0.000) 滚转角=-0.08度 俯仰角=0.10度
09:03:48.721263 [轨迹] 序号=176 单调时间=1859.740636 时间=1859.741 模式=AUTO.LOITER 起飞状态=未执行起飞 水平控制=位置保持 类型掩码=3520 实际位置NED=(-0.000,0.015,-0.135) 实际速度=(0.001,0.001,-0.001) 最终目标=(-0.000,0.015,-0.135) 指令位置=(-0.000,0.015,-0.135) 指令速度=(0.000,0.000,0.000) 指令加速度=(0.000,0.000,0.000) 滚转角=-0.08度 俯仰角=0.10度
09:03:48.824419 [轨迹] 序号=177 单调时间=1859.843771 时间=1859.844 模式=AUTO.LOITER 起飞状态=未执行起飞 水平控制=位置保持 类型掩码=3520 实际位置NED=(-0.000,0.015,-0.135) 实际速度=(0.001,0.001,-0.001) 最终目标=(-0.000,0.015,-0.135) 指令位置=(-0.000,0.015,-0.135) 指令速度=(0.000,0.000,0.000) 指令加速度=(0.000,0.000,0.000) 滚转角=-0.08度 俯仰角=0.10度
09:03:48.927259 [轨迹] 序号=178 单调时间=1859.946637 时间=1859.947 模式=AUTO.LOITER 起飞状态=未执行起飞 水平控制=位置保持 类型掩码=3520 实际位置NED=(-0.000,0.015,-0.135) 实际速度=(0.001,0.001,-0.001) 最终目标=(-0.000,0.015,-0.135) 指令位置=(-0.000,0.015,-0.135) 指令速度=(0.000,0.000,0.000) 指令加速度=(0.000,0.000,0.000) 滚转角=-0.08度 俯仰角=0.10度
09:03:49.031051 [轨迹] 序号=179 单调时间=1860.050530 时间=1860.051 模式=AUTO.LOITER 起飞状态=未执行起飞 水平控制=位置保持 类型掩码=3520 实际位置NED=(-0.000,0.015,-0.135) 实际速度=(0.001,0.001,-0.001) 最终目标=(-0.000,0.015,-0.135) 指令位置=(-0.000,0.015,-0.135) 指令速度=(0.000,0.000,0.000) 指令加速度=(0.000,0.000,0.000) 滚转角=-0.08度 俯仰角=0.10度
09:03:49.133854 [轨迹] 序号=180 单调时间=1860.153341 时间=1860.153 模式=AUTO.LOITER 起飞状态=未执行起飞 水平控制=位置保持 类型掩码=3520 实际位置NED=(-0.000,0.015,-0.136) 实际速度=(0.001,0.001,-0.001) 最终目标=(-0.000,0.015,-0.136) 指令位置=(-0.000,0.015,-0.136) 指令速度=(0.000,0.000,0.000) 指令加速度=(0.000,0.000,0.000) 滚转角=-0.08度 俯仰角=0.10度
09:03:49.236963 [轨迹] 序号=181 单调时间=1860.256325 时间=1860.256 模式=AUTO.LOITER 起飞状态=未执行起飞 水平控制=位置保持 类型掩码=3520 实际位置NED=(-0.000,0.015,-0.136) 实际速度=(0.001,0.001,-0.001) 最终目标=(-0.000,0.015,-0.136) 指令位置=(-0.000,0.015,-0.136) 指令速度=(0.000,0.000,0.000) 指令加速度=(0.000,0.000,0.000) 滚转角=-0.08度 俯仰角=0.10度
09:03:49.340454 [轨迹] 序号=182 单调时间=1860.359836 时间=1860.360 模式=AUTO.LOITER 起飞状态=未执行起飞 水平控制=位置保持 类型掩码=3520 实际位置NED=(-0.000,0.015,-0.136) 实际速度=(0.001,0.001,-0.001) 最终目标=(-0.000,0.015,-0.136) 指令位置=(-0.000,0.015,-0.136) 指令速度=(0.000,0.000,0.000) 指令加速度=(0.000,0.000,0.000) 滚转角=-0.08度 俯仰角=0.11度
09:03:49.444130 [轨迹] 序号=183 单调时间=1860.463391 时间=1860.463 模式=AUTO.LOITER 起飞状态=未执行起飞 水平控制=位置保持 类型掩码=3520 实际位置NED=(-0.000,0.015,-0.136) 实际速度=(0.001,0.001,-0.001) 最终目标=(-0.000,0.015,-0.136) 指令位置=(-0.000,0.015,-0.136) 指令速度=(0.000,0.000,0.000) 指令加速度=(0.000,0.000,0.000) 滚转角=-0.08度 俯仰角=0.11度
09:03:49.547005 [轨迹] 序号=184 单调时间=1860.566503 时间=1860.567 模式=AUTO.LOITER 起飞状态=未执行起飞 水平控制=位置保持 类型掩码=3520 实际位置NED=(-0.000,0.015,-0.136) 实际速度=(0.001,0.001,-0.001) 最终目标=(-0.000,0.015,-0.136) 指令位置=(-0.000,0.015,-0.136) 指令速度=(0.000,0.000,0.000) 指令加速度=(0.000,0.000,0.000) 滚转角=-0.08度 俯仰角=0.11度
09:03:49.650015 [轨迹] 序号=185 单调时间=1860.669352 时间=1860.669 模式=AUTO.LOITER 起飞状态=未执行起飞 水平控制=位置保持 类型掩码=3520 实际位置NED=(-0.000,0.015,-0.136) 实际速度=(0.001,0.001,-0.001) 最终目标=(-0.000,0.015,-0.136) 指令位置=(-0.000,0.015,-0.136) 指令速度=(0.000,0.000,0.000) 指令加速度=(0.000,0.000,0.000) 滚转角=-0.08度 俯仰角=0.11度
09:03:49.753197 [轨迹] 序号=186 单调时间=1860.772702 时间=1860.773 模式=AUTO.LOITER 起飞状态=未执行起飞 水平控制=位置保持 类型掩码=3520 实际位置NED=(-0.000,0.015,-0.136) 实际速度=(0.001,0.001,-0.001) 最终目标=(-0.000,0.015,-0.136) 指令位置=(-0.000,0.015,-0.136) 指令速度=(0.000,0.000,0.000) 指令加速度=(0.000,0.000,0.000) 滚转角=-0.08度 俯仰角=0.11度
09:03:49.856275 [轨迹] 序号=187 单调时间=1860.875520 时间=1860.876 模式=AUTO.LOITER 起飞状态=未执行起飞 水平控制=位置保持 类型掩码=3520 实际位置NED=(-0.000,0.015,-0.136) 实际速度=(0.001,0.001,-0.001) 最终目标=(-0.000,0.015,-0.136) 指令位置=(-0.000,0.015,-0.136) 指令速度=(0.000,0.000,0.000) 指令加速度=(0.000,0.000,0.000) 滚转角=-0.08度 俯仰角=0.11度
09:03:49.960121 [轨迹] 序号=188 单调时间=1860.979558 时间=1860.980 模式=AUTO.LOITER 起飞状态=未执行起飞 水平控制=位置保持 类型掩码=3520 实际位置NED=(-0.000,0.015,-0.136) 实际速度=(0.001,0.001,-0.001) 最终目标=(-0.000,0.015,-0.136) 指令位置=(-0.000,0.015,-0.136) 指令速度=(0.000,0.000,0.000) 指令加速度=(0.000,0.000,0.000) 滚转角=-0.08度 俯仰角=0.11度
09:03:50.063529 [轨迹] 序号=189 单调时间=1861.083056 时间=1861.083 模式=AUTO.LOITER 起飞状态=未执行起飞 水平控制=位置保持 类型掩码=3520 实际位置NED=(-0.000,0.015,-0.136) 实际速度=(0.001,0.001,-0.001) 最终目标=(-0.000,0.015,-0.136) 指令位置=(-0.000,0.015,-0.136) 指令速度=(0.000,0.000,0.000) 指令加速度=(0.000,0.000,0.000) 滚转角=-0.08度 俯仰角=0.11度
09:03:50.167213 [轨迹] 序号=190 单调时间=1861.186431 时间=1861.186 模式=AUTO.LOITER 起飞状态=未执行起飞 水平控制=位置保持 类型掩码=3520 实际位置NED=(-0.000,0.015,-0.136) 实际速度=(0.001,0.000,-0.001) 最终目标=(-0.000,0.015,-0.136) 指令位置=(-0.000,0.015,-0.136) 指令速度=(0.000,0.000,0.000) 指令加速度=(0.000,0.000,0.000) 滚转角=-0.08度 俯仰角=0.11度
09:03:50.270148 [轨迹] 序号=191 单调时间=1861.289528 时间=1861.290 模式=AUTO.LOITER 起飞状态=未执行起飞 水平控制=位置保持 类型掩码=3520 实际位置NED=(-0.000,0.015,-0.136) 实际速度=(0.001,0.000,-0.001) 最终目标=(-0.000,0.015,-0.136) 指令位置=(-0.000,0.015,-0.136) 指令速度=(0.000,0.000,0.000) 指令加速度=(0.000,0.000,0.000) 滚转角=-0.08度 俯仰角=0.11度
09:03:50.370484 [轨迹] 序号=192 单调时间=1861.389745 时间=1861.390 模式=AUTO.LOITER 起飞状态=未执行起飞 水平控制=位置保持 类型掩码=3520 实际位置NED=(-0.000,0.015,-0.136) 实际速度=(0.001,0.000,-0.001) 最终目标=(-0.000,0.015,-0.136) 指令位置=(-0.000,0.015,-0.136) 指令速度=(0.000,0.000,0.000) 指令加速度=(0.000,0.000,0.000) 滚转角=-0.08度 俯仰角=0.11度
09:03:50.474334 [轨迹] 序号=193 单调时间=1861.493479 时间=1861.493 模式=AUTO.LOITER 起飞状态=未执行起飞 水平控制=位置保持 类型掩码=3520 实际位置NED=(-0.000,0.015,-0.136) 实际速度=(0.000,0.000,-0.001) 最终目标=(-0.000,0.015,-0.136) 指令位置=(-0.000,0.015,-0.136) 指令速度=(0.000,0.000,0.000) 指令加速度=(0.000,0.000,0.000) 滚转角=-0.08度 俯仰角=0.11度
09:03:50.577239 [轨迹] 序号=194 单调时间=1861.596659 时间=1861.597 模式=AUTO.LOITER 起飞状态=未执行起飞 水平控制=位置保持 类型掩码=3520 实际位置NED=(-0.000,0.015,-0.136) 实际速度=(0.000,0.000,-0.001) 最终目标=(-0.000,0.015,-0.136) 指令位置=(-0.000,0.015,-0.136) 指令速度=(0.000,0.000,0.000) 指令加速度=(0.000,0.000,0.000) 滚转角=-0.08度 俯仰角=0.11度
09:03:50.680775 [轨迹] 序号=195 单调时间=1861.700100 时间=1861.700 模式=AUTO.LOITER 起飞状态=未执行起飞 水平控制=位置保持 类型掩码=3520 实际位置NED=(-0.000,0.015,-0.136) 实际速度=(0.000,-0.000,-0.000) 最终目标=(-0.000,0.015,-0.136) 指令位置=(-0.000,0.015,-0.136) 指令速度=(0.000,0.000,0.000) 指令加速度=(0.000,0.000,0.000) 滚转角=-0.08度 俯仰角=0.11度
09:03:50.784908 [轨迹] 序号=196 单调时间=1861.804236 时间=1861.804 模式=AUTO.LOITER 起飞状态=未执行起飞 水平控制=位置保持 类型掩码=3520 实际位置NED=(-0.001,0.015,-0.136) 实际速度=(0.000,-0.000,-0.000) 最终目标=(-0.001,0.015,-0.136) 指令位置=(-0.001,0.015,-0.136) 指令速度=(0.000,0.000,0.000) 指令加速度=(0.000,0.000,0.000) 滚转角=-0.08度 俯仰角=0.11度
09:03:50.888068 [轨迹] 序号=197 单调时间=1861.907439 时间=1861.907 模式=AUTO.LOITER 起飞状态=未执行起飞 水平控制=位置保持 类型掩码=3520 实际位置NED=(-0.001,0.015,-0.136) 实际速度=(0.000,-0.000,-0.000) 最终目标=(-0.001,0.015,-0.136) 指令位置=(-0.001,0.015,-0.136) 指令速度=(0.000,0.000,0.000) 指令加速度=(0.000,0.000,0.000) 滚转角=-0.08度 俯仰角=0.11度
09:03:50.991529 [轨迹] 序号=198 单调时间=1862.010964 时间=1862.011 模式=AUTO.LOITER 起飞状态=未执行起飞 水平控制=位置保持 类型掩码=3520 实际位置NED=(-0.001,0.014,-0.136) 实际速度=(0.000,-0.000,0.000) 最终目标=(-0.001,0.014,-0.136) 指令位置=(-0.001,0.014,-0.136) 指令速度=(0.000,0.000,0.000) 指令加速度=(0.000,0.000,0.000) 滚转角=-0.08度 俯仰角=0.11度
09:03:51.094810 [轨迹] 序号=199 单调时间=1862.114189 时间=1862.114 模式=AUTO.LOITER 起飞状态=未执行起飞 水平控制=位置保持 类型掩码=3520 实际位置NED=(-0.001,0.014,-0.136) 实际速度=(0.000,-0.000,0.000) 最终目标=(-0.001,0.014,-0.136) 指令位置=(-0.001,0.014,-0.136) 指令速度=(0.000,0.000,0.000) 指令加速度=(0.000,0.000,0.000) 滚转角=-0.08度 俯仰角=0.11度
09:03:51.197993 [轨迹] 序号=200 单调时间=1862.217156 时间=1862.217 模式=AUTO.LOITER 起飞状态=未执行起飞 水平控制=位置保持 类型掩码=3520 实际位置NED=(-0.001,0.014,-0.136) 实际速度=(0.000,-0.000,0.000) 最终目标=(-0.001,0.014,-0.136) 指令位置=(-0.001,0.014,-0.136) 指令速度=(0.000,0.000,0.000) 指令加速度=(0.000,0.000,0.000) 滚转角=-0.08度 俯仰角=0.11度
09:03:51.300960 [轨迹] 序号=201 单调时间=1862.320359 时间=1862.320 模式=AUTO.LOITER 起飞状态=未执行起飞 水平控制=位置保持 类型掩码=3520 实际位置NED=(-0.001,0.014,-0.136) 实际速度=(0.000,-0.000,0.000) 最终目标=(-0.001,0.014,-0.136) 指令位置=(-0.001,0.014,-0.136) 指令速度=(0.000,0.000,0.000) 指令加速度=(0.000,0.000,0.000) 滚转角=-0.08度 俯仰角=0.11度
09:03:51 [模式] 已进入OFFBOARD；最终目标和当前指令已锁定到飞机当前位置
09:03:51.405847 [轨迹] 序号=202 单调时间=1862.424831 时间=1862.425 模式=OFFBOARD 起飞状态=未执行起飞 水平控制=位置保持 类型掩码=3520 实际位置NED=(-0.001,0.014,-0.136) 实际速度=(0.000,-0.000,0.000) 最终目标=(-0.001,0.014,-0.136) 指令位置=(-0.001,0.014,-0.136) 指令速度=(0.000,0.000,0.000) 指令加速度=(0.000,0.000,0.000) 滚转角=-0.08度 俯仰角=0.11度
09:03:51 [输入] 已按下一次起飞按钮
09:03:51 [目标] 修改前：北=-0.001 东=0.014 下=-0.136
09:03:51 [目标] 修改后：北=-0.001 东=0.014 下=-1.136
09:03:51 [起飞] 起始下轴位置=-0.136 离地阶段下轴目标=-0.486 最终下轴目标=-1.136；水平位置已锁定到当前位置
09:03:51.509522 [轨迹] 序号=203 单调时间=1862.528878 时间=1862.529 模式=OFFBOARD 起飞状态=离地阶段 水平控制=位置保持 类型掩码=2496 实际位置NED=(-0.001,0.014,-0.136) 实际速度=(0.000,-0.000,0.000) 最终目标=(-0.001,0.014,-1.136) 指令位置=(-0.001,0.014,-0.143) 指令速度=(0.000,0.000,-0.075) 指令加速度=(0.000,0.000,-0.750) 滚转角=-0.08度 俯仰角=0.11度
09:03:51.612661 [轨迹] 序号=204 单调时间=1862.631903 时间=1862.632 模式=OFFBOARD 起飞状态=离地阶段 水平控制=位置保持 类型掩码=2496 实际位置NED=(-0.001,0.014,-0.136) 实际速度=(0.001,-0.000,0.000) 最终目标=(-0.001,0.014,-1.136) 指令位置=(-0.001,0.014,-0.159) 指令速度=(0.000,0.000,-0.152) 指令加速度=(0.000,0.000,-0.750) 滚转角=-0.08度 俯仰角=0.11度
09:03:51.716911 [轨迹] 序号=205 单调时间=1862.736188 时间=1862.736 模式=OFFBOARD 起飞状态=离地阶段 水平控制=位置保持 类型掩码=2496 实际位置NED=(-0.001,0.014,-0.136) 实际速度=(0.001,-0.000,0.000) 最终目标=(-0.001,0.014,-1.136) 指令位置=(-0.001,0.014,-0.183) 指令速度=(0.000,0.000,-0.230) 指令加速度=(0.000,0.000,-0.750) 滚转角=-0.08度 俯仰角=0.11度
09:03:51.819980 [轨迹] 序号=206 单调时间=1862.839413 时间=1862.839 模式=OFFBOARD 起飞状态=离地阶段 水平控制=位置保持 类型掩码=2496 实际位置NED=(-0.001,0.014,-0.136) 实际速度=(0.001,-0.000,0.000) 最终目标=(-0.001,0.014,-1.136) 指令位置=(-0.001,0.014,-0.215) 指令速度=(0.000,0.000,-0.308) 指令加速度=(0.000,0.000,-0.750) 滚转角=-0.08度 俯仰角=0.11度
09:03:51.923836 [轨迹] 序号=207 单调时间=1862.943191 时间=1862.943 模式=OFFBOARD 起飞状态=离地阶段 水平控制=位置保持 类型掩码=2496 实际位置NED=(-0.001,0.014,-0.136) 实际速度=(0.001,-0.000,0.000) 最终目标=(-0.001,0.014,-1.136) 指令位置=(-0.001,0.014,-0.255) 指令速度=(0.000,0.000,-0.386) 指令加速度=(0.000,0.000,-0.750) 滚转角=-0.08度 俯仰角=0.11度
09:03:52.028357 [轨迹] 序号=208 单调时间=1863.047697 时间=1863.048 模式=OFFBOARD 起飞状态=离地阶段 水平控制=位置保持 类型掩码=2496 实际位置NED=(-0.001,0.014,-0.136) 实际速度=(0.001,-0.000,0.000) 最终目标=(-0.001,0.014,-1.136) 指令位置=(-0.001,0.014,-0.303) 指令速度=(0.000,0.000,-0.464) 指令加速度=(0.000,0.000,-0.750) 滚转角=-0.08度 俯仰角=0.11度
09:03:52.129538 [轨迹] 序号=209 单调时间=1863.148906 时间=1863.149 模式=OFFBOARD 起飞状态=离地阶段 水平控制=位置保持 类型掩码=2496 实际位置NED=(-0.001,0.014,-0.136) 实际速度=(0.001,-0.000,0.001) 最终目标=(-0.001,0.014,-1.136) 指令位置=(-0.001,0.014,-0.354) 指令速度=(0.000,0.000,-0.500) 指令加速度=(0.000,0.000,-0.355) 滚转角=-0.08度 俯仰角=0.11度
09:03:52.232333 [轨迹] 序号=210 单调时间=1863.251773 时间=1863.252 模式=OFFBOARD 起飞状态=离地阶段 水平控制=位置保持 类型掩码=2496 实际位置NED=(-0.001,0.014,-0.136) 实际速度=(0.001,-0.000,0.001) 最终目标=(-0.001,0.014,-1.136) 指令位置=(-0.001,0.014,-0.405) 指令速度=(0.000,0.000,-0.500) 指令加速度=(0.000,0.000,0.000) 滚转角=-0.08度 俯仰角=0.11度
09:03:52.334955 [轨迹] 序号=211 单调时间=1863.354482 时间=1863.354 模式=OFFBOARD 起飞状态=离地阶段 水平控制=位置保持 类型掩码=2496 实际位置NED=(-0.001,0.014,-0.136) 实际速度=(0.001,-0.000,0.001) 最终目标=(-0.001,0.014,-1.136) 指令位置=(-0.001,0.014,-0.457) 指令速度=(0.000,0.000,-0.500) 指令加速度=(0.000,0.000,0.000) 滚转角=-0.08度 俯仰角=0.11度
09:03:52.437934 [轨迹] 序号=212 单调时间=1863.457212 时间=1863.457 模式=OFFBOARD 起飞状态=离地阶段 水平控制=位置保持 类型掩码=2496 实际位置NED=(-0.001,0.014,-0.136) 实际速度=(0.001,-0.000,0.001) 最终目标=(-0.001,0.014,-1.136) 指令位置=(-0.001,0.014,-0.508) 指令速度=(0.000,0.000,-0.500) 指令加速度=(0.000,0.000,0.000) 滚转角=-0.08度 俯仰角=0.11度
09:03:52.540795 [轨迹] 序号=213 单调时间=1863.560168 时间=1863.560 模式=OFFBOARD 起飞状态=爬升阶段 水平控制=位置保持 类型掩码=2496 实际位置NED=(-0.001,0.014,-0.135) 实际速度=(0.001,-0.000,0.001) 最终目标=(-0.001,0.014,-1.136) 指令位置=(-0.001,0.014,-0.557) 指令速度=(0.000,0.000,-0.469) 指令加速度=(0.000,0.000,0.300) 滚转角=-0.08度 俯仰角=0.11度
09:03:52.644451 [轨迹] 序号=214 单调时间=1863.663577 时间=1863.664 模式=OFFBOARD 起飞状态=爬升阶段 水平控制=位置保持 类型掩码=2496 实际位置NED=(-0.001,0.013,-0.135) 实际速度=(0.001,-0.000,0.001) 最终目标=(-0.001,0.014,-1.136) 指令位置=(-0.001,0.014,-0.602) 指令速度=(0.000,0.000,-0.438) 指令加速度=(0.000,0.000,0.300) 滚转角=-0.08度 俯仰角=0.11度
09:03:52.744717 [轨迹] 序号=215 单调时间=1863.764224 时间=1863.764 模式=OFFBOARD 起飞状态=爬升阶段 水平控制=位置保持 类型掩码=2496 实际位置NED=(-0.001,0.013,-0.135) 实际速度=(0.001,-0.000,0.001) 最终目标=(-0.001,0.014,-1.136) 指令位置=(-0.001,0.014,-0.643) 指令速度=(0.000,0.000,-0.408) 指令加速度=(0.000,0.000,0.300) 滚转角=-0.08度 俯仰角=0.11度
09:03:52.848655 [轨迹] 序号=216 单调时间=1863.867935 时间=1863.868 模式=OFFBOARD 起飞状态=爬升阶段 水平控制=位置保持 类型掩码=2496 实际位置NED=(-0.001,0.013,-0.135) 实际速度=(0.001,-0.000,0.001) 最终目标=(-0.001,0.014,-1.136) 指令位置=(-0.001,0.014,-0.682) 指令速度=(0.000,0.000,-0.377) 指令加速度=(0.000,0.000,0.300) 滚转角=-0.08度 俯仰角=0.11度
09:03:52.952323 [轨迹] 序号=217 单调时间=1863.971662 时间=1863.972 模式=OFFBOARD 起飞状态=爬升阶段 水平控制=位置保持 类型掩码=2496 实际位置NED=(-0.001,0.013,-0.139) 实际速度=(0.001,-0.000,0.001) 最终目标=(-0.001,0.014,-1.136) 指令位置=(-0.001,0.014,-0.718) 指令速度=(0.000,0.000,-0.346) 指令加速度=(0.000,0.000,0.300) 滚转角=-0.08度 俯仰角=0.11度
09:03:53.056537 [轨迹] 序号=218 单调时间=1864.075762 时间=1864.076 模式=OFFBOARD 起飞状态=爬升阶段 水平控制=位置保持 类型掩码=2496 实际位置NED=(-0.001,0.013,-0.148) 实际速度=(0.001,-0.000,-0.001) 最终目标=(-0.001,0.014,-1.136) 指令位置=(-0.001,0.014,-0.751) 指令速度=(0.000,0.000,-0.314) 指令加速度=(0.000,0.000,0.300) 滚转角=-0.08度 俯仰角=0.11度
09:03:53.160305 [轨迹] 序号=219 单调时间=1864.179592 时间=1864.180 模式=OFFBOARD 起飞状态=爬升阶段 水平控制=位置保持 类型掩码=2496 实际位置NED=(-0.001,0.013,-0.157) 实际速度=(0.001,-0.000,-0.003) 最终目标=(-0.001,0.014,-1.136) 指令位置=(-0.001,0.014,-0.782) 指令速度=(0.000,0.000,-0.300) 指令加速度=(0.000,0.000,0.139) 滚转角=-0.08度 俯仰角=0.11度
09:03:53.260744 [轨迹] 序号=220 单调时间=1864.279917 时间=1864.280 模式=OFFBOARD 起飞状态=爬升阶段 水平控制=位置保持 类型掩码=2496 实际位置NED=(-0.001,0.013,-0.166) 实际速度=(0.001,-0.000,-0.005) 最终目标=(-0.001,0.014,-1.136) 指令位置=(-0.001,0.014,-0.812) 指令速度=(0.000,0.000,-0.300) 指令加速度=(0.000,0.000,0.000) 滚转角=-0.08度 俯仰角=0.11度
09:03:53.364032 [轨迹] 序号=221 单调时间=1864.383392 时间=1864.383 模式=OFFBOARD 起飞状态=爬升阶段 水平控制=位置保持 类型掩码=2496 实际位置NED=(-0.001,0.013,-0.176) 实际速度=(0.001,-0.000,-0.007) 最终目标=(-0.001,0.014,-1.136) 指令位置=(-0.001,0.014,-0.843) 指令速度=(0.000,0.000,-0.300) 指令加速度=(0.000,0.000,0.000) 滚转角=-0.08度 俯仰角=0.11度
09:03:53.467176 [轨迹] 序号=222 单调时间=1864.486434 时间=1864.486 模式=OFFBOARD 起飞状态=爬升阶段 水平控制=位置保持 类型掩码=2496 实际位置NED=(-0.001,0.013,-0.186) 实际速度=(0.001,-0.000,-0.009) 最终目标=(-0.001,0.014,-1.136) 指令位置=(-0.001,0.014,-0.874) 指令速度=(0.000,0.000,-0.300) 指令加速度=(0.000,0.000,0.000) 滚转角=-0.08度 俯仰角=0.11度
09:03:53.570589 [轨迹] 序号=223 单调时间=1864.589932 时间=1864.590 模式=OFFBOARD 起飞状态=爬升阶段 水平控制=位置保持 类型掩码=2496 实际位置NED=(-0.001,0.013,-0.196) 实际速度=(0.001,-0.000,-0.011) 最终目标=(-0.001,0.014,-1.136) 指令位置=(-0.001,0.014,-0.905) 指令速度=(0.000,0.000,-0.300) 指令加速度=(0.000,0.000,0.000) 滚转角=-0.08度 俯仰角=0.11度
09:03:53.673689 [轨迹] 序号=224 单调时间=1864.693111 时间=1864.693 模式=OFFBOARD 起飞状态=爬升阶段 水平控制=位置保持 类型掩码=2496 实际位置NED=(-0.001,0.013,-0.207) 实际速度=(0.000,-0.000,-0.014) 最终目标=(-0.001,0.014,-1.136) 指令位置=(-0.001,0.014,-0.936) 指令速度=(0.000,0.000,-0.300) 指令加速度=(0.000,0.000,0.000) 滚转角=-0.08度 俯仰角=0.11度
09:03:53.777318 [轨迹] 序号=225 单调时间=1864.796750 时间=1864.797 模式=OFFBOARD 起飞状态=爬升阶段 水平控制=位置保持 类型掩码=2496 实际位置NED=(-0.001,0.013,-0.216) 实际速度=(0.000,-0.000,-0.016) 最终目标=(-0.001,0.014,-1.136) 指令位置=(-0.001,0.014,-0.965) 指令速度=(0.000,0.000,-0.284) 指令加速度=(0.000,0.000,0.151) 滚转角=-0.08度 俯仰角=0.11度
09:03:53.880396 [轨迹] 序号=226 单调时间=1864.899716 时间=1864.900 模式=OFFBOARD 起飞状态=爬升阶段 水平控制=位置保持 类型掩码=2496 实际位置NED=(-0.001,0.013,-0.224) 实际速度=(0.001,-0.000,-0.018) 最终目标=(-0.001,0.014,-1.136) 指令位置=(-0.001,0.014,-0.992) 指令速度=(0.000,0.000,-0.258) 指令加速度=(0.000,0.000,0.254) 滚转角=-0.08度 俯仰角=0.11度
09:03:53.984125 [轨迹] 序号=227 单调时间=1865.003309 时间=1865.003 模式=OFFBOARD 起飞状态=减速阶段 水平控制=位置保持 类型掩码=2496 实际位置NED=(-0.001,0.013,-0.240) 实际速度=(0.001,0.000,-0.022) 最终目标=(-0.001,0.014,-1.136) 指令位置=(-0.001,0.014,-1.016) 指令速度=(0.000,0.000,-0.232) 指令加速度=(0.000,0.000,0.254) 滚转角=-0.08度 俯仰角=0.11度
09:03:54.087297 [轨迹] 序号=228 单调时间=1865.106611 时间=1865.107 模式=OFFBOARD 起飞状态=减速阶段 水平控制=位置保持 类型掩码=2496 实际位置NED=(-0.001,0.013,-0.247) 实际速度=(0.001,0.000,-0.024) 最终目标=(-0.001,0.014,-1.136) 指令位置=(-0.001,0.014,-1.037) 指令速度=(0.000,0.000,-0.206) 指令加速度=(0.000,0.000,0.246) 滚转角=-0.08度 俯仰角=0.11度
09:03:54.190655 [轨迹] 序号=229 单调时间=1865.209958 时间=1865.210 模式=OFFBOARD 起飞状态=减速阶段 水平控制=位置保持 类型掩码=2496 实际位置NED=(-0.001,0.013,-0.255) 实际速度=(0.001,0.000,-0.026) 最终目标=(-0.001,0.014,-1.136) 指令位置=(-0.001,0.014,-1.056) 指令速度=(0.000,0.000,-0.181) 指令加速度=(0.000,0.000,0.242) 滚转角=-0.08度 俯仰角=0.11度
09:03:54.295611 [轨迹] 序号=230 单调时间=1865.314646 时间=1865.315 模式=OFFBOARD 起飞状态=减速阶段 水平控制=位置保持 类型掩码=2496 实际位置NED=(-0.001,0.013,-0.261) 实际速度=(0.000,0.000,-0.027) 最终目标=(-0.001,0.014,-1.136) 指令位置=(-0.001,0.014,-1.072) 指令速度=(0.000,0.000,-0.156) 指令加速度=(0.000,0.000,0.240) 滚转角=-0.08度 俯仰角=0.11度
09:03:54.398814 [轨迹] 序号=231 单调时间=1865.418018 时间=1865.418 模式=OFFBOARD 起飞状态=减速阶段 水平控制=位置保持 类型掩码=2496 实际位置NED=(-0.001,0.014,-0.267) 实际速度=(0.000,0.000,-0.029) 最终目标=(-0.001,0.014,-1.136) 指令位置=(-0.001,0.014,-1.086) 指令速度=(0.000,0.000,-0.133) 指令加速度=(0.000,0.000,0.221) 滚转角=-0.08度 俯仰角=0.11度
09:03:54.501441 [轨迹] 序号=232 单调时间=1865.520747 时间=1865.521 模式=OFFBOARD 起飞状态=减速阶段 水平控制=位置保持 类型掩码=2496 实际位置NED=(-0.001,0.014,-0.272) 实际速度=(0.000,0.000,-0.030) 最终目标=(-0.001,0.014,-1.136) 指令位置=(-0.001,0.014,-1.097) 指令速度=(0.000,0.000,-0.111) 指令加速度=(0.000,0.000,0.215) 滚转角=-0.08度 俯仰角=0.11度
09:03:54.604581 [轨迹] 序号=233 单调时间=1865.623845 时间=1865.624 模式=OFFBOARD 起飞状态=减速阶段 水平控制=位置保持 类型掩码=2496 实际位置NED=(-0.001,0.014,-0.277) 实际速度=(0.000,0.000,-0.031) 最终目标=(-0.001,0.014,-1.136) 指令位置=(-0.001,0.014,-1.107) 指令速度=(0.000,0.000,-0.090) 指令加速度=(0.000,0.000,0.207) 滚转角=-0.08度 俯仰角=0.11度
09:03:54.708654 [轨迹] 序号=234 单调时间=1865.728066 时间=1865.728 模式=OFFBOARD 起飞状态=减速阶段 水平控制=位置保持 类型掩码=2496 实际位置NED=(-0.001,0.014,-0.282) 实际速度=(0.000,0.000,-0.032) 最终目标=(-0.001,0.014,-1.136) 指令位置=(-0.001,0.014,-1.114) 指令速度=(0.000,0.000,-0.070) 指令加速度=(0.000,0.000,0.194) 滚转角=-0.08度 俯仰角=0.11度
09:03:54.812725 [轨迹] 序号=235 单调时间=1865.831863 时间=1865.832 模式=OFFBOARD 起飞状态=减速阶段 水平控制=位置保持 类型掩码=2496 实际位置NED=(-0.001,0.014,-0.291) 实际速度=(0.000,0.000,-0.035) 最终目标=(-0.001,0.014,-1.136) 指令位置=(-0.001,0.014,-1.119) 指令速度=(0.000,0.000,-0.052) 指令加速度=(0.000,0.000,0.168) 滚转角=-0.08度 俯仰角=0.11度
09:03:54.912724 [轨迹] 序号=236 单调时间=1865.932106 时间=1865.932 模式=OFFBOARD 起飞状态=减速阶段 水平控制=位置保持 类型掩码=2496 实际位置NED=(-0.001,0.014,-0.295) 实际速度=(0.000,0.000,-0.036) 最终目标=(-0.001,0.014,-1.136) 指令位置=(-0.001,0.014,-1.123) 指令速度=(0.000,0.000,-0.039) 指令加速度=(0.000,0.000,0.131) 滚转角=-0.08度 俯仰角=0.11度
09:03:55.015616 [轨迹] 序号=237 单调时间=1866.035088 时间=1866.035 模式=OFFBOARD 起飞状态=高度保持 水平控制=位置保持 类型掩码=2496 实际位置NED=(-0.001,0.014,-0.298) 实际速度=(0.000,0.000,-0.036) 最终目标=(-0.001,0.014,-1.136) 指令位置=(-0.001,0.014,-1.136) 指令速度=(0.000,0.000,0.000) 指令加速度=(0.000,0.000,0.381) 滚转角=-0.08度 俯仰角=0.11度
09:03:55.118661 [轨迹] 序号=238 单调时间=1866.137992 时间=1866.138 模式=OFFBOARD 起飞状态=高度保持 水平控制=位置保持 类型掩码=2496 实际位置NED=(-0.000,0.014,-0.302) 实际速度=(0.000,0.000,-0.037) 最终目标=(-0.001,0.014,-1.136) 指令位置=(-0.001,0.014,-1.136) 指令速度=(0.000,0.000,0.000) 指令加速度=(0.000,0.000,0.000) 滚转角=-0.08度 俯仰角=0.11度
09:03:55.221750 [轨迹] 序号=239 单调时间=1866.241094 时间=1866.241 模式=OFFBOARD 起飞状态=高度保持 水平控制=位置保持 类型掩码=2496 实际位置NED=(-0.000,0.014,-0.305) 实际速度=(0.000,0.000,-0.038) 最终目标=(-0.001,0.014,-1.136) 指令位置=(-0.001,0.014,-1.136) 指令速度=(0.000,0.000,0.000) 指令加速度=(0.000,0.000,0.000) 滚转角=-0.08度 俯仰角=0.11度
09:03:55.325127 [轨迹] 序号=240 单调时间=1866.344409 时间=1866.344 模式=OFFBOARD 起飞状态=高度保持 水平控制=位置保持 类型掩码=2496 实际位置NED=(-0.000,0.014,-0.311) 实际速度=(0.000,0.000,-0.039) 最终目标=(-0.001,0.014,-1.136) 指令位置=(-0.001,0.014,-1.136) 指令速度=(0.000,0.000,0.000) 指令加速度=(0.000,0.000,0.000) 滚转角=-0.08度 俯仰角=0.11度
09:03:55.428752 [轨迹] 序号=241 单调时间=1866.448227 时间=1866.448 模式=OFFBOARD 起飞状态=高度保持 水平控制=位置保持 类型掩码=2496 实际位置NED=(-0.000,0.014,-0.313) 实际速度=(0.000,0.001,-0.039) 最终目标=(-0.001,0.014,-1.136) 指令位置=(-0.001,0.014,-1.136) 指令速度=(0.000,0.000,0.000) 指令加速度=(0.000,0.000,0.000) 滚转角=-0.08度 俯仰角=0.11度
09:03:55.531667 [轨迹] 序号=242 单调时间=1866.551067 时间=1866.551 模式=OFFBOARD 起飞状态=高度保持 水平控制=位置保持 类型掩码=2496 实际位置NED=(-0.000,0.014,-0.313) 实际速度=(0.000,0.001,-0.039) 最终目标=(-0.001,0.014,-1.136) 指令位置=(-0.001,0.014,-1.136) 指令速度=(0.000,0.000,0.000) 指令加速度=(0.000,0.000,0.000) 滚转角=-0.08度 俯仰角=0.11度
09:03:55.634789 [轨迹] 序号=243 单调时间=1866.654097 时间=1866.654 模式=OFFBOARD 起飞状态=高度保持 水平控制=位置保持 类型掩码=2496 实际位置NED=(0.000,0.014,-0.317) 实际速度=(0.001,0.001,-0.040) 最终目标=(-0.001,0.014,-1.136) 指令位置=(-0.001,0.014,-1.136) 指令速度=(0.000,0.000,0.000) 指令加速度=(0.000,0.000,0.000) 滚转角=-0.08度 俯仰角=0.11度
09:03:55.738195 [轨迹] 序号=244 单调时间=1866.757523 时间=1866.758 模式=OFFBOARD 起飞状态=高度保持 水平控制=位置保持 类型掩码=2496 实际位置NED=(0.000,0.014,-0.319) 实际速度=(0.001,0.001,-0.040) 最终目标=(-0.001,0.014,-1.136) 指令位置=(-0.001,0.014,-1.136) 指令速度=(0.000,0.000,0.000) 指令加速度=(0.000,0.000,0.000) 滚转角=-0.08度 俯仰角=0.11度
09:03:55.841913 [轨迹] 序号=245 单调时间=1866.861286 时间=1866.861 模式=OFFBOARD 起飞状态=高度保持 水平控制=位置保持 类型掩码=2496 实际位置NED=(0.000,0.014,-0.319) 实际速度=(0.001,0.001,-0.040) 最终目标=(-0.001,0.014,-1.136) 指令位置=(-0.001,0.014,-1.136) 指令速度=(0.000,0.000,0.000) 指令加速度=(0.000,0.000,0.000) 滚转角=-0.08度 俯仰角=0.11度
09:03:55.945207 [轨迹] 序号=246 单调时间=1866.964590 时间=1866.965 模式=OFFBOARD 起飞状态=高度保持 水平控制=位置保持 类型掩码=2496 实际位置NED=(0.001,0.014,-0.323) 实际速度=(0.001,0.001,-0.039) 最终目标=(-0.001,0.014,-1.136) 指令位置=(-0.001,0.014,-1.136) 指令速度=(0.000,0.000,0.000) 指令加速度=(0.000,0.000,0.000) 滚转角=-0.08度 俯仰角=0.11度
09:03:56.049266 [轨迹] 序号=247 单调时间=1867.068593 时间=1867.069 模式=OFFBOARD 起飞状态=高度保持 水平控制=位置保持 类型掩码=2496 实际位置NED=(0.001,0.014,-0.324) 实际速度=(0.001,0.001,-0.039) 最终目标=(-0.001,0.014,-1.136) 指令位置=(-0.001,0.014,-1.136) 指令速度=(0.000,0.000,0.000) 指令加速度=(0.000,0.000,0.000) 滚转角=-0.08度 俯仰角=0.11度
09:03:56.153127 [轨迹] 序号=248 单调时间=1867.172369 时间=1867.172 模式=OFFBOARD 起飞状态=高度保持 水平控制=位置保持 类型掩码=2496 实际位置NED=(0.001,0.014,-0.325) 实际速度=(0.001,0.001,-0.039) 最终目标=(-0.001,0.014,-1.136) 指令位置=(-0.001,0.014,-1.136) 指令速度=(0.000,0.000,0.000) 指令加速度=(0.000,0.000,0.000) 滚转角=-0.08度 俯仰角=0.11度
09:03:56.257064 [轨迹] 序号=249 单调时间=1867.276566 时间=1867.277 模式=OFFBOARD 起飞状态=高度保持 水平控制=位置保持 类型掩码=2496 实际位置NED=(0.001,0.014,-0.326) 实际速度=(0.001,0.001,-0.038) 最终目标=(-0.001,0.014,-1.136) 指令位置=(-0.001,0.014,-1.136) 指令速度=(0.000,0.000,0.000) 指令加速度=(0.000,0.000,0.000) 滚转角=-0.08度 俯仰角=0.11度
09:03:56.360341 [轨迹] 序号=250 单调时间=1867.379579 时间=1867.380 模式=OFFBOARD 起飞状态=高度保持 水平控制=位置保持 类型掩码=2496 实际位置NED=(0.001,0.014,-0.327) 实际速度=(0.001,0.001,-0.038) 最终目标=(-0.001,0.014,-1.136) 指令位置=(-0.001,0.014,-1.136) 指令速度=(0.000,0.000,0.000) 指令加速度=(0.000,0.000,0.000) 滚转角=-0.08度 俯仰角=0.11度
09:03:56.463784 [轨迹] 序号=251 单调时间=1867.483144 时间=1867.483 模式=OFFBOARD 起飞状态=高度保持 水平控制=位置保持 类型掩码=2496 实际位置NED=(0.001,0.014,-0.329) 实际速度=(0.001,0.001,-0.037) 最终目标=(-0.001,0.014,-1.136) 指令位置=(-0.001,0.014,-1.136) 指令速度=(0.000,0.000,0.000) 指令加速度=(0.000,0.000,0.000) 滚转角=-0.08度 俯仰角=0.11度
09:03:56.567492 [轨迹] 序号=252 单调时间=1867.586686 时间=1867.587 模式=OFFBOARD 起飞状态=高度保持 水平控制=位置保持 类型掩码=2496 实际位置NED=(0.001,0.014,-0.330) 实际速度=(0.001,0.000,-0.036) 最终目标=(-0.001,0.014,-1.136) 指令位置=(-0.001,0.014,-1.136) 指令速度=(0.000,0.000,0.000) 指令加速度=(0.000,0.000,0.000) 滚转角=-0.08度 俯仰角=0.11度
09:03:56.671036 [轨迹] 序号=253 单调时间=1867.690351 时间=1867.690 模式=OFFBOARD 起飞状态=高度保持 水平控制=位置保持 类型掩码=2496 实际位置NED=(0.001,0.014,-0.330) 实际速度=(0.001,0.000,-0.035) 最终目标=(-0.001,0.014,-1.136) 指令位置=(-0.001,0.014,-1.136) 指令速度=(0.000,0.000,0.000) 指令加速度=(0.000,0.000,0.000) 滚转角=-0.08度 俯仰角=0.11度
09:03:56.775619 [轨迹] 序号=254 单调时间=1867.794964 时间=1867.795 模式=OFFBOARD 起飞状态=高度保持 水平控制=位置保持 类型掩码=2496 实际位置NED=(0.001,0.014,-0.330) 实际速度=(0.001,0.000,-0.035) 最终目标=(-0.001,0.014,-1.136) 指令位置=(-0.001,0.014,-1.136) 指令速度=(0.000,0.000,0.000) 指令加速度=(0.000,0.000,0.000) 滚转角=-0.08度 俯仰角=0.11度
09:03:56.878818 [轨迹] 序号=255 单调时间=1867.898091 时间=1867.898 模式=OFFBOARD 起飞状态=高度保持 水平控制=位置保持 类型掩码=2496 实际位置NED=(0.001,0.014,-0.331) 实际速度=(0.001,-0.000,-0.034) 最终目标=(-0.001,0.014,-1.136) 指令位置=(-0.001,0.014,-1.136) 指令速度=(0.000,0.000,0.000) 指令加速度=(0.000,0.000,0.000) 滚转角=-0.08度 俯仰角=0.11度
09:03:56.981885 [轨迹] 序号=256 单调时间=1868.001252 时间=1868.001 模式=OFFBOARD 起飞状态=高度保持 水平控制=位置保持 类型掩码=2496 实际位置NED=(0.001,0.014,-0.331) 实际速度=(0.002,-0.000,-0.033) 最终目标=(-0.001,0.014,-1.136) 指令位置=(-0.001,0.014,-1.136) 指令速度=(0.000,0.000,0.000) 指令加速度=(0.000,0.000,0.000) 滚转角=-0.08度 俯仰角=0.11度
09:03:57.083302 [轨迹] 序号=257 单调时间=1868.102694 时间=1868.103 模式=OFFBOARD 起飞状态=高度保持 水平控制=位置保持 类型掩码=2496 实际位置NED=(0.001,0.014,-0.331) 实际速度=(0.002,-0.000,-0.033) 最终目标=(-0.001,0.014,-1.136) 指令位置=(-0.001,0.014,-1.136) 指令速度=(0.000,0.000,0.000) 指令加速度=(0.000,0.000,0.000) 滚转角=-0.08度 俯仰角=0.11度
09:03:57.186625 [轨迹] 序号=258 单调时间=1868.206019 时间=1868.206 模式=OFFBOARD 起飞状态=高度保持 水平控制=位置保持 类型掩码=2496 实际位置NED=(0.001,0.014,-0.331) 实际速度=(0.002,-0.000,-0.032) 最终目标=(-0.001,0.014,-1.136) 指令位置=(-0.001,0.014,-1.136) 指令速度=(0.000,0.000,0.000) 指令加速度=(0.000,0.000,0.000) 滚转角=-0.08度 俯仰角=0.11度
09:03:57.289861 [轨迹] 序号=259 单调时间=1868.309060 时间=1868.309 模式=OFFBOARD 起飞状态=高度保持 水平控制=位置保持 类型掩码=2496 实际位置NED=(0.001,0.013,-0.331) 实际速度=(0.002,-0.001,-0.030) 最终目标=(-0.001,0.014,-1.136) 指令位置=(-0.001,0.014,-1.136) 指令速度=(0.000,0.000,0.000) 指令加速度=(0.000,0.000,0.000) 滚转角=-0.08度 俯仰角=0.11度
09:03:57.393482 [轨迹] 序号=260 单调时间=1868.412303 时间=1868.412 模式=OFFBOARD 起飞状态=高度保持 水平控制=位置保持 类型掩码=2496 实际位置NED=(0.001,0.013,-0.330) 实际速度=(0.002,-0.001,-0.029) 最终目标=(-0.001,0.014,-1.136) 指令位置=(-0.001,0.014,-1.136) 指令速度=(0.000,0.000,0.000) 指令加速度=(0.000,0.000,0.000) 滚转角=-0.08度 俯仰角=0.11度
09:03:57.496909 [轨迹] 序号=261 单调时间=1868.516076 时间=1868.516 模式=OFFBOARD 起飞状态=高度保持 水平控制=位置保持 类型掩码=2496 实际位置NED=(0.001,0.013,-0.330) 实际速度=(0.002,-0.001,-0.028) 最终目标=(-0.001,0.014,-1.136) 指令位置=(-0.001,0.014,-1.136) 指令速度=(0.000,0.000,0.000) 指令加速度=(0.000,0.000,0.000) 滚转角=-0.08度 俯仰角=0.12度
09:03:57.599895 [轨迹] 序号=262 单调时间=1868.619156 时间=1868.619 模式=OFFBOARD 起飞状态=高度保持 水平控制=位置保持 类型掩码=2496 实际位置NED=(0.001,0.013,-0.330) 实际速度=(0.002,-0.001,-0.027) 最终目标=(-0.001,0.014,-1.136) 指令位置=(-0.001,0.014,-1.136) 指令速度=(0.000,0.000,0.000) 指令加速度=(0.000,0.000,0.000) 滚转角=-0.08度 俯仰角=0.12度
09:03:57.703335 [轨迹] 序号=263 单调时间=1868.722861 时间=1868.723 模式=OFFBOARD 起飞状态=高度保持 水平控制=位置保持 类型掩码=2496 实际位置NED=(0.001,0.013,-0.329) 实际速度=(0.002,-0.001,-0.026) 最终目标=(-0.001,0.014,-1.136) 指令位置=(-0.001,0.014,-1.136) 指令速度=(0.000,0.000,0.000) 指令加速度=(0.000,0.000,0.000) 滚转角=-0.08度 俯仰角=0.12度
09:03:57.806682 [轨迹] 序号=264 单调时间=1868.826001 时间=1868.826 模式=OFFBOARD 起飞状态=高度保持 水平控制=位置保持 类型掩码=2496 实际位置NED=(0.001,0.013,-0.329) 实际速度=(0.002,-0.001,-0.025) 最终目标=(-0.001,0.014,-1.136) 指令位置=(-0.001,0.014,-1.136) 指令速度=(0.000,0.000,0.000) 指令加速度=(0.000,0.000,0.000) 滚转角=-0.08度 俯仰角=0.12度
09:03:57.910133 [轨迹] 序号=265 单调时间=1868.929502 时间=1868.930 模式=OFFBOARD 起飞状态=高度保持 水平控制=位置保持 类型掩码=2496 实际位置NED=(0.001,0.013,-0.329) 实际速度=(0.002,-0.001,-0.025) 最终目标=(-0.001,0.014,-1.136) 指令位置=(-0.001,0.014,-1.136) 指令速度=(0.000,0.000,0.000) 指令加速度=(0.000,0.000,0.000) 滚转角=-0.08度 俯仰角=0.11度
09:03:58.013074 [轨迹] 序号=266 单调时间=1869.032398 时间=1869.032 模式=OFFBOARD 起飞状态=高度保持 水平控制=位置保持 类型掩码=2496 实际位置NED=(0.001,0.012,-0.328) 实际速度=(0.002,-0.001,-0.024) 最终目标=(-0.001,0.014,-1.136) 指令位置=(-0.001,0.014,-1.136) 指令速度=(0.000,0.000,0.000) 指令加速度=(0.000,0.000,0.000) 滚转角=-0.08度 俯仰角=0.11度
09:03:58.117308 [轨迹] 序号=267 单调时间=1869.136692 时间=1869.137 模式=OFFBOARD 起飞状态=高度保持 水平控制=位置保持 类型掩码=2496 实际位置NED=(0.001,0.012,-0.327) 实际速度=(0.002,-0.001,-0.022) 最终目标=(-0.001,0.014,-1.136) 指令位置=(-0.001,0.014,-1.136) 指令速度=(0.000,0.000,0.000) 指令加速度=(0.000,0.000,0.000) 滚转角=-0.08度 俯仰角=0.11度
09:03:58.220418 [轨迹] 序号=268 单调时间=1869.239751 时间=1869.240 模式=OFFBOARD 起飞状态=高度保持 水平控制=位置保持 类型掩码=2496 实际位置NED=(0.001,0.012,-0.326) 实际速度=(0.002,-0.001,-0.021) 最终目标=(-0.001,0.014,-1.136) 指令位置=(-0.001,0.014,-1.136) 指令速度=(0.000,0.000,0.000) 指令加速度=(0.000,0.000,0.000) 滚转角=-0.08度 俯仰角=0.12度
09:03:58.324132 [轨迹] 序号=269 单调时间=1869.343143 时间=1869.343 模式=OFFBOARD 起飞状态=高度保持 水平控制=位置保持 类型掩码=2496 实际位置NED=(0.001,0.012,-0.326) 实际速度=(0.002,-0.001,-0.021) 最终目标=(-0.001,0.014,-1.136) 指令位置=(-0.001,0.014,-1.136) 指令速度=(0.000,0.000,0.000) 指令加速度=(0.000,0.000,0.000) 滚转角=-0.08度 俯仰角=0.12度
09:03:58.427144 [轨迹] 序号=270 单调时间=1869.446529 时间=1869.447 模式=OFFBOARD 起飞状态=高度保持 水平控制=位置保持 类型掩码=2496 实际位置NED=(0.001,0.013,-0.325) 实际速度=(0.001,-0.001,-0.020) 最终目标=(-0.001,0.014,-1.136) 指令位置=(-0.001,0.014,-1.136) 指令速度=(0.000,0.000,0.000) 指令加速度=(0.000,0.000,0.000) 滚转角=-0.08度 俯仰角=0.12度
09:03:58.530318 [轨迹] 序号=271 单调时间=1869.549689 时间=1869.550 模式=OFFBOARD 起飞状态=高度保持 水平控制=位置保持 类型掩码=2496 实际位置NED=(0.001,0.013,-0.325) 实际速度=(0.001,-0.001,-0.019) 最终目标=(-0.001,0.014,-1.136) 指令位置=(-0.001,0.014,-1.136) 指令速度=(0.000,0.000,0.000) 指令加速度=(0.000,0.000,0.000) 滚转角=-0.08度 俯仰角=0.12度
09:03:58.633519 [轨迹] 序号=272 单调时间=1869.652781 时间=1869.653 模式=OFFBOARD 起飞状态=高度保持 水平控制=位置保持 类型掩码=2496 实际位置NED=(0.001,0.013,-0.323) 实际速度=(0.001,-0.001,-0.017) 最终目标=(-0.001,0.014,-1.136) 指令位置=(-0.001,0.014,-1.136) 指令速度=(0.000,0.000,0.000) 指令加速度=(0.000,0.000,0.000) 滚转角=-0.08度 俯仰角=0.11度
09:03:58.736896 [轨迹] 序号=273 单调时间=1869.756231 时间=1869.756 模式=OFFBOARD 起飞状态=高度保持 水平控制=位置保持 类型掩码=2496 实际位置NED=(0.001,0.013,-0.323) 实际速度=(0.001,-0.001,-0.016) 最终目标=(-0.001,0.014,-1.136) 指令位置=(-0.001,0.014,-1.136) 指令速度=(0.000,0.000,0.000) 指令加速度=(0.000,0.000,0.000) 滚转角=-0.08度 俯仰角=0.11度
09:03:58.840251 [轨迹] 序号=274 单调时间=1869.859765 时间=1869.860 模式=OFFBOARD 起飞状态=高度保持 水平控制=位置保持 类型掩码=2496 实际位置NED=(0.001,0.013,-0.322) 实际速度=(0.001,-0.001,-0.015) 最终目标=(-0.001,0.014,-1.136) 指令位置=(-0.001,0.014,-1.136) 指令速度=(0.000,0.000,0.000) 指令加速度=(0.000,0.000,0.000) 滚转角=-0.08度 俯仰角=0.12度
09:03:58.943686 [轨迹] 序号=275 单调时间=1869.963022 时间=1869.963 模式=OFFBOARD 起飞状态=高度保持 水平控制=位置保持 类型掩码=2496 实际位置NED=(0.000,0.013,-0.321) 实际速度=(0.001,-0.001,-0.015) 最终目标=(-0.001,0.014,-1.136) 指令位置=(-0.001,0.014,-1.136) 指令速度=(0.000,0.000,0.000) 指令加速度=(0.000,0.000,0.000) 滚转角=-0.08度 俯仰角=0.12度
09:03:59.046846 [轨迹] 序号=276 单调时间=1870.066131 时间=1870.066 模式=OFFBOARD 起飞状态=高度保持 水平控制=位置保持 类型掩码=2496 实际位置NED=(0.000,0.013,-0.321) 实际速度=(0.001,-0.001,-0.014) 最终目标=(-0.001,0.014,-1.136) 指令位置=(-0.001,0.014,-1.136) 指令速度=(0.000,0.000,0.000) 指令加速度=(0.000,0.000,0.000) 滚转角=-0.08度 俯仰角=0.11度
09:03:59.150490 [轨迹] 序号=277 单调时间=1870.169923 时间=1870.170 模式=OFFBOARD 起飞状态=高度保持 水平控制=位置保持 类型掩码=2496 实际位置NED=(0.000,0.014,-0.320) 实际速度=(0.001,-0.000,-0.013) 最终目标=(-0.001,0.014,-1.136) 指令位置=(-0.001,0.014,-1.136) 指令速度=(0.000,0.000,0.000) 指令加速度=(0.000,0.000,0.000) 滚转角=-0.08度 俯仰角=0.11度
09:03:59.253622 [轨迹] 序号=278 单调时间=1870.272731 时间=1870.273 模式=OFFBOARD 起飞状态=高度保持 水平控制=位置保持 类型掩码=2496 实际位置NED=(0.000,0.014,-0.319) 实际速度=(0.000,0.001,-0.013) 最终目标=(-0.001,0.014,-1.136) 指令位置=(-0.001,0.014,-1.136) 指令速度=(0.000,0.000,0.000) 指令加速度=(0.000,0.000,0.000) 滚转角=-0.08度 俯仰角=0.09度
09:03:59.356968 [轨迹] 序号=279 单调时间=1870.376316 时间=1870.376 模式=OFFBOARD 起飞状态=高度保持 水平控制=位置保持 类型掩码=2496 实际位置NED=(0.000,0.014,-0.319) 实际速度=(-0.000,0.003,-0.014) 最终目标=(-0.001,0.014,-1.136) 指令位置=(-0.001,0.014,-1.136) 指令速度=(0.000,0.000,0.000) 指令加速度=(0.000,0.000,0.000) 滚转角=-0.08度 俯仰角=0.05度
09:03:59.460380 [轨迹] 序号=280 单调时间=1870.479633 时间=1870.480 模式=OFFBOARD 起飞状态=高度保持 水平控制=位置保持 类型掩码=2496 实际位置NED=(-0.000,0.014,-0.318) 实际速度=(-0.001,0.004,-0.017) 最终目标=(-0.001,0.014,-1.136) 指令位置=(-0.001,0.014,-1.136) 指令速度=(0.000,0.000,0.000) 指令加速度=(0.000,0.000,0.000) 滚转角=-0.06度 俯仰角=-0.00度
09:03:59.563665 [轨迹] 序号=281 单调时间=1870.582978 时间=1870.583 模式=OFFBOARD 起飞状态=高度保持 水平控制=位置保持 类型掩码=2496 实际位置NED=(-0.000,0.014,-0.318) 实际速度=(-0.001,0.004,-0.021) 最终目标=(-0.001,0.014,-1.136) 指令位置=(-0.001,0.014,-1.136) 指令速度=(0.000,0.000,0.000) 指令加速度=(0.000,0.000,0.000) 滚转角=-0.01度 俯仰角=-0.09度
09:03:59.666956 [轨迹] 序号=282 单调时间=1870.686246 时间=1870.686 模式=OFFBOARD 起飞状态=高度保持 水平控制=位置保持 类型掩码=2496 实际位置NED=(-0.000,0.015,-0.317) 实际速度=(-0.002,0.005,-0.027) 最终目标=(-0.001,0.014,-1.136) 指令位置=(-0.001,0.014,-1.136) 指令速度=(0.000,0.000,0.000) 指令加速度=(0.000,0.000,0.000) 滚转角=0.02度 俯仰角=-0.15度
09:03:59.771390 [轨迹] 序号=283 单调时间=1870.790811 时间=1870.791 模式=OFFBOARD 起飞状态=高度保持 水平控制=位置保持 类型掩码=2496 实际位置NED=(-0.001,0.015,-0.318) 实际速度=(-0.003,0.008,-0.043) 最终目标=(-0.001,0.014,-1.136) 指令位置=(-0.001,0.014,-1.136) 指令速度=(0.000,0.000,0.000) 指令加速度=(0.000,0.000,0.000) 滚转角=0.08度 俯仰角=-0.22度
09:03:59.874487 [轨迹] 序号=284 单调时间=1870.893901 时间=1870.894 模式=OFFBOARD 起飞状态=高度保持 水平控制=位置保持 类型掩码=2496 实际位置NED=(-0.001,0.015,-0.318) 实际速度=(-0.003,0.008,-0.043) 最终目标=(-0.001,0.014,-1.136) 指令位置=(-0.001,0.014,-1.136) 指令速度=(0.000,0.000,0.000) 指令加速度=(0.000,0.000,0.000) 滚转角=0.10度 俯仰角=-0.25度
09:03:59.977942 [轨迹] 序号=285 单调时间=1870.997140 时间=1870.997 模式=OFFBOARD 起飞状态=高度保持 水平控制=位置保持 类型掩码=2496 实际位置NED=(-0.001,0.016,-0.318) 实际速度=(-0.005,0.010,-0.053) 最终目标=(-0.001,0.014,-1.136) 指令位置=(-0.001,0.014,-1.136) 指令速度=(0.000,0.000,0.000) 指令加速度=(0.000,0.000,0.000) 滚转角=0.14度 俯仰角=-0.28度
09:04:00.081630 [轨迹] 序号=286 单调时间=1871.100992 时间=1871.101 模式=OFFBOARD 起飞状态=高度保持 水平控制=位置保持 类型掩码=2496 实际位置NED=(-0.002,0.017,-0.321) 实际速度=(-0.008,0.015,-0.075) 最终目标=(-0.001,0.014,-1.136) 指令位置=(-0.001,0.014,-1.136) 指令速度=(0.000,0.000,0.000) 指令加速度=(0.000,0.000,0.000) 滚转角=0.17度 俯仰角=-0.29度
09:04:00.184694 [轨迹] 序号=287 单调时间=1871.204082 时间=1871.204 模式=OFFBOARD 起飞状态=高度保持 水平控制=位置保持 类型掩码=2496 实际位置NED=(-0.002,0.017,-0.323) 实际速度=(-0.010,0.017,-0.086) 最终目标=(-0.001,0.014,-1.136) 指令位置=(-0.001,0.014,-1.136) 指令速度=(0.000,0.000,0.000) 指令加速度=(0.000,0.000,0.000) 滚转角=0.17度 俯仰角=-0.29度
09:04:00.287799 [轨迹] 序号=288 单调时间=1871.307183 时间=1871.307 模式=OFFBOARD 起飞状态=高度保持 水平控制=位置保持 类型掩码=2496 实际位置NED=(-0.002,0.017,-0.323) 实际速度=(-0.010,0.017,-0.086) 最终目标=(-0.001,0.014,-1.136) 指令位置=(-0.001,0.014,-1.136) 指令速度=(0.000,0.000,0.000) 指令加速度=(0.000,0.000,0.000) 滚转角=0.18度 俯仰角=-0.28度
09:04:00.391346 [轨迹] 序号=289 单调时间=1871.410559 时间=1871.411 模式=OFFBOARD 起飞状态=高度保持 水平控制=位置保持 类型掩码=2496 实际位置NED=(-0.003,0.019,-0.327) 实际速度=(-0.013,0.021,-0.107) 最终目标=(-0.001,0.014,-1.136) 指令位置=(-0.001,0.014,-1.136) 指令速度=(0.000,0.000,0.000) 指令加速度=(0.000,0.000,0.000) 滚转角=0.17度 俯仰角=-0.25度
09:04:00.494324 [轨迹] 序号=290 单调时间=1871.513704 时间=1871.514 模式=OFFBOARD 起飞状态=高度保持 水平控制=位置保持 类型掩码=2496 实际位置NED=(-0.003,0.019,-0.330) 实际速度=(-0.015,0.022,-0.117) 最终目标=(-0.001,0.014,-1.136) 指令位置=(-0.001,0.014,-1.136) 指令速度=(0.000,0.000,0.000) 指令加速度=(0.000,0.000,0.000) 滚转角=0.16度 俯仰角=-0.22度
09:04:00.594757 [轨迹] 序号=291 单调时间=1871.614138 时间=1871.614 模式=OFFBOARD 起飞状态=高度保持 水平控制=位置保持 类型掩码=2496 实际位置NED=(-0.003,0.019,-0.330) 实际速度=(-0.015,0.022,-0.117) 最终目标=(-0.001,0.014,-1.136) 指令位置=(-0.001,0.014,-1.136) 指令速度=(0.000,0.000,0.000) 指令加速度=(0.000,0.000,0.000) 滚转角=0.15度 俯仰角=-0.20度
09:04:00.695344 [轨迹] 序号=292 单调时间=1871.714752 时间=1871.715 模式=OFFBOARD 起飞状态=高度保持 水平控制=位置保持 类型掩码=2496 实际位置NED=(-0.005,0.021,-0.338) 实际速度=(-0.017,0.024,-0.139) 最终目标=(-0.001,0.014,-1.136) 指令位置=(-0.001,0.014,-1.136) 指令速度=(0.000,0.000,0.000) 指令加速度=(0.000,0.000,0.000) 滚转角=0.13度 俯仰角=-0.17度
09:04:00.799100 [轨迹] 序号=293 单调时间=1871.818395 时间=1871.818 模式=OFFBOARD 起飞状态=高度保持 水平控制=位置保持 类型掩码=2496 实际位置NED=(-0.005,0.022,-0.342) 实际速度=(-0.018,0.024,-0.148) 最终目标=(-0.001,0.014,-1.136) 指令位置=(-0.001,0.014,-1.136) 指令速度=(0.000,0.000,0.000) 指令加速度=(0.000,0.000,0.000) 滚转角=0.10度 俯仰角=-0.12度
09:04:00.902195 [轨迹] 序号=294 单调时间=1871.921508 时间=1871.922 模式=OFFBOARD 起飞状态=高度保持 水平控制=位置保持 类型掩码=2496 实际位置NED=(-0.005,0.022,-0.342) 实际速度=(-0.018,0.024,-0.148) 最终目标=(-0.001,0.014,-1.136) 指令位置=(-0.001,0.014,-1.136) 指令速度=(0.000,0.000,0.000) 指令加速度=(0.000,0.000,0.000) 滚转角=0.08度 俯仰角=-0.10度
09:04:01.006095 [轨迹] 序号=295 单调时间=1872.025427 时间=1872.025 模式=OFFBOARD 起飞状态=高度保持 水平控制=位置保持 类型掩码=2496 实际位置NED=(-0.006,0.023,-0.351) 实际速度=(-0.018,0.024,-0.165) 最终目标=(-0.001,0.014,-1.136) 指令位置=(-0.001,0.014,-1.136) 指令速度=(0.000,0.000,0.000) 指令加速度=(0.000,0.000,0.000) 滚转角=0.04度 俯仰角=-0.04度
09:04:01.109884 [轨迹] 序号=296 单调时间=1872.129230 时间=1872.129 模式=OFFBOARD 起飞状态=高度保持 水平控制=位置保持 类型掩码=2496 实际位置NED=(-0.007,0.023,-0.356) 实际速度=(-0.018,0.023,-0.173) 最终目标=(-0.001,0.014,-1.136) 指令位置=(-0.001,0.014,-1.136) 指令速度=(0.000,0.000,0.000) 指令加速度=(0.000,0.000,0.000) 滚转角=0.01度 俯仰角=-0.01度
09:04:01.213307 [轨迹] 序号=297 单调时间=1872.232481 时间=1872.232 模式=OFFBOARD 起飞状态=高度保持 水平控制=位置保持 类型掩码=2496 实际位置NED=(-0.007,0.024,-0.363) 实际速度=(-0.017,0.022,-0.182) 最终目标=(-0.001,0.014,-1.136) 指令位置=(-0.001,0.014,-1.136) 指令速度=(0.000,0.000,0.000) 指令加速度=(0.000,0.000,0.000) 滚转角=-0.01度 俯仰角=0.01度
09:04:01.315720 [轨迹] 序号=298 单调时间=1872.334796 时间=1872.335 模式=OFFBOARD 起飞状态=高度保持 水平控制=位置保持 类型掩码=2496 实际位置NED=(-0.007,0.024,-0.368) 实际速度=(-0.016,0.021,-0.189) 最终目标=(-0.001,0.014,-1.136) 指令位置=(-0.001,0.014,-1.136) 指令速度=(0.000,0.000,0.000) 指令加速度=(0.000,0.000,0.000) 滚转角=-0.03度 俯仰角=0.04度
09:04:01.418970 [轨迹] 序号=299 单调时间=1872.438243 时间=1872.438 模式=OFFBOARD 起飞状态=高度保持 水平控制=位置保持 类型掩码=2496 实际位置NED=(-0.008,0.024,-0.374) 实际速度=(-0.015,0.019,-0.195) 最终目标=(-0.001,0.014,-1.136) 指令位置=(-0.001,0.014,-1.136) 指令速度=(0.000,0.000,0.000) 指令加速度=(0.000,0.000,0.000) 滚转角=-0.05度 俯仰角=0.06度
09:04:01.522217 [轨迹] 序号=300 单调时间=1872.541656 时间=1872.542 模式=OFFBOARD 起飞状态=高度保持 水平控制=位置保持 类型掩码=2496 实际位置NED=(-0.008,0.025,-0.380) 实际速度=(-0.014,0.018,-0.201) 最终目标=(-0.001,0.014,-1.136) 指令位置=(-0.001,0.014,-1.136) 指令速度=(0.000,0.000,0.000) 指令加速度=(0.000,0.000,0.000) 滚转角=-0.06度 俯仰角=0.07度
09:04:01.622352 [轨迹] 序号=301 单调时间=1872.641761 时间=1872.642 模式=OFFBOARD 起飞状态=高度保持 水平控制=位置保持 类型掩码=2496 实际位置NED=(-0.008,0.025,-0.386) 实际速度=(-0.013,0.016,-0.206) 最终目标=(-0.001,0.014,-1.136) 指令位置=(-0.001,0.014,-1.136) 指令速度=(0.000,0.000,0.000) 指令加速度=(0.000,0.000,0.000) 滚转角=-0.07度 俯仰角=0.09度
09:04:01.726253 [轨迹] 序号=302 单调时间=1872.745546 时间=1872.746 模式=OFFBOARD 起飞状态=高度保持 水平控制=位置保持 类型掩码=2496 实际位置NED=(-0.008,0.025,-0.392) 实际速度=(-0.012,0.015,-0.211) 最终目标=(-0.001,0.014,-1.136) 指令位置=(-0.001,0.014,-1.136) 指令速度=(0.000,0.000,0.000) 指令加速度=(0.000,0.000,0.000) 滚转角=-0.07度 俯仰角=0.10度
09:04:01.829244 [轨迹] 序号=303 单调时间=1872.848628 时间=1872.849 模式=OFFBOARD 起飞状态=高度保持 水平控制=位置保持 类型掩码=2496 实际位置NED=(-0.008,0.024,-0.400) 实际速度=(-0.010,0.013,-0.217) 最终目标=(-0.001,0.014,-1.136) 指令位置=(-0.001,0.014,-1.136) 指令速度=(0.000,0.000,0.000) 指令加速度=(0.000,0.000,0.000) 滚转角=-0.08度 俯仰角=0.10度
09:04:01.932666 [轨迹] 序号=304 单调时间=1872.951889 时间=1872.952 模式=OFFBOARD 起飞状态=高度保持 水平控制=位置保持 类型掩码=2496 实际位置NED=(-0.008,0.024,-0.407) 实际速度=(-0.009,0.012,-0.221) 最终目标=(-0.001,0.014,-1.136) 指令位置=(-0.001,0.014,-1.136) 指令速度=(0.000,0.000,0.000) 指令加速度=(0.000,0.000,0.000) 滚转角=-0.08度 俯仰角=0.10度
09:04:02.035977 [轨迹] 序号=305 单调时间=1873.055314 时间=1873.055 模式=OFFBOARD 起飞状态=高度保持 水平控制=位置保持 类型掩码=2496 实际位置NED=(-0.007,0.024,-0.413) 实际速度=(-0.008,0.010,-0.224) 最终目标=(-0.001,0.014,-1.136) 指令位置=(-0.001,0.014,-1.136) 指令速度=(0.000,0.000,0.000) 指令加速度=(0.000,0.000,0.000) 滚转角=-0.08度 俯仰角=0.10度
09:04:02.139017 [轨迹] 序号=306 单调时间=1873.158372 时间=1873.158 模式=OFFBOARD 起飞状态=高度保持 水平控制=位置保持 类型掩码=2496 实际位置NED=(-0.007,0.024,-0.427) 实际速度=(-0.006,0.008,-0.230) 最终目标=(-0.001,0.014,-1.136) 指令位置=(-0.001,0.014,-1.136) 指令速度=(0.000,0.000,0.000) 指令加速度=(0.000,0.000,0.000) 滚转角=-0.07度 俯仰角=0.10度
09:04:02.242035 [轨迹] 序号=307 单调时间=1873.261405 时间=1873.261 模式=OFFBOARD 起飞状态=高度保持 水平控制=位置保持 类型掩码=2496 实际位置NED=(-0.007,0.023,-0.434) 实际速度=(-0.005,0.007,-0.233) 最终目标=(-0.001,0.014,-1.136) 指令位置=(-0.001,0.014,-1.136) 指令速度=(0.000,0.000,0.000) 指令加速度=(0.000,0.000,0.000) 滚转角=-0.07度 俯仰角=0.09度
09:04:02.345099 [轨迹] 序号=308 单调时间=1873.364438 时间=1873.364 模式=OFFBOARD 起飞状态=高度保持 水平控制=位置保持 类型掩码=2496 实际位置NED=(-0.007,0.023,-0.434) 实际速度=(-0.005,0.007,-0.233) 最终目标=(-0.001,0.014,-1.136) 指令位置=(-0.001,0.014,-1.136) 指令速度=(0.000,0.000,0.000) 指令加速度=(0.000,0.000,0.000) 滚转角=-0.06度 俯仰角=0.09度
09:04:02.448086 [轨迹] 序号=309 单调时间=1873.467467 时间=1873.467 模式=OFFBOARD 起飞状态=高度保持 水平控制=位置保持 类型掩码=2496 实际位置NED=(-0.006,0.023,-0.450) 实际速度=(-0.003,0.005,-0.237) 最终目标=(-0.001,0.014,-1.136) 指令位置=(-0.001,0.014,-1.136) 指令速度=(0.000,0.000,0.000) 指令加速度=(0.000,0.000,0.000) 滚转角=-0.05度 俯仰角=0.08度
09:04:02.550935 [轨迹] 序号=310 单调时间=1873.570358 时间=1873.570 模式=OFFBOARD 起飞状态=高度保持 水平控制=位置保持 类型掩码=2496 实际位置NED=(-0.006,0.022,-0.457) 实际速度=(-0.002,0.004,-0.238) 最终目标=(-0.001,0.014,-1.136) 指令位置=(-0.001,0.014,-1.136) 指令速度=(0.000,0.000,0.000) 指令加速度=(0.000,0.000,0.000) 滚转角=-0.04度 俯仰角=0.07度
09:04:02.653882 [轨迹] 序号=311 单调时间=1873.673261 时间=1873.673 模式=OFFBOARD 起飞状态=高度保持 水平控制=位置保持 类型掩码=2496 实际位置NED=(-0.005,0.022,-0.465) 实际速度=(-0.002,0.003,-0.239) 最终目标=(-0.001,0.014,-1.136) 指令位置=(-0.001,0.014,-1.136) 指令速度=(0.000,0.000,0.000) 指令加速度=(0.000,0.000,0.000) 滚转角=-0.04度 俯仰角=0.06度
09:04:02.754206 [轨迹] 序号=312 单调时间=1873.773626 时间=1873.774 模式=OFFBOARD 起飞状态=高度保持 水平控制=位置保持 类型掩码=2496 实际位置NED=(-0.005,0.022,-0.472) 实际速度=(-0.002,0.003,-0.240) 最终目标=(-0.001,0.014,-1.136) 指令位置=(-0.001,0.014,-1.136) 指令速度=(0.000,0.000,0.000) 指令加速度=(0.000,0.000,0.000) 滚转角=-0.03度 俯仰角=0.06度
09:04:02.857768 [轨迹] 序号=313 单调时间=1873.877153 时间=1873.877 模式=OFFBOARD 起飞状态=高度保持 水平控制=位置保持 类型掩码=2496 实际位置NED=(-0.005,0.021,-0.479) 实际速度=(-0.002,0.003,-0.241) 最终目标=(-0.001,0.014,-1.136) 指令位置=(-0.001,0.014,-1.136) 指令速度=(0.000,0.000,0.000) 指令加速度=(0.000,0.000,0.000) 滚转角=-0.02度 俯仰角=0.05度
09:04:02.961099 [轨迹] 序号=314 单调时间=1873.980270 时间=1873.980 模式=OFFBOARD 起飞状态=高度保持 水平控制=位置保持 类型掩码=2496 实际位置NED=(-0.005,0.021,-0.489) 实际速度=(-0.001,0.002,-0.242) 最终目标=(-0.001,0.014,-1.136) 指令位置=(-0.001,0.014,-1.136) 指令速度=(0.000,0.000,0.000) 指令加速度=(0.000,0.000,0.000) 滚转角=-0.02度 俯仰角=0.05度
09:04:03.065029 [轨迹] 序号=315 单调时间=1874.084331 时间=1874.084 模式=OFFBOARD 起飞状态=高度保持 水平控制=位置保持 类型掩码=2496 实际位置NED=(-0.005,0.021,-0.496) 实际速度=(-0.001,0.002,-0.242) 最终目标=(-0.001,0.014,-1.136) 指令位置=(-0.001,0.014,-1.136) 指令速度=(0.000,0.000,0.000) 指令加速度=(0.000,0.000,0.000) 滚转角=-0.02度 俯仰角=0.04度
09:04:03.168477 [轨迹] 序号=316 单调时间=1874.187831 时间=1874.188 模式=OFFBOARD 起飞状态=高度保持 水平控制=位置保持 类型掩码=2496 实际位置NED=(-0.005,0.021,-0.503) 实际速度=(-0.001,0.002,-0.242) 最终目标=(-0.001,0.014,-1.136) 指令位置=(-0.001,0.014,-1.136) 指令速度=(0.000,0.000,0.000) 指令加速度=(0.000,0.000,0.000) 滚转角=-0.01度 俯仰角=0.04度
09:04:03.271666 [轨迹] 序号=317 单调时间=1874.290983 时间=1874.291 模式=OFFBOARD 起飞状态=高度保持 水平控制=位置保持 类型掩码=2496 实际位置NED=(-0.004,0.021,-0.518) 实际速度=(-0.002,0.002,-0.241) 最终目标=(-0.001,0.014,-1.136) 指令位置=(-0.001,0.014,-1.136) 指令速度=(0.000,0.000,0.000) 指令加速度=(0.000,0.000,0.000) 滚转角=-0.01度 俯仰角=0.04度
09:04:03.374774 [轨迹] 序号=318 单调时间=1874.394221 时间=1874.394 模式=OFFBOARD 起飞状态=高度保持 水平控制=位置保持 类型掩码=2496 实际位置NED=(-0.004,0.021,-0.526) 实际速度=(-0.002,0.002,-0.241) 最终目标=(-0.001,0.014,-1.136) 指令位置=(-0.001,0.014,-1.136) 指令速度=(0.000,0.000,0.000) 指令加速度=(0.000,0.000,0.000) 滚转角=-0.01度 俯仰角=0.04度
09:04:03.477663 [轨迹] 序号=319 单调时间=1874.497028 时间=1874.497 模式=OFFBOARD 起飞状态=高度保持 水平控制=位置保持 类型掩码=2496 实际位置NED=(-0.004,0.021,-0.526) 实际速度=(-0.002,0.002,-0.241) 最终目标=(-0.001,0.014,-1.136) 指令位置=(-0.001,0.014,-1.136) 指令速度=(0.000,0.000,0.000) 指令加速度=(0.000,0.000,0.000) 滚转角=-0.02度 俯仰角=0.04度
09:04:03.580476 [轨迹] 序号=320 单调时间=1874.600042 时间=1874.600 模式=OFFBOARD 起飞状态=高度保持 水平控制=位置保持 类型掩码=2496 实际位置NED=(-0.004,0.020,-0.543) 实际速度=(-0.002,0.002,-0.239) 最终目标=(-0.001,0.014,-1.136) 指令位置=(-0.001,0.014,-1.136) 指令速度=(0.000,0.000,0.000) 指令加速度=(0.000,0.000,0.000) 滚转角=-0.02度 俯仰角=0.05度
09:04:03.683672 [轨迹] 序号=321 单调时间=1874.702937 时间=1874.703 模式=OFFBOARD 起飞状态=高度保持 水平控制=位置保持 类型掩码=2496 实际位置NED=(-0.004,0.021,-0.550) 实际速度=(-0.002,0.002,-0.238) 最终目标=(-0.001,0.014,-1.136) 指令位置=(-0.001,0.014,-1.136) 指令速度=(0.000,0.000,0.000) 指令加速度=(0.000,0.000,0.000) 滚转角=-0.02度 俯仰角=0.05度
09:04:03.786987 [轨迹] 序号=322 单调时间=1874.806407 时间=1874.806 模式=OFFBOARD 起飞状态=高度保持 水平控制=位置保持 类型掩码=2496 实际位置NED=(-0.004,0.021,-0.550) 实际速度=(-0.002,0.002,-0.238) 最终目标=(-0.001,0.014,-1.136) 指令位置=(-0.001,0.014,-1.136) 指令速度=(0.000,0.000,0.000) 指令加速度=(0.000,0.000,0.000) 滚转角=-0.03度 俯仰角=0.05度
09:04:03.890239 [轨迹] 序号=323 单调时间=1874.909524 时间=1874.910 模式=OFFBOARD 起飞状态=高度保持 水平控制=位置保持 类型掩码=2496 实际位置NED=(-0.004,0.021,-0.565) 实际速度=(-0.002,0.002,-0.236) 最终目标=(-0.001,0.014,-1.136) 指令位置=(-0.001,0.014,-1.136) 指令速度=(0.000,0.000,0.000) 指令加速度=(0.000,0.000,0.000) 滚转角=-0.03度 俯仰角=0.06度
09:04:03.993724 [轨迹] 序号=324 单调时间=1875.012812 时间=1875.013 模式=OFFBOARD 起飞状态=高度保持 水平控制=位置保持 类型掩码=2496 实际位置NED=(-0.004,0.021,-0.572) 实际速度=(-0.002,0.002,-0.234) 最终目标=(-0.001,0.014,-1.136) 指令位置=(-0.001,0.014,-1.136) 指令速度=(0.000,0.000,0.000) 指令加速度=(0.000,0.000,0.000) 滚转角=-0.03度 俯仰角=0.06度
09:04:04.096957 [轨迹] 序号=325 单调时间=1875.116301 时间=1875.116 模式=OFFBOARD 起飞状态=高度保持 水平控制=位置保持 类型掩码=2496 实际位置NED=(-0.005,0.021,-0.582) 实际速度=(-0.002,0.002,-0.232) 最终目标=(-0.001,0.014,-1.136) 指令位置=(-0.001,0.014,-1.136) 指令速度=(0.000,0.000,0.000) 指令加速度=(0.000,0.000,0.000) 滚转角=-0.04度 俯仰角=0.06度
09:04:04.199939 [轨迹] 序号=326 单调时间=1875.219317 时间=1875.219 模式=OFFBOARD 起飞状态=高度保持 水平控制=位置保持 类型掩码=2496 实际位置NED=(-0.005,0.021,-0.589) 实际速度=(-0.002,0.002,-0.231) 最终目标=(-0.001,0.014,-1.136) 指令位置=(-0.001,0.014,-1.136) 指令速度=(0.000,0.000,0.000) 指令加速度=(0.000,0.000,0.000) 滚转角=-0.04度 俯仰角=0.07度
09:04:04.303284 [轨迹] 序号=327 单调时间=1875.322637 时间=1875.323 模式=OFFBOARD 起飞状态=高度保持 水平控制=位置保持 类型掩码=2496 实际位置NED=(-0.005,0.021,-0.596) 实际速度=(-0.002,0.002,-0.229) 最终目标=(-0.001,0.014,-1.136) 指令位置=(-0.001,0.014,-1.136) 指令速度=(0.000,0.000,0.000) 指令加速度=(0.000,0.000,0.000) 滚转角=-0.05度 俯仰角=0.07度
09:04:04.406374 [轨迹] 序号=328 单调时间=1875.425804 时间=1875.426 模式=OFFBOARD 起飞状态=高度保持 水平控制=位置保持 类型掩码=2496 实际位置NED=(-0.005,0.021,-0.603) 实际速度=(-0.002,0.002,-0.227) 最终目标=(-0.001,0.014,-1.136) 指令位置=(-0.001,0.014,-1.136) 指令速度=(0.000,0.000,0.000) 指令加速度=(0.000,0.000,0.000) 滚转角=-0.05度 俯仰角=0.07度
09:04:04.509334 [轨迹] 序号=329 单调时间=1875.528717 时间=1875.529 模式=OFFBOARD 起飞状态=高度保持 水平控制=位置保持 类型掩码=2496 实际位置NED=(-0.005,0.021,-0.610) 实际速度=(-0.002,0.002,-0.225) 最终目标=(-0.001,0.014,-1.136) 指令位置=(-0.001,0.014,-1.136) 指令速度=(0.000,0.000,0.000) 指令加速度=(0.000,0.000,0.000) 滚转角=-0.05度 俯仰角=0.08度
09:04:04.612570 [轨迹] 序号=330 单调时间=1875.631713 时间=1875.632 模式=OFFBOARD 起飞状态=高度保持 水平控制=位置保持 类型掩码=2496 实际位置NED=(-0.005,0.021,-0.620) 实际速度=(-0.002,0.001,-0.223) 最终目标=(-0.001,0.014,-1.136) 指令位置=(-0.001,0.014,-1.136) 指令速度=(0.000,0.000,0.000) 指令加速度=(0.000,0.000,0.000) 滚转角=-0.06度 俯仰角=0.08度
09:04:04.716705 [轨迹] 序号=331 单调时间=1875.736288 时间=1875.736 模式=OFFBOARD 起飞状态=高度保持 水平控制=位置保持 类型掩码=2496 实际位置NED=(-0.005,0.021,-0.634) 实际速度=(-0.001,0.001,-0.219) 最终目标=(-0.001,0.014,-1.136) 指令位置=(-0.001,0.014,-1.136) 指令速度=(0.000,0.000,0.000) 指令加速度=(0.000,0.000,0.000) 滚转角=-0.06度 俯仰角=0.09度
09:04:04.820010 [轨迹] 序号=332 单调时间=1875.839402 时间=1875.839 模式=OFFBOARD 起飞状态=高度保持 水平控制=位置保持 类型掩码=2496 实际位置NED=(-0.005,0.021,-0.634) 实际速度=(-0.001,0.001,-0.219) 最终目标=(-0.001,0.014,-1.136) 指令位置=(-0.001,0.014,-1.136) 指令速度=(0.000,0.000,0.000) 指令加速度=(0.000,0.000,0.000) 滚转角=-0.06度 俯仰角=0.09度
09:04:04.923059 [轨迹] 序号=333 单调时间=1875.942418 时间=1875.942 模式=OFFBOARD 起飞状态=高度保持 水平控制=位置保持 类型掩码=2496 实际位置NED=(-0.005,0.022,-0.641) 实际速度=(-0.001,0.001,-0.217) 最终目标=(-0.001,0.014,-1.136) 指令位置=(-0.001,0.014,-1.136) 指令速度=(0.000,0.000,0.000) 指令加速度=(0.000,0.000,0.000) 滚转角=-0.06度 俯仰角=0.10度
09:04:05.026931 [轨迹] 序号=334 单调时间=1876.046306 时间=1876.046 模式=OFFBOARD 起飞状态=高度保持 水平控制=位置保持 类型掩码=2496 实际位置NED=(-0.005,0.022,-0.656) 实际速度=(-0.000,0.000,-0.212) 最终目标=(-0.001,0.014,-1.136) 指令位置=(-0.001,0.014,-1.136) 指令速度=(0.000,0.000,0.000) 指令加速度=(0.000,0.000,0.000) 滚转角=-0.06度 俯仰角=0.10度
09:04:05.129641 [轨迹] 序号=335 单调时间=1876.149156 时间=1876.149 模式=OFFBOARD 起飞状态=高度保持 水平控制=位置保持 类型掩码=2496 实际位置NED=(-0.005,0.022,-0.656) 实际速度=(-0.000,0.000,-0.212) 最终目标=(-0.001,0.014,-1.136) 指令位置=(-0.001,0.014,-1.136) 指令速度=(0.000,0.000,0.000) 指令加速度=(0.000,0.000,0.000) 滚转角=-0.06度 俯仰角=0.10度
09:04:05.233637 [轨迹] 序号=336 单调时间=1876.252662 时间=1876.253 模式=OFFBOARD 起飞状态=高度保持 水平控制=位置保持 类型掩码=2496 实际位置NED=(-0.005,0.022,-0.663) 实际速度=(-0.000,0.000,-0.210) 最终目标=(-0.001,0.014,-1.136) 指令位置=(-0.001,0.014,-1.136) 指令速度=(0.000,0.000,0.000) 指令加速度=(0.000,0.000,0.000) 滚转角=-0.06度 俯仰角=0.10度
09:04:05.333754 [轨迹] 序号=337 单调时间=1876.352930 时间=1876.353 模式=OFFBOARD 起飞状态=高度保持 水平控制=位置保持 类型掩码=2496 实际位置NED=(-0.005,0.022,-0.676) 实际速度=(-0.000,0.000,-0.205) 最终目标=(-0.001,0.014,-1.136) 指令位置=(-0.001,0.014,-1.136) 指令速度=(0.000,0.000,0.000) 指令加速度=(0.000,0.000,0.000) 滚转角=-0.06度 俯仰角=0.10度
09:04:05.437405 [轨迹] 序号=338 单调时间=1876.456758 时间=1876.457 模式=OFFBOARD 起飞状态=高度保持 水平控制=位置保持 类型掩码=2496 实际位置NED=(-0.005,0.022,-0.683) 实际速度=(-0.000,-0.000,-0.203) 最终目标=(-0.001,0.014,-1.136) 指令位置=(-0.001,0.014,-1.136) 指令速度=(0.000,0.000,0.000) 指令加速度=(0.000,0.000,0.000) 滚转角=-0.05度 俯仰角=0.10度
09:04:05.537521 [轨迹] 序号=339 单调时间=1876.556801 时间=1876.557 模式=OFFBOARD 起飞状态=高度保持 水平控制=位置保持 类型掩码=2496 实际位置NED=(-0.005,0.022,-0.683) 实际速度=(-0.000,-0.000,-0.203) 最终目标=(-0.001,0.014,-1.136) 指令位置=(-0.001,0.014,-1.136) 指令速度=(0.000,0.000,0.000) 指令加速度=(0.000,0.000,0.000) 滚转角=-0.05度 俯仰角=0.11度
09:04:05.638118 [轨迹] 序号=340 单调时间=1876.657463 时间=1876.657 模式=OFFBOARD 起飞状态=高度保持 水平控制=位置保持 类型掩码=2496 实际位置NED=(-0.005,0.023,-0.697) 实际速度=(0.000,-0.001,-0.197) 最终目标=(-0.001,0.014,-1.136) 指令位置=(-0.001,0.014,-1.136) 指令速度=(0.000,0.000,0.000) 指令加速度=(0.000,0.000,0.000) 滚转角=-0.05度 俯仰角=0.11度
09:04:05.742322 [轨迹] 序号=341 单调时间=1876.761458 时间=1876.761 模式=OFFBOARD 起飞状态=高度保持 水平控制=位置保持 类型掩码=2496 实际位置NED=(-0.005,0.023,-0.697) 实际速度=(0.000,-0.001,-0.197) 最终目标=(-0.001,0.014,-1.136) 指令位置=(-0.001,0.014,-1.136) 指令速度=(0.000,0.000,0.000) 指令加速度=(0.000,0.000,0.000) 滚转角=-0.05度 俯仰角=0.11度
09:04:05.845438 [轨迹] 序号=342 单调时间=1876.864754 时间=1876.865 模式=OFFBOARD 起飞状态=高度保持 水平控制=位置保持 类型掩码=2496 实际位置NED=(-0.005,0.023,-0.703) 实际速度=(0.000,-0.001,-0.195) 最终目标=(-0.001,0.014,-1.136) 指令位置=(-0.001,0.014,-1.136) 指令速度=(0.000,0.000,0.000) 指令加速度=(0.000,0.000,0.000) 滚转角=-0.05度 俯仰角=0.11度
09:04:05.948459 [轨迹] 序号=343 单调时间=1876.967950 时间=1876.968 模式=OFFBOARD 起飞状态=高度保持 水平控制=位置保持 类型掩码=2496 实际位置NED=(-0.005,0.023,-0.716) 实际速度=(0.000,-0.001,-0.190) 最终目标=(-0.001,0.014,-1.136) 指令位置=(-0.001,0.014,-1.136) 指令速度=(0.000,0.000,0.000) 指令加速度=(0.000,0.000,0.000) 滚转角=-0.05度 俯仰角=0.11度
09:04:06.051636 [轨迹] 序号=344 单调时间=1877.071020 时间=1877.071 模式=OFFBOARD 起飞状态=高度保持 水平控制=位置保持 类型掩码=2496 实际位置NED=(-0.005,0.023,-0.716) 实际速度=(0.000,-0.001,-0.190) 最终目标=(-0.001,0.014,-1.136) 指令位置=(-0.001,0.014,-1.136) 指令速度=(0.000,0.000,0.000) 指令加速度=(0.000,0.000,0.000) 滚转角=-0.05度 俯仰角=0.11度
09:04:06.154635 [轨迹] 序号=345 单调时间=1877.174007 时间=1877.174 模式=OFFBOARD 起飞状态=高度保持 水平控制=位置保持 类型掩码=2496 实际位置NED=(-0.006,0.023,-0.722) 实际速度=(0.000,-0.001,-0.188) 最终目标=(-0.001,0.014,-1.136) 指令位置=(-0.001,0.014,-1.136) 指令速度=(0.000,0.000,0.000) 指令加速度=(0.000,0.000,0.000) 滚转角=-0.05度 俯仰角=0.12度
09:04:06.257706 [轨迹] 序号=346 单调时间=1877.277210 时间=1877.277 模式=OFFBOARD 起飞状态=高度保持 水平控制=位置保持 类型掩码=2496 实际位置NED=(-0.006,0.023,-0.729) 实际速度=(0.000,-0.002,-0.185) 最终目标=(-0.001,0.014,-1.136) 指令位置=(-0.001,0.014,-1.136) 指令速度=(0.000,0.000,0.000) 指令加速度=(0.000,0.000,0.000) 滚转角=-0.05度 俯仰角=0.12度
09:04:06.360797 [轨迹] 序号=347 单调时间=1877.379957 时间=1877.380 模式=OFFBOARD 起飞状态=高度保持 水平控制=位置保持 类型掩码=2496 实际位置NED=(-0.006,0.024,-0.735) 实际速度=(0.000,-0.002,-0.182) 最终目标=(-0.001,0.014,-1.136) 指令位置=(-0.001,0.014,-1.136) 指令速度=(0.000,0.000,0.000) 指令加速度=(0.000,0.000,0.000) 滚转角=-0.05度 俯仰角=0.12度
09:04:06.465021 [轨迹] 序号=348 单调时间=1877.484367 时间=1877.484 模式=OFFBOARD 起飞状态=高度保持 水平控制=位置保持 类型掩码=2496 实际位置NED=(-0.006,0.024,-0.740) 实际速度=(0.000,-0.002,-0.180) 最终目标=(-0.001,0.014,-1.136) 指令位置=(-0.001,0.014,-1.136) 指令速度=(0.000,0.000,0.000) 指令加速度=(0.000,0.000,0.000) 滚转角=-0.05度 俯仰角=0.12度
09:04:06.568067 [轨迹] 序号=349 单调时间=1877.587441 时间=1877.587 模式=OFFBOARD 起飞状态=高度保持 水平控制=位置保持 类型掩码=2496 实际位置NED=(-0.006,0.024,-0.747) 实际速度=(0.000,-0.002,-0.177) 最终目标=(-0.001,0.014,-1.136) 指令位置=(-0.001,0.014,-1.136) 指令速度=(0.000,0.000,0.000) 指令加速度=(0.000,0.000,0.000) 滚转角=-0.05度 俯仰角=0.12度
09:04:06.670917 [轨迹] 序号=350 单调时间=1877.690334 时间=1877.690 模式=OFFBOARD 起飞状态=高度保持 水平控制=位置保持 类型掩码=2496 实际位置NED=(-0.006,0.024,-0.753) 实际速度=(0.000,-0.002,-0.175) 最终目标=(-0.001,0.014,-1.136) 指令位置=(-0.001,0.014,-1.136) 指令速度=(0.000,0.000,0.000) 指令加速度=(0.000,0.000,0.000) 滚转角=-0.05度 俯仰角=0.12度
09:04:06.774280 [轨迹] 序号=351 单调时间=1877.793658 时间=1877.794 模式=OFFBOARD 起飞状态=高度保持 水平控制=位置保持 类型掩码=2496 实际位置NED=(-0.007,0.024,-0.758) 实际速度=(0.000,-0.002,-0.172) 最终目标=(-0.001,0.014,-1.136) 指令位置=(-0.001,0.014,-1.136) 指令速度=(0.000,0.000,0.000) 指令加速度=(0.000,0.000,0.000) 滚转角=-0.06度 俯仰角=0.12度
09:04:06.877265 [轨迹] 序号=352 单调时间=1877.896604 时间=1877.897 模式=OFFBOARD 起飞状态=高度保持 水平控制=位置保持 类型掩码=2496 实际位置NED=(-0.007,0.025,-0.769) 实际速度=(0.000,-0.003,-0.168) 最终目标=(-0.001,0.014,-1.136) 指令位置=(-0.001,0.014,-1.136) 指令速度=(0.000,0.000,0.000) 指令加速度=(0.000,0.000,0.000) 滚转角=-0.06度 俯仰角=0.13度
09:04:06.980393 [轨迹] 序号=353 单调时间=1877.999740 时间=1878.000 模式=OFFBOARD 起飞状态=高度保持 水平控制=位置保持 类型掩码=2496 实际位置NED=(-0.007,0.025,-0.775) 实际速度=(0.000,-0.003,-0.166) 最终目标=(-0.001,0.014,-1.136) 指令位置=(-0.001,0.014,-1.136) 指令速度=(0.000,0.000,0.000) 指令加速度=(0.000,0.000,0.000) 滚转角=-0.06度 俯仰角=0.13度
09:04:07.083568 [轨迹] 序号=354 单调时间=1878.102795 时间=1878.103 模式=OFFBOARD 起飞状态=高度保持 水平控制=位置保持 类型掩码=2496 实际位置NED=(-0.007,0.025,-0.781) 实际速度=(-0.000,-0.003,-0.163) 最终目标=(-0.001,0.014,-1.136) 指令位置=(-0.001,0.014,-1.136) 指令速度=(0.000,0.000,0.000) 指令加速度=(0.000,0.000,0.000) 滚转角=-0.06度 俯仰角=0.13度
09:04:07.187214 [轨迹] 序号=355 单调时间=1878.206497 时间=1878.206 模式=OFFBOARD 起飞状态=高度保持 水平控制=位置保持 类型掩码=2496 实际位置NED=(-0.007,0.026,-0.787) 实际速度=(-0.000,-0.003,-0.160) 最终目标=(-0.001,0.014,-1.136) 指令位置=(-0.001,0.014,-1.136) 指令速度=(0.000,0.000,0.000) 指令加速度=(0.000,0.000,0.000) 滚转角=-0.07度 俯仰角=0.13度
09:04:07.290544 [轨迹] 序号=356 单调时间=1878.309869 时间=1878.310 模式=OFFBOARD 起飞状态=高度保持 水平控制=位置保持 类型掩码=2496 实际位置NED=(-0.008,0.026,-0.792) 实际速度=(0.000,-0.003,-0.158) 最终目标=(-0.001,0.014,-1.136) 指令位置=(-0.001,0.014,-1.136) 指令速度=(0.000,0.000,0.000) 指令加速度=(0.000,0.000,0.000) 滚转角=-0.07度 俯仰角=0.13度
09:04:07.394041 [轨迹] 序号=357 单调时间=1878.413174 时间=1878.413 模式=OFFBOARD 起飞状态=高度保持 水平控制=位置保持 类型掩码=2496 实际位置NED=(-0.008,0.026,-0.797) 实际速度=(0.000,-0.004,-0.156) 最终目标=(-0.001,0.014,-1.136) 指令位置=(-0.001,0.014,-1.136) 指令速度=(0.000,0.000,0.000) 指令加速度=(0.000,0.000,0.000) 滚转角=-0.07度 俯仰角=0.14度
09:04:07.497214 [轨迹] 序号=358 单调时间=1878.516452 时间=1878.516 模式=OFFBOARD 起飞状态=高度保持 水平控制=位置保持 类型掩码=2496 实际位置NED=(-0.008,0.027,-0.802) 实际速度=(0.000,-0.004,-0.154) 最终目标=(-0.001,0.014,-1.136) 指令位置=(-0.001,0.014,-1.136) 指令速度=(0.000,0.000,0.000) 指令加速度=(0.000,0.000,0.000) 滚转角=-0.07度 俯仰角=0.14度
09:04:07.600134 [轨迹] 序号=359 单调时间=1878.619579 时间=1878.620 模式=OFFBOARD 起飞状态=高度保持 水平控制=位置保持 类型掩码=2496 实际位置NED=(-0.008,0.027,-0.807) 实际速度=(0.000,-0.004,-0.152) 最终目标=(-0.001,0.014,-1.136) 指令位置=(-0.001,0.014,-1.136) 指令速度=(0.000,0.000,0.000) 指令加速度=(0.000,0.000,0.000) 滚转角=-0.08度 俯仰角=0.14度
09:04:07.702385 [轨迹] 序号=360 单调时间=1878.721750 时间=1878.722 模式=OFFBOARD 起飞状态=高度保持 水平控制=位置保持 类型掩码=2496 实际位置NED=(-0.008,0.028,-0.813) 实际速度=(0.001,-0.004,-0.149) 最终目标=(-0.001,0.014,-1.136) 指令位置=(-0.001,0.014,-1.136) 指令速度=(0.000,0.000,0.000) 指令加速度=(0.000,0.000,0.000) 滚转角=-0.08度 俯仰角=0.14度
09:04:07.805839 [轨迹] 序号=361 单调时间=1878.825163 时间=1878.825 模式=OFFBOARD 起飞状态=高度保持 水平控制=位置保持 类型掩码=2496 实际位置NED=(-0.009,0.028,-0.818) 实际速度=(0.001,-0.004,-0.147) 最终目标=(-0.001,0.014,-1.136) 指令位置=(-0.001,0.014,-1.136) 指令速度=(0.000,0.000,0.000) 指令加速度=(0.000,0.000,0.000) 滚转角=-0.08度 俯仰角=0.14度
09:04:07.908946 [轨迹] 序号=362 单调时间=1878.928302 时间=1878.928 模式=OFFBOARD 起飞状态=高度保持 水平控制=位置保持 类型掩码=2496 实际位置NED=(-0.009,0.028,-0.823) 实际速度=(0.001,-0.004,-0.145) 最终目标=(-0.001,0.014,-1.136) 指令位置=(-0.001,0.014,-1.136) 指令速度=(0.000,0.000,0.000) 指令加速度=(0.000,0.000,0.000) 滚转角=-0.08度 俯仰角=0.15度
09:04:08.012395 [轨迹] 序号=363 单调时间=1879.031660 时间=1879.032 模式=OFFBOARD 起飞状态=高度保持 水平控制=位置保持 类型掩码=2496 实际位置NED=(-0.009,0.029,-0.827) 实际速度=(0.001,-0.004,-0.142) 最终目标=(-0.001,0.014,-1.136) 指令位置=(-0.001,0.014,-1.136) 指令速度=(0.000,0.000,0.000) 指令加速度=(0.000,0.000,0.000) 滚转角=-0.08度 俯仰角=0.15度
09:04:08.115802 [轨迹] 序号=364 单调时间=1879.135065 时间=1879.135 模式=OFFBOARD 起飞状态=高度保持 水平控制=位置保持 类型掩码=2496 实际位置NED=(-0.009,0.029,-0.832) 实际速度=(0.002,-0.004,-0.140) 最终目标=(-0.001,0.014,-1.136) 指令位置=(-0.001,0.014,-1.136) 指令速度=(0.000,0.000,0.000) 指令加速度=(0.000,0.000,0.000) 滚转角=-0.09度 俯仰角=0.15度
09:04:08.219236 [轨迹] 序号=365 单调时间=1879.238585 时间=1879.239 模式=OFFBOARD 起飞状态=高度保持 水平控制=位置保持 类型掩码=2496 实际位置NED=(-0.009,0.030,-0.837) 实际速度=(0.002,-0.004,-0.138) 最终目标=(-0.001,0.014,-1.136) 指令位置=(-0.001,0.014,-1.136) 指令速度=(0.000,0.000,0.000) 指令加速度=(0.000,0.000,0.000) 滚转角=-0.09度 俯仰角=0.16度
09:04:08.322274 [轨迹] 序号=366 单调时间=1879.341676 时间=1879.342 模式=OFFBOARD 起飞状态=高度保持 水平控制=位置保持 类型掩码=2496 实际位置NED=(-0.009,0.030,-0.842) 实际速度=(0.002,-0.004,-0.136) 最终目标=(-0.001,0.014,-1.136) 指令位置=(-0.001,0.014,-1.136) 指令速度=(0.000,0.000,0.000) 指令加速度=(0.000,0.000,0.000) 滚转角=-0.09度 俯仰角=0.16度
09:04:08.426368 [轨迹] 序号=367 单调时间=1879.445693 时间=1879.446 模式=OFFBOARD 起飞状态=高度保持 水平控制=位置保持 类型掩码=2496 实际位置NED=(-0.010,0.031,-0.847) 实际速度=(0.002,-0.005,-0.134) 最终目标=(-0.001,0.014,-1.136) 指令位置=(-0.001,0.014,-1.136) 指令速度=(0.000,0.000,0.000) 指令加速度=(0.000,0.000,0.000) 滚转角=-0.09度 俯仰角=0.17度
09:04:08 [应答] UP INTENT：已接受（MAV_RESULT_ACCEPTED）
09:04:08 [输入] 已按下一次上升按钮
09:04:08 [目标] 修改前：北=-0.001 东=0.014 下=-1.136
09:04:08 [目标] 修改后：北=-0.001 东=0.014 下=-1.636
09:04:08.530351 [轨迹] 序号=368 单调时间=1879.549461 时间=1879.549 模式=OFFBOARD 起飞状态=未执行起飞 水平控制=位置保持 类型掩码=3520 实际位置NED=(-0.010,0.031,-0.851) 实际速度=(0.002,-0.005,-0.132) 最终目标=(-0.001,0.014,-1.636) 指令位置=(-0.001,0.014,-1.139) 指令速度=(0.000,0.000,-0.031) 指令加速度=(0.000,0.000,-0.300) 滚转角=-0.09度 俯仰角=0.17度
09:04:08 [应答] UP INTENT：已接受（MAV_RESULT_ACCEPTED）
09:04:08 [输入] 已按下一次上升按钮
09:04:08 [目标] 修改前：北=-0.001 东=0.014 下=-1.636
09:04:08 [目标] 修改后：北=-0.001 东=0.014 下=-2.136
09:04:08.633303 [轨迹] 序号=369 单调时间=1879.652626 时间=1879.653 模式=OFFBOARD 起飞状态=未执行起飞 水平控制=位置保持 类型掩码=3520 实际位置NED=(-0.010,0.032,-0.860) 实际速度=(0.003,-0.005,-0.129) 最终目标=(-0.001,0.014,-2.136) 指令位置=(-0.001,0.014,-1.146) 指令速度=(0.000,0.000,-0.062) 指令加速度=(0.000,0.000,-0.300) 滚转角=-0.09度 俯仰角=0.18度
09:04:08.736662 [轨迹] 序号=370 单调时间=1879.755960 时间=1879.756 模式=OFFBOARD 起飞状态=未执行起飞 水平控制=位置保持 类型掩码=3520 实际位置NED=(-0.010,0.033,-0.864) 实际速度=(0.003,-0.006,-0.132) 最终目标=(-0.001,0.014,-2.136) 指令位置=(-0.001,0.014,-1.155) 指令速度=(0.000,0.000,-0.093) 指令加速度=(0.000,0.000,-0.300) 滚转角=-0.09度 俯仰角=0.18度
09:04:08.839773 [轨迹] 序号=371 单调时间=1879.859155 时间=1879.859 模式=OFFBOARD 起飞状态=未执行起飞 水平控制=位置保持 类型掩码=3520 实际位置NED=(-0.010,0.033,-0.864) 实际速度=(0.003,-0.006,-0.132) 最终目标=(-0.001,0.014,-2.136) 指令位置=(-0.001,0.014,-1.168) 指令速度=(0.000,0.000,-0.124) 指令加速度=(0.000,0.000,-0.300) 滚转角=-0.09度 俯仰角=0.18度
09:04:08.943050 [轨迹] 序号=372 单调时间=1879.962358 时间=1879.962 模式=OFFBOARD 起飞状态=未执行起飞 水平控制=位置保持 类型掩码=3520 实际位置NED=(-0.011,0.034,-0.873) 实际速度=(0.003,-0.006,-0.155) 最终目标=(-0.001,0.014,-2.136) 指令位置=(-0.001,0.014,-1.184) 指令速度=(0.000,0.000,-0.155) 指令加速度=(0.000,0.000,-0.300) 滚转角=-0.09度 俯仰角=0.18度
09:04:09.046035 [轨迹] 序号=373 单调时间=1880.065307 时间=1880.065 模式=OFFBOARD 起飞状态=未执行起飞 水平控制=位置保持 类型掩码=3520 实际位置NED=(-0.011,0.034,-0.879) 实际速度=(0.004,-0.007,-0.175) 最终目标=(-0.001,0.014,-2.136) 指令位置=(-0.001,0.014,-1.203) 指令速度=(0.000,0.000,-0.186) 指令加速度=(0.000,0.000,-0.300) 滚转角=-0.09度 俯仰角=0.19度
09:04:09.148965 [轨迹] 序号=374 单调时间=1880.168495 时间=1880.168 模式=OFFBOARD 起飞状态=未执行起飞 水平控制=位置保持 类型掩码=3520 实际位置NED=(-0.011,0.035,-0.886) 实际速度=(0.004,-0.007,-0.204) 最终目标=(-0.001,0.014,-2.136) 指令位置=(-0.001,0.014,-1.225) 指令速度=(0.000,0.000,-0.217) 指令加速度=(0.000,0.000,-0.300) 滚转角=-0.09度 俯仰角=0.19度
09:04:09.252744 [轨迹] 序号=375 单调时间=1880.271998 时间=1880.272 模式=OFFBOARD 起飞状态=未执行起飞 水平控制=位置保持 类型掩码=3520 实际位置NED=(-0.011,0.035,-0.893) 实际速度=(0.004,-0.008,-0.231) 最终目标=(-0.001,0.014,-2.136) 指令位置=(-0.001,0.014,-1.251) 指令速度=(0.000,0.000,-0.248) 指令加速度=(0.000,0.000,-0.300) 滚转角=-0.09度 俯仰角=0.19度
09:04:09.357696 [轨迹] 序号=376 单调时间=1880.377074 时间=1880.377 模式=OFFBOARD 起飞状态=未执行起飞 水平控制=位置保持 类型掩码=3520 实际位置NED=(-0.011,0.035,-0.901) 实际速度=(0.005,-0.008,-0.262) 最终目标=(-0.001,0.014,-2.136) 指令位置=(-0.001,0.014,-1.280) 指令速度=(0.000,0.000,-0.279) 指令加速度=(0.000,0.000,-0.300) 滚转角=-0.09度 俯仰角=0.19度
09:04:09.461189 [轨迹] 序号=377 单调时间=1880.480591 时间=1880.481 模式=OFFBOARD 起飞状态=未执行起飞 水平控制=位置保持 类型掩码=3520 实际位置NED=(-0.012,0.036,-0.911) 实际速度=(0.005,-0.008,-0.293) 最终目标=(-0.001,0.014,-2.136) 指令位置=(-0.001,0.014,-1.312) 指令速度=(0.000,0.000,-0.300) 指令加速度=(0.000,0.000,-0.199) 滚转角=-0.09度 俯仰角=0.19度
09:04:09.564469 [轨迹] 序号=378 单调时间=1880.583788 时间=1880.584 模式=OFFBOARD 起飞状态=未执行起飞 水平控制=位置保持 类型掩码=3520 实际位置NED=(-0.012,0.036,-0.921) 实际速度=(0.005,-0.009,-0.328) 最终目标=(-0.001,0.014,-2.136) 指令位置=(-0.001,0.014,-1.343) 指令速度=(0.000,0.000,-0.300) 指令加速度=(0.000,0.000,0.000) 滚转角=-0.09度 俯仰角=0.19度
09:04:09.668781 [轨迹] 序号=379 单调时间=1880.687853 时间=1880.688 模式=OFFBOARD 起飞状态=未执行起飞 水平控制=位置保持 类型掩码=3520 实际位置NED=(-0.012,0.037,-0.932) 实际速度=(0.005,-0.009,-0.368) 最终目标=(-0.001,0.014,-2.136) 指令位置=(-0.001,0.014,-1.374) 指令速度=(0.000,0.000,-0.300) 指令加速度=(0.000,0.000,0.000) 滚转角=-0.09度 俯仰角=0.19度
09:04:09.772746 [轨迹] 序号=380 单调时间=1880.792173 时间=1880.792 模式=OFFBOARD 起飞状态=未执行起飞 水平控制=位置保持 类型掩码=3520 实际位置NED=(-0.013,0.038,-0.962) 实际速度=(0.006,-0.010,-0.453) 最终目标=(-0.001,0.014,-2.136) 指令位置=(-0.001,0.014,-1.405) 指令速度=(0.000,0.000,-0.300) 指令加速度=(0.000,0.000,0.000) 滚转角=-0.09度 俯仰角=0.19度
09:04:09.875753 [轨迹] 序号=381 单调时间=1880.895146 时间=1880.895 模式=OFFBOARD 起飞状态=未执行起飞 水平控制=位置保持 类型掩码=3520 实际位置NED=(-0.013,0.038,-0.962) 实际速度=(0.006,-0.010,-0.453) 最终目标=(-0.001,0.014,-2.136) 指令位置=(-0.001,0.014,-1.436) 指令速度=(0.000,0.000,-0.300) 指令加速度=(0.000,0.000,0.000) 滚转角=-0.09度 俯仰角=0.19度
09:04:09.979052 [轨迹] 序号=382 单调时间=1880.998581 时间=1880.999 模式=OFFBOARD 起飞状态=未执行起飞 水平控制=位置保持 类型掩码=3520 实际位置NED=(-0.013,0.038,-0.977) 实际速度=(0.006,-0.010,-0.485) 最终目标=(-0.001,0.014,-2.136) 指令位置=(-0.001,0.014,-1.467) 指令速度=(0.000,0.000,-0.300) 指令加速度=(0.000,0.000,0.000) 滚转角=-0.09度 俯仰角=0.20度
09:04:10.082122 [轨迹] 序号=383 单调时间=1881.101423 时间=1881.101 模式=OFFBOARD 起飞状态=未执行起飞 水平控制=位置保持 类型掩码=3520 实际位置NED=(-0.013,0.039,-0.993) 实际速度=(0.006,-0.011,-0.515) 最终目标=(-0.001,0.014,-2.136) 指令位置=(-0.001,0.014,-1.498) 指令速度=(0.000,0.000,-0.300) 指令加速度=(0.000,0.000,0.000) 滚转角=-0.09度 俯仰角=0.20度
09:04:10.185210 [轨迹] 序号=384 单调时间=1881.204473 时间=1881.204 模式=OFFBOARD 起飞状态=未执行起飞 水平控制=位置保持 类型掩码=3520 实际位置NED=(-0.013,0.040,-1.010) 实际速度=(0.006,-0.011,-0.543) 最终目标=(-0.001,0.014,-2.136) 指令位置=(-0.001,0.014,-1.529) 指令速度=(0.000,0.000,-0.300) 指令加速度=(0.000,0.000,0.000) 滚转角=-0.09度 俯仰角=0.20度
09:04:10.288053 [轨迹] 序号=385 单调时间=1881.307421 时间=1881.307 模式=OFFBOARD 起飞状态=未执行起飞 水平控制=位置保持 类型掩码=3520 实际位置NED=(-0.013,0.040,-1.028) 实际速度=(0.006,-0.011,-0.568) 最终目标=(-0.001,0.014,-2.136) 指令位置=(-0.001,0.014,-1.560) 指令速度=(0.000,0.000,-0.300) 指令加速度=(0.000,0.000,0.000) 滚转角=-0.09度 俯仰角=0.20度
09:04:10.391106 [轨迹] 序号=386 单调时间=1881.410383 时间=1881.410 模式=OFFBOARD 起飞状态=未执行起飞 水平控制=位置保持 类型掩码=3520 实际位置NED=(-0.014,0.041,-1.071) 实际速度=(0.006,-0.012,-0.619) 最终目标=(-0.001,0.014,-2.136) 指令位置=(-0.001,0.014,-1.590) 指令速度=(0.000,0.000,-0.300) 指令加速度=(0.000,0.000,0.000) 滚转角=-0.09度 俯仰角=0.21度
09:04:10.495361 [轨迹] 序号=387 单调时间=1881.513724 时间=1881.514 模式=OFFBOARD 起飞状态=未执行起飞 水平控制=位置保持 类型掩码=3520 实际位置NED=(-0.014,0.041,-1.071) 实际速度=(0.006,-0.012,-0.619) 最终目标=(-0.001,0.014,-2.136) 指令位置=(-0.001,0.014,-1.621) 指令速度=(0.000,0.000,-0.300) 指令加速度=(0.000,0.000,0.000) 滚转角=-0.09度 俯仰角=0.21度
09:04:10.598541 [轨迹] 序号=388 单调时间=1881.617721 时间=1881.618 模式=OFFBOARD 起飞状态=未执行起飞 水平控制=位置保持 类型掩码=3520 实际位置NED=(-0.014,0.042,-1.087) 实际速度=(0.007,-0.012,-0.634) 最终目标=(-0.001,0.014,-2.136) 指令位置=(-0.001,0.014,-1.653) 指令速度=(0.000,0.000,-0.300) 指令加速度=(0.000,0.000,0.000) 滚转角=-0.09度 俯仰角=0.21度
09:04:10.701656 [轨迹] 序号=389 单调时间=1881.721017 时间=1881.721 模式=OFFBOARD 起飞状态=未执行起飞 水平控制=位置保持 类型掩码=3520 实际位置NED=(-0.014,0.043,-1.128) 实际速度=(0.007,-0.012,-0.671) 最终目标=(-0.001,0.014,-2.136) 指令位置=(-0.001,0.014,-1.684) 指令速度=(0.000,0.000,-0.300) 指令加速度=(0.000,0.000,0.000) 滚转角=-0.09度 俯仰角=0.22度
09:04:10.805274 [轨迹] 序号=390 单调时间=1881.824443 时间=1881.824 模式=OFFBOARD 起飞状态=未执行起飞 水平控制=位置保持 类型掩码=3520 实际位置NED=(-0.014,0.043,-1.150) 实际速度=(0.007,-0.013,-0.689) 最终目标=(-0.001,0.014,-2.136) 指令位置=(-0.001,0.014,-1.715) 指令速度=(0.000,0.000,-0.300) 指令加速度=(0.000,0.000,0.000) 滚转角=-0.09度 俯仰角=0.22度
09:04:10.908661 [轨迹] 序号=391 单调时间=1881.927889 时间=1881.928 模式=OFFBOARD 起飞状态=未执行起飞 水平控制=位置保持 类型掩码=3520 实际位置NED=(-0.015,0.044,-1.173) 实际速度=(0.007,-0.013,-0.703) 最终目标=(-0.001,0.014,-2.136) 指令位置=(-0.001,0.014,-1.746) 指令速度=(0.000,0.000,-0.300) 指令加速度=(0.000,0.000,0.000) 滚转角=-0.09度 俯仰角=0.22度
09:04:11.012217 [轨迹] 序号=392 单调时间=1882.031552 时间=1882.032 模式=OFFBOARD 起飞状态=未执行起飞 水平控制=位置保持 类型掩码=3520 实际位置NED=(-0.015,0.045,-1.195) 实际速度=(0.007,-0.013,-0.715) 最终目标=(-0.001,0.014,-2.136) 指令位置=(-0.001,0.014,-1.777) 指令速度=(0.000,0.000,-0.300) 指令加速度=(0.000,0.000,0.000) 滚转角=-0.09度 俯仰角=0.23度
09:04:11.115545 [轨迹] 序号=393 单调时间=1882.134874 时间=1882.135 模式=OFFBOARD 起飞状态=未执行起飞 水平控制=位置保持 类型掩码=3520 实际位置NED=(-0.015,0.045,-1.218) 实际速度=(0.007,-0.013,-0.726) 最终目标=(-0.001,0.014,-2.136) 指令位置=(-0.001,0.014,-1.808) 指令速度=(0.000,0.000,-0.300) 指令加速度=(0.000,0.000,0.000) 滚转角=-0.09度 俯仰角=0.23度
09:04:11.219237 [轨迹] 序号=394 单调时间=1882.238670 时间=1882.239 模式=OFFBOARD 起飞状态=未执行起飞 水平控制=位置保持 类型掩码=3520 实际位置NED=(-0.015,0.046,-1.247) 实际速度=(0.007,-0.014,-0.740) 最终目标=(-0.001,0.014,-2.136) 指令位置=(-0.001,0.014,-1.839) 指令速度=(0.000,0.000,-0.300) 指令加速度=(0.000,0.000,0.000) 滚转角=-0.09度 俯仰角=0.24度
09:04:11.322196 [轨迹] 序号=395 单调时间=1882.341540 时间=1882.342 模式=OFFBOARD 起飞状态=未执行起飞 水平控制=位置保持 类型掩码=3520 实际位置NED=(-0.016,0.047,-1.295) 实际速度=(0.007,-0.015,-0.759) 最终目标=(-0.001,0.014,-2.136) 指令位置=(-0.001,0.014,-1.870) 指令速度=(0.000,0.000,-0.300) 指令加速度=(0.000,0.000,0.000) 滚转角=-0.09度 俯仰角=0.24度
09:04:11.422645 [轨迹] 序号=396 单调时间=1882.441958 时间=1882.442 模式=OFFBOARD 起飞状态=未执行起飞 水平控制=位置保持 类型掩码=3520 实际位置NED=(-0.016,0.047,-1.295) 实际速度=(0.007,-0.015,-0.759) 最终目标=(-0.001,0.014,-2.136) 指令位置=(-0.001,0.014,-1.900) 指令速度=(0.000,0.000,-0.300) 指令加速度=(0.000,0.000,0.000) 滚转角=-0.09度 俯仰角=0.25度
09:04:11.525673 [轨迹] 序号=397 单调时间=1882.544963 时间=1882.545 模式=OFFBOARD 起飞状态=未执行起飞 水平控制=位置保持 类型掩码=3520 实际位置NED=(-0.017,0.048,-1.344) 实际速度=(0.007,-0.015,-0.774) 最终目标=(-0.001,0.014,-2.136) 指令位置=(-0.001,0.014,-1.931) 指令速度=(0.000,0.000,-0.300) 指令加速度=(0.000,0.000,0.000) 滚转角=-0.10度 俯仰角=0.26度
09:04:11.629497 [轨迹] 序号=398 单调时间=1882.648856 时间=1882.649 模式=OFFBOARD 起飞状态=未执行起飞 水平控制=位置保持 类型掩码=3520 实际位置NED=(-0.017,0.049,-1.369) 实际速度=(0.007,-0.015,-0.781) 最终目标=(-0.001,0.014,-2.136) 指令位置=(-0.001,0.014,-1.961) 指令速度=(0.000,0.000,-0.288) 指令加速度=(0.000,0.000,0.111) 滚转角=-0.10度 俯仰角=0.26度
09:04:11.733782 [轨迹] 序号=399 单调时间=1882.753036 时间=1882.753 模式=OFFBOARD 起飞状态=未执行起飞 水平控制=位置保持 类型掩码=3520 实际位置NED=(-0.018,0.050,-1.400) 实际速度=(0.007,-0.016,-0.787) 最终目标=(-0.001,0.014,-2.136) 指令位置=(-0.001,0.014,-1.988) 指令速度=(0.000,0.000,-0.262) 指令加速度=(0.000,0.000,0.257) 滚转角=-0.10度 俯仰角=0.27度
09:04:11.837222 [轨迹] 序号=400 单调时间=1882.856529 时间=1882.857 模式=OFFBOARD 起飞状态=未执行起飞 水平控制=位置保持 类型掩码=3520 实际位置NED=(-0.018,0.050,-1.425) 实际速度=(0.007,-0.016,-0.790) 最终目标=(-0.001,0.014,-2.136) 指令位置=(-0.001,0.014,-2.012) 指令速度=(0.000,0.000,-0.236) 指令加速度=(0.000,0.000,0.250) 滚转角=-0.11度 俯仰角=0.27度
09:04:11.940299 [轨迹] 序号=401 单调时间=1882.959586 时间=1882.960 模式=OFFBOARD 起飞状态=未执行起飞 水平控制=位置保持 类型掩码=3520 实际位置NED=(-0.018,0.051,-1.460) 实际速度=(0.007,-0.017,-0.792) 最终目标=(-0.001,0.014,-2.136) 指令位置=(-0.001,0.014,-2.034) 指令速度=(0.000,0.000,-0.210) 指令加速度=(0.000,0.000,0.247) 滚转角=-0.11度 俯仰角=0.28度
09:04:12.044301 [轨迹] 序号=402 单调时间=1883.063619 时间=1883.064 模式=OFFBOARD 起飞状态=未执行起飞 水平控制=位置保持 类型掩码=3520 实际位置NED=(-0.019,0.052,-1.491) 实际速度=(0.007,-0.017,-0.785) 最终目标=(-0.001,0.014,-2.136) 指令位置=(-0.001,0.014,-2.053) 指令速度=(0.000,0.000,-0.185) 指令加速度=(0.000,0.000,0.246) 滚转角=-0.11度 俯仰角=0.28度
09:04:12.147548 [轨迹] 序号=403 单调时间=1883.166851 时间=1883.167 模式=OFFBOARD 起飞状态=未执行起飞 水平控制=位置保持 类型掩码=3520 实际位置NED=(-0.019,0.052,-1.516) 实际速度=(0.007,-0.018,-0.775) 最终目标=(-0.001,0.014,-2.136) 指令位置=(-0.001,0.014,-2.070) 指令速度=(0.000,0.000,-0.161) 指令加速度=(0.000,0.000,0.233) 滚转角=-0.12度 俯仰角=0.29度
09:04:12.250665 [轨迹] 序号=404 单调时间=1883.270019 时间=1883.270 模式=OFFBOARD 起飞状态=未执行起飞 水平控制=位置保持 类型掩码=3520 实际位置NED=(-0.020,0.053,-1.540) 实际速度=(0.008,-0.018,-0.760) 最终目标=(-0.001,0.014,-2.136) 指令位置=(-0.001,0.014,-2.084) 指令速度=(0.000,0.000,-0.137) 指令加速度=(0.000,0.000,0.228) 滚转角=-0.12度 俯仰角=0.29度
09:04:12.354177 [轨迹] 序号=405 单调时间=1883.373451 时间=1883.373 模式=OFFBOARD 起飞状态=未执行起飞 水平控制=位置保持 类型掩码=3520 实际位置NED=(-0.021,0.054,-1.587) 实际速度=(0.008,-0.019,-0.722) 最终目标=(-0.001,0.014,-2.136) 指令位置=(-0.001,0.014,-2.096) 指令速度=(0.000,0.000,-0.114) 指令加速度=(0.000,0.000,0.220) 滚转角=-0.12度 俯仰角=0.30度
09:04:12.457054 [轨迹] 序号=406 单调时间=1883.476576 时间=1883.477 模式=OFFBOARD 起飞状态=未执行起飞 水平控制=位置保持 类型掩码=3520 实际位置NED=(-0.021,0.055,-1.609) 实际速度=(0.008,-0.019,-0.699) 最终目标=(-0.001,0.014,-2.136) 指令位置=(-0.001,0.014,-2.105) 指令速度=(0.000,0.000,-0.093) 指令加速度=(0.000,0.000,0.206) 滚转角=-0.13度 俯仰角=0.30度
09:04:12.557970 [轨迹] 序号=407 单调时间=1883.577222 时间=1883.577 模式=OFFBOARD 起飞状态=未执行起飞 水平控制=位置保持 类型掩码=3520 实际位置NED=(-0.021,0.055,-1.609) 实际速度=(0.008,-0.019,-0.699) 最终目标=(-0.001,0.014,-2.136) 指令位置=(-0.001,0.014,-2.113) 指令速度=(0.000,0.000,-0.075) 指令加速度=(0.000,0.000,0.182) 滚转角=-0.13度 俯仰角=0.31度
09:04:12.661037 [轨迹] 序号=408 单调时间=1883.680464 时间=1883.680 模式=OFFBOARD 起飞状态=未执行起飞 水平控制=位置保持 类型掩码=3520 实际位置NED=(-0.023,0.057,-1.657) 实际速度=(0.008,-0.019,-0.641) 最终目标=(-0.001,0.014,-2.136) 指令位置=(-0.001,0.014,-2.119) 指令速度=(0.000,0.000,-0.055) 指令加速度=(0.000,0.000,0.188) 滚转角=-0.14度 俯仰角=0.32度
09:04:12.764492 [轨迹] 序号=409 单调时间=1883.783780 时间=1883.784 模式=OFFBOARD 起飞状态=未执行起飞 水平控制=位置保持 类型掩码=3520 实际位置NED=(-0.023,0.058,-1.676) 实际速度=(0.008,-0.020,-0.613) 最终目标=(-0.001,0.014,-2.136) 指令位置=(-0.001,0.014,-2.136) 指令速度=(0.000,0.000,0.000) 指令加速度=(0.000,0.000,0.535) 滚转角=-0.14度 俯仰角=0.32度
09:04:12.867374 [轨迹] 序号=410 单调时间=1883.886758 时间=1883.887 模式=OFFBOARD 起飞状态=未执行起飞 水平控制=位置保持 类型掩码=3520 实际位置NED=(-0.024,0.058,-1.695) 实际速度=(0.008,-0.020,-0.584) 最终目标=(-0.001,0.014,-2.136) 指令位置=(-0.001,0.014,-2.136) 指令速度=(0.000,0.000,0.000) 指令加速度=(0.000,0.000,0.000) 滚转角=-0.14度 俯仰角=0.33度
09:04:12.970959 [轨迹] 序号=411 单调时间=1883.990166 时间=1883.990 模式=OFFBOARD 起飞状态=未执行起飞 水平控制=位置保持 类型掩码=3520 实际位置NED=(-0.024,0.059,-1.713) 实际速度=(0.009,-0.020,-0.553) 最终目标=(-0.001,0.014,-2.136) 指令位置=(-0.001,0.014,-2.136) 指令速度=(0.000,0.000,0.000) 指令加速度=(0.000,0.000,0.000) 滚转角=-0.15度 俯仰角=0.34度
09:04:13.074455 [轨迹] 序号=412 单调时间=1884.093822 时间=1884.094 模式=OFFBOARD 起飞状态=未执行起飞 水平控制=位置保持 类型掩码=3520 实际位置NED=(-0.025,0.060,-1.730) 实际速度=(0.009,-0.020,-0.520) 最终目标=(-0.001,0.014,-2.136) 指令位置=(-0.001,0.014,-2.136) 指令速度=(0.000,0.000,0.000) 指令加速度=(0.000,0.000,0.000) 滚转角=-0.15度 俯仰角=0.34度
09:04:13.177410 [轨迹] 序号=413 单调时间=1884.196847 时间=1884.197 模式=OFFBOARD 起飞状态=未执行起飞 水平控制=位置保持 类型掩码=3520 实际位置NED=(-0.025,0.061,-1.750) 实际速度=(0.009,-0.021,-0.482) 最终目标=(-0.001,0.014,-2.136) 指令位置=(-0.001,0.014,-2.136) 指令速度=(0.000,0.000,0.000) 指令加速度=(0.000,0.000,0.000) 滚转角=-0.15度 俯仰角=0.35度
09:04:13.280572 [轨迹] 序号=414 单调时间=1884.299865 时间=1884.300 模式=OFFBOARD 起飞状态=未执行起飞 水平控制=位置保持 类型掩码=3520 实际位置NED=(-0.026,0.061,-1.764) 实际速度=(0.009,-0.021,-0.454) 最终目标=(-0.001,0.014,-2.136) 指令位置=(-0.001,0.014,-2.136) 指令速度=(0.000,0.000,0.000) 指令加速度=(0.000,0.000,0.000) 滚转角=-0.16度 俯仰角=0.35度
09:04:13.384440 [轨迹] 序号=415 单调时间=1884.403723 时间=1884.404 模式=OFFBOARD 起飞状态=未执行起飞 水平控制=位置保持 类型掩码=3520 实际位置NED=(-0.026,0.062,-1.778) 实际速度=(0.010,-0.022,-0.428) 最终目标=(-0.001,0.014,-2.136) 指令位置=(-0.001,0.014,-2.136) 指令速度=(0.000,0.000,0.000) 指令加速度=(0.000,0.000,0.000) 滚转角=-0.16度 俯仰角=0.36度
09:04:13.488417 [轨迹] 序号=416 单调时间=1884.507848 时间=1884.508 模式=OFFBOARD 起飞状态=未执行起飞 水平控制=位置保持 类型掩码=3520 实际位置NED=(-0.027,0.064,-1.804) 实际速度=(0.010,-0.022,-0.382) 最终目标=(-0.001,0.014,-2.136) 指令位置=(-0.001,0.014,-2.136) 指令速度=(0.000,0.000,0.000) 指令加速度=(0.000,0.000,0.000) 滚转角=-0.16度 俯仰角=0.36度
09:04:13.591918 [轨迹] 序号=417 单调时间=1884.611225 时间=1884.611 模式=OFFBOARD 起飞状态=未执行起飞 水平控制=位置保持 类型掩码=3520 实际位置NED=(-0.028,0.064,-1.815) 实际速度=(0.010,-0.023,-0.361) 最终目标=(-0.001,0.014,-2.136) 指令位置=(-0.001,0.014,-2.136) 指令速度=(0.000,0.000,0.000) 指令加速度=(0.000,0.000,0.000) 滚转角=-0.17度 俯仰角=0.37度
09:04:13.695158 [轨迹] 序号=418 单调时间=1884.714649 时间=1884.715 模式=OFFBOARD 起飞状态=未执行起飞 水平控制=位置保持 类型掩码=3520 实际位置NED=(-0.028,0.065,-1.829) 实际速度=(0.011,-0.023,-0.336) 最终目标=(-0.001,0.014,-2.136) 指令位置=(-0.001,0.014,-2.136) 指令速度=(0.000,0.000,0.000) 指令加速度=(0.000,0.000,0.000) 滚转角=-0.17度 俯仰角=0.38度
09:04:13.798604 [轨迹] 序号=419 单调时间=1884.817990 时间=1884.818 模式=OFFBOARD 起飞状态=未执行起飞 水平控制=位置保持 类型掩码=3520 实际位置NED=(-0.029,0.066,-1.839) 实际速度=(0.011,-0.023,-0.319) 最终目标=(-0.001,0.014,-2.136) 指令位置=(-0.001,0.014,-2.136) 指令速度=(0.000,0.000,0.000) 指令加速度=(0.000,0.000,0.000) 滚转角=-0.18度 俯仰角=0.22度
09:04:13 [贴顶流程] 启动指令已发送
09:04:14 [贴顶流程] 正在缓慢贴顶
09:04:22 [贴顶流程] 启动指令已发送
09:04:22 [贴顶流程] 启动失败：暂时拒绝，飞控返回值=0
09:04:24 [贴顶流程] 启动指令已发送
09:04:24 [贴顶流程] 启动失败：暂时拒绝，飞控返回值=0
09:04:25 [贴顶流程] 贴顶完成，正在保持压力，原因：顶部距离确认
09:04:27 [输入] 已按下一次降落按钮；后续移动目标已禁用
09:04:27 [应答] 降落：已接受（MAV_RESULT_ACCEPTED）
09:04:28 [贴顶流程] 待机，原因：执行降落
09:04:28 [模式] 已退出OFFBOARD；旧目标已丢弃，开始跟随飞机当前位置
09:04:28.806331 [轨迹] 序号=420 单调时间=1899.825518 时间=1899.826 模式=AUTO.LAND 起飞状态=未执行起飞 水平控制=位置保持 类型掩码=3520 实际位置NED=(-0.121,0.046,-1.836) 实际速度=(-0.020,-0.007,0.177) 最终目标=(-0.121,0.046,-1.836) 指令位置=(-0.121,0.046,-1.836) 指令速度=(0.000,0.000,0.000) 指令加速度=(0.000,0.000,0.000) 滚转角=-0.48度 俯仰角=0.01度
09:04:28.909321 [轨迹] 序号=421 单调时间=1899.928765 时间=1899.929 模式=AUTO.LAND 起飞状态=未执行起飞 水平控制=位置保持 类型掩码=3520 实际位置NED=(-0.119,0.043,-1.820) 实际速度=(-0.014,-0.006,0.285) 最终目标=(-0.119,0.043,-1.820) 指令位置=(-0.119,0.043,-1.820) 指令速度=(0.000,0.000,0.000) 指令加速度=(0.000,0.000,0.000) 滚转角=-0.49度 俯仰角=0.02度
09:04:29.012725 [轨迹] 序号=422 单调时间=1900.032088 时间=1900.032 模式=AUTO.LAND 起飞状态=未执行起飞 水平控制=位置保持 类型掩码=3520 实际位置NED=(-0.118,0.041,-1.810) 实际速度=(-0.011,-0.006,0.339) 最终目标=(-0.118,0.041,-1.810) 指令位置=(-0.118,0.041,-1.810) 指令速度=(0.000,0.000,0.000) 指令加速度=(0.000,0.000,0.000) 滚转角=-0.48度 俯仰角=0.02度
09:04:29.116206 [轨迹] 序号=423 单调时间=1900.134950 时间=1900.135 模式=AUTO.LAND 起飞状态=未执行起飞 水平控制=位置保持 类型掩码=3520 实际位置NED=(-0.117,0.040,-1.798) 实际速度=(-0.008,-0.006,0.398) 最终目标=(-0.117,0.040,-1.798) 指令位置=(-0.117,0.040,-1.798) 指令速度=(0.000,0.000,0.000) 指令加速度=(0.000,0.000,0.000) 滚转角=-0.45度 俯仰角=0.02度
09:04:29.219056 [轨迹] 序号=424 单调时间=1900.238488 时间=1900.238 模式=AUTO.LAND 起飞状态=未执行起飞 水平控制=位置保持 类型掩码=3520 实际位置NED=(-0.116,0.038,-1.784) 实际速度=(-0.005,-0.006,0.460) 最终目标=(-0.116,0.038,-1.784) 指令位置=(-0.116,0.038,-1.784) 指令速度=(0.000,0.000,0.000) 指令加速度=(0.000,0.000,0.000) 滚转角=-0.42度 俯仰角=0.02度
09:04:29.322199 [轨迹] 序号=425 单调时间=1900.341547 时间=1900.342 模式=AUTO.LAND 起飞状态=未执行起飞 水平控制=位置保持 类型掩码=3520 实际位置NED=(-0.115,0.036,-1.768) 实际速度=(-0.003,-0.006,0.522) 最终目标=(-0.115,0.036,-1.768) 指令位置=(-0.115,0.036,-1.768) 指令速度=(0.000,0.000,0.000) 指令加速度=(0.000,0.000,0.000) 滚转角=-0.38度 俯仰角=0.01度
09:04:29.425800 [轨迹] 序号=426 单调时间=1900.445114 时间=1900.445 模式=AUTO.LAND 起飞状态=未执行起飞 水平控制=位置保持 类型掩码=3520 实际位置NED=(-0.112,0.032,-1.726) 实际速度=(0.002,-0.005,0.634) 最终目标=(-0.112,0.032,-1.726) 指令位置=(-0.112,0.032,-1.726) 指令速度=(0.000,0.000,0.000) 指令加速度=(0.000,0.000,0.000) 滚转角=-0.29度 俯仰角=-0.02度
09:04:29.528896 [轨迹] 序号=427 单调时间=1900.548274 时间=1900.548 模式=AUTO.LAND 起飞状态=未执行起飞 水平控制=位置保持 类型掩码=3520 实际位置NED=(-0.111,0.030,-1.705) 实际速度=(0.004,-0.005,0.670) 最终目标=(-0.111,0.030,-1.705) 指令位置=(-0.111,0.030,-1.705) 指令速度=(0.000,0.000,0.000) 指令加速度=(0.000,0.000,0.000) 滚转角=-0.25度 俯仰角=-0.04度
09:04:29.631984 [轨迹] 序号=428 单调时间=1900.651308 时间=1900.651 模式=AUTO.LAND 起飞状态=未执行起飞 水平控制=位置保持 类型掩码=3520 实际位置NED=(-0.110,0.029,-1.683) 实际速度=(0.005,-0.005,0.698) 最终目标=(-0.110,0.029,-1.683) 指令位置=(-0.110,0.029,-1.683) 指令速度=(0.000,0.000,0.000) 指令加速度=(0.000,0.000,0.000) 滚转角=-0.21度 俯仰角=-0.06度
09:04:29.735357 [轨迹] 序号=429 单调时间=1900.754731 时间=1900.755 模式=AUTO.LAND 起飞状态=未执行起飞 水平控制=位置保持 类型掩码=3520 实际位置NED=(-0.109,0.027,-1.660) 实际速度=(0.006,-0.005,0.719) 最终目标=(-0.109,0.027,-1.660) 指令位置=(-0.109,0.027,-1.660) 指令速度=(0.000,0.000,0.000) 指令加速度=(0.000,0.000,0.000) 滚转角=-0.16度 俯仰角=-0.08度
09:04:29.839197 [轨迹] 序号=430 单调时间=1900.858442 时间=1900.858 模式=AUTO.LAND 起飞状态=未执行起飞 水平控制=位置保持 类型掩码=3520 实际位置NED=(-0.108,0.025,-1.637) 实际速度=(0.007,-0.004,0.734) 最终目标=(-0.108,0.025,-1.637) 指令位置=(-0.108,0.025,-1.637) 指令速度=(0.000,0.000,0.000) 指令加速度=(0.000,0.000,0.000) 滚转角=-0.12度 俯仰角=-0.10度
09:04:29.942933 [轨迹] 序号=431 单调时间=1900.962117 时间=1900.962 模式=AUTO.LAND 起飞状态=未执行起飞 水平控制=位置保持 类型掩码=3520 实际位置NED=(-0.107,0.023,-1.608) 实际速度=(0.007,-0.003,0.743) 最终目标=(-0.107,0.023,-1.608) 指令位置=(-0.107,0.023,-1.608) 指令速度=(0.000,0.000,0.000) 指令加速度=(0.000,0.000,0.000) 滚转角=-0.09度 俯仰角=-0.12度
09:04:30.045967 [轨迹] 序号=432 单调时间=1901.065258 时间=1901.065 模式=AUTO.LAND 起飞状态=未执行起飞 水平控制=位置保持 类型掩码=3520 实际位置NED=(-0.107,0.021,-1.584) 实际速度=(0.007,-0.003,0.745) 最终目标=(-0.107,0.021,-1.584) 指令位置=(-0.107,0.021,-1.584) 指令速度=(0.000,0.000,0.000) 指令加速度=(0.000,0.000,0.000) 滚转角=-0.06度 俯仰角=-0.15度
09:04:30.149231 [轨迹] 序号=433 单调时间=1901.168480 时间=1901.168 模式=AUTO.LAND 起飞状态=未执行起飞 水平控制=位置保持 类型掩码=3520 实际位置NED=(-0.106,0.019,-1.560) 实际速度=(0.006,-0.002,0.742) 最终目标=(-0.106,0.019,-1.560) 指令位置=(-0.106,0.019,-1.560) 指令速度=(0.000,0.000,0.000) 指令加速度=(0.000,0.000,0.000) 滚转角=-0.03度 俯仰角=-0.18度
09:04:30.253039 [轨迹] 序号=434 单调时间=1901.272330 时间=1901.272 模式=AUTO.LAND 起飞状态=未执行起飞 水平控制=位置保持 类型掩码=3520 实际位置NED=(-0.106,0.016,-1.513) 实际速度=(0.005,-0.000,0.721) 最终目标=(-0.106,0.016,-1.513) 指令位置=(-0.106,0.016,-1.513) 指令速度=(0.000,0.000,0.000) 指令加速度=(0.000,0.000,0.000) 滚转角=-0.01度 俯仰角=-0.20度
09:04:30.356248 [轨迹] 序号=435 单调时间=1901.375566 时间=1901.376 模式=AUTO.LAND 起飞状态=未执行起飞 水平控制=位置保持 类型掩码=3520 实际位置NED=(-0.106,0.014,-1.491) 实际速度=(0.004,0.001,0.705) 最终目标=(-0.106,0.014,-1.491) 指令位置=(-0.106,0.014,-1.491) 指令速度=(0.000,0.000,0.000) 指令加速度=(0.000,0.000,0.000) 滚转角=-0.01度 俯仰角=-0.23度
09:04:30.459475 [轨迹] 序号=436 单调时间=1901.478793 时间=1901.479 模式=AUTO.LAND 起飞状态=未执行起飞 水平控制=位置保持 类型掩码=3520 实际位置NED=(-0.106,0.014,-1.491) 实际速度=(0.004,0.001,0.705) 最终目标=(-0.106,0.014,-1.491) 指令位置=(-0.106,0.014,-1.491) 指令速度=(0.000,0.000,0.000) 指令加速度=(0.000,0.000,0.000) 滚转角=-0.01度 俯仰角=-0.24度
09:04:30.562419 [轨迹] 序号=437 单调时间=1901.581760 时间=1901.582 模式=AUTO.LAND 起飞状态=未执行起飞 水平控制=位置保持 类型掩码=3520 实际位置NED=(-0.106,0.011,-1.442) 实际速度=(0.002,0.004,0.672) 最终目标=(-0.106,0.011,-1.442) 指令位置=(-0.106,0.011,-1.442) 指令速度=(0.000,0.000,0.000) 指令加速度=(0.000,0.000,0.000) 滚转角=0.01度 俯仰角=-0.27度
09:04:30.666052 [轨迹] 序号=438 单调时间=1901.685288 时间=1901.685 模式=AUTO.LAND 起飞状态=未执行起飞 水平控制=位置保持 类型掩码=3520 实际位置NED=(-0.106,0.009,-1.421) 实际速度=(0.001,0.006,0.662) 最终目标=(-0.106,0.009,-1.421) 指令位置=(-0.106,0.009,-1.421) 指令速度=(0.000,0.000,0.000) 指令加速度=(0.000,0.000,0.000) 滚转角=0.02度 俯仰角=-0.28度
09:04:30.769241 [轨迹] 序号=439 单调时间=1901.788525 时间=1901.789 模式=AUTO.LAND 起飞状态=未执行起飞 水平控制=位置保持 类型掩码=3520 实际位置NED=(-0.106,0.008,-1.400) 实际速度=(-0.000,0.007,0.654) 最终目标=(-0.106,0.008,-1.400) 指令位置=(-0.106,0.008,-1.400) 指令速度=(0.000,0.000,0.000) 指令加速度=(0.000,0.000,0.000) 滚转角=0.05度 俯仰角=-0.29度
09:04:30.873078 [轨迹] 序号=440 单调时间=1901.892275 时间=1901.892 模式=AUTO.LAND 起飞状态=未执行起飞 水平控制=位置保持 类型掩码=3520 实际位置NED=(-0.106,0.007,-1.379) 实际速度=(-0.001,0.009,0.649) 最终目标=(-0.106,0.007,-1.379) 指令位置=(-0.106,0.007,-1.379) 指令速度=(0.000,0.000,0.000) 指令加速度=(0.000,0.000,0.000) 滚转角=0.07度 俯仰角=-0.31度
09:04:30.976293 [轨迹] 序号=441 单调时间=1901.995584 时间=1901.996 模式=AUTO.LAND 起飞状态=未执行起飞 水平控制=位置保持 类型掩码=3520 实际位置NED=(-0.106,0.005,-1.359) 实际速度=(-0.003,0.010,0.646) 最终目标=(-0.106,0.005,-1.359) 指令位置=(-0.106,0.005,-1.359) 指令速度=(0.000,0.000,0.000) 指令加速度=(0.000,0.000,0.000) 滚转角=0.08度 俯仰角=-0.31度
09:04:31.079526 [轨迹] 序号=442 单调时间=1902.098886 时间=1902.099 模式=AUTO.LAND 起飞状态=未执行起飞 水平控制=位置保持 类型掩码=3520 实际位置NED=(-0.107,0.004,-1.334) 实际速度=(-0.005,0.012,0.643) 最终目标=(-0.107,0.004,-1.334) 指令位置=(-0.107,0.004,-1.334) 指令速度=(0.000,0.000,0.000) 指令加速度=(0.000,0.000,0.000) 滚转角=0.09度 俯仰角=-0.32度
09:04:31.182300 [轨迹] 序号=443 单调时间=1902.201690 时间=1902.202 模式=AUTO.LAND 起飞状态=未执行起飞 水平控制=位置保持 类型掩码=3520 实际位置NED=(-0.107,0.003,-1.314) 实际速度=(-0.006,0.014,0.643) 最终目标=(-0.107,0.003,-1.314) 指令位置=(-0.107,0.003,-1.314) 指令速度=(0.000,0.000,0.000) 指令加速度=(0.000,0.000,0.000) 滚转角=0.10度 俯仰角=-0.32度
09:04:31.285256 [轨迹] 序号=444 单调时间=1902.304560 时间=1902.305 模式=AUTO.LAND 起飞状态=未执行起飞 水平控制=位置保持 类型掩码=3520 实际位置NED=(-0.108,0.001,-1.293) 实际速度=(-0.007,0.015,0.643) 最终目标=(-0.108,0.001,-1.293) 指令位置=(-0.108,0.001,-1.293) 指令速度=(0.000,0.000,0.000) 指令加速度=(0.000,0.000,0.000) 滚转角=0.10度 俯仰角=-0.33度
09:04:31.388404 [轨迹] 序号=445 单调时间=1902.407695 时间=1902.408 模式=AUTO.LAND 起飞状态=未执行起飞 水平控制=位置保持 类型掩码=3520 实际位置NED=(-0.108,-0.001,-1.253) 实际速度=(-0.010,0.018,0.645) 最终目标=(-0.108,-0.001,-1.253) 指令位置=(-0.108,-0.001,-1.253) 指令速度=(0.000,0.000,0.000) 指令加速度=(0.000,0.000,0.000) 滚转角=0.10度 俯仰角=-0.33度
09:04:31.491326 [轨迹] 序号=446 单调时间=1902.510621 时间=1902.511 模式=AUTO.LAND 起飞状态=未执行起飞 水平控制=位置保持 类型掩码=3520 实际位置NED=(-0.109,-0.002,-1.233) 实际速度=(-0.011,0.020,0.646) 最终目标=(-0.109,-0.002,-1.233) 指令位置=(-0.109,-0.002,-1.233) 指令速度=(0.000,0.000,0.000) 指令加速度=(0.000,0.000,0.000) 滚转角=0.09度 俯仰角=-0.33度
09:04:31.594501 [轨迹] 序号=447 单调时间=1902.613852 时间=1902.614 模式=AUTO.LAND 起飞状态=未执行起飞 水平控制=位置保持 类型掩码=3520 实际位置NED=(-0.109,-0.002,-1.233) 实际速度=(-0.011,0.020,0.646) 最终目标=(-0.109,-0.002,-1.233) 指令位置=(-0.109,-0.002,-1.233) 指令速度=(0.000,0.000,0.000) 指令加速度=(0.000,0.000,0.000) 滚转角=0.08度 俯仰角=-0.33度
09:04:31.697570 [轨迹] 序号=448 单调时间=1902.717027 时间=1902.717 模式=AUTO.LAND 起飞状态=未执行起飞 水平控制=位置保持 类型掩码=3520 实际位置NED=(-0.110,-0.005,-1.187) 实际速度=(-0.014,0.023,0.651) 最终目标=(-0.110,-0.005,-1.187) 指令位置=(-0.110,-0.005,-1.187) 指令速度=(0.000,0.000,0.000) 指令加速度=(0.000,0.000,0.000) 滚转角=0.07度 俯仰角=-0.33度
09:04:31.800854 [轨迹] 序号=449 单调时间=1902.820264 时间=1902.820 模式=AUTO.LAND 起飞状态=未执行起飞 水平控制=位置保持 类型掩码=3520 实际位置NED=(-0.110,-0.006,-1.166) 实际速度=(-0.015,0.024,0.653) 最终目标=(-0.110,-0.006,-1.166) 指令位置=(-0.110,-0.006,-1.166) 指令速度=(0.000,0.000,0.000) 指令加速度=(0.000,0.000,0.000) 滚转角=0.06度 俯仰角=-0.33度
09:04:31.903910 [轨迹] 序号=450 单调时间=1902.923237 时间=1902.923 模式=AUTO.LAND 起飞状态=未执行起飞 水平控制=位置保持 类型掩码=3520 实际位置NED=(-0.110,-0.007,-1.145) 实际速度=(-0.016,0.025,0.655) 最终目标=(-0.110,-0.007,-1.145) 指令位置=(-0.110,-0.007,-1.145) 指令速度=(0.000,0.000,0.000) 指令加速度=(0.000,0.000,0.000) 滚转角=0.04度 俯仰角=-0.33度
09:04:32.007438 [轨迹] 序号=451 单调时间=1903.026740 时间=1903.027 模式=AUTO.LAND 起飞状态=未执行起飞 水平控制=位置保持 类型掩码=3520 实际位置NED=(-0.111,-0.008,-1.125) 实际速度=(-0.017,0.026,0.657) 最终目标=(-0.111,-0.008,-1.125) 指令位置=(-0.111,-0.008,-1.125) 指令速度=(0.000,0.000,0.000) 指令加速度=(0.000,0.000,0.000) 滚转角=0.03度 俯仰角=-0.33度
09:04:32.110887 [轨迹] 序号=452 单调时间=1903.130161 时间=1903.130 模式=AUTO.LAND 起飞状态=未执行起飞 水平控制=位置保持 类型掩码=3520 实际位置NED=(-0.111,-0.009,-1.104) 实际速度=(-0.017,0.027,0.660) 最终目标=(-0.111,-0.009,-1.104) 指令位置=(-0.111,-0.009,-1.104) 指令速度=(0.000,0.000,0.000) 指令加速度=(0.000,0.000,0.000) 滚转角=0.02度 俯仰角=-0.33度
09:04:32.214686 [轨迹] 序号=453 单调时间=1903.234133 时间=1903.234 模式=AUTO.LAND 起飞状态=未执行起飞 水平控制=位置保持 类型掩码=3520 实际位置NED=(-0.111,-0.011,-1.078) 实际速度=(-0.017,0.029,0.662) 最终目标=(-0.111,-0.011,-1.078) 指令位置=(-0.111,-0.011,-1.078) 指令速度=(0.000,0.000,0.000) 指令加速度=(0.000,0.000,0.000) 滚转角=0.01度 俯仰角=-0.33度
09:04:32.317707 [轨迹] 序号=454 单调时间=1903.337066 时间=1903.337 模式=AUTO.LAND 起飞状态=未执行起飞 水平控制=位置保持 类型掩码=3520 实际位置NED=(-0.111,-0.012,-1.057) 实际速度=(-0.018,0.030,0.664) 最终目标=(-0.111,-0.012,-1.057) 指令位置=(-0.111,-0.012,-1.057) 指令速度=(0.000,0.000,0.000) 指令加速度=(0.000,0.000,0.000) 滚转角=-0.00度 俯仰角=-0.33度
09:04:32.421239 [轨迹] 序号=455 单调时间=1903.440541 时间=1903.441 模式=AUTO.LAND 起飞状态=未执行起飞 水平控制=位置保持 类型掩码=3520 实际位置NED=(-0.111,-0.013,-1.036) 实际速度=(-0.018,0.030,0.667) 最终目标=(-0.111,-0.013,-1.036) 指令位置=(-0.111,-0.013,-1.036) 指令速度=(0.000,0.000,0.000) 指令加速度=(0.000,0.000,0.000) 滚转角=-0.01度 俯仰角=-0.34度
09:04:32.524306 [轨迹] 序号=456 单调时间=1903.543701 时间=1903.544 模式=AUTO.LAND 起飞状态=未执行起飞 水平控制=位置保持 类型掩码=3520 实际位置NED=(-0.111,-0.016,-0.993) 实际速度=(-0.017,0.032,0.671) 最终目标=(-0.111,-0.016,-0.993) 指令位置=(-0.111,-0.016,-0.993) 指令速度=(0.000,0.000,0.000) 指令加速度=(0.000,0.000,0.000) 滚转角=-0.01度 俯仰角=-0.34度
09:04:32.628057 [轨迹] 序号=457 单调时间=1903.647511 时间=1903.648 模式=AUTO.LAND 起飞状态=未执行起飞 水平控制=位置保持 类型掩码=3520 实际位置NED=(-0.111,-0.016,-0.993) 实际速度=(-0.017,0.032,0.671) 最终目标=(-0.111,-0.016,-0.993) 指令位置=(-0.111,-0.016,-0.993) 指令速度=(0.000,0.000,0.000) 指令加速度=(0.000,0.000,0.000) 滚转角=-0.01度 俯仰角=-0.34度
09:04:32.731369 [轨迹] 序号=458 单调时间=1903.750540 时间=1903.751 模式=AUTO.LAND 起飞状态=未执行起飞 水平控制=位置保持 类型掩码=3520 实际位置NED=(-0.111,-0.017,-0.972) 实际速度=(-0.017,0.033,0.670) 最终目标=(-0.111,-0.017,-0.972) 指令位置=(-0.111,-0.017,-0.972) 指令速度=(0.000,0.000,0.000) 指令加速度=(0.000,0.000,0.000) 滚转角=-0.01度 俯仰角=-0.35度
09:04:32.834685 [轨迹] 序号=459 单调时间=1903.854113 时间=1903.854 模式=AUTO.LAND 起飞状态=未执行起飞 水平控制=位置保持 类型掩码=3520 实际位置NED=(-0.110,-0.020,-0.925) 实际速度=(-0.017,0.036,0.645) 最终目标=(-0.110,-0.020,-0.925) 指令位置=(-0.110,-0.020,-0.925) 指令速度=(0.000,0.000,0.000) 指令加速度=(0.000,0.000,0.000) 滚转角=-0.01度 俯仰角=-0.36度
09:04:32.937612 [轨迹] 序号=460 单调时间=1903.957011 时间=1903.957 模式=AUTO.LAND 起飞状态=未执行起飞 水平控制=位置保持 类型掩码=3520 实际位置NED=(-0.110,-0.021,-0.905) 实际速度=(-0.017,0.037,0.623) 最终目标=(-0.110,-0.021,-0.905) 指令位置=(-0.110,-0.021,-0.905) 指令速度=(0.000,0.000,0.000) 指令加速度=(0.000,0.000,0.000) 滚转角=-0.01度 俯仰角=-0.36度
09:04:33.040653 [轨迹] 序号=461 单调时间=1904.059989 时间=1904.060 模式=AUTO.LAND 起飞状态=未执行起飞 水平控制=位置保持 类型掩码=3520 实际位置NED=(-0.109,-0.022,-0.885) 实际速度=(-0.016,0.038,0.595) 最终目标=(-0.109,-0.022,-0.885) 指令位置=(-0.109,-0.022,-0.885) 指令速度=(0.000,0.000,0.000) 指令加速度=(0.000,0.000,0.000) 滚转角=-0.00度 俯仰角=-0.37度
09:04:33.143735 [轨迹] 序号=462 单调时间=1904.163075 时间=1904.163 模式=AUTO.LAND 起飞状态=未执行起飞 水平控制=位置保持 类型掩码=3520 实际位置NED=(-0.109,-0.023,-0.867) 实际速度=(-0.016,0.039,0.561) 最终目标=(-0.109,-0.023,-0.867) 指令位置=(-0.109,-0.023,-0.867) 指令速度=(0.000,0.000,0.000) 指令加速度=(0.000,0.000,0.000) 滚转角=0.01度 俯仰角=-0.37度
09:04:33.246689 [轨迹] 序号=463 单调时间=1904.266101 时间=1904.266 模式=AUTO.LAND 起飞状态=未执行起飞 水平控制=位置保持 类型掩码=3520 实际位置NED=(-0.109,-0.024,-0.850) 实际速度=(-0.016,0.040,0.524) 最终目标=(-0.109,-0.024,-0.850) 指令位置=(-0.109,-0.024,-0.850) 指令速度=(0.000,0.000,0.000) 指令加速度=(0.000,0.000,0.000) 滚转角=0.01度 俯仰角=-0.38度
09:04:33.350540 [轨迹] 序号=464 单调时间=1904.369681 时间=1904.370 模式=AUTO.LAND 起飞状态=未执行起飞 水平控制=位置保持 类型掩码=3520 实际位置NED=(-0.108,-0.026,-0.830) 实际速度=(-0.017,0.042,0.469) 最终目标=(-0.108,-0.026,-0.830) 指令位置=(-0.108,-0.026,-0.830) 指令速度=(0.000,0.000,0.000) 指令加速度=(0.000,0.000,0.000) 滚转角=0.02度 俯仰角=-0.39度
09:04:33.453757 [轨迹] 序号=465 单调时间=1904.473094 时间=1904.473 模式=AUTO.LAND 起飞状态=未执行起飞 水平控制=位置保持 类型掩码=3520 实际位置NED=(-0.108,-0.027,-0.816) 实际速度=(-0.017,0.043,0.420) 最终目标=(-0.108,-0.027,-0.816) 指令位置=(-0.108,-0.027,-0.816) 指令速度=(0.000,0.000,0.000) 指令加速度=(0.000,0.000,0.000) 滚转角=0.03度 俯仰角=-0.39度
09:04:33.556989 [轨迹] 序号=466 单调时间=1904.576208 时间=1904.576 模式=AUTO.LAND 起飞状态=未执行起飞 水平控制=位置保持 类型掩码=3520 实际位置NED=(-0.107,-0.028,-0.803) 实际速度=(-0.017,0.044,0.368) 最终目标=(-0.107,-0.028,-0.803) 指令位置=(-0.107,-0.028,-0.803) 指令速度=(0.000,0.000,0.000) 指令加速度=(0.000,0.000,0.000) 滚转角=0.04度 俯仰角=-0.40度
09:04:33.660248 [轨迹] 序号=467 单调时间=1904.679580 时间=1904.680 模式=AUTO.LAND 起飞状态=未执行起飞 水平控制=位置保持 类型掩码=3520 实际位置NED=(-0.107,-0.029,-0.792) 实际速度=(-0.017,0.045,0.322) 最终目标=(-0.107,-0.029,-0.792) 指令位置=(-0.107,-0.029,-0.792) 指令速度=(0.000,0.000,0.000) 指令加速度=(0.000,0.000,0.000) 滚转角=0.05度 俯仰角=-0.40度
09:04:33.763149 [轨迹] 序号=468 单调时间=1904.782639 时间=1904.783 模式=AUTO.LAND 起飞状态=未执行起飞 水平控制=位置保持 类型掩码=3520 实际位置NED=(-0.107,-0.032,-0.774) 实际速度=(-0.018,0.047,0.259) 最终目标=(-0.107,-0.032,-0.774) 指令位置=(-0.107,-0.032,-0.774) 指令速度=(0.000,0.000,0.000) 指令加速度=(0.000,0.000,0.000) 滚转角=0.05度 俯仰角=-0.41度
09:04:33.866796 [轨迹] 序号=469 单调时间=1904.886162 时间=1904.886 模式=AUTO.LAND 起飞状态=未执行起飞 水平控制=位置保持 类型掩码=3520 实际位置NED=(-0.107,-0.032,-0.774) 实际速度=(-0.018,0.047,0.259) 最终目标=(-0.107,-0.032,-0.774) 指令位置=(-0.107,-0.032,-0.774) 指令速度=(0.000,0.000,0.000) 指令加速度=(0.000,0.000,0.000) 滚转角=0.06度 俯仰角=-0.41度
09:04:33.969971 [轨迹] 序号=470 单调时间=1904.989228 时间=1904.989 模式=AUTO.LAND 起飞状态=未执行起飞 水平控制=位置保持 类型掩码=3520 实际位置NED=(-0.106,-0.034,-0.757) 实际速度=(-0.019,0.048,0.230) 最终目标=(-0.106,-0.034,-0.757) 指令位置=(-0.106,-0.034,-0.757) 指令速度=(0.000,0.000,0.000) 指令加速度=(0.000,0.000,0.000) 滚转角=0.06度 俯仰角=-0.41度
09:04:34.073199 [轨迹] 序号=471 单调时间=1905.092496 时间=1905.092 模式=AUTO.LAND 起飞状态=未执行起飞 水平控制=位置保持 类型掩码=3520 实际位置NED=(-0.106,-0.035,-0.752) 实际速度=(-0.019,0.049,0.228) 最终目标=(-0.106,-0.035,-0.752) 指令位置=(-0.106,-0.035,-0.752) 指令速度=(0.000,0.000,0.000) 指令加速度=(0.000,0.000,0.000) 滚转角=0.07度 俯仰角=-0.41度
09:04:34.176037 [轨迹] 序号=472 单调时间=1905.195412 时间=1905.195 模式=AUTO.LAND 起飞状态=未执行起飞 水平控制=位置保持 类型掩码=3520 实际位置NED=(-0.106,-0.036,-0.744) 实际速度=(-0.019,0.049,0.231) 最终目标=(-0.106,-0.036,-0.744) 指令位置=(-0.106,-0.036,-0.744) 指令速度=(0.000,0.000,0.000) 指令加速度=(0.000,0.000,0.000) 滚转角=0.07度 俯仰角=-0.42度
09:04:34.280541 [轨迹] 序号=473 单调时间=1905.299917 时间=1905.300 模式=AUTO.LAND 起飞状态=未执行起飞 水平控制=位置保持 类型掩码=3520 实际位置NED=(-0.106,-0.037,-0.737) 实际速度=(-0.020,0.050,0.239) 最终目标=(-0.106,-0.037,-0.737) 指令位置=(-0.106,-0.037,-0.737) 指令速度=(0.000,0.000,0.000) 指令加速度=(0.000,0.000,0.000) 滚转角=0.07度 俯仰角=-0.42度
09:04:34.384195 [轨迹] 序号=474 单调时间=1905.403432 时间=1905.403 模式=AUTO.LAND 起飞状态=未执行起飞 水平控制=位置保持 类型掩码=3520 实际位置NED=(-0.105,-0.038,-0.729) 实际速度=(-0.020,0.050,0.253) 最终目标=(-0.105,-0.038,-0.729) 指令位置=(-0.105,-0.038,-0.729) 指令速度=(0.000,0.000,0.000) 指令加速度=(0.000,0.000,0.000) 滚转角=0.07度 俯仰角=-0.43度
09:04:34.488013 [轨迹] 序号=475 单调时间=1905.507121 时间=1905.507 模式=AUTO.LAND 起飞状态=未执行起飞 水平控制=位置保持 类型掩码=3520 实际位置NED=(-0.105,-0.040,-0.719) 实际速度=(-0.020,0.050,0.275) 最终目标=(-0.105,-0.040,-0.719) 指令位置=(-0.105,-0.040,-0.719) 指令速度=(0.000,0.000,0.000) 指令加速度=(0.000,0.000,0.000) 滚转角=0.07度 俯仰角=-0.43度
09:04:34.591063 [轨迹] 序号=476 单调时间=1905.610400 时间=1905.610 模式=AUTO.LAND 起飞状态=未执行起飞 水平控制=位置保持 类型掩码=3520 实际位置NED=(-0.105,-0.041,-0.709) 实际速度=(-0.020,0.051,0.292) 最终目标=(-0.105,-0.041,-0.709) 指令位置=(-0.105,-0.041,-0.709) 指令速度=(0.000,0.000,0.000) 指令加速度=(0.000,0.000,0.000) 滚转角=0.07度 俯仰角=-0.44度
09:04:34.694636 [轨迹] 序号=477 单调时间=1905.713683 时间=1905.714 模式=AUTO.LAND 起飞状态=未执行起飞 水平控制=位置保持 类型掩码=3520 实际位置NED=(-0.105,-0.042,-0.700) 实际速度=(-0.021,0.051,0.306) 最终目标=(-0.105,-0.042,-0.700) 指令位置=(-0.105,-0.042,-0.700) 指令速度=(0.000,0.000,0.000) 指令加速度=(0.000,0.000,0.000) 滚转角=0.06度 俯仰角=-0.45度
09:04:34.798612 [轨迹] 序号=478 单调时间=1905.818117 时间=1905.818 模式=AUTO.LAND 起飞状态=未执行起飞 水平控制=位置保持 类型掩码=3520 实际位置NED=(-0.104,-0.044,-0.679) 实际速度=(-0.021,0.052,0.325) 最终目标=(-0.104,-0.044,-0.679) 指令位置=(-0.104,-0.044,-0.679) 指令速度=(0.000,0.000,0.000) 指令加速度=(0.000,0.000,0.000) 滚转角=0.06度 俯仰角=-0.46度
09:04:34.902253 [轨迹] 序号=479 单调时间=1905.921569 时间=1905.922 模式=AUTO.LAND 起飞状态=未执行起飞 水平控制=位置保持 类型掩码=3520 实际位置NED=(-0.104,-0.044,-0.679) 实际速度=(-0.021,0.052,0.325) 最终目标=(-0.104,-0.044,-0.679) 指令位置=(-0.104,-0.044,-0.679) 指令速度=(0.000,0.000,0.000) 指令加速度=(0.000,0.000,0.000) 滚转角=0.06度 俯仰角=-0.47度
09:04:35.005570 [轨迹] 序号=480 单调时间=1906.024841 时间=1906.025 模式=AUTO.LAND 起飞状态=未执行起飞 水平控制=位置保持 类型掩码=3520 实际位置NED=(-0.104,-0.045,-0.669) 实际速度=(-0.021,0.052,0.331) 最终目标=(-0.104,-0.045,-0.669) 指令位置=(-0.104,-0.045,-0.669) 指令速度=(0.000,0.000,0.000) 指令加速度=(0.000,0.000,0.000) 滚转角=0.06度 俯仰角=-0.48度
09:04:35.110300 [轨迹] 序号=481 单调时间=1906.129615 时间=1906.130 模式=AUTO.LAND 起飞状态=未执行起飞 水平控制=位置保持 类型掩码=3520 实际位置NED=(-0.103,-0.047,-0.647) 实际速度=(-0.022,0.053,0.339) 最终目标=(-0.103,-0.047,-0.647) 指令位置=(-0.103,-0.047,-0.647) 指令速度=(0.000,0.000,0.000) 指令加速度=(0.000,0.000,0.000) 滚转角=0.06度 俯仰角=-0.49度
09:04:35.213605 [轨迹] 序号=482 单调时间=1906.232820 时间=1906.233 模式=AUTO.LAND 起飞状态=未执行起飞 水平控制=位置保持 类型掩码=3520 实际位置NED=(-0.103,-0.047,-0.647) 实际速度=(-0.022,0.053,0.339) 最终目标=(-0.103,-0.047,-0.647) 指令位置=(-0.103,-0.047,-0.647) 指令速度=(0.000,0.000,0.000) 指令加速度=(0.000,0.000,0.000) 滚转角=0.06度 俯仰角=-0.49度
09:04:35.316588 [轨迹] 序号=483 单调时间=1906.335898 时间=1906.336 模式=AUTO.LAND 起飞状态=未执行起飞 水平控制=位置保持 类型掩码=3520 实际位置NED=(-0.103,-0.048,-0.636) 实际速度=(-0.022,0.054,0.341) 最终目标=(-0.103,-0.048,-0.636) 指令位置=(-0.103,-0.048,-0.636) 指令速度=(0.000,0.000,0.000) 指令加速度=(0.000,0.000,0.000) 滚转角=0.06度 俯仰角=-0.51度
09:04:35.420465 [轨迹] 序号=484 单调时间=1906.439829 时间=1906.440 模式=AUTO.LAND 起飞状态=未执行起飞 水平控制=位置保持 类型掩码=3520 实际位置NED=(-0.103,-0.051,-0.611) 实际速度=(-0.022,0.055,0.343) 最终目标=(-0.103,-0.051,-0.611) 指令位置=(-0.103,-0.051,-0.611) 指令速度=(0.000,0.000,0.000) 指令加速度=(0.000,0.000,0.000) 滚转角=0.06度 俯仰角=-0.52度
09:04:35.524416 [轨迹] 序号=485 单调时间=1906.543607 时间=1906.544 模式=AUTO.LAND 起飞状态=未执行起飞 水平控制=位置保持 类型掩码=3520 实际位置NED=(-0.103,-0.052,-0.599) 实际速度=(-0.022,0.055,0.343) 最终目标=(-0.103,-0.052,-0.599) 指令位置=(-0.103,-0.052,-0.599) 指令速度=(0.000,0.000,0.000) 指令加速度=(0.000,0.000,0.000) 滚转角=0.06度 俯仰角=-0.53度
09:04:35.627527 [轨迹] 序号=486 单调时间=1906.646855 时间=1906.647 模式=AUTO.LAND 起飞状态=未执行起飞 水平控制=位置保持 类型掩码=3520 实际位置NED=(-0.103,-0.052,-0.599) 实际速度=(-0.022,0.055,0.343) 最终目标=(-0.103,-0.052,-0.599) 指令位置=(-0.103,-0.052,-0.599) 指令速度=(0.000,0.000,0.000) 指令加速度=(0.000,0.000,0.000) 滚转角=0.06度 俯仰角=-0.53度
09:04:35.730518 [轨迹] 序号=487 单调时间=1906.749803 时间=1906.750 模式=AUTO.LAND 起飞状态=未执行起飞 水平控制=位置保持 类型掩码=3520 实际位置NED=(-0.102,-0.053,-0.577) 实际速度=(-0.022,0.056,0.341) 最终目标=(-0.102,-0.053,-0.577) 指令位置=(-0.102,-0.053,-0.577) 指令速度=(0.000,0.000,0.000) 指令加速度=(0.000,0.000,0.000) 滚转角=0.06度 俯仰角=-0.55度
09:04:35.833782 [轨迹] 序号=488 单调时间=1906.853139 时间=1906.853 模式=AUTO.LAND 起飞状态=未执行起飞 水平控制=位置保持 类型掩码=3520 实际位置NED=(-0.102,-0.054,-0.566) 实际速度=(-0.022,0.057,0.339) 最终目标=(-0.102,-0.054,-0.566) 指令位置=(-0.102,-0.054,-0.566) 指令速度=(0.000,0.000,0.000) 指令加速度=(0.000,0.000,0.000) 滚转角=0.07度 俯仰角=-0.56度
09:04:35.936881 [轨迹] 序号=489 单调时间=1906.956170 时间=1906.956 模式=AUTO.LAND 起飞状态=未执行起飞 水平控制=位置保持 类型掩码=3520 实际位置NED=(-0.102,-0.055,-0.552) 实际速度=(-0.022,0.058,0.338) 最终目标=(-0.102,-0.055,-0.552) 指令位置=(-0.102,-0.055,-0.552) 指令速度=(0.000,0.000,0.000) 指令加速度=(0.000,0.000,0.000) 滚转角=0.07度 俯仰角=-0.57度
09:04:36.039937 [轨迹] 序号=490 单调时间=1907.059325 时间=1907.059 模式=AUTO.LAND 起飞状态=未执行起飞 水平控制=位置保持 类型掩码=3520 实际位置NED=(-0.102,-0.056,-0.541) 实际速度=(-0.022,0.058,0.336) 最终目标=(-0.102,-0.056,-0.541) 指令位置=(-0.102,-0.056,-0.541) 指令速度=(0.000,0.000,0.000) 指令加速度=(0.000,0.000,0.000) 滚转角=0.07度 俯仰角=-0.58度
09:04:36.142790 [轨迹] 序号=491 单调时间=1907.162197 时间=1907.162 模式=AUTO.LAND 起飞状态=未执行起飞 水平控制=位置保持 类型掩码=3520 实际位置NED=(-0.102,-0.057,-0.530) 实际速度=(-0.022,0.059,0.334) 最终目标=(-0.102,-0.057,-0.530) 指令位置=(-0.102,-0.057,-0.530) 指令速度=(0.000,0.000,0.000) 指令加速度=(0.000,0.000,0.000) 滚转角=0.07度 俯仰角=-0.58度
09:04:36.245803 [轨迹] 序号=492 单调时间=1907.265098 时间=1907.265 模式=AUTO.LAND 起飞状态=未执行起飞 水平控制=位置保持 类型掩码=3520 实际位置NED=(-0.102,-0.057,-0.519) 实际速度=(-0.022,0.059,0.333) 最终目标=(-0.102,-0.057,-0.519) 指令位置=(-0.102,-0.057,-0.519) 指令速度=(0.000,0.000,0.000) 指令加速度=(0.000,0.000,0.000) 滚转角=0.07度 俯仰角=-0.59度
09:04:36.348816 [轨迹] 序号=493 单调时间=1907.368160 时间=1907.368 模式=AUTO.LAND 起飞状态=未执行起飞 水平控制=位置保持 类型掩码=3520 实际位置NED=(-0.102,-0.058,-0.508) 实际速度=(-0.022,0.060,0.331) 最终目标=(-0.102,-0.058,-0.508) 指令位置=(-0.102,-0.058,-0.508) 指令速度=(0.000,0.000,0.000) 指令加速度=(0.000,0.000,0.000) 滚转角=0.08度 俯仰角=-0.59度
09:04:36.452328 [轨迹] 序号=494 单调时间=1907.471592 时间=1907.472 模式=AUTO.LAND 起飞状态=未执行起飞 水平控制=位置保持 类型掩码=3520 实际位置NED=(-0.102,-0.059,-0.498) 实际速度=(-0.022,0.060,0.329) 最终目标=(-0.102,-0.059,-0.498) 指令位置=(-0.102,-0.059,-0.498) 指令速度=(0.000,0.000,0.000) 指令加速度=(0.000,0.000,0.000) 滚转角=0.08度 俯仰角=-0.60度
09:04:36.555802 [轨迹] 序号=495 单调时间=1907.574804 时间=1907.575 模式=AUTO.LAND 起飞状态=未执行起飞 水平控制=位置保持 类型掩码=3520 实际位置NED=(-0.102,-0.059,-0.484) 实际速度=(-0.022,0.060,0.327) 最终目标=(-0.102,-0.059,-0.484) 指令位置=(-0.102,-0.059,-0.484) 指令速度=(0.000,0.000,0.000) 指令加速度=(0.000,0.000,0.000) 滚转角=0.08度 俯仰角=-0.61度
09:04:36.659732 [轨迹] 序号=496 单调时间=1907.678835 时间=1907.679 模式=AUTO.LAND 起飞状态=未执行起飞 水平控制=位置保持 类型掩码=3520 实际位置NED=(-0.102,-0.060,-0.474) 实际速度=(-0.022,0.061,0.325) 最终目标=(-0.102,-0.060,-0.474) 指令位置=(-0.102,-0.060,-0.474) 指令速度=(0.000,0.000,0.000) 指令加速度=(0.000,0.000,0.000) 滚转角=0.08度 俯仰角=-0.61度
09:04:36.762729 [轨迹] 序号=497 单调时间=1907.782107 时间=1907.782 模式=AUTO.LAND 起飞状态=未执行起飞 水平控制=位置保持 类型掩码=3520 实际位置NED=(-0.102,-0.061,-0.463) 实际速度=(-0.022,0.061,0.324) 最终目标=(-0.102,-0.061,-0.463) 指令位置=(-0.102,-0.061,-0.463) 指令速度=(0.000,0.000,0.000) 指令加速度=(0.000,0.000,0.000) 滚转角=0.08度 俯仰角=-0.62度
09:04:36.866583 [轨迹] 序号=498 单调时间=1907.885933 时间=1907.886 模式=AUTO.LAND 起飞状态=未执行起飞 水平控制=位置保持 类型掩码=3520 实际位置NED=(-0.102,-0.062,-0.442) 实际速度=(-0.022,0.060,0.321) 最终目标=(-0.102,-0.062,-0.442) 指令位置=(-0.102,-0.062,-0.442) 指令速度=(0.000,0.000,0.000) 指令加速度=(0.000,0.000,0.000) 滚转角=0.08度 俯仰角=-0.63度
09:04:36.970156 [轨迹] 序号=499 单调时间=1907.989647 时间=1907.990 模式=AUTO.LAND 起飞状态=未执行起飞 水平控制=位置保持 类型掩码=3520 实际位置NED=(-0.102,-0.062,-0.432) 实际速度=(-0.022,0.060,0.319) 最终目标=(-0.102,-0.062,-0.432) 指令位置=(-0.102,-0.062,-0.432) 指令速度=(0.000,0.000,0.000) 指令加速度=(0.000,0.000,0.000) 滚转角=0.08度 俯仰角=-0.63度
09:04:37.073684 [轨迹] 序号=500 单调时间=1908.092976 时间=1908.093 模式=AUTO.LAND 起飞状态=未执行起飞 水平控制=位置保持 类型掩码=3520 实际位置NED=(-0.102,-0.063,-0.419) 实际速度=(-0.022,0.060,0.318) 最终目标=(-0.102,-0.063,-0.419) 指令位置=(-0.102,-0.063,-0.419) 指令速度=(0.000,0.000,0.000) 指令加速度=(0.000,0.000,0.000) 滚转角=0.08度 俯仰角=-0.64度
09:04:37.177272 [轨迹] 序号=501 单调时间=1908.196534 时间=1908.197 模式=AUTO.LAND 起飞状态=未执行起飞 水平控制=位置保持 类型掩码=3520 实际位置NED=(-0.102,-0.064,-0.409) 实际速度=(-0.022,0.060,0.316) 最终目标=(-0.102,-0.064,-0.409) 指令位置=(-0.102,-0.064,-0.409) 指令速度=(0.000,0.000,0.000) 指令加速度=(0.000,0.000,0.000) 滚转角=0.08度 俯仰角=-0.65度
09:04:37.280131 [轨迹] 序号=502 单调时间=1908.299434 时间=1908.299 模式=AUTO.LAND 起飞状态=未执行起飞 水平控制=位置保持 类型掩码=3520 实际位置NED=(-0.102,-0.064,-0.399) 实际速度=(-0.022,0.060,0.315) 最终目标=(-0.102,-0.064,-0.399) 指令位置=(-0.102,-0.064,-0.399) 指令速度=(0.000,0.000,0.000) 指令加速度=(0.000,0.000,0.000) 滚转角=0.08度 俯仰角=-0.66度
09:04:37.383663 [轨迹] 序号=503 单调时间=1908.402956 时间=1908.403 模式=AUTO.LAND 起飞状态=未执行起飞 水平控制=位置保持 类型掩码=3520 实际位置NED=(-0.102,-0.065,-0.388) 实际速度=(-0.022,0.060,0.314) 最终目标=(-0.102,-0.065,-0.388) 指令位置=(-0.102,-0.065,-0.388) 指令速度=(0.000,0.000,0.000) 指令加速度=(0.000,0.000,0.000) 滚转角=0.08度 俯仰角=-0.67度
09:04:37.486723 [轨迹] 序号=504 单调时间=1908.506035 时间=1908.506 模式=AUTO.LAND 起飞状态=未执行起飞 水平控制=位置保持 类型掩码=3520 实际位置NED=(-0.102,-0.065,-0.378) 实际速度=(-0.022,0.060,0.313) 最终目标=(-0.102,-0.065,-0.378) 指令位置=(-0.102,-0.065,-0.378) 指令速度=(0.000,0.000,0.000) 指令加速度=(0.000,0.000,0.000) 滚转角=0.08度 俯仰角=-0.68度
09:04:37.588079 [轨迹] 序号=505 单调时间=1908.607425 时间=1908.607 模式=AUTO.LAND 起飞状态=未执行起飞 水平控制=位置保持 类型掩码=3520 实际位置NED=(-0.102,-0.065,-0.368) 实际速度=(-0.021,0.059,0.312) 最终目标=(-0.102,-0.065,-0.368) 指令位置=(-0.102,-0.065,-0.368) 指令速度=(0.000,0.000,0.000) 指令加速度=(0.000,0.000,0.000) 滚转角=0.08度 俯仰角=-0.69度
09:04:37.692545 [轨迹] 序号=506 单调时间=1908.711874 时间=1908.712 模式=AUTO.LAND 起飞状态=未执行起飞 水平控制=位置保持 类型掩码=3520 实际位置NED=(-0.102,-0.065,-0.368) 实际速度=(-0.021,0.059,0.312) 最终目标=(-0.102,-0.065,-0.368) 指令位置=(-0.102,-0.065,-0.368) 指令速度=(0.000,0.000,0.000) 指令加速度=(0.000,0.000,0.000) 滚转角=0.08度 俯仰角=-0.70度
09:04:37.795828 [轨迹] 序号=507 单调时间=1908.815087 时间=1908.815 模式=AUTO.LAND 起飞状态=未执行起飞 水平控制=位置保持 类型掩码=3520 实际位置NED=(-0.102,-0.066,-0.346) 实际速度=(-0.021,0.059,0.310) 最终目标=(-0.102,-0.066,-0.346) 指令位置=(-0.102,-0.066,-0.346) 指令速度=(0.000,0.000,0.000) 指令加速度=(0.000,0.000,0.000) 滚转角=0.08度 俯仰角=-0.71度
09:04:37.899576 [轨迹] 序号=508 单调时间=1908.918973 时间=1908.919 模式=AUTO.LAND 起飞状态=未执行起飞 水平控制=位置保持 类型掩码=3520 实际位置NED=(-0.102,-0.067,-0.336) 实际速度=(-0.021,0.058,0.309) 最终目标=(-0.102,-0.067,-0.336) 指令位置=(-0.102,-0.067,-0.336) 指令速度=(0.000,0.000,0.000) 指令加速度=(0.000,0.000,0.000) 滚转角=0.08度 俯仰角=-0.72度
09:04:38.003554 [轨迹] 序号=509 单调时间=1909.022724 时间=1909.023 模式=AUTO.LAND 起飞状态=未执行起飞 水平控制=位置保持 类型掩码=3520 实际位置NED=(-0.102,-0.067,-0.336) 实际速度=(-0.021,0.058,0.309) 最终目标=(-0.102,-0.067,-0.336) 指令位置=(-0.102,-0.067,-0.336) 指令速度=(0.000,0.000,0.000) 指令加速度=(0.000,0.000,0.000) 滚转角=0.08度 俯仰角=-0.72度
09:04:38.104418 [轨迹] 序号=510 单调时间=1909.123789 时间=1909.124 模式=AUTO.LAND 起飞状态=未执行起飞 水平控制=位置保持 类型掩码=3520 实际位置NED=(-0.102,-0.067,-0.316) 实际速度=(-0.020,0.058,0.307) 最终目标=(-0.102,-0.067,-0.316) 指令位置=(-0.102,-0.067,-0.316) 指令速度=(0.000,0.000,0.000) 指令加速度=(0.000,0.000,0.000) 滚转角=0.08度 俯仰角=-0.74度
09:04:38.207847 [轨迹] 序号=511 单调时间=1909.227310 时间=1909.227 模式=AUTO.LAND 起飞状态=未执行起飞 水平控制=位置保持 类型掩码=3520 实际位置NED=(-0.102,-0.067,-0.316) 实际速度=(-0.020,0.058,0.307) 最终目标=(-0.102,-0.067,-0.316) 指令位置=(-0.102,-0.067,-0.316) 指令速度=(0.000,0.000,0.000) 指令加速度=(0.000,0.000,0.000) 滚转角=0.08度 俯仰角=-0.75度
09:04:38.311094 [轨迹] 序号=512 单调时间=1909.330340 时间=1909.330 模式=AUTO.LAND 起飞状态=未执行起飞 水平控制=位置保持 类型掩码=3520 实际位置NED=(-0.101,-0.068,-0.307) 实际速度=(-0.020,0.058,0.307) 最终目标=(-0.101,-0.068,-0.307) 指令位置=(-0.101,-0.068,-0.307) 指令速度=(0.000,0.000,0.000) 指令加速度=(0.000,0.000,0.000) 滚转角=-0.15度 俯仰角=-0.30度
09:04:38.415148 [轨迹] 序号=513 单调时间=1909.434429 时间=1909.434 模式=AUTO.LAND 起飞状态=未执行起飞 水平控制=位置保持 类型掩码=3520 实际位置NED=(-0.097,-0.076,-0.303) 实际速度=(0.042,-0.098,-0.005) 最终目标=(-0.097,-0.076,-0.303) 指令位置=(-0.097,-0.076,-0.303) 指令速度=(0.000,0.000,0.000) 指令加速度=(0.000,0.000,0.000) 滚转角=-0.17度 俯仰角=-0.11度
09:04:38.518099 [轨迹] 序号=514 单调时间=1909.537511 时间=1909.538 模式=AUTO.LAND 起飞状态=未执行起飞 水平控制=位置保持 类型掩码=3520 实际位置NED=(-0.094,-0.081,-0.304) 实际速度=(0.038,-0.118,-0.001) 最终目标=(-0.094,-0.081,-0.304) 指令位置=(-0.094,-0.081,-0.304) 指令速度=(0.000,0.000,0.000) 指令加速度=(0.000,0.000,0.000) 滚转角=-0.17度 俯仰角=-0.14度
09:04:38.621283 [轨迹] 序号=515 单调时间=1909.640597 时间=1909.641 模式=AUTO.LAND 起飞状态=未执行起飞 水平控制=位置保持 类型掩码=3520 实际位置NED=(-0.094,-0.081,-0.304) 实际速度=(0.038,-0.118,-0.001) 最终目标=(-0.094,-0.081,-0.304) 指令位置=(-0.094,-0.081,-0.304) 指令速度=(0.000,0.000,0.000) 指令加速度=(0.000,0.000,0.000) 滚转角=-0.17度 俯仰角=-0.11度
09:04:38.724574 [轨迹] 序号=516 单调时间=1909.743833 时间=1909.744 模式=AUTO.LAND 起飞状态=未执行起飞 水平控制=位置保持 类型掩码=3520 实际位置NED=(-0.090,-0.094,-0.304) 实际速度=(0.045,-0.155,0.009) 最终目标=(-0.090,-0.094,-0.304) 指令位置=(-0.090,-0.094,-0.304) 指令速度=(0.000,0.000,0.000) 指令加速度=(0.000,0.000,0.000) 滚转角=-0.17度 俯仰角=0.05度
09:04:38.828119 [轨迹] 序号=517 单调时间=1909.847422 时间=1909.847 模式=AUTO.LAND 起飞状态=未执行起飞 水平控制=位置保持 类型掩码=3520 实际位置NED=(-0.090,-0.094,-0.304) 实际速度=(0.045,-0.155,0.009) 最终目标=(-0.090,-0.094,-0.304) 指令位置=(-0.090,-0.094,-0.304) 指令速度=(0.000,0.000,0.000) 指令加速度=(0.000,0.000,0.000) 滚转角=-0.17度 俯仰角=0.18度
09:04:38.931539 [轨迹] 序号=518 单调时间=1909.950869 时间=1909.951 模式=AUTO.LAND 起飞状态=未执行起飞 水平控制=位置保持 类型掩码=3520 实际位置NED=(-0.088,-0.101,-0.304) 实际速度=(0.050,-0.172,0.014) 最终目标=(-0.088,-0.101,-0.304) 指令位置=(-0.088,-0.101,-0.304) 指令速度=(0.000,0.000,0.000) 指令加速度=(0.000,0.000,0.000) 滚转角=-0.13度 俯仰角=0.45度
09:04:39.035710 [轨迹] 序号=519 单调时间=1910.054606 时间=1910.055 模式=AUTO.LAND 起飞状态=未执行起飞 水平控制=位置保持 类型掩码=3520 实际位置NED=(-0.082,-0.117,-0.304) 实际速度=(0.052,-0.157,-0.003) 最终目标=(-0.082,-0.117,-0.304) 指令位置=(-0.082,-0.117,-0.304) 指令速度=(0.000,0.000,0.000) 指令加速度=(0.000,0.000,0.000) 滚转角=-0.13度 俯仰角=0.47度
09:04:39.139024 [轨迹] 序号=520 单调时间=1910.158556 时间=1910.159 模式=AUTO.LAND 起飞状态=未执行起飞 水平控制=位置保持 类型掩码=3520 实际位置NED=(-0.080,-0.124,-0.304) 实际速度=(0.054,-0.163,-0.003) 最终目标=(-0.080,-0.124,-0.304) 指令位置=(-0.080,-0.124,-0.304) 指令速度=(0.000,0.000,0.000) 指令加速度=(0.000,0.000,0.000) 滚转角=-0.14度 俯仰角=0.48度
09:04:39.241997 [轨迹] 序号=521 单调时间=1910.261258 时间=1910.261 模式=AUTO.LAND 起飞状态=未执行起飞 水平控制=位置保持 类型掩码=3520 实际位置NED=(-0.077,-0.131,-0.305) 实际速度=(0.056,-0.168,-0.003) 最终目标=(-0.077,-0.131,-0.305) 指令位置=(-0.077,-0.131,-0.305) 指令速度=(0.000,0.000,0.000) 指令加速度=(0.000,0.000,0.000) 滚转角=-0.14度 俯仰角=0.49度
09:04:39.344335 [轨迹] 序号=522 单调时间=1910.363619 时间=1910.364 模式=AUTO.LAND 起飞状态=未执行起飞 水平控制=位置保持 类型掩码=3520 实际位置NED=(-0.075,-0.138,-0.305) 实际速度=(0.058,-0.173,-0.003) 最终目标=(-0.075,-0.138,-0.305) 指令位置=(-0.075,-0.138,-0.305) 指令速度=(0.000,0.000,0.000) 指令加速度=(0.000,0.000,0.000) 滚转角=-0.14度 俯仰角=0.50度
09:04:39.447835 [轨迹] 序号=523 单调时间=1910.466971 时间=1910.467 模式=AUTO.LAND 起飞状态=未执行起飞 水平控制=位置保持 类型掩码=3520 实际位置NED=(-0.072,-0.144,-0.305) 实际速度=(0.060,-0.177,-0.003) 最终目标=(-0.072,-0.144,-0.305) 指令位置=(-0.072,-0.144,-0.305) 指令速度=(0.000,0.000,0.000) 指令加速度=(0.000,0.000,0.000) 滚转角=-0.14度 俯仰角=0.51度
09:04:39.550855 [轨迹] 序号=524 单调时间=1910.570208 时间=1910.570 模式=AUTO.LAND 起飞状态=未执行起飞 水平控制=位置保持 类型掩码=3520 实际位置NED=(-0.072,-0.144,-0.305) 实际速度=(0.060,-0.177,-0.003) 最终目标=(-0.072,-0.144,-0.305) 指令位置=(-0.072,-0.144,-0.305) 指令速度=(0.000,0.000,0.000) 指令加速度=(0.000,0.000,0.000) 滚转角=-0.14度 俯仰角=0.51度
09:04:39.655557 [轨迹] 序号=525 单调时间=1910.674621 时间=1910.675 模式=AUTO.LAND 起飞状态=未执行起飞 水平控制=位置保持 类型掩码=3520 实际位置NED=(-0.067,-0.160,-0.305) 实际速度=(0.063,-0.187,-0.003) 最终目标=(-0.067,-0.160,-0.305) 指令位置=(-0.067,-0.160,-0.305) 指令速度=(0.000,0.000,0.000) 指令加速度=(0.000,0.000,0.000) 滚转角=-0.15度 俯仰角=0.52度
09:04:39.758986 [轨迹] 序号=526 单调时间=1910.778372 时间=1910.778 模式=AUTO.LAND 起飞状态=未执行起飞 水平控制=位置保持 类型掩码=3520 实际位置NED=(-0.064,-0.167,-0.305) 实际速度=(0.065,-0.190,-0.003) 最终目标=(-0.064,-0.167,-0.305) 指令位置=(-0.064,-0.167,-0.305) 指令速度=(0.000,0.000,0.000) 指令加速度=(0.000,0.000,0.000) 滚转角=-0.15度 俯仰角=0.52度
09:04:39.861684 [轨迹] 序号=527 单调时间=1910.878943 时间=1910.879 模式=AUTO.LAND 起飞状态=未执行起飞 水平控制=位置保持 类型掩码=3520 实际位置NED=(-0.062,-0.174,-0.305) 实际速度=(0.066,-0.194,-0.003) 最终目标=(-0.062,-0.174,-0.305) 指令位置=(-0.062,-0.174,-0.305) 指令速度=(0.000,0.000,0.000) 指令加速度=(0.000,0.000,0.000) 滚转角=-0.15度 俯仰角=0.52度
09:04:39.962328 [轨迹] 序号=528 单调时间=1910.981605 时间=1910.982 模式=AUTO.LAND 起飞状态=未执行起飞 水平控制=位置保持 类型掩码=3520 实际位置NED=(-0.059,-0.180,-0.305) 实际速度=(0.067,-0.197,-0.002) 最终目标=(-0.059,-0.180,-0.305) 指令位置=(-0.059,-0.180,-0.305) 指令速度=(0.000,0.000,0.000) 指令加速度=(0.000,0.000,0.000) 滚转角=-0.15度 俯仰角=0.52度
09:04:40.065475 [轨迹] 序号=529 单调时间=1911.084777 时间=1911.085 模式=AUTO.LAND 起飞状态=未执行起飞 水平控制=位置保持 类型掩码=3520 实际位置NED=(-0.057,-0.187,-0.305) 实际速度=(0.068,-0.200,-0.002) 最终目标=(-0.057,-0.187,-0.305) 指令位置=(-0.057,-0.187,-0.305) 指令速度=(0.000,0.000,0.000) 指令加速度=(0.000,0.000,0.000) 滚转角=-0.15度 俯仰角=0.52度
09:04:40.168691 [轨迹] 序号=530 单调时间=1911.188083 时间=1911.188 模式=AUTO.LAND 起飞状态=未执行起飞 水平控制=位置保持 类型掩码=3520 实际位置NED=(-0.057,-0.187,-0.305) 实际速度=(0.068,-0.200,-0.002) 最终目标=(-0.057,-0.187,-0.305) 指令位置=(-0.057,-0.187,-0.305) 指令速度=(0.000,0.000,0.000) 指令加速度=(0.000,0.000,0.000) 滚转角=-0.15度 俯仰角=0.52度
09:04:40.272685 [轨迹] 序号=531 单调时间=1911.292083 时间=1911.292 模式=AUTO.LAND 起飞状态=未执行起飞 水平控制=位置保持 类型掩码=3520 实际位置NED=(-0.052,-0.200,-0.304) 实际速度=(0.070,-0.205,-0.002) 最终目标=(-0.052,-0.200,-0.304) 指令位置=(-0.052,-0.200,-0.304) 指令速度=(0.000,0.000,0.000) 指令加速度=(0.000,0.000,0.000) 滚转角=-0.14度 俯仰角=0.52度
09:04:40.375937 [轨迹] 序号=532 单调时间=1911.395133 时间=1911.395 模式=AUTO.LAND 起飞状态=未执行起飞 水平控制=位置保持 类型掩码=3520 实际位置NED=(-0.050,-0.207,-0.304) 实际速度=(0.070,-0.207,-0.001) 最终目标=(-0.050,-0.207,-0.304) 指令位置=(-0.050,-0.207,-0.304) 指令速度=(0.000,0.000,0.000) 指令加速度=(0.000,0.000,0.000) 滚转角=-0.14度 俯仰角=0.52度
09:04:40.483343 [轨迹] 序号=533 单调时间=1911.502487 时间=1911.502 模式=AUTO.LAND 起飞状态=未执行起飞 水平控制=位置保持 类型掩码=3520 实际位置NED=(-0.047,-0.214,-0.304) 实际速度=(0.071,-0.210,-0.001) 最终目标=(-0.047,-0.214,-0.304) 指令位置=(-0.047,-0.214,-0.304) 指令速度=(0.000,0.000,0.000) 指令加速度=(0.000,0.000,0.000) 滚转角=-0.14度 俯仰角=0.52度
09:04:40.583519 [轨迹] 序号=534 单调时间=1911.602857 时间=1911.603 模式=AUTO.LAND 起飞状态=未执行起飞 水平控制=位置保持 类型掩码=3520 实际位置NED=(-0.045,-0.221,-0.304) 实际速度=(0.072,-0.211,-0.001) 最终目标=(-0.045,-0.221,-0.304) 指令位置=(-0.045,-0.221,-0.304) 指令速度=(0.000,0.000,0.000) 指令加速度=(0.000,0.000,0.000) 滚转角=-0.14度 俯仰角=0.51度
09:04:40.686965 [轨迹] 序号=535 单调时间=1911.706199 时间=1911.706 模式=AUTO.LAND 起飞状态=未执行起飞 水平控制=位置保持 类型掩码=3520 实际位置NED=(-0.043,-0.227,-0.303) 实际速度=(0.072,-0.213,-0.001) 最终目标=(-0.043,-0.227,-0.303) 指令位置=(-0.043,-0.227,-0.303) 指令速度=(0.000,0.000,0.000) 指令加速度=(0.000,0.000,0.000) 滚转角=-0.14度 俯仰角=0.51度
09:04:40.789878 [轨迹] 序号=536 单调时间=1911.809215 时间=1911.809 模式=AUTO.LAND 起飞状态=未执行起飞 水平控制=位置保持 类型掩码=3520 实际位置NED=(-0.038,-0.239,-0.303) 实际速度=(0.073,-0.216,-0.000) 最终目标=(-0.038,-0.239,-0.303) 指令位置=(-0.038,-0.239,-0.303) 指令速度=(0.000,0.000,0.000) 指令加速度=(0.000,0.000,0.000) 滚转角=-0.14度 俯仰角=0.51度
09:04:40.893867 [轨迹] 序号=537 单调时间=1911.913247 时间=1911.913 模式=AUTO.LAND 起飞状态=未执行起飞 水平控制=位置保持 类型掩码=3520 实际位置NED=(-0.038,-0.239,-0.303) 实际速度=(0.073,-0.216,-0.000) 最终目标=(-0.038,-0.239,-0.303) 指令位置=(-0.038,-0.239,-0.303) 指令速度=(0.000,0.000,0.000) 指令加速度=(0.000,0.000,0.000) 滚转角=-0.14度 俯仰角=0.51度
09:04:40.997366 [轨迹] 序号=538 单调时间=1912.016751 时间=1912.017 模式=AUTO.LAND 起飞状态=未执行起飞 水平控制=位置保持 类型掩码=3520 实际位置NED=(-0.036,-0.245,-0.303) 实际速度=(0.074,-0.217,-0.000) 最终目标=(-0.036,-0.245,-0.303) 指令位置=(-0.036,-0.245,-0.303) 指令速度=(0.000,0.000,0.000) 指令加速度=(0.000,0.000,0.000) 滚转角=-0.14度 俯仰角=0.50度
09:04:41.100423 [轨迹] 序号=539 单调时间=1912.119726 时间=1912.120 模式=AUTO.LAND 起飞状态=未执行起飞 水平控制=位置保持 类型掩码=3520 实际位置NED=(-0.031,-0.257,-0.302) 实际速度=(0.075,-0.219,0.000) 最终目标=(-0.031,-0.257,-0.302) 指令位置=(-0.031,-0.257,-0.302) 指令速度=(0.000,0.000,0.000) 指令加速度=(0.000,0.000,0.000) 滚转角=-0.14度 俯仰角=0.50度
09:04:41.204313 [轨迹] 序号=540 单调时间=1912.223390 时间=1912.223 模式=AUTO.LAND 起飞状态=未执行起飞 水平控制=位置保持 类型掩码=3520 实际位置NED=(-0.029,-0.263,-0.302) 实际速度=(0.075,-0.220,0.000) 最终目标=(-0.029,-0.263,-0.302) 指令位置=(-0.029,-0.263,-0.302) 指令速度=(0.000,0.000,0.000) 指令加速度=(0.000,0.000,0.000) 滚转角=-0.14度 俯仰角=0.50度
09:04:41.307262 [轨迹] 序号=541 单调时间=1912.326763 时间=1912.327 模式=AUTO.LAND 起飞状态=未执行起飞 水平控制=位置保持 类型掩码=3520 实际位置NED=(-0.027,-0.268,-0.302) 实际速度=(0.076,-0.220,0.000) 最终目标=(-0.027,-0.268,-0.302) 指令位置=(-0.027,-0.268,-0.302) 指令速度=(0.000,0.000,0.000) 指令加速度=(0.000,0.000,0.000) 滚转角=-0.14度 俯仰角=0.49度
09:04:41.410408 [轨迹] 序号=542 单调时间=1912.429746 时间=1912.430 模式=AUTO.LAND 起飞状态=未执行起飞 水平控制=位置保持 类型掩码=3520 实际位置NED=(-0.025,-0.273,-0.301) 实际速度=(0.076,-0.221,0.001) 最终目标=(-0.025,-0.273,-0.301) 指令位置=(-0.025,-0.273,-0.301) 指令速度=(0.000,0.000,0.000) 指令加速度=(0.000,0.000,0.000) 滚转角=-0.14度 俯仰角=0.49度
09:04:41.513735 [轨迹] 序号=543 单调时间=1912.533036 时间=1912.533 模式=AUTO.LAND 起飞状态=未执行起飞 水平控制=位置保持 类型掩码=3520 实际位置NED=(-0.023,-0.279,-0.301) 实际速度=(0.076,-0.221,0.001) 最终目标=(-0.023,-0.279,-0.301) 指令位置=(-0.023,-0.279,-0.301) 指令速度=(0.000,0.000,0.000) 指令加速度=(0.000,0.000,0.000) 滚转角=-0.14度 俯仰角=0.48度
09:04:41.617723 [轨迹] 序号=544 单调时间=1912.637179 时间=1912.637 模式=AUTO.LAND 起飞状态=未执行起飞 水平控制=位置保持 类型掩码=3520 实际位置NED=(-0.021,-0.285,-0.301) 实际速度=(0.077,-0.221,0.001) 最终目标=(-0.021,-0.285,-0.301) 指令位置=(-0.021,-0.285,-0.301) 指令速度=(0.000,0.000,0.000) 指令加速度=(0.000,0.000,0.000) 滚转角=-0.14度 俯仰角=0.48度
09:04:41.721447 [轨迹] 序号=545 单调时间=1912.740577 时间=1912.741 模式=AUTO.LAND 起飞状态=未执行起飞 水平控制=位置保持 类型掩码=3520 实际位置NED=(-0.019,-0.290,-0.301) 实际速度=(0.077,-0.221,0.001) 最终目标=(-0.019,-0.290,-0.301) 指令位置=(-0.019,-0.290,-0.301) 指令速度=(0.000,0.000,0.000) 指令加速度=(0.000,0.000,0.000) 滚转角=-0.14度 俯仰角=0.48度
09:04:41.825345 [轨迹] 序号=546 单调时间=1912.844517 时间=1912.845 模式=AUTO.LAND 起飞状态=未执行起飞 水平控制=位置保持 类型掩码=3520 实际位置NED=(-0.017,-0.294,-0.300) 实际速度=(0.077,-0.221,0.001) 最终目标=(-0.017,-0.294,-0.300) 指令位置=(-0.017,-0.294,-0.300) 指令速度=(0.000,0.000,0.000) 指令加速度=(0.000,0.000,0.000) 滚转角=-0.14度 俯仰角=0.47度
09:04:41.929019 [轨迹] 序号=547 单调时间=1912.948346 时间=1912.948 模式=AUTO.LAND 起飞状态=未执行起飞 水平控制=位置保持 类型掩码=3520 实际位置NED=(-0.014,-0.304,-0.300) 实际速度=(0.077,-0.221,0.002) 最终目标=(-0.014,-0.304,-0.300) 指令位置=(-0.014,-0.304,-0.300) 指令速度=(0.000,0.000,0.000) 指令加速度=(0.000,0.000,0.000) 滚转角=-0.14度 俯仰角=0.47度
09:04:42.033777 [轨迹] 序号=548 单调时间=1913.053096 时间=1913.053 模式=AUTO.LAND 起飞状态=未执行起飞 水平控制=位置保持 类型掩码=3520 实际位置NED=(-0.012,-0.308,-0.300) 实际速度=(0.077,-0.221,0.002) 最终目标=(-0.012,-0.308,-0.300) 指令位置=(-0.012,-0.308,-0.300) 指令速度=(0.000,0.000,0.000) 指令加速度=(0.000,0.000,0.000) 滚转角=-0.14度 俯仰角=0.46度
09:04:42.137676 [轨迹] 序号=549 单调时间=1913.156711 时间=1913.157 模式=AUTO.LAND 起飞状态=未执行起飞 水平控制=位置保持 类型掩码=3520 实际位置NED=(-0.012,-0.308,-0.300) 实际速度=(0.077,-0.221,0.002) 最终目标=(-0.012,-0.308,-0.300) 指令位置=(-0.012,-0.308,-0.300) 指令速度=(0.000,0.000,0.000) 指令加速度=(0.000,0.000,0.000) 滚转角=-0.14度 俯仰角=0.46度
09:04:42.240796 [轨迹] 序号=550 单调时间=1913.260172 时间=1913.260 模式=AUTO.LAND 起飞状态=未执行起飞 水平控制=位置保持 类型掩码=3520 实际位置NED=(-0.010,-0.316,-0.299) 实际速度=(0.076,-0.219,0.002) 最终目标=(-0.010,-0.316,-0.299) 指令位置=(-0.010,-0.316,-0.299) 指令速度=(0.000,0.000,0.000) 指令加速度=(0.000,0.000,0.000) 滚转角=-0.14度 俯仰角=0.45度
09:04:42.343419 [轨迹] 序号=551 单调时间=1913.362026 时间=1913.362 模式=AUTO.LAND 起飞状态=未执行起飞 水平控制=位置保持 类型掩码=3520 实际位置NED=(-0.010,-0.316,-0.299) 实际速度=(0.076,-0.219,0.002) 最终目标=(-0.010,-0.316,-0.299) 指令位置=(-0.010,-0.316,-0.299) 指令速度=(0.000,0.000,0.000) 指令加速度=(0.000,0.000,0.000) 滚转角=-0.14度 俯仰角=0.45度
09:04:42.447666 [轨迹] 序号=552 单调时间=1913.466864 时间=1913.467 模式=AUTO.LAND 起飞状态=未执行起飞 水平控制=位置保持 类型掩码=3520 实际位置NED=(-0.008,-0.320,-0.299) 实际速度=(0.076,-0.219,0.002) 最终目标=(-0.008,-0.320,-0.299) 指令位置=(-0.008,-0.320,-0.299) 指令速度=(0.000,0.000,0.000) 指令加速度=(0.000,0.000,0.000) 滚转角=-0.14度 俯仰角=0.45度
09:04:42.550815 [轨迹] 序号=553 单调时间=1913.570039 时间=1913.570 模式=AUTO.LAND 起飞状态=未执行起飞 水平控制=位置保持 类型掩码=3520 实际位置NED=(-0.006,-0.328,-0.298) 实际速度=(0.075,-0.217,0.003) 最终目标=(-0.006,-0.328,-0.298) 指令位置=(-0.006,-0.328,-0.298) 指令速度=(0.000,0.000,0.000) 指令加速度=(0.000,0.000,0.000) 滚转角=-0.13度 俯仰角=0.44度
09:04:42.654115 [轨迹] 序号=554 单调时间=1913.673249 时间=1913.673 模式=AUTO.LAND 起飞状态=未执行起飞 水平控制=位置保持 类型掩码=3520 实际位置NED=(-0.006,-0.328,-0.298) 实际速度=(0.075,-0.217,0.003) 最终目标=(-0.006,-0.328,-0.298) 指令位置=(-0.006,-0.328,-0.298) 指令速度=(0.000,0.000,0.000) 指令加速度=(0.000,0.000,0.000) 滚转角=-0.13度 俯仰角=0.43度
09:04:42.758184 [轨迹] 序号=555 单调时间=1913.777384 时间=1913.777 模式=AUTO.LAND 起飞状态=未执行起飞 水平控制=位置保持 类型掩码=3520 实际位置NED=(-0.005,-0.332,-0.298) 实际速度=(0.074,-0.216,0.003) 最终目标=(-0.005,-0.332,-0.298) 指令位置=(-0.005,-0.332,-0.298) 指令速度=(0.000,0.000,0.000) 指令加速度=(0.000,0.000,0.000) 滚转角=-0.13度 俯仰角=0.43度
09:04:42.861790 [轨迹] 序号=556 单调时间=1913.881090 时间=1913.881 模式=AUTO.LAND 起飞状态=未执行起飞 水平控制=位置保持 类型掩码=3520 实际位置NED=(-0.003,-0.338,-0.298) 实际速度=(0.073,-0.213,0.003) 最终目标=(-0.003,-0.338,-0.298) 指令位置=(-0.003,-0.338,-0.298) 指令速度=(0.000,0.000,0.000) 指令加速度=(0.000,0.000,0.000) 滚转角=-0.13度 俯仰角=0.42度
09:04:42.965325 [轨迹] 序号=557 单调时间=1913.984608 时间=1913.985 模式=AUTO.LAND 起飞状态=未执行起飞 水平控制=位置保持 类型掩码=3520 实际位置NED=(-0.002,-0.341,-0.298) 实际速度=(0.073,-0.212,0.003) 最终目标=(-0.002,-0.341,-0.298) 指令位置=(-0.002,-0.341,-0.298) 指令速度=(0.000,0.000,0.000) 指令加速度=(0.000,0.000,0.000) 滚转角=-0.13度 俯仰角=0.41度
09:04:43.068604 [轨迹] 序号=558 单调时间=1914.087886 时间=1914.088 模式=AUTO.LAND 起飞状态=未执行起飞 水平控制=位置保持 类型掩码=3520 实际位置NED=(-0.002,-0.341,-0.298) 实际速度=(0.073,-0.212,0.003) 最终目标=(-0.002,-0.341,-0.298) 指令位置=(-0.002,-0.341,-0.298) 指令速度=(0.000,0.000,0.000) 指令加速度=(0.000,0.000,0.000) 滚转角=-0.13度 俯仰角=0.41度
09:04:43.171951 [轨迹] 序号=559 单调时间=1914.191215 时间=1914.191 模式=AUTO.LAND 起飞状态=未执行起飞 水平控制=位置保持 类型掩码=3520 实际位置NED=(-0.000,-0.347,-0.297) 实际速度=(0.072,-0.208,0.003) 最终目标=(-0.000,-0.347,-0.297) 指令位置=(-0.000,-0.347,-0.297) 指令速度=(0.000,0.000,0.000) 指令加速度=(0.000,0.000,0.000) 滚转角=-0.13度 俯仰角=0.40度
09:04:43.275177 [轨迹] 序号=560 单调时间=1914.294689 时间=1914.295 模式=AUTO.LAND 起飞状态=未执行起飞 水平控制=位置保持 类型掩码=3520 实际位置NED=(0.001,-0.350,-0.297) 实际速度=(0.071,-0.206,0.003) 最终目标=(0.001,-0.350,-0.297) 指令位置=(0.001,-0.350,-0.297) 指令速度=(0.000,0.000,0.000) 指令加速度=(0.000,0.000,0.000) 滚转角=-0.13度 俯仰角=0.39度
09:04:43.378384 [轨迹] 序号=561 单调时间=1914.397738 时间=1914.398 模式=AUTO.LAND 起飞状态=未执行起飞 水平控制=位置保持 类型掩码=3520 实际位置NED=(0.001,-0.352,-0.297) 实际速度=(0.071,-0.204,0.003) 最终目标=(0.001,-0.352,-0.297) 指令位置=(0.001,-0.352,-0.297) 指令速度=(0.000,0.000,0.000) 指令加速度=(0.000,0.000,0.000) 滚转角=-0.13度 俯仰角=0.39度
09:04:43.481483 [轨迹] 序号=562 单调时间=1914.500745 时间=1914.501 模式=AUTO.LAND 起飞状态=未执行起飞 水平控制=位置保持 类型掩码=3520 实际位置NED=(0.002,-0.354,-0.297) 实际速度=(0.070,-0.202,0.004) 最终目标=(0.002,-0.354,-0.297) 指令位置=(0.002,-0.354,-0.297) 指令速度=(0.000,0.000,0.000) 指令加速度=(0.000,0.000,0.000) 滚转角=-0.13度 俯仰角=0.38度
09:04:43.585632 [轨迹] 序号=563 单调时间=1914.604921 时间=1914.605 模式=AUTO.LAND 起飞状态=未执行起飞 水平控制=位置保持 类型掩码=3520 实际位置NED=(0.003,-0.356,-0.296) 实际速度=(0.070,-0.200,0.004) 最终目标=(0.003,-0.356,-0.296) 指令位置=(0.003,-0.356,-0.296) 指令速度=(0.000,0.000,0.000) 指令加速度=(0.000,0.000,0.000) 滚转角=-0.13度 俯仰角=0.37度
09:04:43.689157 [轨迹] 序号=564 单调时间=1914.708569 时间=1914.709 模式=AUTO.LAND 起飞状态=未执行起飞 水平控制=位置保持 类型掩码=3520 实际位置NED=(0.004,-0.358,-0.296) 实际速度=(0.069,-0.197,0.004) 最终目标=(0.004,-0.358,-0.296) 指令位置=(0.004,-0.358,-0.296) 指令速度=(0.000,0.000,0.000) 指令加速度=(0.000,0.000,0.000) 滚转角=-0.13度 俯仰角=0.36度
09:04:43.792350 [轨迹] 序号=565 单调时间=1914.811596 时间=1914.812 模式=AUTO.LAND 起飞状态=未执行起飞 水平控制=位置保持 类型掩码=3520 实际位置NED=(0.005,-0.360,-0.296) 实际速度=(0.069,-0.195,0.004) 最终目标=(0.005,-0.360,-0.296) 指令位置=(0.005,-0.360,-0.296) 指令速度=(0.000,0.000,0.000) 指令加速度=(0.000,0.000,0.000) 滚转角=-0.13度 俯仰角=0.36度
09:04:43.895540 [轨迹] 序号=566 单调时间=1914.914936 时间=1914.915 模式=AUTO.LAND 起飞状态=未执行起飞 水平控制=位置保持 类型掩码=3520 实际位置NED=(0.006,-0.361,-0.296) 实际速度=(0.069,-0.193,0.004) 最终目标=(0.006,-0.361,-0.296) 指令位置=(0.006,-0.361,-0.296) 指令速度=(0.000,0.000,0.000) 指令加速度=(0.000,0.000,0.000) 滚转角=-0.13度 俯仰角=0.35度
09:04:43.998859 [轨迹] 序号=567 单调时间=1915.018122 时间=1915.018 模式=AUTO.LAND 起飞状态=未执行起飞 水平控制=位置保持 类型掩码=3520 实际位置NED=(0.007,-0.364,-0.296) 实际速度=(0.068,-0.188,0.004) 最终目标=(0.007,-0.364,-0.296) 指令位置=(0.007,-0.364,-0.296) 指令速度=(0.000,0.000,0.000) 指令加速度=(0.000,0.000,0.000) 滚转角=-0.13度 俯仰角=0.34度
09:04:44.101935 [轨迹] 序号=568 单调时间=1915.121174 时间=1915.121 模式=AUTO.LAND 起飞状态=未执行起飞 水平控制=位置保持 类型掩码=3520 实际位置NED=(0.008,-0.364,-0.296) 实际速度=(0.068,-0.185,0.004) 最终目标=(0.008,-0.364,-0.296) 指令位置=(0.008,-0.364,-0.296) 指令速度=(0.000,0.000,0.000) 指令加速度=(0.000,0.000,0.000) 滚转角=-0.13度 俯仰角=0.34度
09:04:44.205536 [轨迹] 序号=569 单调时间=1915.225006 时间=1915.225 模式=AUTO.LAND 起飞状态=未执行起飞 水平控制=位置保持 类型掩码=3520 实际位置NED=(0.009,-0.365,-0.295) 实际速度=(0.068,-0.182,0.004) 最终目标=(0.009,-0.365,-0.295) 指令位置=(0.009,-0.365,-0.295) 指令速度=(0.000,0.000,0.000) 指令加速度=(0.000,0.000,0.000) 滚转角=-0.13度 俯仰角=0.33度
09:04:44.308646 [轨迹] 序号=570 单调时间=1915.327986 时间=1915.328 模式=AUTO.LAND 起飞状态=未执行起飞 水平控制=位置保持 类型掩码=3520 实际位置NED=(0.010,-0.366,-0.295) 实际速度=(0.067,-0.179,0.004) 最终目标=(0.010,-0.366,-0.295) 指令位置=(0.010,-0.366,-0.295) 指令速度=(0.000,0.000,0.000) 指令加速度=(0.000,0.000,0.000) 滚转角=-0.13度 俯仰角=0.32度
09:04:44.411498 [轨迹] 序号=571 单调时间=1915.430847 时间=1915.431 模式=AUTO.LAND 起飞状态=未执行起飞 水平控制=位置保持 类型掩码=3520 实际位置NED=(0.010,-0.366,-0.295) 实际速度=(0.067,-0.176,0.004) 最终目标=(0.010,-0.366,-0.295) 指令位置=(0.010,-0.366,-0.295) 指令速度=(0.000,0.000,0.000) 指令加速度=(0.000,0.000,0.000) 滚转角=-0.13度 俯仰角=0.32度
09:04:44.514805 [轨迹] 序号=572 单调时间=1915.534050 时间=1915.534 模式=AUTO.LAND 起飞状态=未执行起飞 水平控制=位置保持 类型掩码=3520 实际位置NED=(0.011,-0.367,-0.295) 实际速度=(0.066,-0.174,0.004) 最终目标=(0.011,-0.367,-0.295) 指令位置=(0.011,-0.367,-0.295) 指令速度=(0.000,0.000,0.000) 指令加速度=(0.000,0.000,0.000) 滚转角=-0.13度 俯仰角=0.31度
09:04:44.617829 [轨迹] 序号=573 单调时间=1915.637107 时间=1915.637 模式=AUTO.LAND 起飞状态=未执行起飞 水平控制=位置保持 类型掩码=3520 实际位置NED=(0.011,-0.367,-0.295) 实际速度=(0.066,-0.171,0.003) 最终目标=(0.011,-0.367,-0.295) 指令位置=(0.011,-0.367,-0.295) 指令速度=(0.000,0.000,0.000) 指令加速度=(0.000,0.000,0.000) 滚转角=-0.12度 俯仰角=0.29度
09:04:44.720436 [轨迹] 序号=574 单调时间=1915.739643 时间=1915.740 模式=AUTO.LAND 起飞状态=未执行起飞 水平控制=位置保持 类型掩码=3520 实际位置NED=(0.007,-0.356,-0.297) 实际速度=(0.060,-0.155,0.002) 最终目标=(0.007,-0.356,-0.297) 指令位置=(0.007,-0.356,-0.297) 指令速度=(0.000,0.000,0.000) 指令加速度=(0.000,0.000,0.000) 滚转角=-0.12度 俯仰角=0.27度
09:04:44.824004 [轨迹] 序号=575 单调时间=1915.843472 时间=1915.843 模式=AUTO.LAND 起飞状态=未执行起飞 水平控制=位置保持 类型掩码=3520 实际位置NED=(0.002,-0.342,-0.298) 实际速度=(0.053,-0.136,0.001) 最终目标=(0.002,-0.342,-0.298) 指令位置=(0.002,-0.342,-0.298) 指令速度=(0.000,0.000,0.000) 指令加速度=(0.000,0.000,0.000) 滚转角=-0.11度 俯仰角=0.21度
09:04:44.927257 [轨迹] 序号=576 单调时间=1915.946685 时间=1915.947 模式=AUTO.LAND 起飞状态=未执行起飞 水平控制=位置保持 类型掩码=3520 实际位置NED=(-0.003,-0.331,-0.298) 实际速度=(0.047,-0.121,0.000) 最终目标=(-0.003,-0.331,-0.298) 指令位置=(-0.003,-0.331,-0.298) 指令速度=(0.000,0.000,0.000) 指令加速度=(0.000,0.000,0.000) 滚转角=-0.10度 俯仰角=0.18度
09:04:45.030540 [轨迹] 序号=577 单调时间=1916.049908 时间=1916.050 模式=AUTO.LAND 起飞状态=未执行起飞 水平控制=位置保持 类型掩码=3520 实际位置NED=(-0.007,-0.319,-0.299) 实际速度=(0.042,-0.107,-0.000) 最终目标=(-0.007,-0.319,-0.299) 指令位置=(-0.007,-0.319,-0.299) 指令速度=(0.000,0.000,0.000) 指令加速度=(0.000,0.000,0.000) 滚转角=-0.10度 俯仰角=0.15度
09:04:45.131214 [轨迹] 序号=578 单调时间=1916.150633 时间=1916.151 模式=AUTO.LAND 起飞状态=未执行起飞 水平控制=位置保持 类型掩码=3520 实际位置NED=(-0.015,-0.298,-0.299) 实际速度=(0.033,-0.083,-0.001) 最终目标=(-0.015,-0.298,-0.299) 指令位置=(-0.015,-0.298,-0.299) 指令速度=(0.000,0.000,0.000) 指令加速度=(0.000,0.000,0.000) 滚转角=-0.09度 俯仰角=0.11度
09:04:45.234389 [轨迹] 序号=579 单调时间=1916.253742 时间=1916.254 模式=AUTO.LAND 起飞状态=未执行起飞 水平控制=位置保持 类型掩码=3520 实际位置NED=(-0.019,-0.288,-0.299) 实际速度=(0.029,-0.072,-0.001) 最终目标=(-0.019,-0.288,-0.299) 指令位置=(-0.019,-0.288,-0.299) 指令速度=(0.000,0.000,0.000) 指令加速度=(0.000,0.000,0.000) 滚转角=-0.08度 俯仰角=0.08度
09:04:45.337752 [轨迹] 序号=580 单调时间=1916.357208 时间=1916.357 模式=AUTO.LAND 起飞状态=未执行起飞 水平控制=位置保持 类型掩码=3520 实际位置NED=(-0.023,-0.277,-0.300) 实际速度=(0.024,-0.059,-0.001) 最终目标=(-0.023,-0.277,-0.300) 指令位置=(-0.023,-0.277,-0.300) 指令速度=(0.000,0.000,0.000) 指令加速度=(0.000,0.000,0.000) 滚转角=-0.08度 俯仰角=0.06度
09:04:45.440634 [轨迹] 序号=581 单调时间=1916.459963 时间=1916.460 模式=AUTO.LAND 起飞状态=未执行起飞 水平控制=位置保持 类型掩码=3520 实际位置NED=(-0.027,-0.268,-0.300) 实际速度=(0.021,-0.050,-0.001) 最终目标=(-0.027,-0.268,-0.300) 指令位置=(-0.027,-0.268,-0.300) 指令速度=(0.000,0.000,0.000) 指令加速度=(0.000,0.000,0.000) 滚转角=-0.07度 俯仰角=0.03度
09:04:45.544216 [轨迹] 序号=582 单调时间=1916.563568 时间=1916.564 模式=AUTO.LAND 起飞状态=未执行起飞 水平控制=位置保持 类型掩码=3520 实际位置NED=(-0.030,-0.259,-0.300) 实际速度=(0.018,-0.042,-0.001) 最终目标=(-0.030,-0.259,-0.300) 指令位置=(-0.030,-0.259,-0.300) 指令速度=(0.000,0.000,0.000) 指令加速度=(0.000,0.000,0.000) 滚转角=-0.07度 俯仰角=0.01度
09:04:45.648019 [轨迹] 序号=583 单调时间=1916.667078 时间=1916.667 模式=AUTO.LAND 起飞状态=未执行起飞 水平控制=位置保持 类型掩码=3520 实际位置NED=(-0.033,-0.251,-0.300) 实际速度=(0.015,-0.035,-0.001) 最终目标=(-0.033,-0.251,-0.300) 指令位置=(-0.033,-0.251,-0.300) 指令速度=(0.000,0.000,0.000) 指令加速度=(0.000,0.000,0.000) 滚转角=-0.06度 俯仰角=0.00度
09:04:45.751662 [轨迹] 序号=584 单调时间=1916.770997 时间=1916.771 模式=AUTO.LAND 起飞状态=未执行起飞 水平控制=位置保持 类型掩码=3520 实际位置NED=(-0.036,-0.244,-0.300) 实际速度=(0.012,-0.028,-0.001) 最终目标=(-0.036,-0.244,-0.300) 指令位置=(-0.036,-0.244,-0.300) 指令速度=(0.000,0.000,0.000) 指令加速度=(0.000,0.000,0.000) 滚转角=-0.06度 俯仰角=-0.01度
09:04:45.854780 [轨迹] 序号=585 单调时间=1916.874218 时间=1916.874 模式=AUTO.LAND 起飞状态=未执行起飞 水平控制=位置保持 类型掩码=3520 实际位置NED=(-0.039,-0.237,-0.300) 实际速度=(0.010,-0.022,-0.001) 最终目标=(-0.039,-0.237,-0.300) 指令位置=(-0.039,-0.237,-0.300) 指令速度=(0.000,0.000,0.000) 指令加速度=(0.000,0.000,0.000) 滚转角=-0.06度 俯仰角=-0.02度
09:04:45.958135 [轨迹] 序号=586 单调时间=1916.977457 时间=1916.977 模式=AUTO.LAND 起飞状态=未执行起飞 水平控制=位置保持 类型掩码=3520 实际位置NED=(-0.045,-0.222,-0.300) 实际速度=(0.006,-0.011,-0.000) 最终目标=(-0.045,-0.222,-0.300) 指令位置=(-0.045,-0.222,-0.300) 指令速度=(0.000,0.000,0.000) 指令加速度=(0.000,0.000,0.000) 滚转角=-0.06度 俯仰角=-0.02度
09:04:46.062055 [轨迹] 序号=587 单调时间=1917.081198 时间=1917.081 模式=AUTO.LAND 起飞状态=未执行起飞 水平控制=位置保持 类型掩码=3520 实际位置NED=(-0.047,-0.217,-0.300) 实际速度=(0.004,-0.006,-0.000) 最终目标=(-0.047,-0.217,-0.300) 指令位置=(-0.047,-0.217,-0.300) 指令速度=(0.000,0.000,0.000) 指令加速度=(0.000,0.000,0.000) 滚转角=-0.06度 俯仰角=-0.02度
09:04:46.166220 [轨迹] 序号=588 单调时间=1917.185544 时间=1917.186 模式=AUTO.LAND 起飞状态=未执行起飞 水平控制=位置保持 类型掩码=3520 实际位置NED=(-0.050,-0.210,-0.300) 实际速度=(0.002,-0.001,-0.000) 最终目标=(-0.050,-0.210,-0.300) 指令位置=(-0.050,-0.210,-0.300) 指令速度=(0.000,0.000,0.000) 指令加速度=(0.000,0.000,0.000) 滚转角=-0.06度 俯仰角=-0.02度
09:04:46.269413 [轨迹] 序号=589 单调时间=1917.288685 时间=1917.289 模式=AUTO.LAND 起飞状态=未执行起飞 水平控制=位置保持 类型掩码=3520 实际位置NED=(-0.052,-0.205,-0.300) 实际速度=(0.001,0.002,-0.000) 最终目标=(-0.052,-0.205,-0.300) 指令位置=(-0.052,-0.205,-0.300) 指令速度=(0.000,0.000,0.000) 指令加速度=(0.000,0.000,0.000) 滚转角=-0.06度 俯仰角=-0.02度
09:04:46.372865 [轨迹] 序号=590 单调时间=1917.392090 时间=1917.392 模式=AUTO.LAND 起飞状态=未执行起飞 水平控制=位置保持 类型掩码=3520 实际位置NED=(-0.054,-0.200,-0.300) 实际速度=(-0.000,0.005,-0.000) 最终目标=(-0.054,-0.200,-0.300) 指令位置=(-0.054,-0.200,-0.300) 指令速度=(0.000,0.000,0.000) 指令加速度=(0.000,0.000,0.000) 滚转角=-0.06度 俯仰角=-0.02度
09:04:46.473463 [轨迹] 序号=591 单调时间=1917.492637 时间=1917.493 模式=AUTO.LAND 起飞状态=未执行起飞 水平控制=位置保持 类型掩码=3520 实际位置NED=(-0.055,-0.196,-0.300) 实际速度=(-0.001,0.007,-0.000) 最终目标=(-0.055,-0.196,-0.300) 指令位置=(-0.055,-0.196,-0.300) 指令速度=(0.000,0.000,0.000) 指令加速度=(0.000,0.000,0.000) 滚转角=-0.06度 俯仰角=-0.02度
09:04:46.576909 [轨迹] 序号=592 单调时间=1917.596168 时间=1917.596 模式=AUTO.LAND 起飞状态=未执行起飞 水平控制=位置保持 类型掩码=3520 实际位置NED=(-0.057,-0.192,-0.299) 实际速度=(-0.002,0.009,-0.000) 最终目标=(-0.057,-0.192,-0.299) 指令位置=(-0.057,-0.192,-0.299) 指令速度=(0.000,0.000,0.000) 指令加速度=(0.000,0.000,0.000) 滚转角=-0.06度 俯仰角=-0.01度
09:04:46.680045 [轨迹] 序号=593 单调时间=1917.699407 时间=1917.699 模式=AUTO.LAND 起飞状态=未执行起飞 水平控制=位置保持 类型掩码=3520 实际位置NED=(-0.059,-0.188,-0.299) 实际速度=(-0.003,0.012,0.000) 最终目标=(-0.059,-0.188,-0.299) 指令位置=(-0.059,-0.188,-0.299) 指令速度=(0.000,0.000,0.000) 指令加速度=(0.000,0.000,0.000) 滚转角=-0.06度 俯仰角=-0.01度
09:04:46.783182 [轨迹] 序号=594 单调时间=1917.802514 时间=1917.803 模式=AUTO.LAND 起飞状态=未执行起飞 水平控制=位置保持 类型掩码=3520 实际位置NED=(-0.062,-0.179,-0.299) 实际速度=(-0.004,0.015,0.000) 最终目标=(-0.062,-0.179,-0.299) 指令位置=(-0.062,-0.179,-0.299) 指令速度=(0.000,0.000,0.000) 指令加速度=(0.000,0.000,0.000) 滚转角=-0.06度 俯仰角=-0.01度
09:04:46.886646 [轨迹] 序号=595 单调时间=1917.905962 时间=1917.906 模式=AUTO.LAND 起飞状态=未执行起飞 水平控制=位置保持 类型掩码=3520 实际位置NED=(-0.064,-0.177,-0.299) 实际速度=(-0.005,0.016,0.000) 最终目标=(-0.064,-0.177,-0.299) 指令位置=(-0.064,-0.177,-0.299) 指令速度=(0.000,0.000,0.000) 指令加速度=(0.000,0.000,0.000) 滚转角=-0.06度 俯仰角=-0.00度
09:04:46.987329 [轨迹] 序号=596 单调时间=1918.006709 时间=1918.007 模式=AUTO.LAND 起飞状态=未执行起飞 水平控制=位置保持 类型掩码=3520 实际位置NED=(-0.064,-0.177,-0.299) 实际速度=(-0.005,0.016,0.000) 最终目标=(-0.064,-0.177,-0.299) 指令位置=(-0.064,-0.177,-0.299) 指令速度=(0.000,0.000,0.000) 指令加速度=(0.000,0.000,0.000) 滚转角=-0.06度 俯仰角=-0.00度
09:04:47.090076 [轨迹] 序号=597 单调时间=1918.109404 时间=1918.109 模式=AUTO.LAND 起飞状态=未执行起飞 水平控制=位置保持 类型掩码=3520 实际位置NED=(-0.066,-0.172,-0.299) 实际速度=(-0.005,0.018,0.001) 最终目标=(-0.066,-0.172,-0.299) 指令位置=(-0.066,-0.172,-0.299) 指令速度=(0.000,0.000,0.000) 指令加速度=(0.000,0.000,0.000) 滚转角=-0.06度 俯仰角=0.00度
09:04:47.193013 [轨迹] 序号=598 单调时间=1918.212317 时间=1918.212 模式=AUTO.LAND 起飞状态=未执行起飞 水平控制=位置保持 类型掩码=3520 实际位置NED=(-0.067,-0.170,-0.299) 实际速度=(-0.006,0.019,0.001) 最终目标=(-0.067,-0.170,-0.299) 指令位置=(-0.067,-0.170,-0.299) 指令速度=(0.000,0.000,0.000) 指令加速度=(0.000,0.000,0.000) 滚转角=-0.06度 俯仰角=0.00度
09:04:47.296351 [轨迹] 序号=599 单调时间=1918.315452 时间=1918.315 模式=AUTO.LAND 起飞状态=未执行起飞 水平控制=位置保持 类型掩码=3520 实际位置NED=(-0.068,-0.167,-0.298) 实际速度=(-0.006,0.019,0.001) 最终目标=(-0.068,-0.167,-0.298) 指令位置=(-0.068,-0.167,-0.298) 指令速度=(0.000,0.000,0.000) 指令加速度=(0.000,0.000,0.000) 滚转角=-0.06度 俯仰角=0.01度
09:04:47.399666 [轨迹] 序号=600 单调时间=1918.419010 时间=1918.419 模式=AUTO.LAND 起飞状态=未执行起飞 水平控制=位置保持 类型掩码=3520 实际位置NED=(-0.069,-0.166,-0.298) 实际速度=(-0.006,0.020,0.001) 最终目标=(-0.069,-0.166,-0.298) 指令位置=(-0.069,-0.166,-0.298) 指令速度=(0.000,0.000,0.000) 指令加速度=(0.000,0.000,0.000) 滚转角=-0.06度 俯仰角=0.01度
09:04:47.504109 [轨迹] 序号=601 单调时间=1918.523187 时间=1918.523 模式=AUTO.LAND 起飞状态=未执行起飞 水平控制=位置保持 类型掩码=3520 实际位置NED=(-0.069,-0.164,-0.298) 实际速度=(-0.006,0.020,0.001) 最终目标=(-0.069,-0.164,-0.298) 指令位置=(-0.069,-0.164,-0.298) 指令速度=(0.000,0.000,0.000) 指令加速度=(0.000,0.000,0.000) 滚转角=-0.06度 俯仰角=0.01度
09:04:47.607632 [轨迹] 序号=602 单调时间=1918.626764 时间=1918.627 模式=AUTO.LAND 起飞状态=未执行起飞 水平控制=位置保持 类型掩码=3520 实际位置NED=(-0.070,-0.163,-0.298) 实际速度=(-0.006,0.020,0.001) 最终目标=(-0.070,-0.163,-0.298) 指令位置=(-0.070,-0.163,-0.298) 指令速度=(0.000,0.000,0.000) 指令加速度=(0.000,0.000,0.000) 滚转角=-0.06度 俯仰角=0.01度
09:04:47.710622 [轨迹] 序号=603 单调时间=1918.729913 时间=1918.730 模式=AUTO.LAND 起飞状态=未执行起飞 水平控制=位置保持 类型掩码=3520 实际位置NED=(-0.071,-0.162,-0.298) 实际速度=(-0.006,0.020,0.001) 最终目标=(-0.071,-0.162,-0.298) 指令位置=(-0.071,-0.162,-0.298) 指令速度=(0.000,0.000,0.000) 指令加速度=(0.000,0.000,0.000) 滚转角=-0.06度 俯仰角=0.01度
09:04:47.813826 [轨迹] 序号=604 单调时间=1918.833060 时间=1918.833 模式=AUTO.LAND 起飞状态=未执行起飞 水平控制=位置保持 类型掩码=3520 实际位置NED=(-0.071,-0.161,-0.298) 实际速度=(-0.006,0.020,0.001) 最终目标=(-0.071,-0.161,-0.298) 指令位置=(-0.071,-0.161,-0.298) 指令速度=(0.000,0.000,0.000) 指令加速度=(0.000,0.000,0.000) 滚转角=-0.06度 俯仰角=0.02度
09:04:47.917658 [轨迹] 序号=605 单调时间=1918.936869 时间=1918.937 模式=AUTO.LAND 起飞状态=未执行起飞 水平控制=位置保持 类型掩码=3520 实际位置NED=(-0.073,-0.158,-0.298) 实际速度=(-0.006,0.020,0.001) 最终目标=(-0.073,-0.158,-0.298) 指令位置=(-0.073,-0.158,-0.298) 指令速度=(0.000,0.000,0.000) 指令加速度=(0.000,0.000,0.000) 滚转角=-0.06度 俯仰角=0.02度
09:04:48.020839 [轨迹] 序号=606 单调时间=1919.040114 时间=1919.040 模式=AUTO.LAND 起飞状态=未执行起飞 水平控制=位置保持 类型掩码=3520 实际位置NED=(-0.073,-0.158,-0.298) 实际速度=(-0.006,0.020,0.001) 最终目标=(-0.073,-0.158,-0.298) 指令位置=(-0.073,-0.158,-0.298) 指令速度=(0.000,0.000,0.000) 指令加速度=(0.000,0.000,0.000) 滚转角=-0.06度 俯仰角=0.02度
09:04:48.124488 [轨迹] 序号=607 单调时间=1919.143661 时间=1919.144 模式=AUTO.LAND 起飞状态=未执行起飞 水平控制=位置保持 类型掩码=3520 实际位置NED=(-0.073,-0.158,-0.298) 实际速度=(-0.006,0.020,0.001) 最终目标=(-0.073,-0.158,-0.298) 指令位置=(-0.073,-0.158,-0.298) 指令速度=(0.000,0.000,0.000) 指令加速度=(0.000,0.000,0.000) 滚转角=-0.06度 俯仰角=0.02度
09:04:48.227832 [轨迹] 序号=608 单调时间=1919.247208 时间=1919.247 模式=AUTO.LAND 起飞状态=未执行起飞 水平控制=位置保持 类型掩码=3520 实际位置NED=(-0.074,-0.156,-0.298) 实际速度=(-0.006,0.019,0.001) 最终目标=(-0.074,-0.156,-0.298) 指令位置=(-0.074,-0.156,-0.298) 指令速度=(0.000,0.000,0.000) 指令加速度=(0.000,0.000,0.000) 滚转角=-0.06度 俯仰角=0.02度
09:04:48.332822 [轨迹] 序号=609 单调时间=1919.352191 时间=1919.352 模式=AUTO.LAND 起飞状态=未执行起飞 水平控制=位置保持 类型掩码=3520 实际位置NED=(-0.074,-0.156,-0.298) 实际速度=(-0.006,0.019,0.001) 最终目标=(-0.074,-0.156,-0.298) 指令位置=(-0.074,-0.156,-0.298) 指令速度=(0.000,0.000,0.000) 指令加速度=(0.000,0.000,0.000) 滚转角=-0.06度 俯仰角=0.02度
09:04:48.437036 [轨迹] 序号=610 单调时间=1919.456373 时间=1919.456 模式=AUTO.LAND 起飞状态=未执行起飞 水平控制=位置保持 类型掩码=3520 实际位置NED=(-0.075,-0.155,-0.298) 实际速度=(-0.006,0.019,0.001) 最终目标=(-0.075,-0.155,-0.298) 指令位置=(-0.075,-0.155,-0.298) 指令速度=(0.000,0.000,0.000) 指令加速度=(0.000,0.000,0.000) 滚转角=-0.06度 俯仰角=0.02度
09:04:48.540324 [轨迹] 序号=611 单调时间=1919.559639 时间=1919.560 模式=AUTO.LAND 起飞状态=未执行起飞 水平控制=位置保持 类型掩码=3520 实际位置NED=(-0.075,-0.155,-0.297) 实际速度=(-0.006,0.019,0.001) 最终目标=(-0.075,-0.155,-0.297) 指令位置=(-0.075,-0.155,-0.297) 指令速度=(0.000,0.000,0.000) 指令加速度=(0.000,0.000,0.000) 滚转角=-0.06度 俯仰角=0.02度
09:04:48.643822 [轨迹] 序号=612 单调时间=1919.663081 时间=1919.663 模式=AUTO.LAND 起飞状态=未执行起飞 水平控制=位置保持 类型掩码=3520 实际位置NED=(-0.076,-0.154,-0.297) 实际速度=(-0.006,0.018,0.001) 最终目标=(-0.076,-0.154,-0.297) 指令位置=(-0.076,-0.154,-0.297) 指令速度=(0.000,0.000,0.000) 指令加速度=(0.000,0.000,0.000) 滚转角=-0.06度 俯仰角=0.03度
09:04:48.747782 [轨迹] 序号=613 单调时间=1919.766267 时间=1919.766 模式=OFFBOARD 起飞状态=未执行起飞 水平控制=位置保持 类型掩码=3520 实际位置NED=(-0.076,-0.154,-0.297) 实际速度=(-0.006,0.018,0.001) 最终目标=(-0.076,-0.154,-0.297) 指令位置=(-0.076,-0.154,-0.297) 指令速度=(0.000,0.000,0.000) 指令加速度=(0.000,0.000,0.000) 滚转角=-0.06度 俯仰角=0.03度
09:04:48.851533 [轨迹] 序号=614 单调时间=1919.870938 时间=1919.871 模式=OFFBOARD 起飞状态=未执行起飞 水平控制=位置保持 类型掩码=3520 实际位置NED=(-0.076,-0.153,-0.297) 实际速度=(-0.006,0.018,0.001) 最终目标=(-0.076,-0.154,-0.297) 指令位置=(-0.076,-0.154,-0.297) 指令速度=(0.000,0.000,0.000) 指令加速度=(0.000,0.000,0.000) 滚转角=-0.06度 俯仰角=0.03度
09:04:48 [模式] 已进入OFFBOARD；最终目标和当前指令已锁定到飞机当前位置
09:04:48.954591 [轨迹] 序号=615 单调时间=1919.973907 时间=1919.974 模式=OFFBOARD 起飞状态=未执行起飞 水平控制=位置保持 类型掩码=3520 实际位置NED=(-0.076,-0.153,-0.297) 实际速度=(-0.006,0.018,0.001) 最终目标=(-0.076,-0.153,-0.297) 指令位置=(-0.076,-0.153,-0.297) 指令速度=(0.000,0.000,0.000) 指令加速度=(0.000,0.000,0.000) 滚转角=-0.06度 俯仰角=0.03度
09:04:49.057756 [轨迹] 序号=616 单调时间=1920.077005 时间=1920.077 模式=OFFBOARD 起飞状态=未执行起飞 水平控制=位置保持 类型掩码=3520 实际位置NED=(-0.077,-0.153,-0.297) 实际速度=(-0.006,0.017,0.001) 最终目标=(-0.076,-0.153,-0.297) 指令位置=(-0.076,-0.153,-0.297) 指令速度=(0.000,0.000,0.000) 指令加速度=(0.000,0.000,0.000) 滚转角=-0.07度 俯仰角=0.03度
09:04:49.161145 [轨迹] 序号=617 单调时间=1920.180530 时间=1920.181 模式=OFFBOARD 起飞状态=未执行起飞 水平控制=位置保持 类型掩码=3520 实际位置NED=(-0.077,-0.153,-0.297) 实际速度=(-0.006,0.017,0.001) 最终目标=(-0.076,-0.153,-0.297) 指令位置=(-0.076,-0.153,-0.297) 指令速度=(0.000,0.000,0.000) 指令加速度=(0.000,0.000,0.000) 滚转角=-0.07度 俯仰角=0.03度
09:04:49 [输入] 已按下一次起飞按钮
09:04:49 [目标] 修改前：北=-0.076 东=-0.153 下=-0.297
09:04:49 [目标] 修改后：北=-0.077 东=-0.153 下=-1.297
09:04:49 [起飞] 起始下轴位置=-0.297 离地阶段下轴目标=-0.647 最终下轴目标=-1.297；水平位置已锁定到当前位置
09:04:49.264548 [轨迹] 序号=618 单调时间=1920.283672 时间=1920.284 模式=OFFBOARD 起飞状态=离地阶段 水平控制=位置保持 类型掩码=2496 实际位置NED=(-0.077,-0.153,-0.297) 实际速度=(-0.006,0.017,0.001) 最终目标=(-0.077,-0.153,-1.297) 指令位置=(-0.077,-0.153,-0.305) 指令速度=(0.000,0.000,-0.075) 指令加速度=(0.000,0.000,-0.750) 滚转角=-0.07度 俯仰角=0.03度
09:04:49.368851 [轨迹] 序号=619 单调时间=1920.388100 时间=1920.388 模式=OFFBOARD 起飞状态=离地阶段 水平控制=位置保持 类型掩码=2496 实际位置NED=(-0.078,-0.152,-0.297) 实际速度=(-0.006,0.016,0.001) 最终目标=(-0.077,-0.153,-1.297) 指令位置=(-0.077,-0.153,-0.321) 指令速度=(0.000,0.000,-0.153) 指令加速度=(0.000,0.000,-0.750) 滚转角=-0.07度 俯仰角=0.04度
09:04:49.472021 [轨迹] 序号=620 单调时间=1920.491387 时间=1920.491 模式=OFFBOARD 起飞状态=离地阶段 水平控制=位置保持 类型掩码=2496 实际位置NED=(-0.078,-0.152,-0.297) 实际速度=(-0.006,0.016,0.001) 最终目标=(-0.077,-0.153,-1.297) 指令位置=(-0.077,-0.153,-0.345) 指令速度=(0.000,0.000,-0.231) 指令加速度=(0.000,0.000,-0.750) 滚转角=-0.07度 俯仰角=0.04度
09:04:49.575373 [轨迹] 序号=621 单调时间=1920.594867 时间=1920.595 模式=OFFBOARD 起飞状态=离地阶段 水平控制=位置保持 类型掩码=2496 实际位置NED=(-0.078,-0.152,-0.297) 实际速度=(-0.006,0.016,0.001) 最终目标=(-0.077,-0.153,-1.297) 指令位置=(-0.077,-0.153,-0.376) 指令速度=(0.000,0.000,-0.308) 指令加速度=(0.000,0.000,-0.750) 滚转角=-0.07度 俯仰角=0.04度
09:04:49.678341 [轨迹] 序号=622 单调时间=1920.697800 时间=1920.698 模式=OFFBOARD 起飞状态=离地阶段 水平控制=位置保持 类型掩码=2496 实际位置NED=(-0.078,-0.152,-0.297) 实际速度=(-0.006,0.015,0.001) 最终目标=(-0.077,-0.153,-1.297) 指令位置=(-0.077,-0.153,-0.416) 指令速度=(0.000,0.000,-0.386) 指令加速度=(0.000,0.000,-0.750) 滚转角=-0.07度 俯仰角=0.04度
09:04:49.782229 [轨迹] 序号=623 单调时间=1920.801569 时间=1920.802 模式=OFFBOARD 起飞状态=离地阶段 水平控制=位置保持 类型掩码=2496 实际位置NED=(-0.078,-0.152,-0.297) 实际速度=(-0.006,0.015,0.001) 最终目标=(-0.077,-0.153,-1.297) 指令位置=(-0.077,-0.153,-0.464) 指令速度=(0.000,0.000,-0.463) 指令加速度=(0.000,0.000,-0.750) 滚转角=-0.07度 俯仰角=0.04度
09:04:49.885873 [轨迹] 序号=624 单调时间=1920.905251 时间=1920.905 模式=OFFBOARD 起飞状态=离地阶段 水平控制=位置保持 类型掩码=2496 实际位置NED=(-0.079,-0.152,-0.297) 实际速度=(-0.005,0.015,0.001) 最终目标=(-0.077,-0.153,-1.297) 指令位置=(-0.077,-0.153,-0.516) 指令速度=(0.000,0.000,-0.500) 指令加速度=(0.000,0.000,-0.353) 滚转角=-0.07度 俯仰角=0.04度
09:04:49.988924 [轨迹] 序号=625 单调时间=1921.008340 时间=1921.008 模式=OFFBOARD 起飞状态=离地阶段 水平控制=位置保持 类型掩码=2496 实际位置NED=(-0.079,-0.151,-0.298) 实际速度=(-0.005,0.015,-0.000) 最终目标=(-0.077,-0.153,-1.297) 指令位置=(-0.077,-0.153,-0.568) 指令速度=(0.000,0.000,-0.500) 指令加速度=(0.000,0.000,0.000) 滚转角=-0.07度 俯仰角=0.04度
09:04:50.092593 [轨迹] 序号=626 单调时间=1921.111818 时间=1921.112 模式=OFFBOARD 起飞状态=离地阶段 水平控制=位置保持 类型掩码=2496 实际位置NED=(-0.079,-0.151,-0.302) 实际速度=(-0.005,0.015,-0.003) 最终目标=(-0.077,-0.153,-1.297) 指令位置=(-0.077,-0.153,-0.619) 指令速度=(0.000,0.000,-0.500) 指令加速度=(0.000,0.000,0.000) 滚转角=-0.07度 俯仰角=0.04度
09:04:50.195811 [轨迹] 序号=627 单调时间=1921.215104 时间=1921.215 模式=OFFBOARD 起飞状态=离地阶段 水平控制=位置保持 类型掩码=2496 实际位置NED=(-0.079,-0.151,-0.306) 实际速度=(-0.005,0.015,-0.006) 最终目标=(-0.077,-0.153,-1.297) 指令位置=(-0.077,-0.153,-0.671) 指令速度=(0.000,0.000,-0.500) 指令加速度=(0.000,0.000,0.000) 滚转角=-0.07度 俯仰角=0.04度
09:04:50.299077 [轨迹] 序号=628 单调时间=1921.318372 时间=1921.318 模式=OFFBOARD 起飞状态=爬升阶段 水平控制=位置保持 类型掩码=2496 实际位置NED=(-0.079,-0.151,-0.310) 实际速度=(-0.005,0.015,-0.010) 最终目标=(-0.077,-0.153,-1.297) 指令位置=(-0.077,-0.153,-0.719) 指令速度=(0.000,0.000,-0.469) 指令加速度=(0.000,0.000,0.300) 滚转角=-0.07度 俯仰角=0.04度
09:04:50.403890 [轨迹] 序号=629 单调时间=1921.423235 时间=1921.423 模式=OFFBOARD 起飞状态=爬升阶段 水平控制=位置保持 类型掩码=2496 实际位置NED=(-0.079,-0.151,-0.310) 实际速度=(-0.005,0.015,-0.010) 最终目标=(-0.077,-0.153,-1.297) 指令位置=(-0.077,-0.153,-0.765) 指令速度=(0.000,0.000,-0.438) 指令加速度=(0.000,0.000,0.300) 滚转角=-0.07度 俯仰角=0.04度
09:04:50.506816 [轨迹] 序号=630 单调时间=1921.526201 时间=1921.526 模式=OFFBOARD 起飞状态=爬升阶段 水平控制=位置保持 类型掩码=2496 实际位置NED=(-0.080,-0.151,-0.322) 实际速度=(-0.005,0.014,-0.019) 最终目标=(-0.077,-0.153,-1.297) 指令位置=(-0.077,-0.153,-0.807) 指令速度=(0.000,0.000,-0.407) 指令加速度=(0.000,0.000,0.300) 滚转角=-0.07度 俯仰角=0.04度
09:04:50.611768 [轨迹] 序号=631 单调时间=1921.630974 时间=1921.631 模式=OFFBOARD 起飞状态=爬升阶段 水平控制=位置保持 类型掩码=2496 实际位置NED=(-0.080,-0.150,-0.328) 实际速度=(-0.005,0.014,-0.024) 最终目标=(-0.077,-0.153,-1.297) 指令位置=(-0.077,-0.153,-0.847) 指令速度=(0.000,0.000,-0.375) 指令加速度=(0.000,0.000,0.300) 滚转角=-0.07度 俯仰角=0.04度
09:04:50.714863 [轨迹] 序号=632 单调时间=1921.734091 时间=1921.734 模式=OFFBOARD 起飞状态=爬升阶段 水平控制=位置保持 类型掩码=2496 实际位置NED=(-0.080,-0.150,-0.328) 实际速度=(-0.005,0.014,-0.024) 最终目标=(-0.077,-0.153,-1.297) 指令位置=(-0.077,-0.153,-0.882) 指令速度=(0.000,0.000,-0.344) 指令加速度=(0.000,0.000,0.300) 滚转角=-0.07度 俯仰角=0.04度
09:04:50.818662 [轨迹] 序号=633 单调时间=1921.837808 时间=1921.838 模式=OFFBOARD 起飞状态=爬升阶段 水平控制=位置保持 类型掩码=2496 实际位置NED=(-0.080,-0.150,-0.344) 实际速度=(-0.005,0.014,-0.035) 最终目标=(-0.077,-0.153,-1.297) 指令位置=(-0.077,-0.153,-0.915) 指令速度=(0.000,0.000,-0.313) 指令加速度=(0.000,0.000,0.300) 滚转角=-0.07度 俯仰角=0.04度
09:04:50.922488 [轨迹] 序号=634 单调时间=1921.941831 时间=1921.942 模式=OFFBOARD 起飞状态=爬升阶段 水平控制=位置保持 类型掩码=2496 实际位置NED=(-0.081,-0.150,-0.352) 实际速度=(-0.005,0.015,-0.040) 最终目标=(-0.077,-0.153,-1.297) 指令位置=(-0.077,-0.153,-0.946) 指令速度=(0.000,0.000,-0.300) 指令加速度=(0.000,0.000,0.127) 滚转角=-0.07度 俯仰角=0.04度
09:04:51.026006 [轨迹] 序号=635 单调时间=1922.045516 时间=1922.046 模式=OFFBOARD 起飞状态=爬升阶段 水平控制=位置保持 类型掩码=2496 实际位置NED=(-0.081,-0.149,-0.360) 实际速度=(-0.005,0.014,-0.044) 最终目标=(-0.077,-0.153,-1.297) 指令位置=(-0.077,-0.153,-0.977) 指令速度=(0.000,0.000,-0.300) 指令加速度=(0.000,0.000,0.000) 滚转角=-0.07度 俯仰角=0.04度
09:04:51.129132 [轨迹] 序号=636 单调时间=1922.148638 时间=1922.149 模式=OFFBOARD 起飞状态=爬升阶段 水平控制=位置保持 类型掩码=2496 实际位置NED=(-0.081,-0.149,-0.367) 实际速度=(-0.005,0.015,-0.049) 最终目标=(-0.077,-0.153,-1.297) 指令位置=(-0.077,-0.153,-1.008) 指令速度=(0.000,0.000,-0.300) 指令加速度=(0.000,0.000,0.000) 滚转角=-0.07度 俯仰角=0.04度
09:04:51.232632 [轨迹] 序号=637 单调时间=1922.251931 时间=1922.252 模式=OFFBOARD 起飞状态=爬升阶段 水平控制=位置保持 类型掩码=2496 实际位置NED=(-0.081,-0.149,-0.375) 实际速度=(-0.005,0.015,-0.054) 最终目标=(-0.077,-0.153,-1.297) 指令位置=(-0.077,-0.153,-1.039) 指令速度=(0.000,0.000,-0.300) 指令加速度=(0.000,0.000,0.000) 滚转角=-0.07度 俯仰角=0.04度
09:04:51.336717 [轨迹] 序号=638 单调时间=1922.355622 时间=1922.356 模式=OFFBOARD 起飞状态=爬升阶段 水平控制=位置保持 类型掩码=2496 实际位置NED=(-0.082,-0.148,-0.392) 实际速度=(-0.005,0.015,-0.063) 最终目标=(-0.077,-0.153,-1.297) 指令位置=(-0.077,-0.153,-1.070) 指令速度=(0.000,0.000,-0.300) 指令加速度=(0.000,0.000,0.000) 滚转角=-0.07度 俯仰角=0.04度
09:04:51.440946 [轨迹] 序号=639 单调时间=1922.460182 时间=1922.460 模式=OFFBOARD 起飞状态=爬升阶段 水平控制=位置保持 类型掩码=2496 实际位置NED=(-0.082,-0.148,-0.400) 实际速度=(-0.006,0.015,-0.067) 最终目标=(-0.077,-0.153,-1.297) 指令位置=(-0.077,-0.153,-1.101) 指令速度=(0.000,0.000,-0.300) 指令加速度=(0.000,0.000,0.000) 滚转角=-0.07度 俯仰角=0.04度
09:04:51.543991 [轨迹] 序号=640 单调时间=1922.563256 时间=1922.563 模式=OFFBOARD 起飞状态=爬升阶段 水平控制=位置保持 类型掩码=2496 实际位置NED=(-0.082,-0.148,-0.400) 实际速度=(-0.006,0.015,-0.067) 最终目标=(-0.077,-0.153,-1.297) 指令位置=(-0.077,-0.153,-1.130) 指令速度=(0.000,0.000,-0.281) 指令加速度=(0.000,0.000,0.184) 滚转角=-0.07度 俯仰角=0.04度
09:04:51.648310 [轨迹] 序号=641 单调时间=1922.667501 时间=1922.668 模式=OFFBOARD 起飞状态=爬升阶段 水平控制=位置保持 类型掩码=2496 实际位置NED=(-0.082,-0.147,-0.414) 实际速度=(-0.006,0.015,-0.074) 最终目标=(-0.077,-0.153,-1.297) 指令位置=(-0.077,-0.153,-1.157) 指令速度=(0.000,0.000,-0.254) 指令加速度=(0.000,0.000,0.260) 滚转角=-0.07度 俯仰角=0.04度
09:04:51.751989 [轨迹] 序号=642 单调时间=1922.771264 时间=1922.771 模式=OFFBOARD 起飞状态=减速阶段 水平控制=位置保持 类型掩码=2496 实际位置NED=(-0.083,-0.147,-0.421) 实际速度=(-0.006,0.015,-0.077) 最终目标=(-0.077,-0.153,-1.297) 指令位置=(-0.077,-0.153,-1.180) 指令速度=(0.000,0.000,-0.228) 指令加速度=(0.000,0.000,0.249) 滚转角=-0.07度 俯仰角=0.04度
09:04:51.855517 [轨迹] 序号=643 单调时间=1922.874849 时间=1922.875 模式=OFFBOARD 起飞状态=减速阶段 水平控制=位置保持 类型掩码=2496 实际位置NED=(-0.083,-0.146,-0.430) 实际速度=(-0.006,0.016,-0.080) 最终目标=(-0.077,-0.153,-1.297) 指令位置=(-0.077,-0.153,-1.201) 指令速度=(0.000,0.000,-0.203) 指令加速度=(0.000,0.000,0.246) 滚转角=-0.07度 俯仰角=0.04度
09:04:51.958507 [轨迹] 序号=644 单调时间=1922.977837 时间=1922.978 模式=OFFBOARD 起飞状态=减速阶段 水平控制=位置保持 类型掩码=2496 实际位置NED=(-0.083,-0.146,-0.437) 实际速度=(-0.006,0.016,-0.083) 最终目标=(-0.077,-0.153,-1.297) 指令位置=(-0.077,-0.153,-1.220) 指令速度=(0.000,0.000,-0.178) 指令加速度=(0.000,0.000,0.239) 滚转角=-0.07度 俯仰角=0.04度
09:04:52.059492 [轨迹] 序号=645 单调时间=1923.078834 时间=1923.079 模式=OFFBOARD 起飞状态=减速阶段 水平控制=位置保持 类型掩码=2496 实际位置NED=(-0.083,-0.145,-0.443) 实际速度=(-0.006,0.016,-0.085) 最终目标=(-0.077,-0.153,-1.297) 指令位置=(-0.077,-0.153,-1.235) 指令速度=(0.000,0.000,-0.155) 指令加速度=(0.000,0.000,0.227) 滚转角=-0.07度 俯仰角=0.04度
09:04:52.162611 [轨迹] 序号=646 单调时间=1923.181949 时间=1923.182 模式=OFFBOARD 起飞状态=减速阶段 水平控制=位置保持 类型掩码=2496 实际位置NED=(-0.084,-0.144,-0.455) 实际速度=(-0.007,0.016,-0.089) 最终目标=(-0.077,-0.153,-1.297) 指令位置=(-0.077,-0.153,-1.249) 指令速度=(0.000,0.000,-0.131) 指令加速度=(0.000,0.000,0.236) 滚转角=-0.07度 俯仰角=0.04度
09:04:52.266068 [轨迹] 序号=647 单调时间=1923.285456 时间=1923.285 模式=OFFBOARD 起飞状态=减速阶段 水平控制=位置保持 类型掩码=2496 实际位置NED=(-0.084,-0.144,-0.460) 实际速度=(-0.007,0.017,-0.090) 最终目标=(-0.077,-0.153,-1.297) 指令位置=(-0.077,-0.153,-1.260) 指令速度=(0.000,0.000,-0.108) 指令加速度=(0.000,0.000,0.218) 滚转角=-0.06度 俯仰角=0.04度
09:04:52.369114 [轨迹] 序号=648 单调时间=1923.388462 时间=1923.388 模式=OFFBOARD 起飞状态=减速阶段 水平控制=位置保持 类型掩码=2496 实际位置NED=(-0.084,-0.144,-0.460) 实际速度=(-0.007,0.017,-0.090) 最终目标=(-0.077,-0.153,-1.297) 指令位置=(-0.077,-0.153,-1.269) 指令速度=(0.000,0.000,-0.088) 指令加速度=(0.000,0.000,0.201) 滚转角=-0.06度 俯仰角=0.04度
09:04:52.472049 [轨迹] 序号=649 单调时间=1923.491405 时间=1923.491 模式=OFFBOARD 起飞状态=减速阶段 水平控制=位置保持 类型掩码=2496 实际位置NED=(-0.085,-0.143,-0.472) 实际速度=(-0.007,0.017,-0.093) 最终目标=(-0.077,-0.153,-1.297) 指令位置=(-0.077,-0.153,-1.276) 指令速度=(0.000,0.000,-0.068) 指令加速度=(0.000,0.000,0.188) 滚转角=-0.07度 俯仰角=0.04度
09:04:52.575120 [轨迹] 序号=650 单调时间=1923.594546 时间=1923.595 模式=OFFBOARD 起飞状态=减速阶段 水平控制=位置保持 类型掩码=2496 实际位置NED=(-0.085,-0.142,-0.476) 实际速度=(-0.007,0.017,-0.094) 最终目标=(-0.077,-0.153,-1.297) 指令位置=(-0.077,-0.153,-1.281) 指令速度=(0.000,0.000,-0.051) 指令加速度=(0.000,0.000,0.170) 滚转角=-0.06度 俯仰角=0.04度
09:04:52.678095 [轨迹] 序号=651 单调时间=1923.697456 时间=1923.697 模式=OFFBOARD 起飞状态=减速阶段 水平控制=位置保持 类型掩码=2496 实际位置NED=(-0.085,-0.142,-0.481) 实际速度=(-0.008,0.018,-0.094) 最终目标=(-0.077,-0.153,-1.297) 指令位置=(-0.077,-0.153,-1.285) 指令速度=(0.000,0.000,-0.036) 指令加速度=(0.000,0.000,0.144) 滚转角=-0.06度 俯仰角=0.03度
09:04:52.781363 [轨迹] 序号=652 单调时间=1923.800539 时间=1923.801 模式=OFFBOARD 起飞状态=高度保持 水平控制=位置保持 类型掩码=2496 实际位置NED=(-0.085,-0.141,-0.485) 实际速度=(-0.008,0.018,-0.094) 最终目标=(-0.077,-0.153,-1.297) 指令位置=(-0.077,-0.153,-1.297) 指令速度=(0.000,0.000,0.000) 指令加速度=(0.000,0.000,0.349) 滚转角=-0.06度 俯仰角=0.03度
09:04:52.884907 [轨迹] 序号=653 单调时间=1923.904114 时间=1923.904 模式=OFFBOARD 起飞状态=高度保持 水平控制=位置保持 类型掩码=2496 实际位置NED=(-0.086,-0.141,-0.488) 实际速度=(-0.008,0.018,-0.095) 最终目标=(-0.077,-0.153,-1.297) 指令位置=(-0.077,-0.153,-1.297) 指令速度=(0.000,0.000,0.000) 指令加速度=(0.000,0.000,0.000) 滚转角=-0.06度 俯仰角=0.03度
09:04:52.988252 [轨迹] 序号=654 单调时间=1924.007706 时间=1924.008 模式=OFFBOARD 起飞状态=高度保持 水平控制=位置保持 类型掩码=2496 实际位置NED=(-0.086,-0.140,-0.493) 实际速度=(-0.009,0.019,-0.094) 最终目标=(-0.077,-0.153,-1.297) 指令位置=(-0.077,-0.153,-1.297) 指令速度=(0.000,0.000,0.000) 指令加速度=(0.000,0.000,0.000) 滚转角=-0.06度 俯仰角=0.03度
09:04:53.091937 [轨迹] 序号=655 单调时间=1924.110907 时间=1924.111 模式=OFFBOARD 起飞状态=高度保持 水平控制=位置保持 类型掩码=2496 实际位置NED=(-0.087,-0.140,-0.496) 实际速度=(-0.009,0.019,-0.094) 最终目标=(-0.077,-0.153,-1.297) 指令位置=(-0.077,-0.153,-1.297) 指令速度=(0.000,0.000,0.000) 指令加速度=(0.000,0.000,0.000) 滚转角=-0.06度 俯仰角=0.03度
09:04:53.194957 [轨迹] 序号=656 单调时间=1924.214299 时间=1924.214 模式=OFFBOARD 起飞状态=高度保持 水平控制=位置保持 类型掩码=2496 实际位置NED=(-0.087,-0.139,-0.499) 实际速度=(-0.009,0.019,-0.094) 最终目标=(-0.077,-0.153,-1.297) 指令位置=(-0.077,-0.153,-1.297) 指令速度=(0.000,0.000,0.000) 指令加速度=(0.000,0.000,0.000) 滚转角=-0.06度 俯仰角=0.03度
09:04:53.298106 [轨迹] 序号=657 单调时间=1924.317551 时间=1924.318 模式=OFFBOARD 起飞状态=高度保持 水平控制=位置保持 类型掩码=2496 实际位置NED=(-0.088,-0.138,-0.504) 实际速度=(-0.009,0.019,-0.092) 最终目标=(-0.077,-0.153,-1.297) 指令位置=(-0.077,-0.153,-1.297) 指令速度=(0.000,0.000,0.000) 指令加速度=(0.000,0.000,0.000) 滚转角=-0.06度 俯仰角=0.03度
09:04:53.401218 [轨迹] 序号=658 单调时间=1924.420554 时间=1924.421 模式=OFFBOARD 起飞状态=高度保持 水平控制=位置保持 类型掩码=2496 实际位置NED=(-0.088,-0.137,-0.506) 实际速度=(-0.010,0.020,-0.091) 最终目标=(-0.077,-0.153,-1.297) 指令位置=(-0.077,-0.153,-1.297) 指令速度=(0.000,0.000,0.000) 指令加速度=(0.000,0.000,0.000) 滚转角=-0.06度 俯仰角=0.03度
09:04:53.504139 [轨迹] 序号=659 单调时间=1924.523527 时间=1924.524 模式=OFFBOARD 起飞状态=高度保持 水平控制=位置保持 类型掩码=2496 实际位置NED=(-0.088,-0.137,-0.508) 实际速度=(-0.010,0.020,-0.090) 最终目标=(-0.077,-0.153,-1.297) 指令位置=(-0.077,-0.153,-1.297) 指令速度=(0.000,0.000,0.000) 指令加速度=(0.000,0.000,0.000) 滚转角=-0.06度 俯仰角=0.03度
09:04:53.607639 [轨迹] 序号=660 单调时间=1924.627012 时间=1924.627 模式=OFFBOARD 起飞状态=高度保持 水平控制=位置保持 类型掩码=2496 实际位置NED=(-0.089,-0.136,-0.510) 实际速度=(-0.010,0.020,-0.089) 最终目标=(-0.077,-0.153,-1.297) 指令位置=(-0.077,-0.153,-1.297) 指令速度=(0.000,0.000,0.000) 指令加速度=(0.000,0.000,0.000) 滚转角=-0.06度 俯仰角=0.04度
09:04:53.710747 [轨迹] 序号=661 单调时间=1924.729944 时间=1924.730 模式=OFFBOARD 起飞状态=高度保持 水平控制=位置保持 类型掩码=2496 实际位置NED=(-0.089,-0.136,-0.511) 实际速度=(-0.010,0.020,-0.087) 最终目标=(-0.077,-0.153,-1.297) 指令位置=(-0.077,-0.153,-1.297) 指令速度=(0.000,0.000,0.000) 指令加速度=(0.000,0.000,0.000) 滚转角=-0.06度 俯仰角=0.04度
09:04:53.813830 [轨迹] 序号=662 单调时间=1924.833294 时间=1924.833 模式=OFFBOARD 起飞状态=高度保持 水平控制=位置保持 类型掩码=2496 实际位置NED=(-0.090,-0.135,-0.512) 实际速度=(-0.011,0.020,-0.086) 最终目标=(-0.077,-0.153,-1.297) 指令位置=(-0.077,-0.153,-1.297) 指令速度=(0.000,0.000,0.000) 指令加速度=(0.000,0.000,0.000) 滚转角=-0.06度 俯仰角=0.04度
09:04:53.917086 [轨迹] 序号=663 单调时间=1924.936317 时间=1924.936 模式=OFFBOARD 起飞状态=高度保持 水平控制=位置保持 类型掩码=2496 实际位置NED=(-0.090,-0.135,-0.513) 实际速度=(-0.011,0.020,-0.084) 最终目标=(-0.077,-0.153,-1.297) 指令位置=(-0.077,-0.153,-1.297) 指令速度=(0.000,0.000,0.000) 指令加速度=(0.000,0.000,0.000) 滚转角=-0.06度 俯仰角=0.03度
09:04:54.020378 [轨迹] 序号=664 单调时间=1925.039656 时间=1925.040 模式=OFFBOARD 起飞状态=高度保持 水平控制=位置保持 类型掩码=2496 实际位置NED=(-0.090,-0.134,-0.514) 实际速度=(-0.012,0.021,-0.083) 最终目标=(-0.077,-0.153,-1.297) 指令位置=(-0.077,-0.153,-1.297) 指令速度=(0.000,0.000,0.000) 指令加速度=(0.000,0.000,0.000) 滚转角=-0.06度 俯仰角=0.02度
09:04:54.120978 [轨迹] 序号=665 单调时间=1925.140270 时间=1925.140 模式=OFFBOARD 起飞状态=高度保持 水平控制=位置保持 类型掩码=2496 实际位置NED=(-0.091,-0.134,-0.514) 实际速度=(-0.012,0.023,-0.082) 最终目标=(-0.077,-0.153,-1.297) 指令位置=(-0.077,-0.153,-1.297) 指令速度=(0.000,0.000,0.000) 指令加速度=(0.000,0.000,0.000) 滚转角=-0.06度 俯仰角=0.01度
09:04:54.221437 [轨迹] 序号=666 单调时间=1925.240922 时间=1925.241 模式=OFFBOARD 起飞状态=高度保持 水平控制=位置保持 类型掩码=2496 实际位置NED=(-0.092,-0.133,-0.515) 实际速度=(-0.013,0.024,-0.081) 最终目标=(-0.077,-0.153,-1.297) 指令位置=(-0.077,-0.153,-1.297) 指令速度=(0.000,0.000,0.000) 指令加速度=(0.000,0.000,0.000) 滚转角=-0.06度 俯仰角=-0.02度
09:04:54.324681 [轨迹] 序号=667 单调时间=1925.343899 时间=1925.344 模式=OFFBOARD 起飞状态=高度保持 水平控制=位置保持 类型掩码=2496 实际位置NED=(-0.092,-0.133,-0.515) 实际速度=(-0.014,0.026,-0.080) 最终目标=(-0.077,-0.153,-1.297) 指令位置=(-0.077,-0.153,-1.297) 指令速度=(0.000,0.000,0.000) 指令加速度=(0.000,0.000,0.000) 滚转角=-0.06度 俯仰角=-0.07度
09:04:54.427904 [轨迹] 序号=668 单调时间=1925.447154 时间=1925.447 模式=OFFBOARD 起飞状态=高度保持 水平控制=位置保持 类型掩码=2496 实际位置NED=(-0.092,-0.133,-0.515) 实际速度=(-0.014,0.026,-0.080) 最终目标=(-0.077,-0.153,-1.297) 指令位置=(-0.077,-0.153,-1.297) 指令速度=(0.000,0.000,0.000) 指令加速度=(0.000,0.000,0.000) 滚转角=-0.06度 俯仰角=-0.11度
09:04:54.531978 [轨迹] 序号=669 单调时间=1925.551292 时间=1925.551 模式=OFFBOARD 起飞状态=高度保持 水平控制=位置保持 类型掩码=2496 实际位置NED=(-0.093,-0.131,-0.515) 实际速度=(-0.015,0.031,-0.079) 最终目标=(-0.077,-0.153,-1.297) 指令位置=(-0.077,-0.153,-1.297) 指令速度=(0.000,0.000,0.000) 指令加速度=(0.000,0.000,0.000) 滚转角=-0.06度 俯仰角=-0.27度
09:04:54.635583 [轨迹] 序号=670 单调时间=1925.654929 时间=1925.655 模式=OFFBOARD 起飞状态=高度保持 水平控制=位置保持 类型掩码=2496 实际位置NED=(-0.094,-0.130,-0.515) 实际速度=(-0.016,0.034,-0.079) 最终目标=(-0.077,-0.153,-1.297) 指令位置=(-0.077,-0.153,-1.297) 指令速度=(0.000,0.000,0.000) 指令加速度=(0.000,0.000,0.000) 滚转角=-0.06度 俯仰角=-0.37度
09:04:54.740337 [轨迹] 序号=671 单调时间=1925.759544 时间=1925.760 模式=OFFBOARD 起飞状态=高度保持 水平控制=位置保持 类型掩码=2496 实际位置NED=(-0.095,-0.129,-0.515) 实际速度=(-0.017,0.038,-0.078) 最终目标=(-0.077,-0.153,-1.297) 指令位置=(-0.077,-0.153,-1.297) 指令速度=(0.000,0.000,0.000) 指令加速度=(0.000,0.000,0.000) 滚转角=-0.06度 俯仰角=-0.55度
09:04:54.843579 [轨迹] 序号=672 单调时间=1925.863158 时间=1925.863 模式=OFFBOARD 起飞状态=高度保持 水平控制=位置保持 类型掩码=2496 实际位置NED=(-0.096,-0.128,-0.515) 实际速度=(-0.018,0.041,-0.078) 最终目标=(-0.077,-0.153,-1.297) 指令位置=(-0.077,-0.153,-1.297) 指令速度=(0.000,0.000,0.000) 指令加速度=(0.000,0.000,0.000) 滚转角=-0.06度 俯仰角=-0.77度
09:04:54.946126 [轨迹] 序号=673 单调时间=1925.965479 时间=1925.965 模式=OFFBOARD 起飞状态=高度保持 水平控制=位置保持 类型掩码=2496 实际位置NED=(-0.097,-0.127,-0.514) 实际速度=(-0.018,0.045,-0.077) 最终目标=(-0.077,-0.153,-1.297) 指令位置=(-0.077,-0.153,-1.297) 指令速度=(0.000,0.000,0.000) 指令加速度=(0.000,0.000,0.000) 滚转角=-0.06度 俯仰角=-0.98度
09:04:55.049238 [轨迹] 序号=674 单调时间=1926.068517 时间=1926.069 模式=OFFBOARD 起飞状态=高度保持 水平控制=位置保持 类型掩码=2496 实际位置NED=(-0.098,-0.123,-0.514) 实际速度=(-0.020,0.052,-0.076) 最终目标=(-0.077,-0.153,-1.297) 指令位置=(-0.077,-0.153,-1.297) 指令速度=(0.000,0.000,0.000) 指令加速度=(0.000,0.000,0.000) 滚转角=-0.06度 俯仰角=-1.27度
09:04:55.152812 [轨迹] 序号=675 单调时间=1926.172203 时间=1926.172 模式=OFFBOARD 起飞状态=高度保持 水平控制=位置保持 类型掩码=2496 实际位置NED=(-0.098,-0.123,-0.514) 实际速度=(-0.020,0.052,-0.076) 最终目标=(-0.077,-0.153,-1.297) 指令位置=(-0.077,-0.153,-1.297) 指令速度=(0.000,0.000,0.000) 指令加速度=(0.000,0.000,0.000) 滚转角=-0.06度 俯仰角=-1.50度
09:04:55.256064 [轨迹] 序号=676 单调时间=1926.275375 时间=1926.275 模式=OFFBOARD 起飞状态=高度保持 水平控制=位置保持 类型掩码=2496 实际位置NED=(-0.099,-0.122,-0.513) 实际速度=(-0.021,0.055,-0.076) 最终目标=(-0.077,-0.153,-1.297) 指令位置=(-0.077,-0.153,-1.297) 指令速度=(0.000,0.000,0.000) 指令加速度=(0.000,0.000,0.000) 滚转角=-0.06度 俯仰角=-1.79度
09:04:55.360261 [轨迹] 序号=677 单调时间=1926.378845 时间=1926.379 模式=OFFBOARD 起飞状态=高度保持 水平控制=位置保持 类型掩码=2496 实际位置NED=(-0.101,-0.117,-0.512) 实际速度=(-0.022,0.064,-0.075) 最终目标=(-0.077,-0.153,-1.297) 指令位置=(-0.077,-0.153,-1.297) 指令速度=(0.000,0.000,0.000) 指令加速度=(0.000,0.000,0.000) 滚转角=-0.05度 俯仰角=-2.19度
09:04:55.463434 [轨迹] 序号=678 单调时间=1926.482782 时间=1926.483 模式=OFFBOARD 起飞状态=高度保持 水平控制=位置保持 类型掩码=2496 实际位置NED=(-0.102,-0.115,-0.511) 实际速度=(-0.023,0.068,-0.074) 最终目标=(-0.077,-0.153,-1.297) 指令位置=(-0.077,-0.153,-1.297) 指令速度=(0.000,0.000,0.000) 指令加速度=(0.000,0.000,0.000) 滚转角=-0.05度 俯仰角=-2.64度
09:04:55.566664 [轨迹] 序号=679 单调时间=1926.585910 时间=1926.586 模式=OFFBOARD 起飞状态=高度保持 水平控制=位置保持 类型掩码=2496 实际位置NED=(-0.103,-0.112,-0.511) 实际速度=(-0.024,0.072,-0.073) 最终目标=(-0.077,-0.153,-1.297) 指令位置=(-0.077,-0.153,-1.297) 指令速度=(0.000,0.000,0.000) 指令加速度=(0.000,0.000,0.000) 滚转角=-0.05度 俯仰角=-2.97度
09:04:55.670129 [轨迹] 序号=680 单调时间=1926.689357 时间=1926.689 模式=OFFBOARD 起飞状态=高度保持 水平控制=位置保持 类型掩码=2496 实际位置NED=(-0.104,-0.110,-0.510) 实际速度=(-0.025,0.076,-0.072) 最终目标=(-0.077,-0.153,-1.297) 指令位置=(-0.077,-0.153,-1.297) 指令速度=(0.000,0.000,0.000) 指令加速度=(0.000,0.000,0.000) 滚转角=-0.06度 俯仰角=-3.65度
09:04:55.773405 [轨迹] 序号=681 单调时间=1926.792688 时间=1926.793 模式=OFFBOARD 起飞状态=高度保持 水平控制=位置保持 类型掩码=2496 实际位置NED=(-0.104,-0.109,-0.510) 实际速度=(-0.025,0.077,-0.070) 最终目标=(-0.077,-0.153,-1.297) 指令位置=(-0.077,-0.153,-1.297) 指令速度=(0.000,0.000,0.000) 指令加速度=(0.000,0.000,0.000) 滚转角=-0.05度 俯仰角=-4.03度
09:04:55.876536 [轨迹] 序号=682 单调时间=1926.895863 时间=1926.896 模式=OFFBOARD 起飞状态=高度保持 水平控制=位置保持 类型掩码=2496 实际位置NED=(-0.103,-0.108,-0.509) 实际速度=(-0.020,0.081,-0.069) 最终目标=(-0.077,-0.153,-1.297) 指令位置=(-0.077,-0.153,-1.297) 指令速度=(0.000,0.000,0.000) 指令加速度=(0.000,0.000,0.000) 滚转角=-0.06度 俯仰角=-4.48度
09:04:55.979508 [轨迹] 序号=683 单调时间=1926.998817 时间=1926.999 模式=OFFBOARD 起飞状态=高度保持 水平控制=位置保持 类型掩码=2496 实际位置NED=(-0.102,-0.107,-0.509) 实际速度=(-0.016,0.089,-0.062) 最终目标=(-0.077,-0.153,-1.297) 指令位置=(-0.077,-0.153,-1.297) 指令速度=(0.000,0.000,0.000) 指令加速度=(0.000,0.000,0.000) 滚转角=-0.06度 俯仰角=-4.95度
09:04:56.080351 [轨迹] 序号=684 单调时间=1927.099733 时间=1927.100 模式=OFFBOARD 起飞状态=高度保持 水平控制=位置保持 类型掩码=2496 实际位置NED=(-0.102,-0.105,-0.508) 实际速度=(-0.013,0.101,-0.055) 最终目标=(-0.077,-0.153,-1.297) 指令位置=(-0.077,-0.153,-1.297) 指令速度=(0.000,0.000,0.000) 指令加速度=(0.000,0.000,0.000) 滚转角=-0.06度 俯仰角=-5.19度
09:04:56.183660 [轨迹] 序号=685 单调时间=1927.202990 时间=1927.203 模式=OFFBOARD 起飞状态=高度保持 水平控制=位置保持 类型掩码=2496 实际位置NED=(-0.101,-0.103,-0.507) 实际速度=(-0.010,0.116,-0.047) 最终目标=(-0.077,-0.153,-1.297) 指令位置=(-0.077,-0.153,-1.297) 指令速度=(0.000,0.000,0.000) 指令加速度=(0.000,0.000,0.000) 滚转角=-0.07度 俯仰角=-5.37度
09:04:56.287279 [轨迹] 序号=686 单调时间=1927.306265 时间=1927.306 模式=OFFBOARD 起飞状态=高度保持 水平控制=位置保持 类型掩码=2496 实际位置NED=(-0.100,-0.101,-0.506) 实际速度=(-0.007,0.133,-0.039) 最终目标=(-0.077,-0.153,-1.297) 指令位置=(-0.077,-0.153,-1.297) 指令速度=(0.000,0.000,0.000) 指令加速度=(0.000,0.000,0.000) 滚转角=-0.07度 俯仰角=-5.44度
09:04:56.391015 [轨迹] 序号=687 单调时间=1927.410325 时间=1927.410 模式=OFFBOARD 起飞状态=高度保持 水平控制=位置保持 类型掩码=2496 实际位置NED=(-0.099,-0.098,-0.505) 实际速度=(-0.005,0.152,-0.032) 最终目标=(-0.077,-0.153,-1.297) 指令位置=(-0.077,-0.153,-1.297) 指令速度=(0.000,0.000,0.000) 指令加速度=(0.000,0.000,0.000) 滚转角=-0.07度 俯仰角=-5.40度
09:04:56.494992 [轨迹] 序号=688 单调时间=1927.514326 时间=1927.514 模式=OFFBOARD 起飞状态=高度保持 水平控制=位置保持 类型掩码=2496 实际位置NED=(-0.098,-0.094,-0.503) 实际速度=(-0.005,0.177,-0.025) 最终目标=(-0.077,-0.153,-1.297) 指令位置=(-0.077,-0.153,-1.297) 指令速度=(0.000,0.000,0.000) 指令加速度=(0.000,0.000,0.000) 滚转角=-0.06度 俯仰角=-5.27度
09:04:56.598332 [轨迹] 序号=689 单调时间=1927.617677 时间=1927.618 模式=OFFBOARD 起飞状态=高度保持 水平控制=位置保持 类型掩码=2496 实际位置NED=(-0.097,-0.090,-0.501) 实际速度=(-0.007,0.196,-0.021) 最终目标=(-0.077,-0.153,-1.297) 指令位置=(-0.077,-0.153,-1.297) 指令速度=(0.000,0.000,0.000) 指令加速度=(0.000,0.000,0.000) 滚转角=-0.03度 俯仰角=-5.00度
09:04:56.701746 [轨迹] 序号=690 单调时间=1927.721065 时间=1927.721 模式=OFFBOARD 起飞状态=高度保持 水平控制=位置保持 类型掩码=2496 实际位置NED=(-0.096,-0.086,-0.500) 实际速度=(-0.010,0.214,-0.018) 最终目标=(-0.077,-0.153,-1.297) 指令位置=(-0.077,-0.153,-1.297) 指令速度=(0.000,0.000,0.000) 指令加速度=(0.000,0.000,0.000) 滚转角=0.01度 俯仰角=-4.74度
09:04:56.805129 [轨迹] 序号=691 单调时间=1927.824385 时间=1927.824 模式=OFFBOARD 起飞状态=高度保持 水平控制=位置保持 类型掩码=2496 实际位置NED=(-0.096,-0.082,-0.500) 实际速度=(-0.014,0.231,-0.017) 最终目标=(-0.077,-0.153,-1.297) 指令位置=(-0.077,-0.153,-1.297) 指令速度=(0.000,0.000,0.000) 指令加速度=(0.000,0.000,0.000) 滚转角=0.09度 俯仰角=-4.41度
09:04:56.909083 [轨迹] 序号=692 单调时间=1927.928429 时间=1927.928 模式=OFFBOARD 起飞状态=高度保持 水平控制=位置保持 类型掩码=2496 实际位置NED=(-0.096,-0.077,-0.499) 实际速度=(-0.020,0.247,-0.017) 最终目标=(-0.077,-0.153,-1.297) 指令位置=(-0.077,-0.153,-1.297) 指令速度=(0.000,0.000,0.000) 指令加速度=(0.000,0.000,0.000) 滚转角=0.22度 俯仰角=-3.93度
09:04:57.012514 [轨迹] 序号=693 单调时间=1928.031900 时间=1928.032 模式=OFFBOARD 起飞状态=高度保持 水平控制=位置保持 类型掩码=2496 实际位置NED=(-0.096,-0.072,-0.499) 实际速度=(-0.025,0.262,-0.018) 最终目标=(-0.077,-0.153,-1.297) 指令位置=(-0.077,-0.153,-1.297) 指令速度=(0.000,0.000,0.000) 指令加速度=(0.000,0.000,0.000) 滚转角=0.39度 俯仰角=-3.41度
09:04:57 [应答] UP INTENT：暂时拒绝（MAV_RESULT_TEMPORARILY_REJECTED）
09:04:57 [已忽略] 上升：PX4项目结果=0，目标未改变
09:04:57.116606 [轨迹] 序号=694 单调时间=1928.135869 时间=1928.136 模式=OFFBOARD 起飞状态=高度保持 水平控制=位置保持 类型掩码=2496 实际位置NED=(-0.097,-0.058,-0.498) 实际速度=(-0.039,0.289,-0.027) 最终目标=(-0.077,-0.153,-1.297) 指令位置=(-0.077,-0.153,-1.297) 指令速度=(0.000,0.000,0.000) 指令加速度=(0.000,0.000,0.000) 滚转角=0.57度 俯仰角=-2.88度
09:04:57.220335 [轨迹] 序号=695 单调时间=1928.239681 时间=1928.240 模式=OFFBOARD 起飞状态=高度保持 水平控制=位置保持 类型掩码=2496 实际位置NED=(-0.098,-0.052,-0.498) 实际速度=(-0.045,0.298,-0.033) 最终目标=(-0.077,-0.153,-1.297) 指令位置=(-0.077,-0.153,-1.297) 指令速度=(0.000,0.000,0.000) 指令加速度=(0.000,0.000,0.000) 滚转角=0.72度 俯仰角=-2.35度
09:04:57.323364 [轨迹] 序号=696 单调时间=1928.342680 时间=1928.343 模式=OFFBOARD 起飞状态=高度保持 水平控制=位置保持 类型掩码=2496 实际位置NED=(-0.099,-0.044,-0.498) 实际速度=(-0.052,0.304,-0.040) 最终目标=(-0.077,-0.153,-1.297) 指令位置=(-0.077,-0.153,-1.297) 指令速度=(0.000,0.000,0.000) 指令加速度=(0.000,0.000,0.000) 滚转角=0.80度 俯仰角=-1.99度
09:04:57.426984 [轨迹] 序号=697 单调时间=1928.446213 时间=1928.446 模式=OFFBOARD 起飞状态=高度保持 水平控制=位置保持 类型掩码=2496 实际位置NED=(-0.101,-0.037,-0.498) 实际速度=(-0.059,0.309,-0.049) 最终目标=(-0.077,-0.153,-1.297) 指令位置=(-0.077,-0.153,-1.297) 指令速度=(0.000,0.000,0.000) 指令加速度=(0.000,0.000,0.000) 滚转角=0.89度 俯仰角=-1.48度
09:04:57.530448 [轨迹] 序号=698 单调时间=1928.549735 时间=1928.550 模式=OFFBOARD 起飞状态=高度保持 水平控制=位置保持 类型掩码=2496 实际位置NED=(-0.102,-0.030,-0.498) 实际速度=(-0.066,0.312,-0.058) 最终目标=(-0.077,-0.153,-1.297) 指令位置=(-0.077,-0.153,-1.297) 指令速度=(0.000,0.000,0.000) 指令加速度=(0.000,0.000,0.000) 滚转角=0.94度 俯仰角=-1.09度
09:04:57.633565 [轨迹] 序号=699 单调时间=1928.652986 时间=1928.653 模式=OFFBOARD 起飞状态=高度保持 水平控制=位置保持 类型掩码=2496 实际位置NED=(-0.105,-0.020,-0.499) 实际速度=(-0.074,0.313,-0.070) 最终目标=(-0.077,-0.153,-1.297) 指令位置=(-0.077,-0.153,-1.297) 指令速度=(0.000,0.000,0.000) 指令加速度=(0.000,0.000,0.000) 滚转角=0.96度 俯仰角=-0.63度
09:04:57.736611 [轨迹] 序号=700 单调时间=1928.755867 时间=1928.756 模式=OFFBOARD 起飞状态=高度保持 水平控制=位置保持 类型掩码=2496 实际位置NED=(-0.107,-0.012,-0.499) 实际速度=(-0.080,0.312,-0.080) 最终目标=(-0.077,-0.153,-1.297) 指令位置=(-0.077,-0.153,-1.297) 指令速度=(0.000,0.000,0.000) 指令加速度=(0.000,0.000,0.000) 滚转角=0.95度 俯仰角=-0.19度
09:04:57.839646 [轨迹] 序号=701 单调时间=1928.859054 时间=1928.859 模式=OFFBOARD 起飞状态=高度保持 水平控制=位置保持 类型掩码=2496 实际位置NED=(-0.110,-0.004,-0.500) 实际速度=(-0.086,0.309,-0.090) 最终目标=(-0.077,-0.153,-1.297) 指令位置=(-0.077,-0.153,-1.297) 指令速度=(0.000,0.000,0.000) 指令加速度=(0.000,0.000,0.000) 滚转角=0.93度 俯仰角=0.09度
09:04:57.942726 [轨迹] 序号=702 单调时间=1928.962256 时间=1928.962 模式=OFFBOARD 起飞状态=高度保持 水平控制=位置保持 类型掩码=2496 实际位置NED=(-0.112,0.004,-0.502) 实际速度=(-0.091,0.304,-0.100) 最终目标=(-0.077,-0.153,-1.297) 指令位置=(-0.077,-0.153,-1.297) 指令速度=(0.000,0.000,0.000) 指令加速度=(0.000,0.000,0.000) 滚转角=0.86度 俯仰角=0.58度
09:04:58.046177 [轨迹] 序号=703 单调时间=1929.065621 时间=1929.066 模式=OFFBOARD 起飞状态=高度保持 水平控制=位置保持 类型掩码=2496 实际位置NED=(-0.115,0.012,-0.503) 实际速度=(-0.096,0.298,-0.110) 最终目标=(-0.077,-0.153,-1.297) 指令位置=(-0.077,-0.153,-1.297) 指令速度=(0.000,0.000,0.000) 指令加速度=(0.000,0.000,0.000) 滚转角=0.81度 俯仰角=0.82度
09:04:58.149068 [轨迹] 序号=704 单调时间=1929.168494 时间=1929.168 模式=OFFBOARD 起飞状态=高度保持 水平控制=位置保持 类型掩码=2496 实际位置NED=(-0.118,0.020,-0.505) 实际速度=(-0.100,0.291,-0.120) 最终目标=(-0.077,-0.153,-1.297) 指令位置=(-0.077,-0.153,-1.297) 指令速度=(0.000,0.000,0.000) 指令加速度=(0.000,0.000,0.000) 滚转角=0.74度 俯仰角=1.08度
09:04:58.252121 [轨迹] 序号=705 单调时间=1929.271508 时间=1929.272 模式=OFFBOARD 起飞状态=高度保持 水平控制=位置保持 类型掩码=2496 实际位置NED=(-0.125,0.038,-0.511) 实际速度=(-0.107,0.271,-0.141) 最终目标=(-0.077,-0.153,-1.297) 指令位置=(-0.077,-0.153,-1.297) 指令速度=(0.000,0.000,0.000) 指令加速度=(0.000,0.000,0.000) 滚转角=0.63度 俯仰角=1.43度
09:04:58.355206 [轨迹] 序号=706 单调时间=1929.374501 时间=1929.375 模式=OFFBOARD 起飞状态=高度保持 水平控制=位置保持 类型掩码=2496 实际位置NED=(-0.128,0.046,-0.514) 实际速度=(-0.109,0.260,-0.150) 最终目标=(-0.077,-0.153,-1.297) 指令位置=(-0.077,-0.153,-1.297) 指令速度=(0.000,0.000,0.000) 指令加速度=(0.000,0.000,0.000) 滚转角=0.55度 俯仰角=1.64度
09:04:58.458406 [轨迹] 序号=707 单调时间=1929.477943 时间=1929.478 模式=OFFBOARD 起飞状态=高度保持 水平控制=位置保持 类型掩码=2496 实际位置NED=(-0.132,0.053,-0.517) 实际速度=(-0.111,0.249,-0.159) 最终目标=(-0.077,-0.153,-1.297) 指令位置=(-0.077,-0.153,-1.297) 指令速度=(0.000,0.000,0.000) 指令加速度=(0.000,0.000,0.000) 滚转角=0.47度 俯仰角=1.80度
09:04:58.561669 [轨迹] 序号=708 单调时间=1929.581106 时间=1929.581 模式=OFFBOARD 起飞状态=高度保持 水平控制=位置保持 类型掩码=2496 实际位置NED=(-0.135,0.060,-0.521) 实际速度=(-0.111,0.236,-0.167) 最终目标=(-0.077,-0.153,-1.297) 指令位置=(-0.077,-0.153,-1.297) 指令速度=(0.000,0.000,0.000) 指令加速度=(0.000,0.000,0.000) 滚转角=0.33度 俯仰角=2.07度
09:04:58.664710 [轨迹] 序号=709 单调时间=1929.684069 时间=1929.684 模式=OFFBOARD 起飞状态=高度保持 水平控制=位置保持 类型掩码=2496 实际位置NED=(-0.139,0.067,-0.524) 实际速度=(-0.112,0.223,-0.175) 最终目标=(-0.077,-0.153,-1.297) 指令位置=(-0.077,-0.153,-1.297) 指令速度=(0.000,0.000,0.000) 指令加速度=(0.000,0.000,0.000) 滚转角=0.28度 俯仰角=2.17度
09:04:58.767688 [轨迹] 序号=710 单调时间=1929.787092 时间=1929.787 模式=OFFBOARD 起飞状态=高度保持 水平控制=位置保持 类型掩码=2496 实际位置NED=(-0.143,0.075,-0.529) 实际速度=(-0.111,0.207,-0.184) 最终目标=(-0.077,-0.153,-1.297) 指令位置=(-0.077,-0.153,-1.297) 指令速度=(0.000,0.000,0.000) 指令加速度=(0.000,0.000,0.000) 滚转角=0.20度 俯仰角=2.29度
09:04:58.871952 [轨迹] 序号=711 单调时间=1929.891276 时间=1929.891 模式=OFFBOARD 起飞状态=高度保持 水平控制=位置保持 类型掩码=2496 实际位置NED=(-0.146,0.081,-0.534) 实际速度=(-0.110,0.193,-0.191) 最终目标=(-0.077,-0.153,-1.297) 指令位置=(-0.077,-0.153,-1.297) 指令速度=(0.000,0.000,0.000) 指令加速度=(0.000,0.000,0.000) 滚转角=0.06度 俯仰角=2.47度
09:04:58.975706 [轨迹] 序号=712 单调时间=1929.995027 时间=1929.995 模式=OFFBOARD 起飞状态=高度保持 水平控制=位置保持 类型掩码=2496 实际位置NED=(-0.150,0.087,-0.538) 实际速度=(-0.108,0.178,-0.197) 最终目标=(-0.077,-0.153,-1.297) 指令位置=(-0.077,-0.153,-1.297) 指令速度=(0.000,0.000,0.000) 指令加速度=(0.000,0.000,0.000) 滚转角=0.01度 俯仰角=2.53度
09:04:59.079877 [轨迹] 序号=713 单调时间=1930.099368 时间=1930.099 模式=OFFBOARD 起飞状态=高度保持 水平控制=位置保持 类型掩码=2496 实际位置NED=(-0.153,0.092,-0.543) 实际速度=(-0.107,0.163,-0.203) 最终目标=(-0.077,-0.153,-1.297) 指令位置=(-0.077,-0.153,-1.297) 指令速度=(0.000,0.000,0.000) 指令加速度=(0.000,0.000,0.000) 滚转角=-0.09度 俯仰角=2.64度
09:04:59.184580 [轨迹] 序号=714 单调时间=1930.203909 时间=1930.204 模式=OFFBOARD 起飞状态=高度保持 水平控制=位置保持 类型掩码=2496 实际位置NED=(-0.156,0.098,-0.548) 实际速度=(-0.104,0.148,-0.209) 最终目标=(-0.077,-0.153,-1.297) 指令位置=(-0.077,-0.153,-1.297) 指令速度=(0.000,0.000,0.000) 指令加速度=(0.000,0.000,0.000) 滚转角=-0.19度 俯仰角=2.73度
09:04:59.287422 [轨迹] 序号=715 单调时间=1930.306759 时间=1930.307 模式=OFFBOARD 起飞状态=高度保持 水平控制=位置保持 类型掩码=2496 实际位置NED=(-0.159,0.102,-0.554) 实际速度=(-0.101,0.133,-0.214) 最终目标=(-0.077,-0.153,-1.297) 指令位置=(-0.077,-0.153,-1.297) 指令速度=(0.000,0.000,0.000) 指令加速度=(0.000,0.000,0.000) 滚转角=-0.26度 俯仰角=2.77度
09:04:59.391669 [轨迹] 序号=716 单调时间=1930.411000 时间=1930.411 模式=OFFBOARD 起飞状态=高度保持 水平控制=位置保持 类型掩码=2496 实际位置NED=(-0.163,0.108,-0.560) 实际速度=(-0.097,0.114,-0.220) 最终目标=(-0.077,-0.153,-1.297) 指令位置=(-0.077,-0.153,-1.297) 指令速度=(0.000,0.000,0.000) 指令加速度=(0.000,0.000,0.000) 滚转角=-0.33度 俯仰角=2.82度
09:04:59.496301 [轨迹] 序号=717 单调时间=1930.515464 时间=1930.515 模式=OFFBOARD 起飞状态=高度保持 水平控制=位置保持 类型掩码=2496 实际位置NED=(-0.166,0.112,-0.566) 实际速度=(-0.093,0.098,-0.225) 最终目标=(-0.077,-0.153,-1.297) 指令位置=(-0.077,-0.153,-1.297) 指令速度=(0.000,0.000,0.000) 指令加速度=(0.000,0.000,0.000) 滚转角=-0.41度 俯仰角=2.86度
09:04:59.599487 [轨迹] 序号=718 单调时间=1930.618836 时间=1930.619 模式=OFFBOARD 起飞状态=高度保持 水平控制=位置保持 类型掩码=2496 实际位置NED=(-0.168,0.115,-0.572) 实际速度=(-0.089,0.083,-0.229) 最终目标=(-0.077,-0.153,-1.297) 指令位置=(-0.077,-0.153,-1.297) 指令速度=(0.000,0.000,0.000) 指令加速度=(0.000,0.000,0.000) 滚转角=-0.47度 俯仰角=2.88度
09:04:59.703163 [轨迹] 序号=719 单调时间=1930.722492 时间=1930.722 模式=OFFBOARD 起飞状态=高度保持 水平控制=位置保持 类型掩码=2496 实际位置NED=(-0.170,0.117,-0.579) 实际速度=(-0.083,0.065,-0.233) 最终目标=(-0.077,-0.153,-1.297) 指令位置=(-0.077,-0.153,-1.297) 指令速度=(0.000,0.000,0.000) 指令加速度=(0.000,0.000,0.000) 滚转角=-0.53度 俯仰角=2.90度
09:04:59.806191 [轨迹] 序号=720 单调时间=1930.825481 时间=1930.825 模式=OFFBOARD 起飞状态=高度保持 水平控制=位置保持 类型掩码=2496 实际位置NED=(-0.169,0.114,-0.587) 实际速度=(-0.072,0.040,-0.238) 最终目标=(-0.077,-0.153,-1.297) 指令位置=(-0.077,-0.153,-1.297) 指令速度=(0.000,0.000,0.000) 指令加速度=(0.000,0.000,0.000) 滚转角=-0.62度 俯仰角=2.93度
09:04:59.909308 [轨迹] 序号=721 单调时间=1930.928756 时间=1930.929 模式=OFFBOARD 起飞状态=高度保持 水平控制=位置保持 类型掩码=2496 实际位置NED=(-0.167,0.110,-0.594) 实际速度=(-0.060,0.013,-0.242) 最终目标=(-0.077,-0.153,-1.297) 指令位置=(-0.077,-0.153,-1.297) 指令速度=(0.000,0.000,0.000) 指令加速度=(0.000,0.000,0.000) 滚转角=-0.67度 俯仰角=2.93度
09:05:00.012410 [轨迹] 序号=722 单调时间=1931.031792 时间=1931.032 模式=OFFBOARD 起飞状态=高度保持 水平控制=位置保持 类型掩码=2496 实际位置NED=(-0.163,0.103,-0.604) 实际速度=(-0.043,-0.020,-0.244) 最终目标=(-0.077,-0.153,-1.297) 指令位置=(-0.077,-0.153,-1.297) 指令速度=(0.000,0.000,0.000) 指令加速度=(0.000,0.000,0.000) 滚转角=-0.72度 俯仰角=2.89度
09:05:00.113399 [轨迹] 序号=723 单调时间=1931.132741 时间=1931.133 模式=OFFBOARD 起飞状态=高度保持 水平控制=位置保持 类型掩码=2496 实际位置NED=(-0.159,0.097,-0.611) 实际速度=(-0.030,-0.045,-0.245) 最终目标=(-0.077,-0.153,-1.297) 指令位置=(-0.077,-0.153,-1.297) 指令速度=(0.000,0.000,0.000) 指令加速度=(0.000,0.000,0.000) 滚转角=-0.74度 俯仰角=2.80度
09:05:00.216540 [轨迹] 序号=724 单调时间=1931.235863 时间=1931.236 模式=OFFBOARD 起飞状态=高度保持 水平控制=位置保持 类型掩码=2496 实际位置NED=(-0.155,0.091,-0.619) 实际速度=(-0.018,-0.067,-0.246) 最终目标=(-0.077,-0.153,-1.297) 指令位置=(-0.077,-0.153,-1.297) 指令速度=(0.000,0.000,0.000) 指令加速度=(0.000,0.000,0.000) 滚转角=-0.73度 俯仰角=2.65度
09:05:00.319513 [轨迹] 序号=725 单调时间=1931.338882 时间=1931.339 模式=OFFBOARD 起飞状态=高度保持 水平控制=位置保持 类型掩码=2496 实际位置NED=(-0.146,0.078,-0.634) 实际速度=(0.004,-0.107,-0.246) 最终目标=(-0.077,-0.153,-1.297) 指令位置=(-0.077,-0.153,-1.297) 指令速度=(0.000,0.000,0.000) 指令加速度=(0.000,0.000,0.000) 滚转角=-0.68度 俯仰角=2.45度
09:05:00.422987 [轨迹] 序号=726 单调时间=1931.442392 时间=1931.442 模式=OFFBOARD 起飞状态=高度保持 水平控制=位置保持 类型掩码=2496 实际位置NED=(-0.142,0.072,-0.642) 实际速度=(0.013,-0.123,-0.246) 最终目标=(-0.077,-0.153,-1.297) 指令位置=(-0.077,-0.153,-1.297) 指令速度=(0.000,0.000,0.000) 指令加速度=(0.000,0.000,0.000) 滚转角=-0.61度 俯仰角=2.23度
09:05:00.526707 [轨迹] 序号=727 单调时间=1931.546022 时间=1931.546 模式=OFFBOARD 起飞状态=高度保持 水平控制=位置保持 类型掩码=2496 实际位置NED=(-0.136,0.065,-0.652) 实际速度=(0.023,-0.139,-0.246) 最终目标=(-0.077,-0.153,-1.297) 指令位置=(-0.077,-0.153,-1.297) 指令速度=(0.000,0.000,0.000) 指令加速度=(0.000,0.000,0.000) 滚转角=-0.52度 俯仰角=2.00度
09:05:00.629636 [轨迹] 序号=728 单调时间=1931.648940 时间=1931.649 模式=OFFBOARD 起飞状态=高度保持 水平控制=位置保持 类型掩码=2496 实际位置NED=(-0.132,0.059,-0.660) 实际速度=(0.029,-0.149,-0.246) 最终目标=(-0.077,-0.153,-1.297) 指令位置=(-0.077,-0.153,-1.297) 指令速度=(0.000,0.000,0.000) 指令加速度=(0.000,0.000,0.000) 滚转角=-0.43度 俯仰角=1.77度
09:05:00.733085 [轨迹] 序号=729 单调时间=1931.752373 时间=1931.752 模式=OFFBOARD 起飞状态=高度保持 水平控制=位置保持 类型掩码=2496 实际位置NED=(-0.128,0.054,-0.668) 实际速度=(0.034,-0.157,-0.245) 最终目标=(-0.077,-0.153,-1.297) 指令位置=(-0.077,-0.153,-1.297) 指令速度=(0.000,0.000,0.000) 指令加速度=(0.000,0.000,0.000) 滚转角=-0.36度 俯仰角=1.61度
09:05:00.835971 [轨迹] 序号=730 单调时间=1931.855406 时间=1931.855 模式=OFFBOARD 起飞状态=高度保持 水平控制=位置保持 类型掩码=2496 实际位置NED=(-0.124,0.050,-0.677) 实际速度=(0.038,-0.163,-0.244) 最终目标=(-0.077,-0.153,-1.297) 指令位置=(-0.077,-0.153,-1.297) 指令速度=(0.000,0.000,0.000) 指令加速度=(0.000,0.000,0.000) 滚转角=-0.26度 俯仰角=1.41度
09:05:00.939942 [轨迹] 序号=731 单调时间=1931.959302 时间=1931.959 模式=OFFBOARD 起飞状态=高度保持 水平控制=位置保持 类型掩码=2496 实际位置NED=(-0.120,0.046,-0.685) 实际速度=(0.040,-0.167,-0.243) 最终目标=(-0.077,-0.153,-1.297) 指令位置=(-0.077,-0.153,-1.297) 指令速度=(0.000,0.000,0.000) 指令加速度=(0.000,0.000,0.000) 滚转角=-0.20度 俯仰角=1.27度
09:05:01.044586 [轨迹] 序号=732 单调时间=1932.063856 时间=1932.064 模式=OFFBOARD 起飞状态=高度保持 水平控制=位置保持 类型掩码=2496 实际位置NED=(-0.117,0.042,-0.693) 实际速度=(0.041,-0.169,-0.242) 最终目标=(-0.077,-0.153,-1.297) 指令位置=(-0.077,-0.153,-1.297) 指令速度=(0.000,0.000,0.000) 指令加速度=(0.000,0.000,0.000) 滚转角=-0.14度 俯仰角=1.16度
09:05:01.147664 [轨迹] 序号=733 单调时间=1932.166928 时间=1932.167 模式=OFFBOARD 起飞状态=高度保持 水平控制=位置保持 类型掩码=2496 实际位置NED=(-0.114,0.039,-0.703) 实际速度=(0.042,-0.169,-0.240) 最终目标=(-0.077,-0.153,-1.297) 指令位置=(-0.077,-0.153,-1.297) 指令速度=(0.000,0.000,0.000) 指令加速度=(0.000,0.000,0.000) 滚转角=-0.09度 俯仰角=1.05度
09:05:01.251490 [轨迹] 序号=734 单调时间=1932.270604 时间=1932.271 模式=OFFBOARD 起飞状态=高度保持 水平控制=位置保持 类型掩码=2496 实际位置NED=(-0.111,0.037,-0.711) 实际速度=(0.041,-0.168,-0.239) 最终目标=(-0.077,-0.153,-1.297) 指令位置=(-0.077,-0.153,-1.297) 指令速度=(0.000,0.000,0.000) 指令加速度=(0.000,0.000,0.000) 滚转角=-0.03度 俯仰角=0.94度
09:05:01.354580 [轨迹] 序号=735 单调时间=1932.373900 时间=1932.374 模式=OFFBOARD 起飞状态=高度保持 水平控制=位置保持 类型掩码=2496 实际位置NED=(-0.109,0.035,-0.719) 实际速度=(0.040,-0.166,-0.237) 最终目标=(-0.077,-0.153,-1.297) 指令位置=(-0.077,-0.153,-1.297) 指令速度=(0.000,0.000,0.000) 指令加速度=(0.000,0.000,0.000) 滚转角=0.01度 俯仰角=0.86度
09:05:01.457588 [轨迹] 序号=736 单调时间=1932.477009 时间=1932.477 模式=OFFBOARD 起飞状态=高度保持 水平控制=位置保持 类型掩码=2496 实际位置NED=(-0.106,0.033,-0.734) 实际速度=(0.036,-0.159,-0.232) 最终目标=(-0.077,-0.153,-1.297) 指令位置=(-0.077,-0.153,-1.297) 指令速度=(0.000,0.000,0.000) 指令加速度=(0.000,0.000,0.000) 滚转角=0.03度 俯仰角=0.81度
09:05:01.560723 [轨迹] 序号=737 单调时间=1932.580197 时间=1932.580 模式=OFFBOARD 起飞状态=高度保持 水平控制=位置保持 类型掩码=2496 实际位置NED=(-0.106,0.033,-0.734) 实际速度=(0.036,-0.159,-0.232) 最终目标=(-0.077,-0.153,-1.297) 指令位置=(-0.077,-0.153,-1.297) 指令速度=(0.000,0.000,0.000) 指令加速度=(0.000,0.000,0.000) 滚转角=0.04度 俯仰角=0.79度
09:05:01.664093 [轨迹] 序号=738 单调时间=1932.683434 时间=1932.683 模式=OFFBOARD 起飞状态=高度保持 水平控制=位置保持 类型掩码=2496 实际位置NED=(-0.105,0.032,-0.741) 实际速度=(0.033,-0.155,-0.230) 最终目标=(-0.077,-0.153,-1.297) 指令位置=(-0.077,-0.153,-1.297) 指令速度=(0.000,0.000,0.000) 指令加速度=(0.000,0.000,0.000) 滚转角=0.04度 俯仰角=0.79度
09:05:01.767217 [轨迹] 序号=739 单调时间=1932.786534 时间=1932.787 模式=OFFBOARD 起飞状态=高度保持 水平控制=位置保持 类型掩码=2496 实际位置NED=(-0.103,0.032,-0.757) 实际速度=(0.028,-0.146,-0.225) 最终目标=(-0.077,-0.153,-1.297) 指令位置=(-0.077,-0.153,-1.297) 指令速度=(0.000,0.000,0.000) 指令加速度=(0.000,0.000,0.000) 滚转角=0.03度 俯仰角=0.80度
09:05:01.870621 [轨迹] 序号=740 单调时间=1932.889989 时间=1932.890 模式=OFFBOARD 起飞状态=高度保持 水平控制=位置保持 类型掩码=2496 实际位置NED=(-0.103,0.033,-0.763) 实际速度=(0.026,-0.142,-0.222) 最终目标=(-0.077,-0.153,-1.297) 指令位置=(-0.077,-0.153,-1.297) 指令速度=(0.000,0.000,0.000) 指令加速度=(0.000,0.000,0.000) 滚转角=0.01度 俯仰角=0.84度
09:05:01.973808 [轨迹] 序号=741 单调时间=1932.993276 时间=1932.993 模式=OFFBOARD 起飞状态=高度保持 水平控制=位置保持 类型掩码=2496 实际位置NED=(-0.103,0.033,-0.763) 实际速度=(0.026,-0.142,-0.222) 最终目标=(-0.077,-0.153,-1.297) 指令位置=(-0.077,-0.153,-1.297) 指令速度=(0.000,0.000,0.000) 指令加速度=(0.000,0.000,0.000) 滚转角=-0.01度 俯仰角=0.87度
09:05:02.079365 [轨迹] 序号=742 单调时间=1933.098823 时间=1933.099 模式=OFFBOARD 起飞状态=高度保持 水平控制=位置保持 类型掩码=2496 实际位置NED=(-0.103,0.035,-0.776) 实际速度=(0.022,-0.135,-0.218) 最终目标=(-0.077,-0.153,-1.297) 指令位置=(-0.077,-0.153,-1.297) 指令速度=(0.000,0.000,0.000) 指令加速度=(0.000,0.000,0.000) 滚转角=-0.04度 俯仰角=0.93度
09:05:02.181526 [轨迹] 序号=743 单调时间=1933.200876 时间=1933.201 模式=OFFBOARD 起飞状态=高度保持 水平控制=位置保持 类型掩码=2496 实际位置NED=(-0.103,0.035,-0.776) 实际速度=(0.022,-0.135,-0.218) 最终目标=(-0.077,-0.153,-1.297) 指令位置=(-0.077,-0.153,-1.297) 指令速度=(0.000,0.000,0.000) 指令加速度=(0.000,0.000,0.000) 滚转角=-0.05度 俯仰角=0.95度
09:05:02.285143 [轨迹] 序号=744 单调时间=1933.304463 时间=1933.304 模式=OFFBOARD 起飞状态=高度保持 水平控制=位置保持 类型掩码=2496 实际位置NED=(-0.103,0.036,-0.782) 实际速度=(0.021,-0.132,-0.216) 最终目标=(-0.077,-0.153,-1.297) 指令位置=(-0.077,-0.153,-1.297) 指令速度=(0.000,0.000,0.000) 指令加速度=(0.000,0.000,0.000) 滚转角=-0.09度 俯仰角=1.03度
09:05:02.388409 [轨迹] 序号=745 单调时间=1933.407789 时间=1933.408 模式=OFFBOARD 起飞状态=高度保持 水平控制=位置保持 类型掩码=2496 实际位置NED=(-0.104,0.038,-0.796) 实际速度=(0.019,-0.127,-0.212) 最终目标=(-0.077,-0.153,-1.297) 指令位置=(-0.077,-0.153,-1.297) 指令速度=(0.000,0.000,0.000) 指令加速度=(0.000,0.000,0.000) 滚转角=-0.12度 俯仰角=1.10度
09:05:02.491632 [轨迹] 序号=746 单调时间=1933.511051 时间=1933.511 模式=OFFBOARD 起飞状态=高度保持 水平控制=位置保持 类型掩码=2496 实际位置NED=(-0.104,0.040,-0.802) 实际速度=(0.019,-0.126,-0.210) 最终目标=(-0.077,-0.153,-1.297) 指令位置=(-0.077,-0.153,-1.297) 指令速度=(0.000,0.000,0.000) 指令加速度=(0.000,0.000,0.000) 滚转角=-0.15度 俯仰角=1.18度
09:05:02.594524 [轨迹] 序号=747 单调时间=1933.613912 时间=1933.614 模式=OFFBOARD 起飞状态=高度保持 水平控制=位置保持 类型掩码=2496 实际位置NED=(-0.104,0.040,-0.802) 实际速度=(0.019,-0.126,-0.210) 最终目标=(-0.077,-0.153,-1.297) 指令位置=(-0.077,-0.153,-1.297) 指令速度=(0.000,0.000,0.000) 指令加速度=(0.000,0.000,0.000) 滚转角=-0.17度 俯仰角=1.22度
09:05:02.697841 [轨迹] 序号=748 单调时间=1933.717208 时间=1933.717 模式=OFFBOARD 起飞状态=高度保持 水平控制=位置保持 类型掩码=2496 实际位置NED=(-0.104,0.042,-0.814) 实际速度=(0.019,-0.126,-0.207) 最终目标=(-0.077,-0.153,-1.297) 指令位置=(-0.077,-0.153,-1.297) 指令速度=(0.000,0.000,0.000) 指令加速度=(0.000,0.000,0.000) 滚转角=-0.21度 俯仰角=1.32度
09:05:02.801401 [轨迹] 序号=749 单调时间=1933.820734 时间=1933.821 模式=OFFBOARD 起飞状态=高度保持 水平控制=位置保持 类型掩码=2496 实际位置NED=(-0.105,0.043,-0.819) 实际速度=(0.020,-0.127,-0.205) 最终目标=(-0.077,-0.153,-1.297) 指令位置=(-0.077,-0.153,-1.297) 指令速度=(0.000,0.000,0.000) 指令加速度=(0.000,0.000,0.000) 滚转角=-0.23度 俯仰角=1.37度
09:05:02.905096 [轨迹] 序号=750 单调时间=1933.924561 时间=1933.925 模式=OFFBOARD 起飞状态=高度保持 水平控制=位置保持 类型掩码=2496 实际位置NED=(-0.105,0.044,-0.826) 实际速度=(0.021,-0.128,-0.203) 最终目标=(-0.077,-0.153,-1.297) 指令位置=(-0.077,-0.153,-1.297) 指令速度=(0.000,0.000,0.000) 指令加速度=(0.000,0.000,0.000) 滚转角=-0.25度 俯仰角=1.43度
09:05:03.008051 [轨迹] 序号=751 单调时间=1934.027471 时间=1934.027 模式=OFFBOARD 起飞状态=高度保持 水平控制=位置保持 类型掩码=2496 实际位置NED=(-0.105,0.045,-0.838) 实际速度=(0.024,-0.132,-0.201) 最终目标=(-0.077,-0.153,-1.297) 指令位置=(-0.077,-0.153,-1.297) 指令速度=(0.000,0.000,0.000) 指令加速度=(0.000,0.000,0.000) 滚转角=-0.26度 俯仰角=1.49度
09:05:03.111147 [轨迹] 序号=752 单调时间=1934.130389 时间=1934.130 模式=OFFBOARD 起飞状态=高度保持 水平控制=位置保持 类型掩码=2496 实际位置NED=(-0.105,0.045,-0.838) 实际速度=(0.024,-0.132,-0.201) 最终目标=(-0.077,-0.153,-1.297) 指令位置=(-0.077,-0.153,-1.297) 指令速度=(0.000,0.000,0.000) 指令加速度=(0.000,0.000,0.000) 滚转角=-0.27度 俯仰角=1.51度
09:05:03.214243 [轨迹] 序号=753 单调时间=1934.233678 时间=1934.234 模式=OFFBOARD 起飞状态=高度保持 水平控制=位置保持 类型掩码=2496 实际位置NED=(-0.105,0.046,-0.849) 实际速度=(0.027,-0.136,-0.198) 最终目标=(-0.077,-0.153,-1.297) 指令位置=(-0.077,-0.153,-1.297) 指令速度=(0.000,0.000,0.000) 指令加速度=(0.000,0.000,0.000) 滚转角=-0.27度 俯仰角=1.55度
09:05:03.317352 [轨迹] 序号=754 单调时间=1934.336712 时间=1934.337 模式=OFFBOARD 起飞状态=高度保持 水平控制=位置保持 类型掩码=2496 实际位置NED=(-0.105,0.046,-0.855) 实际速度=(0.029,-0.139,-0.197) 最终目标=(-0.077,-0.153,-1.297) 指令位置=(-0.077,-0.153,-1.297) 指令速度=(0.000,0.000,0.000) 指令加速度=(0.000,0.000,0.000) 滚转角=-0.26度 俯仰角=1.56度
09:05:03.420474 [轨迹] 序号=755 单调时间=1934.439588 时间=1934.440 模式=OFFBOARD 起飞状态=高度保持 水平控制=位置保持 类型掩码=2496 实际位置NED=(-0.105,0.046,-0.862) 实际速度=(0.031,-0.142,-0.195) 最终目标=(-0.077,-0.153,-1.297) 指令位置=(-0.077,-0.153,-1.297) 指令速度=(0.000,0.000,0.000) 指令加速度=(0.000,0.000,0.000) 滚转角=-0.26度 俯仰角=1.58度
09:05:03.523545 [轨迹] 序号=756 单调时间=1934.543008 时间=1934.543 模式=OFFBOARD 起飞状态=高度保持 水平控制=位置保持 类型掩码=2496 实际位置NED=(-0.105,0.046,-0.868) 实际速度=(0.032,-0.144,-0.194) 最终目标=(-0.077,-0.153,-1.297) 指令位置=(-0.077,-0.153,-1.297) 指令速度=(0.000,0.000,0.000) 指令加速度=(0.000,0.000,0.000) 滚转角=-0.24度 俯仰角=1.58度
09:05:03.626987 [轨迹] 序号=757 单调时间=1934.646345 时间=1934.646 模式=OFFBOARD 起飞状态=高度保持 水平控制=位置保持 类型掩码=2496 实际位置NED=(-0.105,0.045,-0.873) 实际速度=(0.033,-0.147,-0.192) 最终目标=(-0.077,-0.153,-1.297) 指令位置=(-0.077,-0.153,-1.297) 指令速度=(0.000,0.000,0.000) 指令加速度=(0.000,0.000,0.000) 滚转角=-0.23度 俯仰角=1.58度
09:05:03.730226 [轨迹] 序号=758 单调时间=1934.749554 时间=1934.750 模式=OFFBOARD 起飞状态=高度保持 水平控制=位置保持 类型掩码=2496 实际位置NED=(-0.105,0.044,-0.885) 实际速度=(0.035,-0.152,-0.189) 最终目标=(-0.077,-0.153,-1.297) 指令位置=(-0.077,-0.153,-1.297) 指令速度=(0.000,0.000,0.000) 指令加速度=(0.000,0.000,0.000) 滚转角=-0.21度 俯仰角=1.58度
09:05:03.833264 [轨迹] 序号=759 单调时间=1934.852599 时间=1934.853 模式=OFFBOARD 起飞状态=高度保持 水平控制=位置保持 类型掩码=2496 实际位置NED=(-0.104,0.044,-0.890) 实际速度=(0.036,-0.154,-0.188) 最终目标=(-0.077,-0.153,-1.297) 指令位置=(-0.077,-0.153,-1.297) 指令速度=(0.000,0.000,0.000) 指令加速度=(0.000,0.000,0.000) 滚转角=-0.19度 俯仰角=1.56度
09:05:03.936580 [轨迹] 序号=760 单调时间=1934.955999 时间=1934.956 模式=OFFBOARD 起飞状态=高度保持 水平控制=位置保持 类型掩码=2496 实际位置NED=(-0.104,0.043,-0.898) 实际速度=(0.037,-0.157,-0.186) 最终目标=(-0.077,-0.153,-1.297) 指令位置=(-0.077,-0.153,-1.297) 指令速度=(0.000,0.000,0.000) 指令加速度=(0.000,0.000,0.000) 滚转角=-0.18度 俯仰角=1.55度
09:05:04.039805 [轨迹] 序号=761 单调时间=1935.059204 时间=1935.059 模式=OFFBOARD 起飞状态=高度保持 水平控制=位置保持 类型掩码=2496 实际位置NED=(-0.104,0.042,-0.903) 实际速度=(0.037,-0.158,-0.184) 最终目标=(-0.077,-0.153,-1.297) 指令位置=(-0.077,-0.153,-1.297) 指令速度=(0.000,0.000,0.000) 指令加速度=(0.000,0.000,0.000) 滚转角=-0.15度 俯仰角=1.53度
09:05:04.142302 [轨迹] 序号=762 单调时间=1935.161657 时间=1935.162 模式=OFFBOARD 起飞状态=高度保持 水平控制=位置保持 类型掩码=2496 实际位置NED=(-0.104,0.041,-0.909) 实际速度=(0.037,-0.160,-0.182) 最终目标=(-0.077,-0.153,-1.297) 指令位置=(-0.077,-0.153,-1.297) 指令速度=(0.000,0.000,0.000) 指令加速度=(0.000,0.000,0.000) 滚转角=-0.14度 俯仰角=1.52度
09:05:04.245099 [轨迹] 序号=763 单调时间=1935.264538 时间=1935.265 模式=OFFBOARD 起飞状态=高度保持 水平控制=位置保持 类型掩码=2496 实际位置NED=(-0.104,0.040,-0.915) 实际速度=(0.037,-0.162,-0.181) 最终目标=(-0.077,-0.153,-1.297) 指令位置=(-0.077,-0.153,-1.297) 指令速度=(0.000,0.000,0.000) 指令加速度=(0.000,0.000,0.000) 滚转角=-0.13度 俯仰角=1.51度
09:05:04.348007 [轨迹] 序号=764 单调时间=1935.367400 时间=1935.367 模式=OFFBOARD 起飞状态=高度保持 水平控制=位置保持 类型掩码=2496 实际位置NED=(-0.105,0.039,-0.920) 实际速度=(0.037,-0.163,-0.179) 最终目标=(-0.077,-0.153,-1.297) 指令位置=(-0.077,-0.153,-1.297) 指令速度=(0.000,0.000,0.000) 指令加速度=(0.000,0.000,0.000) 滚转角=-0.11度 俯仰角=1.49度
09:05:04.451119 [轨迹] 序号=765 单调时间=1935.470561 时间=1935.471 模式=OFFBOARD 起飞状态=高度保持 水平控制=位置保持 类型掩码=2496 实际位置NED=(-0.105,0.039,-0.926) 实际速度=(0.036,-0.164,-0.177) 最终目标=(-0.077,-0.153,-1.297) 指令位置=(-0.077,-0.153,-1.297) 指令速度=(0.000,0.000,0.000) 指令加速度=(0.000,0.000,0.000) 滚转角=-0.10度 俯仰角=1.48度
09:05:04.554030 [轨迹] 序号=766 单调时间=1935.573332 时间=1935.573 模式=OFFBOARD 起飞状态=高度保持 水平控制=位置保持 类型掩码=2496 实际位置NED=(-0.105,0.037,-0.933) 实际速度=(0.035,-0.165,-0.174) 最终目标=(-0.077,-0.153,-1.297) 指令位置=(-0.077,-0.153,-1.297) 指令速度=(0.000,0.000,0.000) 指令加速度=(0.000,0.000,0.000) 滚转角=-0.09度 俯仰角=1.46度
09:05:04.657211 [轨迹] 序号=767 单调时间=1935.676562 时间=1935.677 模式=OFFBOARD 起飞状态=高度保持 水平控制=位置保持 类型掩码=2496 实际位置NED=(-0.105,0.037,-0.939) 实际速度=(0.034,-0.166,-0.172) 最终目标=(-0.077,-0.153,-1.297) 指令位置=(-0.077,-0.153,-1.297) 指令速度=(0.000,0.000,0.000) 指令加速度=(0.000,0.000,0.000) 滚转角=-0.08度 俯仰角=1.44度
09:05:04.760282 [轨迹] 序号=768 单调时间=1935.779451 时间=1935.779 模式=OFFBOARD 起飞状态=高度保持 水平控制=位置保持 类型掩码=2496 实际位置NED=(-0.106,0.036,-0.944) 实际速度=(0.033,-0.167,-0.170) 最终目标=(-0.077,-0.153,-1.297) 指令位置=(-0.077,-0.153,-1.297) 指令速度=(0.000,0.000,0.000) 指令加速度=(0.000,0.000,0.000) 滚转角=-0.07度 俯仰角=1.43度
09:05:04.863203 [轨迹] 序号=769 单调时间=1935.882694 时间=1935.883 模式=OFFBOARD 起飞状态=高度保持 水平控制=位置保持 类型掩码=2496 实际位置NED=(-0.106,0.035,-0.950) 实际速度=(0.033,-0.167,-0.167) 最终目标=(-0.077,-0.153,-1.297) 指令位置=(-0.077,-0.153,-1.297) 指令速度=(0.000,0.000,0.000) 指令加速度=(0.000,0.000,0.000) 滚转角=-0.07度 俯仰角=1.42度
09:05:04.966843 [轨迹] 序号=770 单调时间=1935.986194 时间=1935.986 模式=OFFBOARD 起飞状态=高度保持 水平控制=位置保持 类型掩码=2496 实际位置NED=(-0.107,0.033,-0.960) 实际速度=(0.031,-0.167,-0.163) 最终目标=(-0.077,-0.153,-1.297) 指令位置=(-0.077,-0.153,-1.297) 指令速度=(0.000,0.000,0.000) 指令加速度=(0.000,0.000,0.000) 滚转角=-0.07度 俯仰角=1.41度
09:05:05.070383 [轨迹] 序号=771 单调时间=1936.089333 时间=1936.089 模式=OFFBOARD 起飞状态=高度保持 水平控制=位置保持 类型掩码=2496 实际位置NED=(-0.107,0.033,-0.960) 实际速度=(0.031,-0.167,-0.163) 最终目标=(-0.077,-0.153,-1.297) 指令位置=(-0.077,-0.153,-1.297) 指令速度=(0.000,0.000,0.000) 指令加速度=(0.000,0.000,0.000) 滚转角=-0.07度 俯仰角=1.40度
09:05:05.173527 [轨迹] 序号=772 单调时间=1936.192827 时间=1936.193 模式=OFFBOARD 起飞状态=高度保持 水平控制=位置保持 类型掩码=2496 实际位置NED=(-0.108,0.031,-0.972) 实际速度=(0.028,-0.168,-0.157) 最终目标=(-0.077,-0.153,-1.297) 指令位置=(-0.077,-0.153,-1.297) 指令速度=(0.000,0.000,0.000) 指令加速度=(0.000,0.000,0.000) 滚转角=-0.08度 俯仰角=1.39度
09:05:05.276961 [轨迹] 序号=773 单调时间=1936.296213 时间=1936.296 模式=OFFBOARD 起飞状态=高度保持 水平控制=位置保持 类型掩码=2496 实际位置NED=(-0.109,0.030,-0.977) 实际速度=(0.028,-0.168,-0.155) 最终目标=(-0.077,-0.153,-1.297) 指令位置=(-0.077,-0.153,-1.297) 指令速度=(0.000,0.000,0.000) 指令加速度=(0.000,0.000,0.000) 滚转角=-0.09度 俯仰角=1.39度
09:05:05.380039 [轨迹] 序号=774 单调时间=1936.399419 时间=1936.399 模式=OFFBOARD 起飞状态=高度保持 水平控制=位置保持 类型掩码=2496 实际位置NED=(-0.109,0.029,-0.983) 实际速度=(0.027,-0.168,-0.152) 最终目标=(-0.077,-0.153,-1.297) 指令位置=(-0.077,-0.153,-1.297) 指令速度=(0.000,0.000,0.000) 指令加速度=(0.000,0.000,0.000) 滚转角=-0.10度 俯仰角=1.39度
09:05:05.483453 [轨迹] 序号=775 单调时间=1936.502646 时间=1936.503 模式=OFFBOARD 起飞状态=高度保持 水平控制=位置保持 类型掩码=2496 实际位置NED=(-0.110,0.028,-0.988) 实际速度=(0.026,-0.167,-0.150) 最终目标=(-0.077,-0.153,-1.297) 指令位置=(-0.077,-0.153,-1.297) 指令速度=(0.000,0.000,0.000) 指令加速度=(0.000,0.000,0.000) 滚转角=-0.11度 俯仰角=1.38度
09:05:05.586731 [轨迹] 序号=776 单调时间=1936.606080 时间=1936.606 模式=OFFBOARD 起飞状态=高度保持 水平控制=位置保持 类型掩码=2496 实际位置NED=(-0.110,0.027,-0.993) 实际速度=(0.025,-0.167,-0.147) 最终目标=(-0.077,-0.153,-1.297) 指令位置=(-0.077,-0.153,-1.297) 指令速度=(0.000,0.000,0.000) 指令加速度=(0.000,0.000,0.000) 滚转角=-0.13度 俯仰角=1.38度
09:05:05.690193 [轨迹] 序号=777 单调时间=1936.709455 时间=1936.709 模式=OFFBOARD 起飞状态=高度保持 水平控制=位置保持 类型掩码=2496 实际位置NED=(-0.111,0.026,-0.999) 实际速度=(0.025,-0.167,-0.144) 最终目标=(-0.077,-0.153,-1.297) 指令位置=(-0.077,-0.153,-1.297) 指令速度=(0.000,0.000,0.000) 指令加速度=(0.000,0.000,0.000) 滚转角=-0.14度 俯仰角=1.38度
09:05:05.794233 [轨迹] 序号=778 单调时间=1936.813507 时间=1936.814 模式=OFFBOARD 起飞状态=高度保持 水平控制=位置保持 类型掩码=2496 实际位置NED=(-0.112,0.025,-1.004) 实际速度=(0.024,-0.167,-0.141) 最终目标=(-0.077,-0.153,-1.297) 指令位置=(-0.077,-0.153,-1.297) 指令速度=(0.000,0.000,0.000) 指令加速度=(0.000,0.000,0.000) 滚转角=-0.16度 俯仰角=1.38度
09:05:05.898089 [轨迹] 序号=779 单调时间=1936.917429 时间=1936.917 模式=OFFBOARD 起飞状态=高度保持 水平控制=位置保持 类型掩码=2496 实际位置NED=(-0.112,0.024,-1.008) 实际速度=(0.024,-0.167,-0.139) 最终目标=(-0.077,-0.153,-1.297) 指令位置=(-0.077,-0.153,-1.297) 指令速度=(0.000,0.000,0.000) 指令加速度=(0.000,0.000,0.000) 滚转角=-0.17度 俯仰角=1.38度
09:05:06.001077 [轨迹] 序号=780 单调时间=1937.020470 时间=1937.020 模式=OFFBOARD 起飞状态=高度保持 水平控制=位置保持 类型掩码=2496 实际位置NED=(-0.113,0.023,-1.013) 实际速度=(0.024,-0.166,-0.137) 最终目标=(-0.077,-0.153,-1.297) 指令位置=(-0.077,-0.153,-1.297) 指令速度=(0.000,0.000,0.000) 指令加速度=(0.000,0.000,0.000) 滚转角=-0.19度 俯仰角=1.38度
09:05:06.105200 [轨迹] 序号=781 单调时间=1937.124530 时间=1937.125 模式=OFFBOARD 起飞状态=高度保持 水平控制=位置保持 类型掩码=2496 实际位置NED=(-0.113,0.022,-1.018) 实际速度=(0.024,-0.166,-0.134) 最终目标=(-0.077,-0.153,-1.297) 指令位置=(-0.077,-0.153,-1.297) 指令速度=(0.000,0.000,0.000) 指令加速度=(0.000,0.000,0.000) 滚转角=-0.21度 俯仰角=1.38度
09:05:06.208272 [轨迹] 序号=782 单调时间=1937.227403 时间=1937.227 模式=OFFBOARD 起飞状态=高度保持 水平控制=位置保持 类型掩码=2496 实际位置NED=(-0.114,0.021,-1.022) 实际速度=(0.024,-0.166,-0.132) 最终目标=(-0.077,-0.153,-1.297) 指令位置=(-0.077,-0.153,-1.297) 指令速度=(0.000,0.000,0.000) 指令加速度=(0.000,0.000,0.000) 滚转角=-0.22度 俯仰角=1.37度
09:05:06.311450 [轨迹] 序号=783 单调时间=1937.330813 时间=1937.331 模式=OFFBOARD 起飞状态=高度保持 水平控制=位置保持 类型掩码=2496 实际位置NED=(-0.115,0.018,-1.032) 实际速度=(0.025,-0.166,-0.127) 最终目标=(-0.077,-0.153,-1.297) 指令位置=(-0.077,-0.153,-1.297) 指令速度=(0.000,0.000,0.000) 指令加速度=(0.000,0.000,0.000) 滚转角=-0.24度 俯仰角=1.37度
09:05:06.415019 [轨迹] 序号=784 单调时间=1937.434073 时间=1937.434 模式=OFFBOARD 起飞状态=高度保持 水平控制=位置保持 类型掩码=2496 实际位置NED=(-0.115,0.017,-1.036) 实际速度=(0.025,-0.166,-0.124) 最终目标=(-0.077,-0.153,-1.297) 指令位置=(-0.077,-0.153,-1.297) 指令速度=(0.000,0.000,0.000) 指令加速度=(0.000,0.000,0.000) 滚转角=-0.25度 俯仰角=1.37度
09:05:06.518161 [轨迹] 序号=785 单调时间=1937.537435 时间=1937.537 模式=OFFBOARD 起飞状态=高度保持 水平控制=位置保持 类型掩码=2496 实际位置NED=(-0.115,0.017,-1.036) 实际速度=(0.025,-0.166,-0.124) 最终目标=(-0.077,-0.153,-1.297) 指令位置=(-0.077,-0.153,-1.297) 指令速度=(0.000,0.000,0.000) 指令加速度=(0.000,0.000,0.000) 滚转角=-0.26度 俯仰角=1.37度
09:05:06.621829 [轨迹] 序号=786 单调时间=1937.641207 时间=1937.641 模式=OFFBOARD 起飞状态=高度保持 水平控制=位置保持 类型掩码=2496 实际位置NED=(-0.116,0.014,-1.045) 实际速度=(0.026,-0.165,-0.120) 最终目标=(-0.077,-0.153,-1.297) 指令位置=(-0.077,-0.153,-1.297) 指令速度=(0.000,0.000,0.000) 指令加速度=(0.000,0.000,0.000) 滚转角=-0.28度 俯仰角=1.36度
09:05:06.725465 [轨迹] 序号=787 单调时间=1937.744396 时间=1937.744 模式=OFFBOARD 起飞状态=高度保持 水平控制=位置保持 类型掩码=2496 实际位置NED=(-0.116,0.013,-1.049) 实际速度=(0.027,-0.165,-0.118) 最终目标=(-0.077,-0.153,-1.297) 指令位置=(-0.077,-0.153,-1.297) 指令速度=(0.000,0.000,0.000) 指令加速度=(0.000,0.000,0.000) 滚转角=-0.29度 俯仰角=1.35度
09:05:06.829282 [轨迹] 序号=788 单调时间=1937.848483 时间=1937.848 模式=OFFBOARD 起飞状态=高度保持 水平控制=位置保持 类型掩码=2496 实际位置NED=(-0.116,0.011,-1.054) 实际速度=(0.028,-0.165,-0.115) 最终目标=(-0.077,-0.153,-1.297) 指令位置=(-0.077,-0.153,-1.297) 指令速度=(0.000,0.000,0.000) 指令加速度=(0.000,0.000,0.000) 滚转角=-0.30度 俯仰角=1.35度
09:05:06.932966 [轨迹] 序号=789 单调时间=1937.952358 时间=1937.952 模式=OFFBOARD 起飞状态=高度保持 水平控制=位置保持 类型掩码=2496 实际位置NED=(-0.116,0.009,-1.058) 实际速度=(0.029,-0.164,-0.113) 最终目标=(-0.077,-0.153,-1.297) 指令位置=(-0.077,-0.153,-1.297) 指令速度=(0.000,0.000,0.000) 指令加速度=(0.000,0.000,0.000) 滚转角=-0.31度 俯仰角=1.34度
09:05:07.036960 [轨迹] 序号=790 单调时间=1938.056302 时间=1938.056 模式=OFFBOARD 起飞状态=高度保持 水平控制=位置保持 类型掩码=2496 实际位置NED=(-0.116,0.007,-1.061) 实际速度=(0.030,-0.164,-0.111) 最终目标=(-0.077,-0.153,-1.297) 指令位置=(-0.077,-0.153,-1.297) 指令速度=(0.000,0.000,0.000) 指令加速度=(0.000,0.000,0.000) 滚转角=-0.31度 俯仰角=1.33度
09:05:07.140317 [轨迹] 序号=791 单调时间=1938.159737 时间=1938.160 模式=OFFBOARD 起飞状态=高度保持 水平控制=位置保持 类型掩码=2496 实际位置NED=(-0.117,0.006,-1.065) 实际速度=(0.031,-0.164,-0.109) 最终目标=(-0.077,-0.153,-1.297) 指令位置=(-0.077,-0.153,-1.297) 指令速度=(0.000,0.000,0.000) 指令加速度=(0.000,0.000,0.000) 滚转角=-0.32度 俯仰角=1.32度
09:05:07.243238 [轨迹] 序号=792 单调时间=1938.262748 时间=1938.263 模式=OFFBOARD 起飞状态=高度保持 水平控制=位置保持 类型掩码=2496 实际位置NED=(-0.117,0.004,-1.069) 实际速度=(0.031,-0.164,-0.107) 最终目标=(-0.077,-0.153,-1.297) 指令位置=(-0.077,-0.153,-1.297) 指令速度=(0.000,0.000,0.000) 指令加速度=(0.000,0.000,0.000) 滚转角=-0.32度 俯仰角=1.32度
09:05:07.346750 [轨迹] 序号=793 单调时间=1938.366177 时间=1938.366 模式=OFFBOARD 起飞状态=高度保持 水平控制=位置保持 类型掩码=2496 实际位置NED=(-0.117,0.002,-1.073) 实际速度=(0.032,-0.163,-0.105) 最终目标=(-0.077,-0.153,-1.297) 指令位置=(-0.077,-0.153,-1.297) 指令速度=(0.000,0.000,0.000) 指令加速度=(0.000,0.000,0.000) 滚转角=-0.32度 俯仰角=1.31度
09:05:07.450302 [轨迹] 序号=794 单调时间=1938.469587 时间=1938.470 模式=OFFBOARD 起飞状态=高度保持 水平控制=位置保持 类型掩码=2496 实际位置NED=(-0.117,-0.002,-1.080) 实际速度=(0.034,-0.162,-0.100) 最终目标=(-0.077,-0.153,-1.297) 指令位置=(-0.077,-0.153,-1.297) 指令速度=(0.000,0.000,0.000) 指令加速度=(0.000,0.000,0.000) 滚转角=-0.32度 俯仰角=1.29度
09:05:07.553998 [轨迹] 序号=795 单调时间=1938.573299 时间=1938.573 模式=OFFBOARD 起飞状态=高度保持 水平控制=位置保持 类型掩码=2496 实际位置NED=(-0.117,-0.004,-1.084) 实际速度=(0.035,-0.161,-0.099) 最终目标=(-0.077,-0.153,-1.297) 指令位置=(-0.077,-0.153,-1.297) 指令速度=(0.000,0.000,0.000) 指令加速度=(0.000,0.000,0.000) 滚转角=-0.32度 俯仰角=1.28度
09:05:07.657344 [轨迹] 序号=796 单调时间=1938.676598 时间=1938.677 模式=OFFBOARD 起飞状态=高度保持 水平控制=位置保持 类型掩码=2496 实际位置NED=(-0.117,-0.006,-1.087) 实际速度=(0.035,-0.161,-0.097) 最终目标=(-0.077,-0.153,-1.297) 指令位置=(-0.077,-0.153,-1.297) 指令速度=(0.000,0.000,0.000) 指令加速度=(0.000,0.000,0.000) 滚转角=-0.32度 俯仰角=1.27度
09:05:07.760701 [轨迹] 序号=797 单调时间=1938.779889 时间=1938.780 模式=OFFBOARD 起飞状态=高度保持 水平控制=位置保持 类型掩码=2496 实际位置NED=(-0.117,-0.008,-1.090) 实际速度=(0.036,-0.160,-0.095) 最终目标=(-0.077,-0.153,-1.297) 指令位置=(-0.077,-0.153,-1.297) 指令速度=(0.000,0.000,0.000) 指令加速度=(0.000,0.000,0.000) 滚转角=-0.32度 俯仰角=1.26度
09:05:07.863735 [轨迹] 序号=798 单调时间=1938.883098 时间=1938.883 模式=OFFBOARD 起飞状态=高度保持 水平控制=位置保持 类型掩码=2496 实际位置NED=(-0.117,-0.010,-1.094) 实际速度=(0.037,-0.160,-0.093) 最终目标=(-0.077,-0.153,-1.297) 指令位置=(-0.077,-0.153,-1.297) 指令速度=(0.000,0.000,0.000) 指令加速度=(0.000,0.000,0.000) 滚转角=-0.31度 俯仰角=1.25度
09:05:07.968940 [轨迹] 序号=799 单调时间=1938.987870 时间=1938.988 模式=OFFBOARD 起飞状态=高度保持 水平控制=位置保持 类型掩码=2496 实际位置NED=(-0.117,-0.013,-1.098) 实际速度=(0.037,-0.159,-0.091) 最终目标=(-0.077,-0.153,-1.297) 指令位置=(-0.077,-0.153,-1.297) 指令速度=(0.000,0.000,0.000) 指令加速度=(0.000,0.000,0.000) 滚转角=-0.31度 俯仰角=1.23度
09:05:08.071797 [轨迹] 序号=800 单调时间=1939.091181 时间=1939.091 模式=OFFBOARD 起飞状态=高度保持 水平控制=位置保持 类型掩码=2496 实际位置NED=(-0.117,-0.015,-1.101) 实际速度=(0.038,-0.158,-0.089) 最终目标=(-0.077,-0.153,-1.297) 指令位置=(-0.077,-0.153,-1.297) 指令速度=(0.000,0.000,0.000) 指令加速度=(0.000,0.000,0.000) 滚转角=-0.31度 俯仰角=1.22度
09:05:08.175236 [轨迹] 序号=801 单调时间=1939.194666 时间=1939.195 模式=OFFBOARD 起飞状态=高度保持 水平控制=位置保持 类型掩码=2496 实际位置NED=(-0.117,-0.018,-1.103) 实际速度=(0.038,-0.157,-0.088) 最终目标=(-0.077,-0.153,-1.297) 指令位置=(-0.077,-0.153,-1.297) 指令速度=(0.000,0.000,0.000) 指令加速度=(0.000,0.000,0.000) 滚转角=-0.30度 俯仰角=1.21度
09:05:08.278036 [轨迹] 序号=802 单调时间=1939.297469 时间=1939.297 模式=OFFBOARD 起飞状态=高度保持 水平控制=位置保持 类型掩码=2496 实际位置NED=(-0.117,-0.023,-1.109) 实际速度=(0.038,-0.156,-0.085) 最终目标=(-0.077,-0.153,-1.297) 指令位置=(-0.077,-0.153,-1.297) 指令速度=(0.000,0.000,0.000) 指令加速度=(0.000,0.000,0.000) 滚转角=-0.30度 俯仰角=1.19度
09:05:08.381528 [轨迹] 序号=803 单调时间=1939.400953 时间=1939.401 模式=OFFBOARD 起飞状态=高度保持 水平控制=位置保持 类型掩码=2496 实际位置NED=(-0.117,-0.025,-1.112) 实际速度=(0.039,-0.155,-0.083) 最终目标=(-0.077,-0.153,-1.297) 指令位置=(-0.077,-0.153,-1.297) 指令速度=(0.000,0.000,0.000) 指令加速度=(0.000,0.000,0.000) 滚转角=-0.30度 俯仰角=1.18度
09:05:08.484742 [轨迹] 序号=804 单调时间=1939.503969 时间=1939.504 模式=OFFBOARD 起飞状态=高度保持 水平控制=位置保持 类型掩码=2496 实际位置NED=(-0.117,-0.025,-1.112) 实际速度=(0.039,-0.155,-0.083) 最终目标=(-0.077,-0.153,-1.297) 指令位置=(-0.077,-0.153,-1.297) 指令速度=(0.000,0.000,0.000) 指令加速度=(0.000,0.000,0.000) 滚转角=-0.30度 俯仰角=1.17度
09:05:08.588246 [轨迹] 序号=805 单调时间=1939.607078 时间=1939.607 模式=OFFBOARD 起飞状态=高度保持 水平控制=位置保持 类型掩码=2496 实际位置NED=(-0.118,-0.031,-1.118) 实际速度=(0.039,-0.153,-0.080) 最终目标=(-0.077,-0.153,-1.297) 指令位置=(-0.077,-0.153,-1.297) 指令速度=(0.000,0.000,0.000) 指令加速度=(0.000,0.000,0.000) 滚转角=-0.30度 俯仰角=1.15度
09:05:08.691438 [轨迹] 序号=806 单调时间=1939.710863 时间=1939.711 模式=OFFBOARD 起飞状态=高度保持 水平控制=位置保持 类型掩码=2496 实际位置NED=(-0.118,-0.034,-1.121) 实际速度=(0.039,-0.152,-0.079) 最终目标=(-0.077,-0.153,-1.297) 指令位置=(-0.077,-0.153,-1.297) 指令速度=(0.000,0.000,0.000) 指令加速度=(0.000,0.000,0.000) 滚转角=-0.30度 俯仰角=1.13度
09:05:08.794552 [轨迹] 序号=807 单调时间=1939.813808 时间=1939.814 模式=OFFBOARD 起飞状态=高度保持 水平控制=位置保持 类型掩码=2496 实际位置NED=(-0.118,-0.036,-1.123) 实际速度=(0.039,-0.151,-0.078) 最终目标=(-0.077,-0.153,-1.297) 指令位置=(-0.077,-0.153,-1.297) 指令速度=(0.000,0.000,0.000) 指令加速度=(0.000,0.000,0.000) 滚转角=-0.30度 俯仰角=1.12度
09:05:08.900739 [轨迹] 序号=808 单调时间=1939.920107 时间=1939.920 模式=OFFBOARD 起飞状态=高度保持 水平控制=位置保持 类型掩码=2496 实际位置NED=(-0.118,-0.039,-1.125) 实际速度=(0.039,-0.150,-0.076) 最终目标=(-0.077,-0.153,-1.297) 指令位置=(-0.077,-0.153,-1.297) 指令速度=(0.000,0.000,0.000) 指令加速度=(0.000,0.000,0.000) 滚转角=-0.30度 俯仰角=1.10度
09:05:09.005394 [轨迹] 序号=809 单调时间=1940.024748 时间=1940.025 模式=OFFBOARD 起飞状态=高度保持 水平控制=位置保持 类型掩码=2496 实际位置NED=(-0.118,-0.042,-1.128) 实际速度=(0.039,-0.149,-0.075) 最终目标=(-0.077,-0.153,-1.297) 指令位置=(-0.077,-0.153,-1.297) 指令速度=(0.000,0.000,0.000) 指令加速度=(0.000,0.000,0.000) 滚转角=-0.30度 俯仰角=1.09度
09:05:09.108381 [轨迹] 序号=810 单调时间=1940.127690 时间=1940.128 模式=OFFBOARD 起飞状态=高度保持 水平控制=位置保持 类型掩码=2496 实际位置NED=(-0.118,-0.046,-1.131) 实际速度=(0.039,-0.148,-0.073) 最终目标=(-0.077,-0.153,-1.297) 指令位置=(-0.077,-0.153,-1.297) 指令速度=(0.000,0.000,0.000) 指令加速度=(0.000,0.000,0.000) 滚转角=-0.29度 俯仰角=1.07度
09:05:09.211915 [轨迹] 序号=811 单调时间=1940.231248 时间=1940.231 模式=OFFBOARD 起飞状态=高度保持 水平控制=位置保持 类型掩码=2496 实际位置NED=(-0.118,-0.049,-1.133) 实际速度=(0.039,-0.146,-0.072) 最终目标=(-0.077,-0.153,-1.297) 指令位置=(-0.077,-0.153,-1.297) 指令速度=(0.000,0.000,0.000) 指令加速度=(0.000,0.000,0.000) 滚转角=-0.30度 俯仰角=1.05度
09:05:09.315373 [轨迹] 序号=812 单调时间=1940.334671 时间=1940.335 模式=OFFBOARD 起飞状态=高度保持 水平控制=位置保持 类型掩码=2496 实际位置NED=(-0.118,-0.053,-1.135) 实际速度=(0.039,-0.145,-0.071) 最终目标=(-0.077,-0.153,-1.297) 指令位置=(-0.077,-0.153,-1.297) 指令速度=(0.000,0.000,0.000) 指令加速度=(0.000,0.000,0.000) 滚转角=-0.30度 俯仰角=1.03度
09:05:09.418883 [轨迹] 序号=813 单调时间=1940.438214 时间=1940.438 模式=OFFBOARD 起飞状态=高度保持 水平控制=位置保持 类型掩码=2496 实际位置NED=(-0.119,-0.060,-1.140) 实际速度=(0.039,-0.143,-0.069) 最终目标=(-0.077,-0.153,-1.297) 指令位置=(-0.077,-0.153,-1.297) 指令速度=(0.000,0.000,0.000) 指令加速度=(0.000,0.000,0.000) 滚转角=-0.30度 俯仰角=1.01度
09:05:09.522406 [轨迹] 序号=814 单调时间=1940.541681 时间=1940.542 模式=OFFBOARD 起飞状态=高度保持 水平控制=位置保持 类型掩码=2496 实际位置NED=(-0.119,-0.063,-1.142) 实际速度=(0.039,-0.142,-0.068) 最终目标=(-0.077,-0.153,-1.297) 指令位置=(-0.077,-0.153,-1.297) 指令速度=(0.000,0.000,0.000) 指令加速度=(0.000,0.000,0.000) 滚转角=-0.30度 俯仰角=0.99度
09:05:09.626032 [轨迹] 序号=815 单调时间=1940.644979 时间=1940.645 模式=OFFBOARD 起飞状态=高度保持 水平控制=位置保持 类型掩码=2496 实际位置NED=(-0.119,-0.063,-1.142) 实际速度=(0.039,-0.142,-0.068) 最终目标=(-0.077,-0.153,-1.297) 指令位置=(-0.077,-0.153,-1.297) 指令速度=(0.000,0.000,0.000) 指令加速度=(0.000,0.000,0.000) 滚转角=-0.31度 俯仰角=0.98度
09:05:09.729697 [轨迹] 序号=816 单调时间=1940.748884 时间=1940.749 模式=OFFBOARD 起飞状态=高度保持 水平控制=位置保持 类型掩码=2496 实际位置NED=(-0.119,-0.071,-1.146) 实际速度=(0.038,-0.139,-0.066) 最终目标=(-0.077,-0.153,-1.297) 指令位置=(-0.077,-0.153,-1.297) 指令速度=(0.000,0.000,0.000) 指令加速度=(0.000,0.000,0.000) 滚转角=-0.31度 俯仰角=0.95度
09:05:09.834462 [轨迹] 序号=817 单调时间=1940.853972 时间=1940.854 模式=OFFBOARD 起飞状态=高度保持 水平控制=位置保持 类型掩码=2496 实际位置NED=(-0.120,-0.075,-1.148) 实际速度=(0.038,-0.138,-0.065) 最终目标=(-0.077,-0.153,-1.297) 指令位置=(-0.077,-0.153,-1.297) 指令速度=(0.000,0.000,0.000) 指令加速度=(0.000,0.000,0.000) 滚转角=-0.32度 俯仰角=0.93度
09:05:09.937995 [轨迹] 序号=818 单调时间=1940.957369 时间=1940.957 模式=OFFBOARD 起飞状态=高度保持 水平控制=位置保持 类型掩码=2496 实际位置NED=(-0.120,-0.075,-1.148) 实际速度=(0.038,-0.138,-0.065) 最终目标=(-0.077,-0.153,-1.297) 指令位置=(-0.077,-0.153,-1.297) 指令速度=(0.000,0.000,0.000) 指令加速度=(0.000,0.000,0.000) 滚转角=-0.32度 俯仰角=0.91度
09:05:10.042262 [轨迹] 序号=819 单调时间=1941.061417 时间=1941.061 模式=OFFBOARD 起飞状态=高度保持 水平控制=位置保持 类型掩码=2496 实际位置NED=(-0.120,-0.083,-1.152) 实际速度=(0.038,-0.135,-0.063) 最终目标=(-0.077,-0.153,-1.297) 指令位置=(-0.077,-0.153,-1.297) 指令速度=(0.000,0.000,0.000) 指令加速度=(0.000,0.000,0.000) 滚转角=-0.33度 俯仰角=0.88度
09:05:10.142521 [轨迹] 序号=820 单调时间=1941.161936 时间=1941.162 模式=OFFBOARD 起飞状态=高度保持 水平控制=位置保持 类型掩码=2496 实际位置NED=(-0.120,-0.083,-1.152) 实际速度=(0.038,-0.135,-0.063) 最终目标=(-0.077,-0.153,-1.297) 指令位置=(-0.077,-0.153,-1.297) 指令速度=(0.000,0.000,0.000) 指令加速度=(0.000,0.000,0.000) 滚转角=-0.33度 俯仰角=0.87度
09:05:10.245850 [轨迹] 序号=821 单调时间=1941.265192 时间=1941.265 模式=OFFBOARD 起飞状态=高度保持 水平控制=位置保持 类型掩码=2496 实际位置NED=(-0.120,-0.087,-1.154) 实际速度=(0.038,-0.133,-0.063) 最终目标=(-0.077,-0.153,-1.297) 指令位置=(-0.077,-0.153,-1.297) 指令速度=(0.000,0.000,0.000) 指令加速度=(0.000,0.000,0.000) 滚转角=-0.34度 俯仰角=0.85度
09:05:10.348821 [轨迹] 序号=822 单调时间=1941.368246 时间=1941.368 模式=OFFBOARD 起飞状态=高度保持 水平控制=位置保持 类型掩码=2496 实际位置NED=(-0.121,-0.096,-1.158) 实际速度=(0.038,-0.129,-0.061) 最终目标=(-0.077,-0.153,-1.297) 指令位置=(-0.077,-0.153,-1.297) 指令速度=(0.000,0.000,0.000) 指令加速度=(0.000,0.000,0.000) 滚转角=-0.35度 俯仰角=0.82度
09:05:10.452508 [轨迹] 序号=823 单调时间=1941.471866 时间=1941.472 模式=OFFBOARD 起飞状态=高度保持 水平控制=位置保持 类型掩码=2496 实际位置NED=(-0.121,-0.096,-1.158) 实际速度=(0.038,-0.129,-0.061) 最终目标=(-0.077,-0.153,-1.297) 指令位置=(-0.077,-0.153,-1.297) 指令速度=(0.000,0.000,0.000) 指令加速度=(0.000,0.000,0.000) 滚转角=-0.35度 俯仰角=0.80度
09:05:10.555625 [轨迹] 序号=824 单调时间=1941.574955 时间=1941.575 模式=OFFBOARD 起飞状态=高度保持 水平控制=位置保持 类型掩码=2496 实际位置NED=(-0.121,-0.101,-1.160) 实际速度=(0.038,-0.128,-0.060) 最终目标=(-0.077,-0.153,-1.297) 指令位置=(-0.077,-0.153,-1.297) 指令速度=(0.000,0.000,0.000) 指令加速度=(0.000,0.000,0.000) 滚转角=-0.36度 俯仰角=0.78度
09:05:10.658600 [轨迹] 序号=825 单调时间=1941.678080 时间=1941.678 模式=OFFBOARD 起飞状态=高度保持 水平控制=位置保持 类型掩码=2496 实际位置NED=(-0.121,-0.110,-1.164) 实际速度=(0.038,-0.124,-0.059) 最终目标=(-0.077,-0.153,-1.297) 指令位置=(-0.077,-0.153,-1.297) 指令速度=(0.000,0.000,0.000) 指令加速度=(0.000,0.000,0.000) 滚转角=-0.37度 俯仰角=0.74度
09:05:10.763123 [轨迹] 序号=826 单调时间=1941.782513 时间=1941.783 模式=OFFBOARD 起飞状态=高度保持 水平控制=位置保持 类型掩码=2496 实际位置NED=(-0.122,-0.114,-1.165) 实际速度=(0.038,-0.122,-0.058) 最终目标=(-0.077,-0.153,-1.297) 指令位置=(-0.077,-0.153,-1.297) 指令速度=(0.000,0.000,0.000) 指令加速度=(0.000,0.000,0.000) 滚转角=-0.37度 俯仰角=0.72度
09:05:10.866099 [轨迹] 序号=827 单调时间=1941.885432 时间=1941.885 模式=OFFBOARD 起飞状态=高度保持 水平控制=位置保持 类型掩码=2496 实际位置NED=(-0.122,-0.114,-1.165) 实际速度=(0.038,-0.122,-0.058) 最终目标=(-0.077,-0.153,-1.297) 指令位置=(-0.077,-0.153,-1.297) 指令速度=(0.000,0.000,0.000) 指令加速度=(0.000,0.000,0.000) 滚转角=-0.38度 俯仰角=0.70度
09:05:10.969990 [轨迹] 序号=828 单调时间=1941.989250 时间=1941.989 模式=OFFBOARD 起飞状态=高度保持 水平控制=位置保持 类型掩码=2496 实际位置NED=(-0.122,-0.125,-1.169) 实际速度=(0.039,-0.118,-0.057) 最终目标=(-0.077,-0.153,-1.297) 指令位置=(-0.077,-0.153,-1.297) 指令速度=(0.000,0.000,0.000) 指令加速度=(0.000,0.000,0.000) 滚转角=-0.39度 俯仰角=0.66度
09:05:11.073356 [轨迹] 序号=829 单调时间=1942.092507 时间=1942.093 模式=OFFBOARD 起飞状态=高度保持 水平控制=位置保持 类型掩码=2496 实际位置NED=(-0.122,-0.130,-1.171) 实际速度=(0.039,-0.115,-0.056) 最终目标=(-0.077,-0.153,-1.297) 指令位置=(-0.077,-0.153,-1.297) 指令速度=(0.000,0.000,0.000) 指令加速度=(0.000,0.000,0.000) 滚转角=-0.39度 俯仰角=0.63度
09:05:11.177010 [轨迹] 序号=830 单调时间=1942.196204 时间=1942.196 模式=OFFBOARD 起飞状态=高度保持 水平控制=位置保持 类型掩码=2496 实际位置NED=(-0.122,-0.135,-1.172) 实际速度=(0.039,-0.113,-0.056) 最终目标=(-0.077,-0.153,-1.297) 指令位置=(-0.077,-0.153,-1.297) 指令速度=(0.000,0.000,0.000) 指令加速度=(0.000,0.000,0.000) 滚转角=-0.40度 俯仰角=0.60度
09:05:11.280332 [轨迹] 序号=831 单调时间=1942.299595 时间=1942.300 模式=OFFBOARD 起飞状态=高度保持 水平控制=位置保持 类型掩码=2496 实际位置NED=(-0.122,-0.140,-1.174) 实际速度=(0.039,-0.111,-0.055) 最终目标=(-0.077,-0.153,-1.297) 指令位置=(-0.077,-0.153,-1.297) 指令速度=(0.000,0.000,0.000) 指令加速度=(0.000,0.000,0.000) 滚转角=-0.40度 俯仰角=0.58度
09:05:11.384330 [轨迹] 序号=832 单调时间=1942.403613 时间=1942.404 模式=OFFBOARD 起飞状态=高度保持 水平控制=位置保持 类型掩码=2496 实际位置NED=(-0.122,-0.145,-1.175) 实际速度=(0.040,-0.109,-0.054) 最终目标=(-0.077,-0.153,-1.297) 指令位置=(-0.077,-0.153,-1.297) 指令速度=(0.000,0.000,0.000) 指令加速度=(0.000,0.000,0.000) 滚转角=-0.41度 俯仰角=0.54度
09:05:11.488297 [轨迹] 序号=833 单调时间=1942.507573 时间=1942.508 模式=OFFBOARD 起飞状态=高度保持 水平控制=位置保持 类型掩码=2496 实际位置NED=(-0.122,-0.157,-1.179) 实际速度=(0.040,-0.103,-0.053) 最终目标=(-0.077,-0.153,-1.297) 指令位置=(-0.077,-0.153,-1.297) 指令速度=(0.000,0.000,0.000) 指令加速度=(0.000,0.000,0.000) 滚转角=-0.41度 俯仰角=0.51度
09:05:11.592089 [轨迹] 序号=834 单调时间=1942.611036 时间=1942.611 模式=OFFBOARD 起飞状态=高度保持 水平控制=位置保持 类型掩码=2496 实际位置NED=(-0.122,-0.157,-1.179) 实际速度=(0.040,-0.103,-0.053) 最终目标=(-0.077,-0.153,-1.297) 指令位置=(-0.077,-0.153,-1.297) 指令速度=(0.000,0.000,0.000) 指令加速度=(0.000,0.000,0.000) 滚转角=-0.42度 俯仰角=0.49度
09:05:11.695393 [轨迹] 序号=835 单调时间=1942.714666 时间=1942.715 模式=OFFBOARD 起飞状态=高度保持 水平控制=位置保持 类型掩码=2496 实际位置NED=(-0.122,-0.162,-1.180) 实际速度=(0.041,-0.100,-0.053) 最终目标=(-0.077,-0.153,-1.297) 指令位置=(-0.077,-0.153,-1.297) 指令速度=(0.000,0.000,0.000) 指令加速度=(0.000,0.000,0.000) 滚转角=-0.42度 俯仰角=0.46度
09:05:11.799129 [轨迹] 序号=836 单调时间=1942.818335 时间=1942.818 模式=OFFBOARD 起飞状态=高度保持 水平控制=位置保持 类型掩码=2496 实际位置NED=(-0.122,-0.173,-1.183) 实际速度=(0.041,-0.095,-0.052) 最终目标=(-0.077,-0.153,-1.297) 指令位置=(-0.077,-0.153,-1.297) 指令速度=(0.000,0.000,0.000) 指令加速度=(0.000,0.000,0.000) 滚转角=-0.42度 俯仰角=0.42度
09:05:11.902668 [轨迹] 序号=837 单调时间=1942.921991 时间=1942.922 模式=OFFBOARD 起飞状态=高度保持 水平控制=位置保持 类型掩码=2496 实际位置NED=(-0.122,-0.179,-1.185) 实际速度=(0.042,-0.092,-0.051) 最终目标=(-0.077,-0.153,-1.297) 指令位置=(-0.077,-0.153,-1.297) 指令速度=(0.000,0.000,0.000) 指令加速度=(0.000,0.000,0.000) 滚转角=-0.43度 俯仰角=0.39度
09:05:12.005959 [轨迹] 序号=838 单调时间=1943.025199 时间=1943.025 模式=OFFBOARD 起飞状态=高度保持 水平控制=位置保持 类型掩码=2496 实际位置NED=(-0.122,-0.179,-1.185) 实际速度=(0.042,-0.092,-0.051) 最终目标=(-0.077,-0.153,-1.297) 指令位置=(-0.077,-0.153,-1.297) 指令速度=(0.000,0.000,0.000) 指令加速度=(0.000,0.000,0.000) 滚转角=-0.43度 俯仰角=0.37度
09:05:12.110670 [轨迹] 序号=839 单调时间=1943.129989 时间=1943.130 模式=OFFBOARD 起飞状态=高度保持 水平控制=位置保持 类型掩码=2496 实际位置NED=(-0.121,-0.192,-1.188) 实际速度=(0.042,-0.086,-0.050) 最终目标=(-0.077,-0.153,-1.297) 指令位置=(-0.077,-0.153,-1.297) 指令速度=(0.000,0.000,0.000) 指令加速度=(0.000,0.000,0.000) 滚转角=-0.43度 俯仰角=0.33度
09:05:12.214626 [轨迹] 序号=840 单调时间=1943.233972 时间=1943.234 模式=OFFBOARD 起飞状态=高度保持 水平控制=位置保持 类型掩码=2496 实际位置NED=(-0.121,-0.198,-1.189) 实际速度=(0.042,-0.083,-0.050) 最终目标=(-0.077,-0.153,-1.297) 指令位置=(-0.077,-0.153,-1.297) 指令速度=(0.000,0.000,0.000) 指令加速度=(0.000,0.000,0.000) 滚转角=-0.43度 俯仰角=0.30度
09:05:12.317627 [轨迹] 序号=841 单调时间=1943.337088 时间=1943.337 模式=OFFBOARD 起飞状态=高度保持 水平控制=位置保持 类型掩码=2496 实际位置NED=(-0.121,-0.198,-1.189) 实际速度=(0.042,-0.083,-0.050) 最终目标=(-0.077,-0.153,-1.297) 指令位置=(-0.077,-0.153,-1.297) 指令速度=(0.000,0.000,0.000) 指令加速度=(0.000,0.000,0.000) 滚转角=-0.43度 俯仰角=0.27度
09:05:12.420806 [轨迹] 序号=842 单调时间=1943.440092 时间=1943.440 模式=OFFBOARD 起飞状态=高度保持 水平控制=位置保持 类型掩码=2496 实际位置NED=(-0.120,-0.210,-1.192) 实际速度=(0.043,-0.077,-0.049) 最终目标=(-0.077,-0.153,-1.297) 指令位置=(-0.077,-0.153,-1.297) 指令速度=(0.000,0.000,0.000) 指令加速度=(0.000,0.000,0.000) 滚转角=-0.43度 俯仰角=0.22度
09:05:12.524077 [轨迹] 序号=843 单调时间=1943.543364 时间=1943.543 模式=OFFBOARD 起飞状态=高度保持 水平控制=位置保持 类型掩码=2496 实际位置NED=(-0.120,-0.216,-1.193) 实际速度=(0.043,-0.074,-0.048) 最终目标=(-0.077,-0.153,-1.297) 指令位置=(-0.077,-0.153,-1.297) 指令速度=(0.000,0.000,0.000) 指令加速度=(0.000,0.000,0.000) 滚转角=-0.43度 俯仰角=0.20度
09:05:12.626566 [轨迹] 序号=844 单调时间=1943.645953 时间=1943.646 模式=OFFBOARD 起飞状态=高度保持 水平控制=位置保持 类型掩码=2496 实际位置NED=(-0.119,-0.224,-1.194) 实际速度=(0.043,-0.070,-0.048) 最终目标=(-0.077,-0.153,-1.297) 指令位置=(-0.077,-0.153,-1.297) 指令速度=(0.000,0.000,0.000) 指令加速度=(0.000,0.000,0.000) 滚转角=-0.43度 俯仰角=0.17度
09:05:12 [应答] UP INTENT：暂时拒绝（MAV_RESULT_TEMPORARILY_REJECTED）
09:05:12 [已忽略] 上升：PX4项目结果=0，目标未改变
09:05:12.729836 [轨迹] 序号=845 单调时间=1943.749091 时间=1943.749 模式=OFFBOARD 起飞状态=高度保持 水平控制=位置保持 类型掩码=2496 实际位置NED=(-0.119,-0.230,-1.196) 实际速度=(0.043,-0.067,-0.047) 最终目标=(-0.077,-0.153,-1.297) 指令位置=(-0.077,-0.153,-1.297) 指令速度=(0.000,0.000,0.000) 指令加速度=(0.000,0.000,0.000) 滚转角=-0.43度 俯仰角=0.13度
09:05:12.833371 [轨迹] 序号=846 单调时间=1943.852587 时间=1943.853 模式=OFFBOARD 起飞状态=高度保持 水平控制=位置保持 类型掩码=2496 实际位置NED=(-0.119,-0.237,-1.197) 实际速度=(0.043,-0.064,-0.047) 最终目标=(-0.077,-0.153,-1.297) 指令位置=(-0.077,-0.153,-1.297) 指令速度=(0.000,0.000,0.000) 指令加速度=(0.000,0.000,0.000) 滚转角=-0.43度 俯仰角=0.10度
09:05:12.936743 [轨迹] 序号=847 单调时间=1943.956071 时间=1943.956 模式=OFFBOARD 起飞状态=高度保持 水平控制=位置保持 类型掩码=2496 实际位置NED=(-0.118,-0.244,-1.198) 实际速度=(0.043,-0.061,-0.047) 最终目标=(-0.077,-0.153,-1.297) 指令位置=(-0.077,-0.153,-1.297) 指令速度=(0.000,0.000,0.000) 指令加速度=(0.000,0.000,0.000) 滚转角=-0.43度 俯仰角=0.06度
09:05:13.040736 [轨迹] 序号=848 单调时间=1944.060084 时间=1944.060 模式=OFFBOARD 起飞状态=高度保持 水平控制=位置保持 类型掩码=2496 实际位置NED=(-0.118,-0.250,-1.199) 实际速度=(0.043,-0.058,-0.046) 最终目标=(-0.077,-0.153,-1.297) 指令位置=(-0.077,-0.153,-1.297) 指令速度=(0.000,0.000,0.000) 指令加速度=(0.000,0.000,0.000) 滚转角=-0.43度 俯仰角=0.02度
09:05:13.143770 [轨迹] 序号=849 单调时间=1944.163067 时间=1944.163 模式=OFFBOARD 起飞状态=高度保持 水平控制=位置保持 类型掩码=2496 实际位置NED=(-0.118,-0.257,-1.200) 实际速度=(0.043,-0.055,-0.046) 最终目标=(-0.077,-0.153,-1.297) 指令位置=(-0.077,-0.153,-1.297) 指令速度=(0.000,0.000,0.000) 指令加速度=(0.000,0.000,0.000) 滚转角=-0.43度 俯仰角=-0.01度
09:05:13.247089 [轨迹] 序号=850 单调时间=1944.266181 时间=1944.266 模式=OFFBOARD 起飞状态=高度保持 水平控制=位置保持 类型掩码=2496 实际位置NED=(-0.117,-0.266,-1.202) 实际速度=(0.043,-0.050,-0.045) 最终目标=(-0.077,-0.153,-1.297) 指令位置=(-0.077,-0.153,-1.297) 指令速度=(0.000,0.000,0.000) 指令加速度=(0.000,0.000,0.000) 滚转角=-0.44度 俯仰角=-0.05度
09:05:13.351249 [轨迹] 序号=851 单调时间=1944.370622 时间=1944.371 模式=OFFBOARD 起飞状态=高度保持 水平控制=位置保持 类型掩码=2496 实际位置NED=(-0.117,-0.273,-1.203) 实际速度=(0.043,-0.047,-0.045) 最终目标=(-0.077,-0.153,-1.297) 指令位置=(-0.077,-0.153,-1.297) 指令速度=(0.000,0.000,0.000) 指令加速度=(0.000,0.000,0.000) 滚转角=-0.44度 俯仰角=-0.09度
09:05:13.455035 [轨迹] 序号=852 单调时间=1944.474315 时间=1944.474 模式=OFFBOARD 起飞状态=高度保持 水平控制=位置保持 类型掩码=2496 实际位置NED=(-0.116,-0.280,-1.204) 实际速度=(0.043,-0.043,-0.044) 最终目标=(-0.077,-0.153,-1.297) 指令位置=(-0.077,-0.153,-1.297) 指令速度=(0.000,0.000,0.000) 指令加速度=(0.000,0.000,0.000) 滚转角=-0.44度 俯仰角=-0.14度
09:05:13.558375 [轨迹] 序号=853 单调时间=1944.577738 时间=1944.578 模式=OFFBOARD 起飞状态=高度保持 水平控制=位置保持 类型掩码=2496 实际位置NED=(-0.115,-0.295,-1.206) 实际速度=(0.043,-0.036,-0.044) 最终目标=(-0.077,-0.153,-1.297) 指令位置=(-0.077,-0.153,-1.297) 指令速度=(0.000,0.000,0.000) 指令加速度=(0.000,0.000,0.000) 滚转角=-0.44度 俯仰角=-0.20度
09:05:13.661606 [轨迹] 序号=854 单调时间=1944.681004 时间=1944.681 模式=OFFBOARD 起飞状态=高度保持 水平控制=位置保持 类型掩码=2496 实际位置NED=(-0.115,-0.302,-1.207) 实际速度=(0.042,-0.032,-0.043) 最终目标=(-0.077,-0.153,-1.297) 指令位置=(-0.077,-0.153,-1.297) 指令速度=(0.000,0.000,0.000) 指令加速度=(0.000,0.000,0.000) 滚转角=-0.44度 俯仰角=-0.25度
09:05:13.766458 [轨迹] 序号=855 单调时间=1944.785770 时间=1944.786 模式=OFFBOARD 起飞状态=高度保持 水平控制=位置保持 类型掩码=2496 实际位置NED=(-0.114,-0.311,-1.209) 实际速度=(0.042,-0.027,-0.043) 最终目标=(-0.077,-0.153,-1.297) 指令位置=(-0.077,-0.153,-1.297) 指令速度=(0.000,0.000,0.000) 指令加速度=(0.000,0.000,0.000) 滚转角=-0.45度 俯仰角=-0.29度
09:05:13.869713 [轨迹] 序号=856 单调时间=1944.888936 时间=1944.889 模式=OFFBOARD 起飞状态=高度保持 水平控制=位置保持 类型掩码=2496 实际位置NED=(-0.114,-0.319,-1.210) 实际速度=(0.042,-0.023,-0.042) 最终目标=(-0.077,-0.153,-1.297) 指令位置=(-0.077,-0.153,-1.297) 指令速度=(0.000,0.000,0.000) 指令加速度=(0.000,0.000,0.000) 滚转角=-0.45度 俯仰角=-0.34度
09:05:13.973140 [轨迹] 序号=857 单调时间=1944.992440 时间=1944.992 模式=OFFBOARD 起飞状态=高度保持 水平控制=位置保持 类型掩码=2496 实际位置NED=(-0.113,-0.327,-1.211) 实际速度=(0.042,-0.019,-0.042) 最终目标=(-0.077,-0.153,-1.297) 指令位置=(-0.077,-0.153,-1.297) 指令速度=(0.000,0.000,0.000) 指令加速度=(0.000,0.000,0.000) 滚转角=-0.45度 俯仰角=-0.38度
09:05:14.076441 [轨迹] 序号=858 单调时间=1945.095826 时间=1945.096 模式=OFFBOARD 起飞状态=高度保持 水平控制=位置保持 类型掩码=2496 实际位置NED=(-0.112,-0.342,-1.213) 实际速度=(0.042,-0.011,-0.041) 最终目标=(-0.077,-0.153,-1.297) 指令位置=(-0.077,-0.153,-1.297) 指令速度=(0.000,0.000,0.000) 指令加速度=(0.000,0.000,0.000) 滚转角=-0.45度 俯仰角=-0.43度
09:05:14.179410 [轨迹] 序号=859 单调时间=1945.198821 时间=1945.199 模式=OFFBOARD 起飞状态=高度保持 水平控制=位置保持 类型掩码=2496 实际位置NED=(-0.112,-0.350,-1.214) 实际速度=(0.041,-0.007,-0.041) 最终目标=(-0.077,-0.153,-1.297) 指令位置=(-0.077,-0.153,-1.297) 指令速度=(0.000,0.000,0.000) 指令加速度=(0.000,0.000,0.000) 滚转角=-0.46度 俯仰角=-0.47度
09:05:14.282873 [轨迹] 序号=860 单调时间=1945.302059 时间=1945.302 模式=OFFBOARD 起飞状态=高度保持 水平控制=位置保持 类型掩码=2496 实际位置NED=(-0.112,-0.350,-1.214) 实际速度=(0.041,-0.007,-0.041) 最终目标=(-0.077,-0.153,-1.297) 指令位置=(-0.077,-0.153,-1.297) 指令速度=(0.000,0.000,0.000) 指令加速度=(0.000,0.000,0.000) 滚转角=-0.46度 俯仰角=-0.51度
09:05:14.386165 [轨迹] 序号=861 单调时间=1945.405243 时间=1945.405 模式=OFFBOARD 起飞状态=高度保持 水平控制=位置保持 类型掩码=2496 实际位置NED=(-0.111,-0.368,-1.216) 实际速度=(0.041,0.003,-0.040) 最终目标=(-0.077,-0.153,-1.297) 指令位置=(-0.077,-0.153,-1.297) 指令速度=(0.000,0.000,0.000) 指令加速度=(0.000,0.000,0.000) 滚转角=-0.46度 俯仰角=-0.59度
09:05:14.489934 [轨迹] 序号=862 单调时间=1945.509243 时间=1945.509 模式=OFFBOARD 起飞状态=高度保持 水平控制=位置保持 类型掩码=2496 实际位置NED=(-0.110,-0.376,-1.217) 实际速度=(0.041,0.008,-0.040) 最终目标=(-0.077,-0.153,-1.297) 指令位置=(-0.077,-0.153,-1.297) 指令速度=(0.000,0.000,0.000) 指令加速度=(0.000,0.000,0.000) 滚转角=-0.46度 俯仰角=-0.61度
09:05:14.594110 [轨迹] 序号=863 单调时间=1945.613509 时间=1945.614 模式=OFFBOARD 起飞状态=高度保持 水平控制=位置保持 类型掩码=2496 实际位置NED=(-0.110,-0.384,-1.218) 实际速度=(0.040,0.013,-0.040) 最终目标=(-0.077,-0.153,-1.297) 指令位置=(-0.077,-0.153,-1.297) 指令速度=(0.000,0.000,0.000) 指令加速度=(0.000,0.000,0.000) 滚转角=-0.47度 俯仰角=-0.66度
09:05:14.698099 [轨迹] 序号=864 单调时间=1945.717256 时间=1945.717 模式=OFFBOARD 起飞状态=高度保持 水平控制=位置保持 类型掩码=2496 实际位置NED=(-0.109,-0.392,-1.219) 实际速度=(0.040,0.017,-0.039) 最终目标=(-0.077,-0.153,-1.297) 指令位置=(-0.077,-0.153,-1.297) 指令速度=(0.000,0.000,0.000) 指令加速度=(0.000,0.000,0.000) 滚转角=-0.47度 俯仰角=-0.72度
09:05:14.801588 [轨迹] 序号=865 单调时间=1945.820529 时间=1945.821 模式=OFFBOARD 起飞状态=高度保持 水平控制=位置保持 类型掩码=2496 实际位置NED=(-0.108,-0.400,-1.220) 实际速度=(0.040,0.022,-0.039) 最终目标=(-0.077,-0.153,-1.297) 指令位置=(-0.077,-0.153,-1.297) 指令速度=(0.000,0.000,0.000) 指令加速度=(0.000,0.000,0.000) 滚转角=-0.47度 俯仰角=-0.75度
09:05:14.904855 [轨迹] 序号=866 单调时间=1945.924122 时间=1945.924 模式=OFFBOARD 起飞状态=高度保持 水平控制=位置保持 类型掩码=2496 实际位置NED=(-0.107,-0.419,-1.222) 实际速度=(0.040,0.034,-0.038) 最终目标=(-0.077,-0.153,-1.297) 指令位置=(-0.077,-0.153,-1.297) 指令速度=(0.000,0.000,0.000) 指令加速度=(0.000,0.000,0.000) 滚转角=-0.47度 俯仰角=-0.82度
09:05:15.008226 [轨迹] 序号=867 单调时间=1946.027536 时间=1946.028 模式=OFFBOARD 起飞状态=高度保持 水平控制=位置保持 类型掩码=2496 实际位置NED=(-0.106,-0.428,-1.223) 实际速度=(0.040,0.039,-0.038) 最终目标=(-0.077,-0.153,-1.297) 指令位置=(-0.077,-0.153,-1.297) 指令速度=(0.000,0.000,0.000) 指令加速度=(0.000,0.000,0.000) 滚转角=-0.48度 俯仰角=-0.85度
09:05:15.111523 [轨迹] 序号=868 单调时间=1946.130925 时间=1946.131 模式=OFFBOARD 起飞状态=高度保持 水平控制=位置保持 类型掩码=2496 实际位置NED=(-0.106,-0.428,-1.223) 实际速度=(0.040,0.039,-0.038) 最终目标=(-0.077,-0.153,-1.297) 指令位置=(-0.077,-0.153,-1.297) 指令速度=(0.000,0.000,0.000) 指令加速度=(0.000,0.000,0.000) 滚转角=-0.48度 俯仰角=-0.89度
09:05:15.215410 [轨迹] 序号=869 单调时间=1946.234615 时间=1946.235 模式=OFFBOARD 起飞状态=高度保持 水平控制=位置保持 类型掩码=2496 实际位置NED=(-0.104,-0.445,-1.225) 实际速度=(0.040,0.049,-0.037) 最终目标=(-0.077,-0.153,-1.297) 指令位置=(-0.077,-0.153,-1.297) 指令速度=(0.000,0.000,0.000) 指令加速度=(0.000,0.000,0.000) 滚转角=-0.48度 俯仰角=-0.97度
09:05:15.318464 [轨迹] 序号=870 单调时间=1946.337827 时间=1946.338 模式=OFFBOARD 起飞状态=高度保持 水平控制=位置保持 类型掩码=2496 实际位置NED=(-0.103,-0.453,-1.226) 实际速度=(0.040,0.054,-0.037) 最终目标=(-0.077,-0.153,-1.297) 指令位置=(-0.077,-0.153,-1.297) 指令速度=(0.000,0.000,0.000) 指令加速度=(0.000,0.000,0.000) 滚转角=-0.48度 俯仰角=-1.01度
09:05:15.421522 [轨迹] 序号=871 单调时间=1946.440909 时间=1946.441 模式=OFFBOARD 起飞状态=高度保持 水平控制=位置保持 类型掩码=2496 实际位置NED=(-0.102,-0.464,-1.227) 实际速度=(0.039,0.061,-0.036) 最终目标=(-0.077,-0.153,-1.297) 指令位置=(-0.077,-0.153,-1.297) 指令速度=(0.000,0.000,0.000) 指令加速度=(0.000,0.000,0.000) 滚转角=-0.48度 俯仰角=-1.05度
09:05:15.525203 [轨迹] 序号=872 单调时间=1946.544542 时间=1946.545 模式=OFFBOARD 起飞状态=高度保持 水平控制=位置保持 类型掩码=2496 实际位置NED=(-0.101,-0.473,-1.228) 实际速度=(0.039,0.066,-0.036) 最终目标=(-0.077,-0.153,-1.297) 指令位置=(-0.077,-0.153,-1.297) 指令速度=(0.000,0.000,0.000) 指令加速度=(0.000,0.000,0.000) 滚转角=-0.48度 俯仰角=-1.10度
09:05:15.628462 [轨迹] 序号=873 单调时间=1946.647646 时间=1946.648 模式=OFFBOARD 起飞状态=高度保持 水平控制=位置保持 类型掩码=2496 实际位置NED=(-0.100,-0.481,-1.229) 实际速度=(0.039,0.071,-0.036) 最终目标=(-0.077,-0.153,-1.297) 指令位置=(-0.077,-0.153,-1.297) 指令速度=(0.000,0.000,0.000) 指令加速度=(0.000,0.000,0.000) 滚转角=-0.48度 俯仰角=-1.14度
09:05:15.731808 [轨迹] 序号=874 单调时间=1946.751282 时间=1946.751 模式=OFFBOARD 起飞状态=高度保持 水平控制=位置保持 类型掩码=2496 实际位置NED=(-0.099,-0.490,-1.230) 实际速度=(0.039,0.077,-0.036) 最终目标=(-0.077,-0.153,-1.297) 指令位置=(-0.077,-0.153,-1.297) 指令速度=(0.000,0.000,0.000) 指令加速度=(0.000,0.000,0.000) 滚转角=-0.47度 俯仰角=-1.19度
09:05:15.835389 [轨迹] 序号=875 单调时间=1946.854673 时间=1946.855 模式=OFFBOARD 起飞状态=高度保持 水平控制=位置保持 类型掩码=2496 实际位置NED=(-0.098,-0.499,-1.231) 实际速度=(0.039,0.082,-0.035) 最终目标=(-0.077,-0.153,-1.297) 指令位置=(-0.077,-0.153,-1.297) 指令速度=(0.000,0.000,0.000) 指令加速度=(0.000,0.000,0.000) 滚转角=-0.47度 俯仰角=-1.23度
09:05:15 [贴顶流程] 启动指令已发送
09:05:15 [贴顶流程] 启动失败：暂时拒绝，飞控返回值=0
09:05:15.938850 [轨迹] 序号=876 单调时间=1946.958128 时间=1946.958 模式=OFFBOARD 起飞状态=高度保持 水平控制=位置保持 类型掩码=2496 实际位置NED=(-0.097,-0.509,-1.232) 实际速度=(0.039,0.087,-0.035) 最终目标=(-0.077,-0.153,-1.297) 指令位置=(-0.077,-0.153,-1.297) 指令速度=(0.000,0.000,0.000) 指令加速度=(0.000,0.000,0.000) 滚转角=-0.47度 俯仰角=-1.28度
09:05:16.039502 [轨迹] 序号=877 单调时间=1947.058921 时间=1947.059 模式=OFFBOARD 起飞状态=高度保持 水平控制=位置保持 类型掩码=2496 实际位置NED=(-0.096,-0.519,-1.233) 实际速度=(0.039,0.094,-0.034) 最终目标=(-0.077,-0.153,-1.297) 指令位置=(-0.077,-0.153,-1.297) 指令速度=(0.000,0.000,0.000) 指令加速度=(0.000,0.000,0.000) 滚转角=-0.46度 俯仰角=-1.32度
09:05:16.144483 [轨迹] 序号=878 单调时间=1947.163764 时间=1947.164 模式=OFFBOARD 起飞状态=高度保持 水平控制=位置保持 类型掩码=2496 实际位置NED=(-0.095,-0.529,-1.234) 实际速度=(0.038,0.099,-0.034) 最终目标=(-0.077,-0.153,-1.297) 指令位置=(-0.077,-0.153,-1.297) 指令速度=(0.000,0.000,0.000) 指令加速度=(0.000,0.000,0.000) 滚转角=-0.46度 俯仰角=-1.37度
09:05:16.249259 [轨迹] 序号=879 单调时间=1947.268656 时间=1947.269 模式=OFFBOARD 起飞状态=高度保持 水平控制=位置保持 类型掩码=2496 实际位置NED=(-0.093,-0.538,-1.235) 实际速度=(0.038,0.105,-0.033) 最终目标=(-0.077,-0.153,-1.297) 指令位置=(-0.077,-0.153,-1.297) 指令速度=(0.000,0.000,0.000) 指令加速度=(0.000,0.000,0.000) 滚转角=-0.46度 俯仰角=-1.41度
09:05:16.352626 [轨迹] 序号=880 单调时间=1947.371965 时间=1947.372 模式=OFFBOARD 起飞状态=高度保持 水平控制=位置保持 类型掩码=2496 实际位置NED=(-0.092,-0.547,-1.236) 实际速度=(0.038,0.110,-0.033) 最终目标=(-0.077,-0.153,-1.297) 指令位置=(-0.077,-0.153,-1.297) 指令速度=(0.000,0.000,0.000) 指令加速度=(0.000,0.000,0.000) 滚转角=-0.45度 俯仰角=-1.46度
09:05:16.456119 [轨迹] 序号=881 单调时间=1947.475120 时间=1947.475 模式=OFFBOARD 起飞状态=高度保持 水平控制=位置保持 类型掩码=2496 实际位置NED=(-0.090,-0.566,-1.238) 实际速度=(0.037,0.121,-0.032) 最终目标=(-0.077,-0.153,-1.297) 指令位置=(-0.077,-0.153,-1.297) 指令速度=(0.000,0.000,0.000) 指令加速度=(0.000,0.000,0.000) 滚转角=-0.45度 俯仰角=-1.52度
09:05:16.559284 [轨迹] 序号=882 单调时间=1947.578585 时间=1947.579 模式=OFFBOARD 起飞状态=高度保持 水平控制=位置保持 类型掩码=2496 实际位置NED=(-0.090,-0.566,-1.238) 实际速度=(0.037,0.121,-0.032) 最终目标=(-0.077,-0.153,-1.297) 指令位置=(-0.077,-0.153,-1.297) 指令速度=(0.000,0.000,0.000) 指令加速度=(0.000,0.000,0.000) 滚转角=-0.44度 俯仰角=-1.57度
09:05:16.663002 [轨迹] 序号=883 单调时间=1947.682197 时间=1947.682 模式=OFFBOARD 起飞状态=高度保持 水平控制=位置保持 类型掩码=2496 实际位置NED=(-0.088,-0.587,-1.240) 实际速度=(0.035,0.134,-0.032) 最终目标=(-0.077,-0.153,-1.297) 指令位置=(-0.077,-0.153,-1.297) 指令速度=(0.000,0.000,0.000) 指令加速度=(0.000,0.000,0.000) 滚转角=-0.44度 俯仰角=-1.63度
09:05:16.766429 [轨迹] 序号=884 单调时间=1947.785707 时间=1947.786 模式=OFFBOARD 起飞状态=高度保持 水平控制=位置保持 类型掩码=2496 实际位置NED=(-0.087,-0.596,-1.241) 实际速度=(0.035,0.140,-0.031) 最终目标=(-0.077,-0.153,-1.297) 指令位置=(-0.077,-0.153,-1.297) 指令速度=(0.000,0.000,0.000) 指令加速度=(0.000,0.000,0.000) 滚转角=-0.44度 俯仰角=-1.69度
09:05:16.869700 [轨迹] 序号=885 单调时间=1947.889177 时间=1947.889 模式=OFFBOARD 起飞状态=高度保持 水平控制=位置保持 类型掩码=2496 实际位置NED=(-0.085,-0.606,-1.242) 实际速度=(0.034,0.146,-0.031) 最终目标=(-0.077,-0.153,-1.297) 指令位置=(-0.077,-0.153,-1.297) 指令速度=(0.000,0.000,0.000) 指令加速度=(0.000,0.000,0.000) 滚转角=-0.44度 俯仰角=-1.73度
09:05:16.973932 [轨迹] 序号=886 单调时间=1947.993205 时间=1947.993 模式=OFFBOARD 起飞状态=高度保持 水平控制=位置保持 类型掩码=2496 实际位置NED=(-0.084,-0.615,-1.243) 实际速度=(0.033,0.152,-0.031) 最终目标=(-0.077,-0.153,-1.297) 指令位置=(-0.077,-0.153,-1.297) 指令速度=(0.000,0.000,0.000) 指令加速度=(0.000,0.000,0.000) 滚转角=-0.44度 俯仰角=-1.81度
09:05:17.076927 [轨迹] 序号=887 单调时间=1948.096291 时间=1948.096 模式=OFFBOARD 起飞状态=高度保持 水平控制=位置保持 类型掩码=2496 实际位置NED=(-0.083,-0.625,-1.244) 实际速度=(0.033,0.157,-0.030) 最终目标=(-0.077,-0.153,-1.297) 指令位置=(-0.077,-0.153,-1.297) 指令速度=(0.000,0.000,0.000) 指令加速度=(0.000,0.000,0.000) 滚转角=-0.44度 俯仰角=-1.85度
09:05:17.180225 [轨迹] 序号=888 单调时间=1948.199634 时间=1948.200 模式=OFFBOARD 起飞状态=高度保持 水平控制=位置保持 类型掩码=2496 实际位置NED=(-0.081,-0.637,-1.245) 实际速度=(0.033,0.165,-0.030) 最终目标=(-0.077,-0.153,-1.297) 指令位置=(-0.077,-0.153,-1.297) 指令速度=(0.000,0.000,0.000) 指令加速度=(0.000,0.000,0.000) 滚转角=-0.44度 俯仰角=-1.91度
09:05:17.283294 [轨迹] 序号=889 单调时间=1948.302695 时间=1948.303 模式=OFFBOARD 起飞状态=高度保持 水平控制=位置保持 类型掩码=2496 实际位置NED=(-0.080,-0.647,-1.246) 实际速度=(0.032,0.171,-0.029) 最终目标=(-0.077,-0.153,-1.297) 指令位置=(-0.077,-0.153,-1.297) 指令速度=(0.000,0.000,0.000) 指令加速度=(0.000,0.000,0.000) 滚转角=-0.44度 俯仰角=-1.96度
09:05:17.386546 [轨迹] 序号=890 单调时间=1948.405856 时间=1948.406 模式=OFFBOARD 起飞状态=高度保持 水平控制=位置保持 类型掩码=2496 实际位置NED=(-0.079,-0.657,-1.247) 实际速度=(0.032,0.177,-0.029) 最终目标=(-0.077,-0.153,-1.297) 指令位置=(-0.077,-0.153,-1.297) 指令速度=(0.000,0.000,0.000) 指令加速度=(0.000,0.000,0.000) 滚转角=-0.44度 俯仰角=-2.02度
09:05:17.490202 [轨迹] 序号=891 单调时间=1948.509520 时间=1948.510 模式=OFFBOARD 起飞状态=高度保持 水平控制=位置保持 类型掩码=2496 实际位置NED=(-0.076,-0.676,-1.249) 实际速度=(0.031,0.190,-0.028) 最终目标=(-0.077,-0.153,-1.297) 指令位置=(-0.077,-0.153,-1.297) 指令速度=(0.000,0.000,0.000) 指令加速度=(0.000,0.000,0.000) 滚转角=-0.44度 俯仰角=-2.09度
09:05:17.593152 [轨迹] 序号=892 单调时间=1948.612658 时间=1948.613 模式=OFFBOARD 起飞状态=高度保持 水平控制=位置保持 类型掩码=2496 实际位置NED=(-0.075,-0.686,-1.250) 实际速度=(0.031,0.196,-0.028) 最终目标=(-0.077,-0.153,-1.297) 指令位置=(-0.077,-0.153,-1.297) 指令速度=(0.000,0.000,0.000) 指令加速度=(0.000,0.000,0.000) 滚转角=-0.44度 俯仰角=-2.13度
09:05:17.696125 [轨迹] 序号=893 单调时间=1948.715424 时间=1948.715 模式=OFFBOARD 起飞状态=高度保持 水平控制=位置保持 类型掩码=2496 实际位置NED=(-0.075,-0.686,-1.250) 实际速度=(0.031,0.196,-0.028) 最终目标=(-0.077,-0.153,-1.297) 指令位置=(-0.077,-0.153,-1.297) 指令速度=(0.000,0.000,0.000) 指令加速度=(0.000,0.000,0.000) 滚转角=-0.44度 俯仰角=-2.18度
09:05:17.799885 [轨迹] 序号=894 单调时间=1948.819239 时间=1948.819 模式=OFFBOARD 起飞状态=高度保持 水平控制=位置保持 类型掩码=2496 实际位置NED=(-0.071,-0.708,-1.252) 实际速度=(0.030,0.210,-0.027) 最终目标=(-0.077,-0.153,-1.297) 指令位置=(-0.077,-0.153,-1.297) 指令速度=(0.000,0.000,0.000) 指令加速度=(0.000,0.000,0.000) 滚转角=-0.43度 俯仰角=-2.26度
09:05:17.903169 [轨迹] 序号=895 单调时间=1948.922470 时间=1948.922 模式=OFFBOARD 起飞状态=高度保持 水平控制=位置保持 类型掩码=2496 实际位置NED=(-0.070,-0.718,-1.253) 实际速度=(0.029,0.217,-0.026) 最终目标=(-0.077,-0.153,-1.297) 指令位置=(-0.077,-0.153,-1.297) 指令速度=(0.000,0.000,0.000) 指令加速度=(0.000,0.000,0.000) 滚转角=-0.43度 俯仰角=-2.30度
09:05:18.006324 [轨迹] 序号=896 单调时间=1949.025762 时间=1949.026 模式=OFFBOARD 起飞状态=高度保持 水平控制=位置保持 类型掩码=2496 实际位置NED=(-0.068,-0.727,-1.254) 实际速度=(0.029,0.224,-0.026) 最终目标=(-0.077,-0.153,-1.297) 指令位置=(-0.077,-0.153,-1.297) 指令速度=(0.000,0.000,0.000) 指令加速度=(0.000,0.000,0.000) 滚转角=-0.42度 俯仰角=-2.36度
09:05:18.109856 [轨迹] 序号=897 单调时间=1949.129216 时间=1949.129 模式=OFFBOARD 起飞状态=高度保持 水平控制=位置保持 类型掩码=2496 实际位置NED=(-0.067,-0.737,-1.255) 实际速度=(0.028,0.230,-0.025) 最终目标=(-0.077,-0.153,-1.297) 指令位置=(-0.077,-0.153,-1.297) 指令速度=(0.000,0.000,0.000) 指令加速度=(0.000,0.000,0.000) 滚转角=-0.42度 俯仰角=-2.42度
09:05:18.213025 [轨迹] 序号=898 单调时间=1949.232316 时间=1949.232 模式=OFFBOARD 起飞状态=高度保持 水平控制=位置保持 类型掩码=2496 实际位置NED=(-0.065,-0.747,-1.256) 实际速度=(0.028,0.237,-0.025) 最终目标=(-0.077,-0.153,-1.297) 指令位置=(-0.077,-0.153,-1.297) 指令速度=(0.000,0.000,0.000) 指令加速度=(0.000,0.000,0.000) 滚转角=-0.41度 俯仰角=-2.47度
09:05:18.316802 [轨迹] 序号=899 单调时间=1949.336220 时间=1949.336 模式=OFFBOARD 起飞状态=高度保持 水平控制=位置保持 类型掩码=2496 实际位置NED=(-0.063,-0.759,-1.257) 实际速度=(0.027,0.245,-0.024) 最终目标=(-0.077,-0.153,-1.297) 指令位置=(-0.077,-0.153,-1.297) 指令速度=(0.000,0.000,0.000) 指令加速度=(0.000,0.000,0.000) 滚转角=-0.40度 俯仰角=-2.53度
09:05:18.417561 [轨迹] 序号=900 单调时间=1949.436970 时间=1949.437 模式=OFFBOARD 起飞状态=高度保持 水平控制=位置保持 类型掩码=2496 实际位置NED=(-0.061,-0.769,-1.258) 实际速度=(0.026,0.252,-0.024) 最终目标=(-0.077,-0.153,-1.297) 指令位置=(-0.077,-0.153,-1.297) 指令速度=(0.000,0.000,0.000) 指令加速度=(0.000,0.000,0.000) 滚转角=-0.40度 俯仰角=-2.58度
09:05:18.521061 [轨迹] 序号=901 单调时间=1949.540330 时间=1949.540 模式=OFFBOARD 起飞状态=高度保持 水平控制=位置保持 类型掩码=2496 实际位置NED=(-0.060,-0.779,-1.259) 实际速度=(0.025,0.258,-0.023) 最终目标=(-0.077,-0.153,-1.297) 指令位置=(-0.077,-0.153,-1.297) 指令速度=(0.000,0.000,0.000) 指令加速度=(0.000,0.000,0.000) 滚转角=-0.39度 俯仰角=-2.64度
09:05:18.624710 [轨迹] 序号=902 单调时间=1949.644057 时间=1949.644 模式=OFFBOARD 起飞状态=高度保持 水平控制=位置保持 类型掩码=2496 实际位置NED=(-0.056,-0.798,-1.261) 实际速度=(0.024,0.272,-0.022) 最终目标=(-0.077,-0.153,-1.297) 指令位置=(-0.077,-0.153,-1.297) 指令速度=(0.000,0.000,0.000) 指令加速度=(0.000,0.000,0.000) 滚转角=-0.39度 俯仰角=-2.70度
09:05:18.726355 [轨迹] 序号=903 单调时间=1949.745890 时间=1949.746 模式=OFFBOARD 起飞状态=高度保持 水平控制=位置保持 类型掩码=2496 实际位置NED=(-0.056,-0.798,-1.261) 实际速度=(0.024,0.272,-0.022) 最终目标=(-0.077,-0.153,-1.297) 指令位置=(-0.077,-0.153,-1.297) 指令速度=(0.000,0.000,0.000) 指令加速度=(0.000,0.000,0.000) 滚转角=-0.38度 俯仰角=-2.74度
09:05:18.829978 [轨迹] 序号=904 单调时间=1949.849317 时间=1949.849 模式=OFFBOARD 起飞状态=高度保持 水平控制=位置保持 类型掩码=2496 实际位置NED=(-0.055,-0.808,-1.262) 实际速度=(0.023,0.278,-0.022) 最终目标=(-0.077,-0.153,-1.297) 指令位置=(-0.077,-0.153,-1.297) 指令速度=(0.000,0.000,0.000) 指令加速度=(0.000,0.000,0.000) 滚转角=-0.38度 俯仰角=-2.79度
09:05:18.933158 [轨迹] 序号=905 单调时间=1949.952528 时间=1949.953 模式=OFFBOARD 起飞状态=高度保持 水平控制=位置保持 类型掩码=2496 实际位置NED=(-0.051,-0.830,-1.264) 实际速度=(0.021,0.293,-0.021) 最终目标=(-0.077,-0.153,-1.297) 指令位置=(-0.077,-0.153,-1.297) 指令速度=(0.000,0.000,0.000) 指令加速度=(0.000,0.000,0.000) 滚转角=-0.37度 俯仰角=-2.86度
09:05:19.036263 [轨迹] 序号=906 单调时间=1950.055556 时间=1950.056 模式=OFFBOARD 起飞状态=高度保持 水平控制=位置保持 类型掩码=2496 实际位置NED=(-0.049,-0.840,-1.265) 实际速度=(0.020,0.300,-0.020) 最终目标=(-0.077,-0.153,-1.297) 指令位置=(-0.077,-0.153,-1.297) 指令速度=(0.000,0.000,0.000) 指令加速度=(0.000,0.000,0.000) 滚转角=-0.37度 俯仰角=-2.91度
09:05:19.139310 [轨迹] 序号=907 单调时间=1950.158686 时间=1950.159 模式=OFFBOARD 起飞状态=高度保持 水平控制=位置保持 类型掩码=2496 实际位置NED=(-0.049,-0.840,-1.265) 实际速度=(0.020,0.300,-0.020) 最终目标=(-0.077,-0.153,-1.297) 指令位置=(-0.077,-0.153,-1.297) 指令速度=(0.000,0.000,0.000) 指令加速度=(0.000,0.000,0.000) 滚转角=-0.37度 俯仰角=-2.95度
09:05:19.242579 [轨迹] 序号=908 单调时间=1950.261976 时间=1950.262 模式=OFFBOARD 起飞状态=高度保持 水平控制=位置保持 类型掩码=2496 实际位置NED=(-0.045,-0.859,-1.267) 实际速度=(0.018,0.314,-0.019) 最终目标=(-0.077,-0.153,-1.297) 指令位置=(-0.077,-0.153,-1.297) 指令速度=(0.000,0.000,0.000) 指令加速度=(0.000,0.000,0.000) 滚转角=-0.36度 俯仰角=-3.03度
09:05:19.349440 [轨迹] 序号=909 单调时间=1950.368775 时间=1950.369 模式=OFFBOARD 起飞状态=高度保持 水平控制=位置保持 类型掩码=2496 实际位置NED=(-0.045,-0.859,-1.267) 实际速度=(0.018,0.314,-0.019) 最终目标=(-0.077,-0.153,-1.297) 指令位置=(-0.077,-0.153,-1.297) 指令速度=(0.000,0.000,0.000) 指令加速度=(0.000,0.000,0.000) 滚转角=-0.36度 俯仰角=-3.03度
09:05:19.452731 [轨迹] 序号=910 单调时间=1950.472060 时间=1950.472 模式=OFFBOARD 起飞状态=高度保持 水平控制=位置保持 类型掩码=2496 实际位置NED=(-0.045,-0.859,-1.267) 实际速度=(0.018,0.314,-0.019) 最终目标=(-0.077,-0.153,-1.297) 指令位置=(-0.077,-0.153,-1.297) 指令速度=(0.000,0.000,0.000) 指令加速度=(0.000,0.000,0.000) 滚转角=-0.36度 俯仰角=-3.03度
09:05:19.555935 [轨迹] 序号=911 单调时间=1950.575335 时间=1950.575 模式=OFFBOARD 起飞状态=高度保持 水平控制=位置保持 类型掩码=2496 实际位置NED=(-0.045,-0.859,-1.267) 实际速度=(0.018,0.314,-0.019) 最终目标=(-0.077,-0.153,-1.297) 指令位置=(-0.077,-0.153,-1.297) 指令速度=(0.000,0.000,0.000) 指令加速度=(0.000,0.000,0.000) 滚转角=-0.36度 俯仰角=-3.03度
09:05:19.660928 [轨迹] 序号=912 单调时间=1950.680292 时间=1950.680 模式=OFFBOARD 起飞状态=高度保持 水平控制=位置保持 类型掩码=2496 实际位置NED=(-0.045,-0.859,-1.267) 实际速度=(0.018,0.314,-0.019) 最终目标=(-0.077,-0.153,-1.297) 指令位置=(-0.077,-0.153,-1.297) 指令速度=(0.000,0.000,0.000) 指令加速度=(0.000,0.000,0.000) 滚转角=-0.36度 俯仰角=-3.03度
09:05:19.763921 [轨迹] 序号=913 单调时间=1950.783310 时间=1950.783 模式=OFFBOARD 起飞状态=高度保持 水平控制=位置保持 类型掩码=2496 实际位置NED=(-0.045,-0.859,-1.267) 实际速度=(0.018,0.314,-0.019) 最终目标=(-0.077,-0.153,-1.297) 指令位置=(-0.077,-0.153,-1.297) 指令速度=(0.000,0.000,0.000) 指令加速度=(0.000,0.000,0.000) 滚转角=-0.36度 俯仰角=-3.03度
09:05:19.867087 [轨迹] 序号=914 单调时间=1950.886453 时间=1950.886 模式=OFFBOARD 起飞状态=高度保持 水平控制=位置保持 类型掩码=2496 实际位置NED=(-0.045,-0.859,-1.267) 实际速度=(0.018,0.314,-0.019) 最终目标=(-0.077,-0.153,-1.297) 指令位置=(-0.077,-0.153,-1.297) 指令速度=(0.000,0.000,0.000) 指令加速度=(0.000,0.000,0.000) 滚转角=-0.36度 俯仰角=-3.03度
09:05:19.970812 [轨迹] 序号=915 单调时间=1950.990166 时间=1950.990 模式=OFFBOARD 起飞状态=高度保持 水平控制=位置保持 类型掩码=2496 实际位置NED=(-0.045,-0.859,-1.267) 实际速度=(0.018,0.314,-0.019) 最终目标=(-0.077,-0.153,-1.297) 指令位置=(-0.077,-0.153,-1.297) 指令速度=(0.000,0.000,0.000) 指令加速度=(0.000,0.000,0.000) 滚转角=-0.36度 俯仰角=-3.03度
09:05:20.076272 [轨迹] 序号=916 单调时间=1951.094736 时间=1951.095 模式=OFFBOARD 起飞状态=高度保持 水平控制=位置保持 类型掩码=2496 实际位置NED=(-0.045,-0.859,-1.267) 实际速度=(0.018,0.314,-0.019) 最终目标=(-0.077,-0.153,-1.297) 指令位置=(-0.077,-0.153,-1.297) 指令速度=(0.000,0.000,0.000) 指令加速度=(0.000,0.000,0.000) 滚转角=-0.36度 俯仰角=-3.03度
09:05:20.179950 [轨迹] 序号=917 单调时间=1951.199358 时间=1951.199 模式=OFFBOARD 起飞状态=高度保持 水平控制=位置保持 类型掩码=2496 实际位置NED=(-0.045,-0.859,-1.267) 实际速度=(0.018,0.314,-0.019) 最终目标=(-0.077,-0.153,-1.297) 指令位置=(-0.077,-0.153,-1.297) 指令速度=(0.000,0.000,0.000) 指令加速度=(0.000,0.000,0.000) 滚转角=-0.36度 俯仰角=-3.03度
09:05:20.281695 [轨迹] 序号=918 单调时间=1951.301066 时间=1951.301 模式=OFFBOARD 起飞状态=高度保持 水平控制=位置保持 类型掩码=2496 实际位置NED=(-0.045,-0.859,-1.267) 实际速度=(0.018,0.314,-0.019) 最终目标=(-0.077,-0.153,-1.297) 指令位置=(-0.077,-0.153,-1.297) 指令速度=(0.000,0.000,0.000) 指令加速度=(0.000,0.000,0.000) 滚转角=-0.36度 俯仰角=-3.03度
09:05:20.383589 [轨迹] 序号=919 单调时间=1951.402966 时间=1951.403 模式=OFFBOARD 起飞状态=高度保持 水平控制=位置保持 类型掩码=2496 实际位置NED=(-0.045,-0.859,-1.267) 实际速度=(0.018,0.314,-0.019) 最终目标=(-0.077,-0.153,-1.297) 指令位置=(-0.077,-0.153,-1.297) 指令速度=(0.000,0.000,0.000) 指令加速度=(0.000,0.000,0.000) 滚转角=-0.36度 俯仰角=-3.03度
09:05:20.486660 [轨迹] 序号=920 单调时间=1951.506071 时间=1951.506 模式=OFFBOARD 起飞状态=高度保持 水平控制=位置保持 类型掩码=2496 实际位置NED=(-0.045,-0.859,-1.267) 实际速度=(0.018,0.314,-0.019) 最终目标=(-0.077,-0.153,-1.297) 指令位置=(-0.077,-0.153,-1.297) 指令速度=(0.000,0.000,0.000) 指令加速度=(0.000,0.000,0.000) 滚转角=-0.36度 俯仰角=-3.03度
09:05:20.589482 [轨迹] 序号=921 单调时间=1951.608940 时间=1951.609 模式=OFFBOARD 起飞状态=高度保持 水平控制=位置保持 类型掩码=2496 实际位置NED=(-0.045,-0.859,-1.267) 实际速度=(0.018,0.314,-0.019) 最终目标=(-0.077,-0.153,-1.297) 指令位置=(-0.077,-0.153,-1.297) 指令速度=(0.000,0.000,0.000) 指令加速度=(0.000,0.000,0.000) 滚转角=-0.36度 俯仰角=-3.03度
09:05:20.692571 [轨迹] 序号=922 单调时间=1951.711953 时间=1951.712 模式=OFFBOARD 起飞状态=高度保持 水平控制=位置保持 类型掩码=2496 实际位置NED=(-0.045,-0.859,-1.267) 实际速度=(0.018,0.314,-0.019) 最终目标=(-0.077,-0.153,-1.297) 指令位置=(-0.077,-0.153,-1.297) 指令速度=(0.000,0.000,0.000) 指令加速度=(0.000,0.000,0.000) 滚转角=-0.36度 俯仰角=-3.03度
09:05:20.795869 [轨迹] 序号=923 单调时间=1951.815226 时间=1951.815 模式=OFFBOARD 起飞状态=高度保持 水平控制=位置保持 类型掩码=2496 实际位置NED=(-0.045,-0.859,-1.267) 实际速度=(0.018,0.314,-0.019) 最终目标=(-0.077,-0.153,-1.297) 指令位置=(-0.077,-0.153,-1.297) 指令速度=(0.000,0.000,0.000) 指令加速度=(0.000,0.000,0.000) 滚转角=-0.36度 俯仰角=-3.03度
09:05:20.898799 [轨迹] 序号=924 单调时间=1951.918255 时间=1951.918 模式=OFFBOARD 起飞状态=高度保持 水平控制=位置保持 类型掩码=2496 实际位置NED=(-0.045,-0.859,-1.267) 实际速度=(0.018,0.314,-0.019) 最终目标=(-0.077,-0.153,-1.297) 指令位置=(-0.077,-0.153,-1.297) 指令速度=(0.000,0.000,0.000) 指令加速度=(0.000,0.000,0.000) 滚转角=-0.36度 俯仰角=-3.03度
09:05:21.002084 [轨迹] 序号=925 单调时间=1952.021399 时间=1952.021 模式=OFFBOARD 起飞状态=高度保持 水平控制=位置保持 类型掩码=2496 实际位置NED=(-0.045,-0.859,-1.267) 实际速度=(0.018,0.314,-0.019) 最终目标=(-0.077,-0.153,-1.297) 指令位置=(-0.077,-0.153,-1.297) 指令速度=(0.000,0.000,0.000) 指令加速度=(0.000,0.000,0.000) 滚转角=-0.36度 俯仰角=-3.03度
09:05:21.105005 [轨迹] 序号=926 单调时间=1952.124401 时间=1952.124 模式=OFFBOARD 起飞状态=高度保持 水平控制=位置保持 类型掩码=2496 实际位置NED=(-0.045,-0.859,-1.267) 实际速度=(0.018,0.314,-0.019) 最终目标=(-0.077,-0.153,-1.297) 指令位置=(-0.077,-0.153,-1.297) 指令速度=(0.000,0.000,0.000) 指令加速度=(0.000,0.000,0.000) 滚转角=-0.36度 俯仰角=-3.03度
09:05:21.207862 [轨迹] 序号=927 单调时间=1952.227265 时间=1952.227 模式=OFFBOARD 起飞状态=高度保持 水平控制=位置保持 类型掩码=2496 实际位置NED=(-0.045,-0.859,-1.267) 实际速度=(0.018,0.314,-0.019) 最终目标=(-0.077,-0.153,-1.297) 指令位置=(-0.077,-0.153,-1.297) 指令速度=(0.000,0.000,0.000) 指令加速度=(0.000,0.000,0.000) 滚转角=-0.36度 俯仰角=-3.03度
09:05:21.311083 [轨迹] 序号=928 单调时间=1952.330494 时间=1952.330 模式=OFFBOARD 起飞状态=高度保持 水平控制=位置保持 类型掩码=2496 实际位置NED=(-0.045,-0.859,-1.267) 实际速度=(0.018,0.314,-0.019) 最终目标=(-0.077,-0.153,-1.297) 指令位置=(-0.077,-0.153,-1.297) 指令速度=(0.000,0.000,0.000) 指令加速度=(0.000,0.000,0.000) 滚转角=-0.36度 俯仰角=-3.03度
09:05:21.414303 [轨迹] 序号=929 单调时间=1952.433673 时间=1952.434 模式=OFFBOARD 起飞状态=高度保持 水平控制=位置保持 类型掩码=2496 实际位置NED=(-0.045,-0.859,-1.267) 实际速度=(0.018,0.314,-0.019) 最终目标=(-0.077,-0.153,-1.297) 指令位置=(-0.077,-0.153,-1.297) 指令速度=(0.000,0.000,0.000) 指令加速度=(0.000,0.000,0.000) 滚转角=-0.36度 俯仰角=-3.03度
09:05:21.517425 [轨迹] 序号=930 单调时间=1952.536788 时间=1952.537 模式=OFFBOARD 起飞状态=高度保持 水平控制=位置保持 类型掩码=2496 实际位置NED=(-0.045,-0.859,-1.267) 实际速度=(0.018,0.314,-0.019) 最终目标=(-0.077,-0.153,-1.297) 指令位置=(-0.077,-0.153,-1.297) 指令速度=(0.000,0.000,0.000) 指令加速度=(0.000,0.000,0.000) 滚转角=-0.36度 俯仰角=-3.03度
09:05:21.620583 [轨迹] 序号=931 单调时间=1952.639934 时间=1952.640 模式=OFFBOARD 起飞状态=高度保持 水平控制=位置保持 类型掩码=2496 实际位置NED=(-0.045,-0.859,-1.267) 实际速度=(0.018,0.314,-0.019) 最终目标=(-0.077,-0.153,-1.297) 指令位置=(-0.077,-0.153,-1.297) 指令速度=(0.000,0.000,0.000) 指令加速度=(0.000,0.000,0.000) 滚转角=-0.36度 俯仰角=-3.03度
09:05:21.723837 [轨迹] 序号=932 单调时间=1952.743210 时间=1952.743 模式=OFFBOARD 起飞状态=高度保持 水平控制=位置保持 类型掩码=2496 实际位置NED=(-0.045,-0.859,-1.267) 实际速度=(0.018,0.314,-0.019) 最终目标=(-0.077,-0.153,-1.297) 指令位置=(-0.077,-0.153,-1.297) 指令速度=(0.000,0.000,0.000) 指令加速度=(0.000,0.000,0.000) 滚转角=-0.36度 俯仰角=-3.03度
09:05:21.826920 [轨迹] 序号=933 单调时间=1952.846351 时间=1952.846 模式=OFFBOARD 起飞状态=高度保持 水平控制=位置保持 类型掩码=2496 实际位置NED=(-0.045,-0.859,-1.267) 实际速度=(0.018,0.314,-0.019) 最终目标=(-0.077,-0.153,-1.297) 指令位置=(-0.077,-0.153,-1.297) 指令速度=(0.000,0.000,0.000) 指令加速度=(0.000,0.000,0.000) 滚转角=-0.36度 俯仰角=-3.03度
09:05:21.930535 [轨迹] 序号=934 单调时间=1952.949952 时间=1952.950 模式=OFFBOARD 起飞状态=高度保持 水平控制=位置保持 类型掩码=2496 实际位置NED=(-0.045,-0.859,-1.267) 实际速度=(0.018,0.314,-0.019) 最终目标=(-0.077,-0.153,-1.297) 指令位置=(-0.077,-0.153,-1.297) 指令速度=(0.000,0.000,0.000) 指令加速度=(0.000,0.000,0.000) 滚转角=-0.36度 俯仰角=-3.03度
09:05:22.033826 [轨迹] 序号=935 单调时间=1953.053227 时间=1953.053 模式=OFFBOARD 起飞状态=高度保持 水平控制=位置保持 类型掩码=2496 实际位置NED=(-0.045,-0.859,-1.267) 实际速度=(0.018,0.314,-0.019) 最终目标=(-0.077,-0.153,-1.297) 指令位置=(-0.077,-0.153,-1.297) 指令速度=(0.000,0.000,0.000) 指令加速度=(0.000,0.000,0.000) 滚转角=-0.36度 俯仰角=-3.03度
09:05:22.136919 [轨迹] 序号=936 单调时间=1953.156341 时间=1953.156 模式=OFFBOARD 起飞状态=高度保持 水平控制=位置保持 类型掩码=2496 实际位置NED=(-0.045,-0.859,-1.267) 实际速度=(0.018,0.314,-0.019) 最终目标=(-0.077,-0.153,-1.297) 指令位置=(-0.077,-0.153,-1.297) 指令速度=(0.000,0.000,0.000) 指令加速度=(0.000,0.000,0.000) 滚转角=-0.36度 俯仰角=-3.03度
09:05:22.239989 [轨迹] 序号=937 单调时间=1953.259384 时间=1953.259 模式=OFFBOARD 起飞状态=高度保持 水平控制=位置保持 类型掩码=2496 实际位置NED=(-0.045,-0.859,-1.267) 实际速度=(0.018,0.314,-0.019) 最终目标=(-0.077,-0.153,-1.297) 指令位置=(-0.077,-0.153,-1.297) 指令速度=(0.000,0.000,0.000) 指令加速度=(0.000,0.000,0.000) 滚转角=-0.36度 俯仰角=-3.03度
09:05:22.343125 [轨迹] 序号=938 单调时间=1953.362533 时间=1953.363 模式=OFFBOARD 起飞状态=高度保持 水平控制=位置保持 类型掩码=2496 实际位置NED=(-0.045,-0.859,-1.267) 实际速度=(0.018,0.314,-0.019) 最终目标=(-0.077,-0.153,-1.297) 指令位置=(-0.077,-0.153,-1.297) 指令速度=(0.000,0.000,0.000) 指令加速度=(0.000,0.000,0.000) 滚转角=-0.36度 俯仰角=-3.03度
09:05:22.446409 [轨迹] 序号=939 单调时间=1953.465757 时间=1953.466 模式=OFFBOARD 起飞状态=高度保持 水平控制=位置保持 类型掩码=2496 实际位置NED=(-0.045,-0.859,-1.267) 实际速度=(0.018,0.314,-0.019) 最终目标=(-0.077,-0.153,-1.297) 指令位置=(-0.077,-0.153,-1.297) 指令速度=(0.000,0.000,0.000) 指令加速度=(0.000,0.000,0.000) 滚转角=-0.36度 俯仰角=-3.03度
09:05:22.549946 [轨迹] 序号=940 单调时间=1953.569316 时间=1953.569 模式=OFFBOARD 起飞状态=高度保持 水平控制=位置保持 类型掩码=2496 实际位置NED=(-0.045,-0.859,-1.267) 实际速度=(0.018,0.314,-0.019) 最终目标=(-0.077,-0.153,-1.297) 指令位置=(-0.077,-0.153,-1.297) 指令速度=(0.000,0.000,0.000) 指令加速度=(0.000,0.000,0.000) 滚转角=-0.36度 俯仰角=-3.03度
09:05:22 [信息] V3上位机已关闭
