10:03:00 [激光测距] 已通过 MyLink MAVLink 收到四路距离数据
10:03:01 [电机输出] 已通过 MyLink MAVLink 收到四路电机PWM数据
10:03:03 [成功] PX4已连接：udp:127.0.0.1:14540 系统ID=1 组件ID=1
10:03:03 [贴顶流程] 待机
10:03:03 [离地高度] 已请求3 Hz测距数据流
10:03:03 [成功] 已保存UDP地址：udp:127.0.0.1:14540
10:03:03 [成功] 本地NED坐标原点=(-0.026564037427306175, 0.016641510650515556, -0.10862046480178833)；已启动10 Hz本地位置数据流
10:03:03.562182 [轨迹] 序号=1 单调时间=4598.342057 时间=4598.342 模式=AUTO.LOITER 起飞状态=未执行起飞 水平控制=位置保持 类型掩码=3520 实际位置NED=(-0.027,0.017,-0.109) 实际速度=(-0.001,-0.001,-0.013) 最终目标=(-0.027,0.017,-0.109) 指令位置=(-0.027,0.017,nan) 指令速度=(0.000,0.000,0.000) 指令加速度=(0.000,0.000,nan) 滚转角=0.04度 俯仰角=-0.03度
10:03:03.665691 [轨迹] 序号=2 单调时间=4598.445597 时间=4598.446 模式=AUTO.LOITER 起飞状态=未执行起飞 水平控制=位置保持 类型掩码=3520 实际位置NED=(-0.026,0.017,-0.108) 实际速度=(-0.001,-0.001,-0.013) 最终目标=(-0.026,0.017,-0.108) 指令位置=(-0.026,0.017,nan) 指令速度=(0.000,0.000,0.000) 指令加速度=(0.000,0.000,nan) 滚转角=0.04度 俯仰角=-0.03度
10:03:03.768157 [轨迹] 序号=3 单调时间=4598.548048 时间=4598.548 模式=AUTO.LOITER 起飞状态=未执行起飞 水平控制=位置保持 类型掩码=3520 实际位置NED=(-0.026,0.016,-0.108) 实际速度=(-0.002,-0.001,-0.013) 最终目标=(-0.026,0.016,-0.108) 指令位置=(-0.026,0.016,nan) 指令速度=(0.000,0.000,0.000) 指令加速度=(0.000,0.000,nan) 滚转角=0.04度 俯仰角=-0.03度
10:03:03.870876 [轨迹] 序号=4 单调时间=4598.650776 时间=4598.651 模式=AUTO.LOITER 起飞状态=未执行起飞 水平控制=位置保持 类型掩码=3520 实际位置NED=(-0.026,0.016,-0.108) 实际速度=(-0.001,-0.002,-0.013) 最终目标=(-0.026,0.016,-0.108) 指令位置=(-0.026,0.016,nan) 指令速度=(0.000,0.000,0.000) 指令加速度=(0.000,0.000,nan) 滚转角=0.04度 俯仰角=-0.03度
10:03:03.973588 [轨迹] 序号=5 单调时间=4598.753413 时间=4598.753 模式=AUTO.LOITER 起飞状态=未执行起飞 水平控制=位置保持 类型掩码=3520 实际位置NED=(-0.026,0.016,-0.108) 实际速度=(-0.002,-0.001,-0.012) 最终目标=(-0.026,0.016,-0.108) 指令位置=(-0.026,0.016,nan) 指令速度=(0.000,0.000,0.000) 指令加速度=(0.000,0.000,nan) 滚转角=0.04度 俯仰角=-0.03度
10:03:04.076337 [轨迹] 序号=6 单调时间=4598.856423 时间=4598.856 模式=AUTO.LOITER 起飞状态=未执行起飞 水平控制=位置保持 类型掩码=3520 实际位置NED=(-0.026,0.016,-0.107) 实际速度=(-0.001,-0.001,-0.012) 最终目标=(-0.026,0.016,-0.107) 指令位置=(-0.026,0.016,nan) 指令速度=(0.000,0.000,0.000) 指令加速度=(0.000,0.000,nan) 滚转角=0.04度 俯仰角=-0.03度
10:03:04.179230 [轨迹] 序号=7 单调时间=4598.959062 时间=4598.959 模式=AUTO.LOITER 起飞状态=未执行起飞 水平控制=位置保持 类型掩码=3520 实际位置NED=(-0.026,0.016,-0.107) 实际速度=(-0.001,-0.001,-0.012) 最终目标=(-0.026,0.016,-0.107) 指令位置=(-0.026,0.016,nan) 指令速度=(0.000,0.000,0.000) 指令加速度=(0.000,0.000,nan) 滚转角=0.04度 俯仰角=-0.03度
10:03:04.282142 [轨迹] 序号=8 单调时间=4599.061993 时间=4599.062 模式=AUTO.LOITER 起飞状态=未执行起飞 水平控制=位置保持 类型掩码=3520 实际位置NED=(-0.026,0.016,-0.107) 实际速度=(-0.001,-0.001,-0.011) 最终目标=(-0.026,0.016,-0.107) 指令位置=(-0.026,0.016,nan) 指令速度=(0.000,0.000,0.000) 指令加速度=(0.000,0.000,nan) 滚转角=0.04度 俯仰角=-0.03度
10:03:04.384696 [轨迹] 序号=9 单调时间=4599.164742 时间=4599.165 模式=AUTO.LOITER 起飞状态=未执行起飞 水平控制=位置保持 类型掩码=3520 实际位置NED=(-0.025,0.016,-0.107) 实际速度=(-0.001,-0.001,-0.011) 最终目标=(-0.025,0.016,-0.107) 指令位置=(-0.025,0.016,nan) 指令速度=(0.000,0.000,0.000) 指令加速度=(0.000,0.000,nan) 滚转角=0.04度 俯仰角=-0.03度
10:03:04.487795 [轨迹] 序号=10 单调时间=4599.267665 时间=4599.268 模式=AUTO.LOITER 起飞状态=未执行起飞 水平控制=位置保持 类型掩码=3520 实际位置NED=(-0.025,0.016,-0.107) 实际速度=(-0.001,-0.001,-0.011) 最终目标=(-0.025,0.016,-0.107) 指令位置=(-0.025,0.016,nan) 指令速度=(0.000,0.000,0.000) 指令加速度=(0.000,0.000,nan) 滚转角=0.04度 俯仰角=-0.03度
10:03:04.590564 [轨迹] 序号=11 单调时间=4599.370460 时间=4599.370 模式=AUTO.LOITER 起飞状态=未执行起飞 水平控制=位置保持 类型掩码=3520 实际位置NED=(-0.025,0.016,-0.106) 实际速度=(-0.001,-0.001,-0.011) 最终目标=(-0.025,0.016,-0.106) 指令位置=(-0.025,0.016,nan) 指令速度=(0.000,0.000,0.000) 指令加速度=(0.000,0.000,nan) 滚转角=0.04度 俯仰角=-0.03度
10:03:04.693269 [轨迹] 序号=12 单调时间=4599.473184 时间=4599.473 模式=AUTO.LOITER 起飞状态=未执行起飞 水平控制=位置保持 类型掩码=3520 实际位置NED=(-0.025,0.016,-0.106) 实际速度=(-0.001,-0.001,-0.011) 最终目标=(-0.025,0.016,-0.106) 指令位置=(-0.025,0.016,nan) 指令速度=(0.000,0.000,0.000) 指令加速度=(0.000,0.000,nan) 滚转角=0.04度 俯仰角=-0.03度
10:03:04.796284 [轨迹] 序号=13 单调时间=4599.576192 时间=4599.576 模式=AUTO.LOITER 起飞状态=未执行起飞 水平控制=位置保持 类型掩码=3520 实际位置NED=(-0.025,0.016,-0.106) 实际速度=(-0.001,-0.001,-0.011) 最终目标=(-0.025,0.016,-0.106) 指令位置=(-0.025,0.016,nan) 指令速度=(0.000,0.000,0.000) 指令加速度=(0.000,0.000,nan) 滚转角=0.04度 俯仰角=-0.03度
10:03:04.900837 [轨迹] 序号=14 单调时间=4599.680650 时间=4599.681 模式=AUTO.LOITER 起飞状态=未执行起飞 水平控制=位置保持 类型掩码=3520 实际位置NED=(-0.025,0.016,-0.106) 实际速度=(-0.001,-0.001,-0.011) 最终目标=(-0.025,0.016,-0.106) 指令位置=(-0.025,0.016,nan) 指令速度=(0.000,0.000,0.000) 指令加速度=(0.000,0.000,nan) 滚转角=0.04度 俯仰角=-0.03度
10:03:05.004931 [轨迹] 序号=15 单调时间=4599.784815 时间=4599.785 模式=AUTO.LOITER 起飞状态=未执行起飞 水平控制=位置保持 类型掩码=3520 实际位置NED=(-0.025,0.016,-0.106) 实际速度=(-0.001,-0.001,-0.010) 最终目标=(-0.025,0.016,-0.106) 指令位置=(-0.025,0.016,nan) 指令速度=(0.000,0.000,0.000) 指令加速度=(0.000,0.000,nan) 滚转角=0.04度 俯仰角=-0.03度
10:03:05.108709 [轨迹] 序号=16 单调时间=4599.888596 时间=4599.889 模式=AUTO.LOITER 起飞状态=未执行起飞 水平控制=位置保持 类型掩码=3520 实际位置NED=(-0.024,0.016,-0.106) 实际速度=(-0.001,-0.001,-0.010) 最终目标=(-0.024,0.016,-0.106) 指令位置=(-0.024,0.016,nan) 指令速度=(0.000,0.000,0.000) 指令加速度=(0.000,0.000,nan) 滚转角=0.04度 俯仰角=-0.03度
10:03:05.213140 [轨迹] 序号=17 单调时间=4599.992954 时间=4599.993 模式=AUTO.LOITER 起飞状态=未执行起飞 水平控制=位置保持 类型掩码=3520 实际位置NED=(-0.024,0.017,-0.105) 实际速度=(-0.000,-0.001,-0.010) 最终目标=(-0.024,0.017,-0.105) 指令位置=(-0.024,0.017,nan) 指令速度=(0.000,0.000,0.000) 指令加速度=(0.000,0.000,nan) 滚转角=0.04度 俯仰角=-0.03度
10:03:05.316378 [轨迹] 序号=18 单调时间=4600.096198 时间=4600.096 模式=AUTO.LOITER 起飞状态=未执行起飞 水平控制=位置保持 类型掩码=3520 实际位置NED=(-0.024,0.017,-0.105) 实际速度=(-0.000,-0.001,-0.010) 最终目标=(-0.024,0.017,-0.105) 指令位置=(-0.024,0.017,nan) 指令速度=(0.000,0.000,0.000) 指令加速度=(0.000,0.000,nan) 滚转角=0.04度 俯仰角=-0.03度
10:03:05.419743 [轨迹] 序号=19 单调时间=4600.199552 时间=4600.200 模式=AUTO.LOITER 起飞状态=未执行起飞 水平控制=位置保持 类型掩码=3520 实际位置NED=(-0.024,0.017,-0.105) 实际速度=(-0.000,-0.001,-0.010) 最终目标=(-0.024,0.017,-0.105) 指令位置=(-0.024,0.017,nan) 指令速度=(0.000,0.000,0.000) 指令加速度=(0.000,0.000,nan) 滚转角=0.04度 俯仰角=-0.03度
10:03:05.523203 [轨迹] 序号=20 单调时间=4600.303002 时间=4600.303 模式=AUTO.LOITER 起飞状态=未执行起飞 水平控制=位置保持 类型掩码=3520 实际位置NED=(-0.024,0.017,-0.105) 实际速度=(-0.000,-0.001,-0.010) 最终目标=(-0.024,0.017,-0.105) 指令位置=(-0.024,0.017,nan) 指令速度=(0.000,0.000,0.000) 指令加速度=(0.000,0.000,nan) 滚转角=0.04度 俯仰角=-0.03度
10:03:05.626995 [轨迹] 序号=21 单调时间=4600.406753 时间=4600.407 模式=AUTO.LOITER 起飞状态=未执行起飞 水平控制=位置保持 类型掩码=3520 实际位置NED=(-0.023,0.017,-0.105) 实际速度=(-0.000,-0.001,-0.010) 最终目标=(-0.023,0.017,-0.105) 指令位置=(-0.023,0.017,nan) 指令速度=(0.000,0.000,0.000) 指令加速度=(0.000,0.000,nan) 滚转角=0.04度 俯仰角=-0.03度
10:03:05.730629 [轨迹] 序号=22 单调时间=4600.510606 时间=4600.511 模式=AUTO.LOITER 起飞状态=未执行起飞 水平控制=位置保持 类型掩码=3520 实际位置NED=(-0.023,0.017,-0.105) 实际速度=(-0.000,-0.001,-0.010) 最终目标=(-0.023,0.017,-0.105) 指令位置=(-0.023,0.017,nan) 指令速度=(0.000,0.000,0.000) 指令加速度=(0.000,0.000,nan) 滚转角=0.04度 俯仰角=-0.03度
10:03:05.835091 [轨迹] 序号=23 单调时间=4600.615033 时间=4600.615 模式=AUTO.LOITER 起飞状态=未执行起飞 水平控制=位置保持 类型掩码=3520 实际位置NED=(-0.023,0.017,-0.105) 实际速度=(-0.000,-0.001,-0.010) 最终目标=(-0.023,0.017,-0.105) 指令位置=(-0.023,0.017,nan) 指令速度=(0.000,0.000,0.000) 指令加速度=(0.000,0.000,nan) 滚转角=0.04度 俯仰角=-0.03度
10:03:05.938785 [轨迹] 序号=24 单调时间=4600.718187 时间=4600.718 模式=AUTO.LOITER 起飞状态=未执行起飞 水平控制=位置保持 类型掩码=3520 实际位置NED=(-0.023,0.017,-0.105) 实际速度=(-0.001,-0.001,-0.010) 最终目标=(-0.023,0.017,-0.105) 指令位置=(-0.023,0.017,nan) 指令速度=(0.000,0.000,0.000) 指令加速度=(0.000,0.000,nan) 滚转角=0.04度 俯仰角=-0.04度
10:03:06.043195 [轨迹] 序号=25 单调时间=4600.823022 时间=4600.823 模式=AUTO.LOITER 起飞状态=未执行起飞 水平控制=位置保持 类型掩码=3520 实际位置NED=(-0.023,0.017,-0.105) 实际速度=(-0.000,-0.001,-0.010) 最终目标=(-0.023,0.017,-0.105) 指令位置=(-0.023,0.017,nan) 指令速度=(0.000,0.000,0.000) 指令加速度=(0.000,0.000,nan) 滚转角=0.04度 俯仰角=-0.04度
10:03:06.146248 [轨迹] 序号=26 单调时间=4600.926167 时间=4600.926 模式=AUTO.LOITER 起飞状态=未执行起飞 水平控制=位置保持 类型掩码=3520 实际位置NED=(-0.022,0.018,-0.105) 实际速度=(-0.000,-0.000,-0.010) 最终目标=(-0.022,0.018,-0.105) 指令位置=(-0.022,0.018,nan) 指令速度=(0.000,0.000,0.000) 指令加速度=(0.000,0.000,nan) 滚转角=0.04度 俯仰角=-0.03度
10:03:06.250110 [轨迹] 序号=27 单调时间=4601.030125 时间=4601.030 模式=AUTO.LOITER 起飞状态=未执行起飞 水平控制=位置保持 类型掩码=3520 实际位置NED=(-0.022,0.018,-0.105) 实际速度=(-0.000,-0.000,-0.010) 最终目标=(-0.022,0.018,-0.105) 指令位置=(-0.022,0.018,nan) 指令速度=(0.000,0.000,0.000) 指令加速度=(0.000,0.000,nan) 滚转角=0.04度 俯仰角=-0.04度
10:03:06.354218 [轨迹] 序号=28 单调时间=4601.133937 时间=4601.134 模式=AUTO.LOITER 起飞状态=未执行起飞 水平控制=位置保持 类型掩码=3520 实际位置NED=(-0.022,0.018,-0.105) 实际速度=(-0.000,-0.000,-0.010) 最终目标=(-0.022,0.018,-0.105) 指令位置=(-0.022,0.018,nan) 指令速度=(0.000,0.000,0.000) 指令加速度=(0.000,0.000,nan) 滚转角=0.04度 俯仰角=-0.04度
10:03:06.457613 [轨迹] 序号=29 单调时间=4601.237579 时间=4601.238 模式=AUTO.LOITER 起飞状态=未执行起飞 水平控制=位置保持 类型掩码=3520 实际位置NED=(-0.022,0.018,-0.105) 实际速度=(-0.000,-0.000,-0.010) 最终目标=(-0.022,0.018,-0.105) 指令位置=(-0.022,0.018,nan) 指令速度=(0.000,0.000,0.000) 指令加速度=(0.000,0.000,nan) 滚转角=0.04度 俯仰角=-0.04度
10:03:06.560763 [轨迹] 序号=30 单调时间=4601.340724 时间=4601.341 模式=AUTO.LOITER 起飞状态=未执行起飞 水平控制=位置保持 类型掩码=3520 实际位置NED=(-0.022,0.018,-0.105) 实际速度=(-0.000,-0.000,-0.010) 最终目标=(-0.022,0.018,-0.105) 指令位置=(-0.022,0.018,nan) 指令速度=(0.000,0.000,0.000) 指令加速度=(0.000,0.000,nan) 滚转角=0.04度 俯仰角=-0.04度
10:03:06.664616 [轨迹] 序号=31 单调时间=4601.444361 时间=4601.444 模式=AUTO.LOITER 起飞状态=未执行起飞 水平控制=位置保持 类型掩码=3520 实际位置NED=(-0.021,0.018,-0.105) 实际速度=(-0.000,0.000,-0.009) 最终目标=(-0.021,0.018,-0.105) 指令位置=(-0.021,0.018,nan) 指令速度=(0.000,0.000,0.000) 指令加速度=(0.000,0.000,nan) 滚转角=0.04度 俯仰角=-0.04度
10:03:06.768434 [轨迹] 序号=32 单调时间=4601.548416 时间=4601.548 模式=AUTO.LOITER 起飞状态=未执行起飞 水平控制=位置保持 类型掩码=3520 实际位置NED=(-0.021,0.018,-0.105) 实际速度=(-0.000,0.000,-0.009) 最终目标=(-0.021,0.018,-0.105) 指令位置=(-0.021,0.018,nan) 指令速度=(0.000,0.000,0.000) 指令加速度=(0.000,0.000,nan) 滚转角=0.04度 俯仰角=-0.04度
10:03:06.871816 [轨迹] 序号=33 单调时间=4601.651819 时间=4601.652 模式=AUTO.LOITER 起飞状态=未执行起飞 水平控制=位置保持 类型掩码=3520 实际位置NED=(-0.021,0.019,-0.105) 实际速度=(-0.001,0.000,-0.009) 最终目标=(-0.021,0.019,-0.105) 指令位置=(-0.021,0.019,nan) 指令速度=(0.000,0.000,0.000) 指令加速度=(0.000,0.000,nan) 滚转角=0.04度 俯仰角=-0.04度
10:03:06.974751 [轨迹] 序号=34 单调时间=4601.754574 时间=4601.755 模式=AUTO.LOITER 起飞状态=未执行起飞 水平控制=位置保持 类型掩码=3520 实际位置NED=(-0.021,0.019,-0.105) 实际速度=(-0.001,0.000,-0.009) 最终目标=(-0.021,0.019,-0.105) 指令位置=(-0.021,0.019,nan) 指令速度=(0.000,0.000,0.000) 指令加速度=(0.000,0.000,nan) 滚转角=0.04度 俯仰角=-0.04度
10:03:07.078232 [轨迹] 序号=35 单调时间=4601.858195 时间=4601.858 模式=AUTO.LOITER 起飞状态=未执行起飞 水平控制=位置保持 类型掩码=3520 实际位置NED=(-0.021,0.019,-0.105) 实际速度=(-0.001,0.000,-0.009) 最终目标=(-0.021,0.019,-0.105) 指令位置=(-0.021,0.019,nan) 指令速度=(0.000,0.000,0.000) 指令加速度=(0.000,0.000,nan) 滚转角=0.04度 俯仰角=-0.04度
10:03:07.180771 [轨迹] 序号=36 单调时间=4601.960719 时间=4601.961 模式=AUTO.LOITER 起飞状态=未执行起飞 水平控制=位置保持 类型掩码=3520 实际位置NED=(-0.021,0.019,-0.105) 实际速度=(-0.001,0.000,-0.009) 最终目标=(-0.021,0.019,-0.105) 指令位置=(-0.021,0.019,nan) 指令速度=(0.000,0.000,0.000) 指令加速度=(0.000,0.000,nan) 滚转角=0.04度 俯仰角=-0.04度
10:03:07.283899 [轨迹] 序号=37 单调时间=4602.063597 时间=4602.064 模式=AUTO.LOITER 起飞状态=未执行起飞 水平控制=位置保持 类型掩码=3520 实际位置NED=(-0.020,0.019,-0.105) 实际速度=(-0.001,0.000,-0.008) 最终目标=(-0.020,0.019,-0.105) 指令位置=(-0.020,0.019,nan) 指令速度=(0.000,0.000,0.000) 指令加速度=(0.000,0.000,nan) 滚转角=0.04度 俯仰角=-0.04度
10:03:07.387159 [轨迹] 序号=38 单调时间=4602.167167 时间=4602.167 模式=AUTO.LOITER 起飞状态=未执行起飞 水平控制=位置保持 类型掩码=3520 实际位置NED=(-0.020,0.019,-0.105) 实际速度=(-0.001,-0.000,-0.008) 最终目标=(-0.020,0.019,-0.105) 指令位置=(-0.020,0.019,nan) 指令速度=(0.000,0.000,0.000) 指令加速度=(0.000,0.000,nan) 滚转角=0.04度 俯仰角=-0.04度
10:03:07.490365 [轨迹] 序号=39 单调时间=4602.269883 时间=4602.270 模式=AUTO.LOITER 起飞状态=未执行起飞 水平控制=位置保持 类型掩码=3520 实际位置NED=(-0.020,0.019,-0.105) 实际速度=(-0.001,0.000,-0.008) 最终目标=(-0.020,0.019,-0.105) 指令位置=(-0.020,0.019,nan) 指令速度=(0.000,0.000,0.000) 指令加速度=(0.000,0.000,nan) 滚转角=0.04度 俯仰角=-0.04度
10:03:07.593221 [轨迹] 序号=40 单调时间=4602.373186 时间=4602.373 模式=AUTO.LOITER 起飞状态=未执行起飞 水平控制=位置保持 类型掩码=3520 实际位置NED=(-0.020,0.020,-0.105) 实际速度=(-0.001,-0.000,-0.008) 最终目标=(-0.020,0.020,-0.105) 指令位置=(-0.020,0.020,nan) 指令速度=(0.000,0.000,0.000) 指令加速度=(0.000,0.000,nan) 滚转角=0.04度 俯仰角=-0.03度
10:03:07.696085 [轨迹] 序号=41 单调时间=4602.475988 时间=4602.476 模式=AUTO.LOITER 起飞状态=未执行起飞 水平控制=位置保持 类型掩码=3520 实际位置NED=(-0.020,0.020,-0.105) 实际速度=(-0.001,-0.000,-0.008) 最终目标=(-0.020,0.020,-0.105) 指令位置=(-0.020,0.020,nan) 指令速度=(0.000,0.000,0.000) 指令加速度=(0.000,0.000,nan) 滚转角=0.04度 俯仰角=-0.03度
10:03:07.798956 [轨迹] 序号=42 单调时间=4602.578719 时间=4602.579 模式=AUTO.LOITER 起飞状态=未执行起飞 水平控制=位置保持 类型掩码=3520 实际位置NED=(-0.020,0.020,-0.105) 实际速度=(-0.001,-0.000,-0.007) 最终目标=(-0.020,0.020,-0.105) 指令位置=(-0.020,0.020,nan) 指令速度=(0.000,0.000,0.000) 指令加速度=(0.000,0.000,nan) 滚转角=0.04度 俯仰角=-0.03度
10:03:07.901744 [轨迹] 序号=43 单调时间=4602.681680 时间=4602.682 模式=AUTO.LOITER 起飞状态=未执行起飞 水平控制=位置保持 类型掩码=3520 实际位置NED=(-0.020,0.020,-0.105) 实际速度=(-0.001,-0.000,-0.007) 最终目标=(-0.020,0.020,-0.105) 指令位置=(-0.020,0.020,nan) 指令速度=(0.000,0.000,0.000) 指令加速度=(0.000,0.000,nan) 滚转角=0.04度 俯仰角=-0.03度
10:03:08.004384 [轨迹] 序号=44 单调时间=4602.784368 时间=4602.784 模式=AUTO.LOITER 起飞状态=未执行起飞 水平控制=位置保持 类型掩码=3520 实际位置NED=(-0.020,0.020,-0.105) 实际速度=(-0.001,-0.000,-0.007) 最终目标=(-0.020,0.020,-0.105) 指令位置=(-0.020,0.020,nan) 指令速度=(0.000,0.000,0.000) 指令加速度=(0.000,0.000,nan) 滚转角=0.04度 俯仰角=-0.03度
10:03:08.107646 [轨迹] 序号=45 单调时间=4602.887428 时间=4602.887 模式=AUTO.LOITER 起飞状态=未执行起飞 水平控制=位置保持 类型掩码=3520 实际位置NED=(-0.019,0.020,-0.105) 实际速度=(-0.001,-0.000,-0.007) 最终目标=(-0.019,0.020,-0.105) 指令位置=(-0.019,0.020,nan) 指令速度=(0.000,0.000,0.000) 指令加速度=(0.000,0.000,nan) 滚转角=0.04度 俯仰角=-0.03度
10:03:08.210343 [轨迹] 序号=46 单调时间=4602.990265 时间=4602.990 模式=AUTO.LOITER 起飞状态=未执行起飞 水平控制=位置保持 类型掩码=3520 实际位置NED=(-0.019,0.020,-0.105) 实际速度=(-0.001,-0.000,-0.007) 最终目标=(-0.019,0.020,-0.105) 指令位置=(-0.019,0.020,nan) 指令速度=(0.000,0.000,0.000) 指令加速度=(0.000,0.000,nan) 滚转角=0.04度 俯仰角=-0.03度
10:03:08.312882 [轨迹] 序号=47 单调时间=4603.092946 时间=4603.093 模式=AUTO.LOITER 起飞状态=未执行起飞 水平控制=位置保持 类型掩码=3520 实际位置NED=(-0.019,0.020,-0.105) 实际速度=(-0.000,-0.000,-0.007) 最终目标=(-0.019,0.020,-0.105) 指令位置=(-0.019,0.020,nan) 指令速度=(0.000,0.000,0.000) 指令加速度=(0.000,0.000,nan) 滚转角=0.04度 俯仰角=-0.03度
10:03:08.415608 [轨迹] 序号=48 单调时间=4603.195512 时间=4603.196 模式=AUTO.LOITER 起飞状态=未执行起飞 水平控制=位置保持 类型掩码=3520 实际位置NED=(-0.019,0.020,-0.105) 实际速度=(-0.001,-0.000,-0.006) 最终目标=(-0.019,0.020,-0.105) 指令位置=(-0.019,0.020,nan) 指令速度=(0.000,0.000,0.000) 指令加速度=(0.000,0.000,nan) 滚转角=0.04度 俯仰角=-0.03度
10:03:08.518216 [轨迹] 序号=49 单调时间=4603.298188 时间=4603.298 模式=AUTO.LOITER 起飞状态=未执行起飞 水平控制=位置保持 类型掩码=3520 实际位置NED=(-0.019,0.020,-0.104) 实际速度=(-0.000,-0.000,-0.006) 最终目标=(-0.019,0.020,-0.104) 指令位置=(-0.019,0.020,nan) 指令速度=(0.000,0.000,0.000) 指令加速度=(0.000,0.000,nan) 滚转角=0.04度 俯仰角=-0.03度
10:03:08.618770 [轨迹] 序号=50 单调时间=4603.398734 时间=4603.399 模式=AUTO.LOITER 起飞状态=未执行起飞 水平控制=位置保持 类型掩码=3520 实际位置NED=(-0.019,0.020,-0.104) 实际速度=(-0.000,-0.000,-0.006) 最终目标=(-0.019,0.020,-0.104) 指令位置=(-0.019,0.020,nan) 指令速度=(0.000,0.000,0.000) 指令加速度=(0.000,0.000,nan) 滚转角=0.04度 俯仰角=-0.03度
10:03:08.720068 [轨迹] 序号=51 单调时间=4603.499794 时间=4603.500 模式=AUTO.LOITER 起飞状态=未执行起飞 水平控制=位置保持 类型掩码=3520 实际位置NED=(-0.018,0.020,-0.104) 实际速度=(-0.000,-0.000,-0.006) 最终目标=(-0.018,0.020,-0.104) 指令位置=(-0.018,0.020,nan) 指令速度=(0.000,0.000,0.000) 指令加速度=(0.000,0.000,nan) 滚转角=0.04度 俯仰角=-0.03度
10:03:08.822961 [轨迹] 序号=52 单调时间=4603.602881 时间=4603.603 模式=AUTO.LOITER 起飞状态=未执行起飞 水平控制=位置保持 类型掩码=3520 实际位置NED=(-0.018,0.020,-0.104) 实际速度=(-0.000,-0.000,-0.005) 最终目标=(-0.018,0.020,-0.104) 指令位置=(-0.018,0.020,nan) 指令速度=(0.000,0.000,0.000) 指令加速度=(0.000,0.000,nan) 滚转角=0.04度 俯仰角=-0.03度
10:03:08.926439 [轨迹] 序号=53 单调时间=4603.706330 时间=4603.706 模式=AUTO.LOITER 起飞状态=未执行起飞 水平控制=位置保持 类型掩码=3520 实际位置NED=(-0.018,0.020,-0.104) 实际速度=(-0.000,-0.000,-0.005) 最终目标=(-0.018,0.020,-0.104) 指令位置=(-0.018,0.020,nan) 指令速度=(0.000,0.000,0.000) 指令加速度=(0.000,0.000,nan) 滚转角=0.04度 俯仰角=-0.03度
10:03:09.029535 [轨迹] 序号=54 单调时间=4603.809376 时间=4603.809 模式=AUTO.LOITER 起飞状态=未执行起飞 水平控制=位置保持 类型掩码=3520 实际位置NED=(-0.018,0.020,-0.104) 实际速度=(-0.000,-0.000,-0.005) 最终目标=(-0.018,0.020,-0.104) 指令位置=(-0.018,0.020,nan) 指令速度=(0.000,0.000,0.000) 指令加速度=(0.000,0.000,nan) 滚转角=0.04度 俯仰角=-0.03度
10:03:09.132443 [轨迹] 序号=55 单调时间=4603.912341 时间=4603.912 模式=AUTO.LOITER 起飞状态=未执行起飞 水平控制=位置保持 类型掩码=3520 实际位置NED=(-0.018,0.020,-0.104) 实际速度=(-0.000,-0.000,-0.005) 最终目标=(-0.018,0.020,-0.104) 指令位置=(-0.018,0.020,nan) 指令速度=(0.000,0.000,0.000) 指令加速度=(0.000,0.000,nan) 滚转角=0.04度 俯仰角=-0.04度
10:03:09.235490 [轨迹] 序号=56 单调时间=4604.015408 时间=4604.015 模式=AUTO.LOITER 起飞状态=未执行起飞 水平控制=位置保持 类型掩码=3520 实际位置NED=(-0.018,0.020,-0.104) 实际速度=(-0.000,-0.000,-0.004) 最终目标=(-0.018,0.020,-0.104) 指令位置=(-0.018,0.020,nan) 指令速度=(0.000,0.000,0.000) 指令加速度=(0.000,0.000,nan) 滚转角=0.04度 俯仰角=-0.04度
10:03:09.338345 [轨迹] 序号=57 单调时间=4604.118384 时间=4604.118 模式=AUTO.LOITER 起飞状态=未执行起飞 水平控制=位置保持 类型掩码=3520 实际位置NED=(-0.018,0.020,-0.104) 实际速度=(-0.000,-0.000,-0.004) 最终目标=(-0.018,0.020,-0.104) 指令位置=(-0.018,0.020,nan) 指令速度=(0.000,0.000,0.000) 指令加速度=(0.000,0.000,nan) 滚转角=0.04度 俯仰角=-0.04度
10:03:09.441256 [轨迹] 序号=58 单调时间=4604.221181 时间=4604.221 模式=AUTO.LOITER 起飞状态=未执行起飞 水平控制=位置保持 类型掩码=3520 实际位置NED=(-0.018,0.020,-0.104) 实际速度=(-0.000,-0.000,-0.004) 最终目标=(-0.018,0.020,-0.104) 指令位置=(-0.018,0.020,nan) 指令速度=(0.000,0.000,0.000) 指令加速度=(0.000,0.000,nan) 滚转角=0.04度 俯仰角=-0.04度
10:03:09.544830 [轨迹] 序号=59 单调时间=4604.324714 时间=4604.325 模式=AUTO.LOITER 起飞状态=未执行起飞 水平控制=位置保持 类型掩码=3520 实际位置NED=(-0.017,0.020,-0.104) 实际速度=(-0.000,0.000,-0.004) 最终目标=(-0.017,0.020,-0.104) 指令位置=(-0.017,0.020,nan) 指令速度=(0.000,0.000,0.000) 指令加速度=(0.000,0.000,nan) 滚转角=0.04度 俯仰角=-0.04度
10:03:09.647952 [轨迹] 序号=60 单调时间=4604.427934 时间=4604.428 模式=AUTO.LOITER 起飞状态=未执行起飞 水平控制=位置保持 类型掩码=3520 实际位置NED=(-0.017,0.020,-0.104) 实际速度=(-0.000,0.000,-0.004) 最终目标=(-0.017,0.020,-0.104) 指令位置=(-0.017,0.020,nan) 指令速度=(0.000,0.000,0.000) 指令加速度=(0.000,0.000,nan) 滚转角=0.04度 俯仰角=-0.04度
10:03:09.751749 [轨迹] 序号=61 单调时间=4604.531382 时间=4604.531 模式=AUTO.LOITER 起飞状态=未执行起飞 水平控制=位置保持 类型掩码=3520 实际位置NED=(-0.017,0.020,-0.104) 实际速度=(-0.000,0.000,-0.004) 最终目标=(-0.017,0.020,-0.104) 指令位置=(-0.017,0.020,nan) 指令速度=(0.000,0.000,0.000) 指令加速度=(0.000,0.000,nan) 滚转角=0.04度 俯仰角=-0.04度
10:03:09.854717 [轨迹] 序号=62 单调时间=4604.634657 时间=4604.635 模式=AUTO.LOITER 起飞状态=未执行起飞 水平控制=位置保持 类型掩码=3520 实际位置NED=(-0.017,0.020,-0.104) 实际速度=(-0.000,0.000,-0.004) 最终目标=(-0.017,0.020,-0.104) 指令位置=(-0.017,0.020,nan) 指令速度=(0.000,0.000,0.000) 指令加速度=(0.000,0.000,nan) 滚转角=0.04度 俯仰角=-0.04度
10:03:09.958380 [轨迹] 序号=63 单调时间=4604.738340 时间=4604.738 模式=AUTO.LOITER 起飞状态=未执行起飞 水平控制=位置保持 类型掩码=3520 实际位置NED=(-0.017,0.020,-0.104) 实际速度=(-0.000,0.000,-0.004) 最终目标=(-0.017,0.020,-0.104) 指令位置=(-0.017,0.020,nan) 指令速度=(0.000,0.000,0.000) 指令加速度=(0.000,0.000,nan) 滚转角=0.04度 俯仰角=-0.04度
10:03:10.062617 [轨迹] 序号=64 单调时间=4604.842669 时间=4604.843 模式=AUTO.LOITER 起飞状态=未执行起飞 水平控制=位置保持 类型掩码=3520 实际位置NED=(-0.017,0.020,-0.104) 实际速度=(-0.000,0.000,-0.004) 最终目标=(-0.017,0.020,-0.104) 指令位置=(-0.017,0.020,nan) 指令速度=(0.000,0.000,0.000) 指令加速度=(0.000,0.000,nan) 滚转角=0.04度 俯仰角=-0.04度
10:03:10.165312 [轨迹] 序号=65 单调时间=4604.945339 时间=4604.945 模式=AUTO.LOITER 起飞状态=未执行起飞 水平控制=位置保持 类型掩码=3520 实际位置NED=(-0.017,0.020,-0.105) 实际速度=(-0.000,0.000,-0.004) 最终目标=(-0.017,0.020,-0.105) 指令位置=(-0.017,0.020,nan) 指令速度=(0.000,0.000,0.000) 指令加速度=(0.000,0.000,nan) 滚转角=0.04度 俯仰角=-0.04度
10:03:10.268122 [轨迹] 序号=66 单调时间=4605.048066 时间=4605.048 模式=AUTO.LOITER 起飞状态=未执行起飞 水平控制=位置保持 类型掩码=3520 实际位置NED=(-0.017,0.020,-0.105) 实际速度=(-0.000,0.000,-0.004) 最终目标=(-0.017,0.020,-0.105) 指令位置=(-0.017,0.020,nan) 指令速度=(0.000,0.000,0.000) 指令加速度=(0.000,0.000,nan) 滚转角=0.04度 俯仰角=-0.04度
10:03:10.372995 [轨迹] 序号=67 单调时间=4605.152919 时间=4605.153 模式=AUTO.LOITER 起飞状态=未执行起飞 水平控制=位置保持 类型掩码=3520 实际位置NED=(-0.017,0.020,-0.105) 实际速度=(-0.000,0.000,-0.004) 最终目标=(-0.017,0.020,-0.105) 指令位置=(-0.017,0.020,nan) 指令速度=(0.000,0.000,0.000) 指令加速度=(0.000,0.000,nan) 滚转角=0.04度 俯仰角=-0.04度
10:03:10.476580 [轨迹] 序号=68 单调时间=4605.256308 时间=4605.256 模式=AUTO.LOITER 起飞状态=未执行起飞 水平控制=位置保持 类型掩码=3520 实际位置NED=(-0.017,0.020,-0.105) 实际速度=(-0.000,0.000,-0.003) 最终目标=(-0.017,0.020,-0.105) 指令位置=(-0.017,0.020,nan) 指令速度=(0.000,0.000,0.000) 指令加速度=(0.000,0.000,nan) 滚转角=0.04度 俯仰角=-0.04度
10:03:10.579930 [轨迹] 序号=69 单调时间=4605.359738 时间=4605.360 模式=AUTO.LOITER 起飞状态=未执行起飞 水平控制=位置保持 类型掩码=3520 实际位置NED=(-0.017,0.020,-0.105) 实际速度=(-0.000,0.000,-0.003) 最终目标=(-0.017,0.020,-0.105) 指令位置=(-0.017,0.020,nan) 指令速度=(0.000,0.000,0.000) 指令加速度=(0.000,0.000,nan) 滚转角=0.04度 俯仰角=-0.04度
10:03:10.682976 [轨迹] 序号=70 单调时间=4605.462870 时间=4605.463 模式=AUTO.LOITER 起飞状态=未执行起飞 水平控制=位置保持 类型掩码=3520 实际位置NED=(-0.017,0.020,-0.105) 实际速度=(-0.000,0.000,-0.003) 最终目标=(-0.017,0.020,-0.105) 指令位置=(-0.017,0.020,nan) 指令速度=(0.000,0.000,0.000) 指令加速度=(0.000,0.000,nan) 滚转角=0.04度 俯仰角=-0.04度
10:03:10.786194 [轨迹] 序号=71 单调时间=4605.565998 时间=4605.566 模式=AUTO.LOITER 起飞状态=未执行起飞 水平控制=位置保持 类型掩码=3520 实际位置NED=(-0.017,0.020,-0.105) 实际速度=(-0.000,0.000,-0.003) 最终目标=(-0.017,0.020,-0.105) 指令位置=(-0.017,0.020,nan) 指令速度=(0.000,0.000,0.000) 指令加速度=(0.000,0.000,nan) 滚转角=0.04度 俯仰角=-0.04度
10:03:10.889289 [轨迹] 序号=72 单调时间=4605.669177 时间=4605.669 模式=AUTO.LOITER 起飞状态=未执行起飞 水平控制=位置保持 类型掩码=3520 实际位置NED=(-0.017,0.020,-0.105) 实际速度=(-0.000,0.000,-0.003) 最终目标=(-0.017,0.020,-0.105) 指令位置=(-0.017,0.020,nan) 指令速度=(0.000,0.000,0.000) 指令加速度=(0.000,0.000,nan) 滚转角=0.04度 俯仰角=-0.04度
10:03:10.992390 [轨迹] 序号=73 单调时间=4605.772243 时间=4605.772 模式=AUTO.LOITER 起飞状态=未执行起飞 水平控制=位置保持 类型掩码=3520 实际位置NED=(-0.017,0.020,-0.105) 实际速度=(-0.000,0.000,-0.003) 最终目标=(-0.017,0.020,-0.105) 指令位置=(-0.017,0.020,nan) 指令速度=(0.000,0.000,0.000) 指令加速度=(0.000,0.000,nan) 滚转角=0.04度 俯仰角=-0.04度
10:03:11.096000 [轨迹] 序号=74 单调时间=4605.875797 时间=4605.876 模式=AUTO.LOITER 起飞状态=未执行起飞 水平控制=位置保持 类型掩码=3520 实际位置NED=(-0.017,0.020,-0.105) 实际速度=(-0.000,0.000,-0.003) 最终目标=(-0.017,0.020,-0.105) 指令位置=(-0.017,0.020,nan) 指令速度=(0.000,0.000,0.000) 指令加速度=(0.000,0.000,nan) 滚转角=0.04度 俯仰角=-0.04度
10:03:11.199905 [轨迹] 序号=75 单调时间=4605.979908 时间=4605.980 模式=AUTO.LOITER 起飞状态=未执行起飞 水平控制=位置保持 类型掩码=3520 实际位置NED=(-0.017,0.020,-0.105) 实际速度=(0.000,0.000,-0.003) 最终目标=(-0.017,0.020,-0.105) 指令位置=(-0.017,0.020,nan) 指令速度=(0.000,0.000,0.000) 指令加速度=(0.000,0.000,nan) 滚转角=0.04度 俯仰角=-0.04度
10:03:11.304781 [轨迹] 序号=76 单调时间=4606.083477 时间=4606.083 模式=AUTO.LOITER 起飞状态=未执行起飞 水平控制=位置保持 类型掩码=3520 实际位置NED=(-0.017,0.020,-0.105) 实际速度=(-0.000,-0.000,-0.003) 最终目标=(-0.017,0.020,-0.105) 指令位置=(-0.017,0.020,nan) 指令速度=(0.000,0.000,0.000) 指令加速度=(0.000,0.000,nan) 滚转角=0.04度 俯仰角=-0.04度
10:03:11.407836 [轨迹] 序号=77 单调时间=4606.187668 时间=4606.188 模式=AUTO.LOITER 起飞状态=未执行起飞 水平控制=位置保持 类型掩码=3520 实际位置NED=(-0.017,0.020,-0.105) 实际速度=(0.000,-0.000,-0.003) 最终目标=(-0.017,0.020,-0.105) 指令位置=(-0.017,0.020,nan) 指令速度=(0.000,0.000,0.000) 指令加速度=(0.000,0.000,nan) 滚转角=0.04度 俯仰角=-0.04度
10:03:11.508107 [轨迹] 序号=78 单调时间=4606.288163 时间=4606.288 模式=AUTO.LOITER 起飞状态=未执行起飞 水平控制=位置保持 类型掩码=3520 实际位置NED=(-0.017,0.020,-0.105) 实际速度=(0.000,-0.000,-0.003) 最终目标=(-0.017,0.020,-0.105) 指令位置=(-0.017,0.020,nan) 指令速度=(0.000,0.000,0.000) 指令加速度=(0.000,0.000,nan) 滚转角=0.04度 俯仰角=-0.03度
10:03:11.611116 [轨迹] 序号=79 单调时间=4606.390971 时间=4606.391 模式=AUTO.LOITER 起飞状态=未执行起飞 水平控制=位置保持 类型掩码=3520 实际位置NED=(-0.017,0.019,-0.105) 实际速度=(0.000,-0.000,-0.003) 最终目标=(-0.017,0.019,-0.105) 指令位置=(-0.017,0.019,nan) 指令速度=(0.000,0.000,0.000) 指令加速度=(0.000,0.000,nan) 滚转角=0.04度 俯仰角=-0.03度
10:03:11.714314 [轨迹] 序号=80 单调时间=4606.494344 时间=4606.494 模式=AUTO.LOITER 起飞状态=未执行起飞 水平控制=位置保持 类型掩码=3520 实际位置NED=(-0.017,0.019,-0.105) 实际速度=(0.000,-0.000,-0.003) 最终目标=(-0.017,0.019,-0.105) 指令位置=(-0.017,0.019,nan) 指令速度=(0.000,0.000,0.000) 指令加速度=(0.000,0.000,nan) 滚转角=0.04度 俯仰角=-0.03度
10:03:11.817412 [轨迹] 序号=81 单调时间=4606.597295 时间=4606.597 模式=AUTO.LOITER 起飞状态=未执行起飞 水平控制=位置保持 类型掩码=3520 实际位置NED=(-0.016,0.019,-0.105) 实际速度=(0.000,-0.000,-0.003) 最终目标=(-0.016,0.019,-0.105) 指令位置=(-0.016,0.019,nan) 指令速度=(0.000,0.000,0.000) 指令加速度=(0.000,0.000,nan) 滚转角=0.04度 俯仰角=-0.03度
10:03:11.921549 [轨迹] 序号=82 单调时间=4606.701396 时间=4606.701 模式=AUTO.LOITER 起飞状态=未执行起飞 水平控制=位置保持 类型掩码=3520 实际位置NED=(-0.016,0.019,-0.105) 实际速度=(0.000,-0.000,-0.003) 最终目标=(-0.016,0.019,-0.105) 指令位置=(-0.016,0.019,nan) 指令速度=(0.000,0.000,0.000) 指令加速度=(0.000,0.000,nan) 滚转角=0.04度 俯仰角=-0.03度
10:03:12.025277 [轨迹] 序号=83 单调时间=4606.805173 时间=4606.805 模式=AUTO.LOITER 起飞状态=未执行起飞 水平控制=位置保持 类型掩码=3520 实际位置NED=(-0.016,0.019,-0.105) 实际速度=(0.000,-0.000,-0.003) 最终目标=(-0.016,0.019,-0.105) 指令位置=(-0.016,0.019,nan) 指令速度=(0.000,0.000,0.000) 指令加速度=(0.000,0.000,nan) 滚转角=0.04度 俯仰角=-0.03度
10:03:12.129457 [轨迹] 序号=84 单调时间=4606.909394 时间=4606.909 模式=AUTO.LOITER 起飞状态=未执行起飞 水平控制=位置保持 类型掩码=3520 实际位置NED=(-0.016,0.019,-0.105) 实际速度=(0.000,-0.000,-0.003) 最终目标=(-0.016,0.019,-0.105) 指令位置=(-0.016,0.019,nan) 指令速度=(0.000,0.000,0.000) 指令加速度=(0.000,0.000,nan) 滚转角=0.04度 俯仰角=-0.03度
10:03:12.233077 [轨迹] 序号=85 单调时间=4607.012923 时间=4607.013 模式=AUTO.LOITER 起飞状态=未执行起飞 水平控制=位置保持 类型掩码=3520 实际位置NED=(-0.016,0.019,-0.105) 实际速度=(0.000,-0.000,-0.003) 最终目标=(-0.016,0.019,-0.105) 指令位置=(-0.016,0.019,nan) 指令速度=(0.000,0.000,0.000) 指令加速度=(0.000,0.000,nan) 滚转角=0.04度 俯仰角=-0.03度
10:03:12.335911 [轨迹] 序号=86 单调时间=4607.115896 时间=4607.116 模式=AUTO.LOITER 起飞状态=未执行起飞 水平控制=位置保持 类型掩码=3520 实际位置NED=(-0.016,0.019,-0.105) 实际速度=(0.000,-0.000,-0.003) 最终目标=(-0.016,0.019,-0.105) 指令位置=(-0.016,0.019,nan) 指令速度=(0.000,0.000,0.000) 指令加速度=(0.000,0.000,nan) 滚转角=0.04度 俯仰角=-0.03度
10:03:12.439040 [轨迹] 序号=87 单调时间=4607.218924 时间=4607.219 模式=AUTO.LOITER 起飞状态=未执行起飞 水平控制=位置保持 类型掩码=3520 实际位置NED=(-0.016,0.019,-0.105) 实际速度=(0.000,-0.000,-0.003) 最终目标=(-0.016,0.019,-0.105) 指令位置=(-0.016,0.019,nan) 指令速度=(0.000,0.000,0.000) 指令加速度=(0.000,0.000,nan) 滚转角=0.04度 俯仰角=-0.03度
10:03:12.542579 [轨迹] 序号=88 单调时间=4607.322319 时间=4607.322 模式=AUTO.LOITER 起飞状态=未执行起飞 水平控制=位置保持 类型掩码=3520 实际位置NED=(-0.016,0.018,-0.105) 实际速度=(0.000,-0.000,-0.003) 最终目标=(-0.016,0.018,-0.105) 指令位置=(-0.016,0.018,nan) 指令速度=(0.000,0.000,0.000) 指令加速度=(0.000,0.000,nan) 滚转角=0.04度 俯仰角=-0.03度
10:03:12.645925 [轨迹] 序号=89 单调时间=4607.425770 时间=4607.426 模式=AUTO.LOITER 起飞状态=未执行起飞 水平控制=位置保持 类型掩码=3520 实际位置NED=(-0.016,0.018,-0.105) 实际速度=(-0.000,-0.000,-0.003) 最终目标=(-0.016,0.018,-0.105) 指令位置=(-0.016,0.018,nan) 指令速度=(0.000,0.000,0.000) 指令加速度=(0.000,0.000,nan) 滚转角=0.04度 俯仰角=-0.03度
10:03:12.748970 [轨迹] 序号=90 单调时间=4607.528756 时间=4607.529 模式=AUTO.LOITER 起飞状态=未执行起飞 水平控制=位置保持 类型掩码=3520 实际位置NED=(-0.016,0.018,-0.105) 实际速度=(-0.000,-0.000,-0.003) 最终目标=(-0.016,0.018,-0.105) 指令位置=(-0.016,0.018,nan) 指令速度=(0.000,0.000,0.000) 指令加速度=(0.000,0.000,nan) 滚转角=0.04度 俯仰角=-0.03度
10:03:12.852018 [轨迹] 序号=91 单调时间=4607.631710 时间=4607.632 模式=AUTO.LOITER 起飞状态=未执行起飞 水平控制=位置保持 类型掩码=3520 实际位置NED=(-0.016,0.018,-0.105) 实际速度=(-0.000,-0.001,-0.003) 最终目标=(-0.016,0.018,-0.105) 指令位置=(-0.016,0.018,nan) 指令速度=(0.000,0.000,0.000) 指令加速度=(0.000,0.000,nan) 滚转角=0.04度 俯仰角=-0.03度
10:03:12.955323 [轨迹] 序号=92 单调时间=4607.735129 时间=4607.735 模式=AUTO.LOITER 起飞状态=未执行起飞 水平控制=位置保持 类型掩码=3520 实际位置NED=(-0.016,0.018,-0.105) 实际速度=(-0.000,-0.000,-0.003) 最终目标=(-0.016,0.018,-0.105) 指令位置=(-0.016,0.018,nan) 指令速度=(0.000,0.000,0.000) 指令加速度=(0.000,0.000,nan) 滚转角=0.04度 俯仰角=-0.03度
10:03:13.059027 [轨迹] 序号=93 单调时间=4607.838975 时间=4607.839 模式=AUTO.LOITER 起飞状态=未执行起飞 水平控制=位置保持 类型掩码=3520 实际位置NED=(-0.016,0.018,-0.105) 实际速度=(-0.000,-0.001,-0.003) 最终目标=(-0.016,0.018,-0.105) 指令位置=(-0.016,0.018,nan) 指令速度=(0.000,0.000,0.000) 指令加速度=(0.000,0.000,nan) 滚转角=0.04度 俯仰角=-0.03度
10:03:13.162603 [轨迹] 序号=94 单调时间=4607.942547 时间=4607.943 模式=AUTO.LOITER 起飞状态=未执行起飞 水平控制=位置保持 类型掩码=3520 实际位置NED=(-0.016,0.018,-0.105) 实际速度=(-0.000,-0.000,-0.002) 最终目标=(-0.016,0.018,-0.105) 指令位置=(-0.016,0.018,nan) 指令速度=(0.000,0.000,0.000) 指令加速度=(0.000,0.000,nan) 滚转角=0.04度 俯仰角=-0.03度
10:03:13.267526 [轨迹] 序号=95 单调时间=4608.047536 时间=4608.048 模式=AUTO.LOITER 起飞状态=未执行起飞 水平控制=位置保持 类型掩码=3520 实际位置NED=(-0.016,0.018,-0.105) 实际速度=(-0.000,-0.001,-0.002) 最终目标=(-0.016,0.018,-0.105) 指令位置=(-0.016,0.018,nan) 指令速度=(0.000,0.000,0.000) 指令加速度=(0.000,0.000,nan) 滚转角=0.04度 俯仰角=-0.03度
10:03:13.371767 [轨迹] 序号=96 单调时间=4608.151658 时间=4608.152 模式=AUTO.LOITER 起飞状态=未执行起飞 水平控制=位置保持 类型掩码=3520 实际位置NED=(-0.016,0.018,-0.105) 实际速度=(-0.001,-0.001,-0.003) 最终目标=(-0.016,0.018,-0.105) 指令位置=(-0.016,0.018,nan) 指令速度=(0.000,0.000,0.000) 指令加速度=(0.000,0.000,nan) 滚转角=0.04度 俯仰角=-0.03度
10:03:13.476743 [轨迹] 序号=97 单调时间=4608.256658 时间=4608.257 模式=AUTO.LOITER 起飞状态=未执行起飞 水平控制=位置保持 类型掩码=3520 实际位置NED=(-0.016,0.018,-0.105) 实际速度=(-0.001,-0.001,-0.003) 最终目标=(-0.016,0.018,-0.105) 指令位置=(-0.016,0.018,nan) 指令速度=(0.000,0.000,0.000) 指令加速度=(0.000,0.000,nan) 滚转角=0.04度 俯仰角=-0.03度
10:03:13.580393 [轨迹] 序号=98 单调时间=4608.360383 时间=4608.360 模式=AUTO.LOITER 起飞状态=未执行起飞 水平控制=位置保持 类型掩码=3520 实际位置NED=(-0.016,0.018,-0.105) 实际速度=(-0.001,-0.001,-0.002) 最终目标=(-0.016,0.018,-0.105) 指令位置=(-0.016,0.018,nan) 指令速度=(0.000,0.000,0.000) 指令加速度=(0.000,0.000,nan) 滚转角=0.04度 俯仰角=-0.03度
10:03:13.683851 [轨迹] 序号=99 单调时间=4608.463667 时间=4608.464 模式=AUTO.LOITER 起飞状态=未执行起飞 水平控制=位置保持 类型掩码=3520 实际位置NED=(-0.016,0.018,-0.105) 实际速度=(-0.001,-0.001,-0.002) 最终目标=(-0.016,0.018,-0.105) 指令位置=(-0.016,0.018,nan) 指令速度=(0.000,0.000,0.000) 指令加速度=(0.000,0.000,nan) 滚转角=0.04度 俯仰角=-0.03度
10:03:13.787320 [轨迹] 序号=100 单调时间=4608.567183 时间=4608.567 模式=AUTO.LOITER 起飞状态=未执行起飞 水平控制=位置保持 类型掩码=3520 实际位置NED=(-0.016,0.018,-0.105) 实际速度=(-0.000,-0.001,-0.002) 最终目标=(-0.016,0.018,-0.105) 指令位置=(-0.016,0.018,nan) 指令速度=(0.000,0.000,0.000) 指令加速度=(0.000,0.000,nan) 滚转角=0.04度 俯仰角=-0.03度
10:03:13 [地面待机] 已按当前位置重新定位；等待起飞指令
10:03:13.890574 [轨迹] 序号=101 单调时间=4608.670487 时间=4608.670 模式=AUTO.LOITER 起飞状态=未执行起飞 水平控制=位置保持 类型掩码=3520 实际位置NED=(-0.016,0.018,-0.105) 实际速度=(-0.000,-0.001,-0.002) 最终目标=(-0.016,0.018,-0.105) 指令位置=(-0.016,0.018,nan) 指令速度=(0.000,0.000,0.000) 指令加速度=(0.000,0.000,nan) 滚转角=0.04度 俯仰角=-0.03度
10:03:13.993814 [轨迹] 序号=102 单调时间=4608.773738 时间=4608.774 模式=AUTO.LOITER 起飞状态=未执行起飞 水平控制=位置保持 类型掩码=3520 实际位置NED=(-0.016,0.018,-0.105) 实际速度=(-0.000,-0.001,-0.002) 最终目标=(-0.016,0.018,-0.105) 指令位置=(-0.016,0.018,nan) 指令速度=(0.000,0.000,0.000) 指令加速度=(0.000,0.000,nan) 滚转角=0.04度 俯仰角=-0.03度
10:03:14.098286 [轨迹] 序号=103 单调时间=4608.878321 时间=4608.878 模式=AUTO.LOITER 起飞状态=未执行起飞 水平控制=位置保持 类型掩码=3520 实际位置NED=(-0.016,0.018,-0.105) 实际速度=(-0.001,-0.000,-0.002) 最终目标=(-0.016,0.018,-0.105) 指令位置=(-0.016,0.018,nan) 指令速度=(0.000,0.000,0.000) 指令加速度=(0.000,0.000,nan) 滚转角=0.04度 俯仰角=-0.03度
10:03:14.202631 [轨迹] 序号=104 单调时间=4608.982544 时间=4608.983 模式=AUTO.LOITER 起飞状态=未执行起飞 水平控制=位置保持 类型掩码=3520 实际位置NED=(-0.016,0.018,-0.105) 实际速度=(-0.001,-0.000,-0.002) 最终目标=(-0.016,0.018,-0.105) 指令位置=(-0.016,0.018,nan) 指令速度=(0.000,0.000,0.000) 指令加速度=(0.000,0.000,nan) 滚转角=0.04度 俯仰角=-0.03度
10:03:14.303196 [轨迹] 序号=105 单调时间=4609.083147 时间=4609.083 模式=AUTO.LOITER 起飞状态=未执行起飞 水平控制=位置保持 类型掩码=3520 实际位置NED=(-0.016,0.018,-0.105) 实际速度=(-0.000,-0.000,-0.002) 最终目标=(-0.016,0.018,-0.105) 指令位置=(-0.016,0.018,nan) 指令速度=(0.000,0.000,0.000) 指令加速度=(0.000,0.000,nan) 滚转角=0.04度 俯仰角=-0.03度
10:03:14.407941 [轨迹] 序号=106 单调时间=4609.187821 时间=4609.188 模式=AUTO.LOITER 起飞状态=未执行起飞 水平控制=位置保持 类型掩码=3520 实际位置NED=(-0.016,0.018,-0.105) 实际速度=(-0.000,-0.000,-0.002) 最终目标=(-0.016,0.018,-0.105) 指令位置=(-0.016,0.018,nan) 指令速度=(0.000,0.000,0.000) 指令加速度=(0.000,0.000,nan) 滚转角=0.04度 俯仰角=-0.03度
10:03:14.508354 [轨迹] 序号=107 单调时间=4609.288279 时间=4609.288 模式=AUTO.LOITER 起飞状态=未执行起飞 水平控制=位置保持 类型掩码=3520 实际位置NED=(-0.016,0.018,-0.105) 实际速度=(-0.000,-0.000,-0.002) 最终目标=(-0.016,0.018,-0.105) 指令位置=(-0.016,0.018,nan) 指令速度=(0.000,0.000,0.000) 指令加速度=(0.000,0.000,nan) 滚转角=0.04度 俯仰角=-0.03度
10:03:14.611436 [轨迹] 序号=108 单调时间=4609.391463 时间=4609.391 模式=AUTO.LOITER 起飞状态=未执行起飞 水平控制=位置保持 类型掩码=3520 实际位置NED=(-0.016,0.018,-0.105) 实际速度=(-0.000,-0.000,-0.002) 最终目标=(-0.016,0.018,-0.105) 指令位置=(-0.016,0.018,nan) 指令速度=(0.000,0.000,0.000) 指令加速度=(0.000,0.000,nan) 滚转角=0.04度 俯仰角=-0.03度
10:03:14.714906 [轨迹] 序号=109 单调时间=4609.494771 时间=4609.495 模式=AUTO.LOITER 起飞状态=未执行起飞 水平控制=位置保持 类型掩码=3520 实际位置NED=(-0.016,0.018,-0.105) 实际速度=(-0.000,-0.000,-0.002) 最终目标=(-0.016,0.018,-0.105) 指令位置=(-0.016,0.018,nan) 指令速度=(0.000,0.000,0.000) 指令加速度=(0.000,0.000,nan) 滚转角=0.04度 俯仰角=-0.03度
10:03:14.818753 [轨迹] 序号=110 单调时间=4609.598658 时间=4609.599 模式=AUTO.LOITER 起飞状态=未执行起飞 水平控制=位置保持 类型掩码=3520 实际位置NED=(-0.016,0.018,-0.105) 实际速度=(-0.000,-0.000,-0.002) 最终目标=(-0.016,0.018,-0.105) 指令位置=(-0.016,0.018,nan) 指令速度=(0.000,0.000,0.000) 指令加速度=(0.000,0.000,nan) 滚转角=0.04度 俯仰角=-0.03度
10:03:14.921983 [轨迹] 序号=111 单调时间=4609.701859 时间=4609.702 模式=AUTO.LOITER 起飞状态=未执行起飞 水平控制=位置保持 类型掩码=3520 实际位置NED=(-0.016,0.018,-0.104) 实际速度=(-0.000,-0.000,-0.002) 最终目标=(-0.016,0.018,-0.104) 指令位置=(-0.016,0.018,nan) 指令速度=(0.000,0.000,0.000) 指令加速度=(0.000,0.000,nan) 滚转角=0.04度 俯仰角=-0.03度
10:03:15.026949 [轨迹] 序号=112 单调时间=4609.807057 时间=4609.807 模式=AUTO.LOITER 起飞状态=未执行起飞 水平控制=位置保持 类型掩码=3520 实际位置NED=(-0.016,0.018,-0.104) 实际速度=(-0.000,-0.000,-0.001) 最终目标=(-0.016,0.018,-0.104) 指令位置=(-0.016,0.018,nan) 指令速度=(0.000,0.000,0.000) 指令加速度=(0.000,0.000,nan) 滚转角=0.04度 俯仰角=-0.03度
10:03:15.129367 [轨迹] 序号=113 单调时间=4609.909281 时间=4609.909 模式=AUTO.LOITER 起飞状态=未执行起飞 水平控制=位置保持 类型掩码=3520 实际位置NED=(-0.016,0.018,-0.104) 实际速度=(-0.000,-0.000,-0.001) 最终目标=(-0.016,0.018,-0.104) 指令位置=(-0.016,0.018,nan) 指令速度=(0.000,0.000,0.000) 指令加速度=(0.000,0.000,nan) 滚转角=0.04度 俯仰角=-0.03度
10:03:15.231796 [轨迹] 序号=114 单调时间=4610.011715 时间=4610.012 模式=AUTO.LOITER 起飞状态=未执行起飞 水平控制=位置保持 类型掩码=3520 实际位置NED=(-0.016,0.018,-0.104) 实际速度=(-0.000,-0.000,-0.002) 最终目标=(-0.016,0.018,-0.104) 指令位置=(-0.016,0.018,nan) 指令速度=(0.000,0.000,0.000) 指令加速度=(0.000,0.000,nan) 滚转角=0.04度 俯仰角=-0.03度
10:03:15.334811 [轨迹] 序号=115 单调时间=4610.114556 时间=4610.115 模式=AUTO.LOITER 起飞状态=未执行起飞 水平控制=位置保持 类型掩码=3520 实际位置NED=(-0.016,0.018,-0.104) 实际速度=(-0.000,-0.000,-0.001) 最终目标=(-0.016,0.018,-0.104) 指令位置=(-0.016,0.018,nan) 指令速度=(0.000,0.000,0.000) 指令加速度=(0.000,0.000,nan) 滚转角=0.04度 俯仰角=-0.03度
10:03:15.438163 [轨迹] 序号=116 单调时间=4610.217598 时间=4610.218 模式=AUTO.LOITER 起飞状态=未执行起飞 水平控制=位置保持 类型掩码=3520 实际位置NED=(-0.017,0.018,-0.104) 实际速度=(-0.000,-0.000,-0.002) 最终目标=(-0.017,0.018,-0.104) 指令位置=(-0.017,0.018,nan) 指令速度=(0.000,0.000,0.000) 指令加速度=(0.000,0.000,nan) 滚转角=0.04度 俯仰角=-0.03度
10:03:15.541608 [轨迹] 序号=117 单调时间=4610.321496 时间=4610.321 模式=AUTO.LOITER 起飞状态=未执行起飞 水平控制=位置保持 类型掩码=3520 实际位置NED=(-0.017,0.017,-0.104) 实际速度=(-0.000,-0.000,-0.001) 最终目标=(-0.017,0.017,-0.104) 指令位置=(-0.017,0.017,nan) 指令速度=(0.000,0.000,0.000) 指令加速度=(0.000,0.000,nan) 滚转角=0.04度 俯仰角=-0.03度
10:03:15.644914 [轨迹] 序号=118 单调时间=4610.424844 时间=4610.425 模式=AUTO.LOITER 起飞状态=未执行起飞 水平控制=位置保持 类型掩码=3520 实际位置NED=(-0.017,0.017,-0.104) 实际速度=(-0.000,-0.000,-0.001) 最终目标=(-0.017,0.017,-0.104) 指令位置=(-0.017,0.017,nan) 指令速度=(0.000,0.000,0.000) 指令加速度=(0.000,0.000,nan) 滚转角=0.04度 俯仰角=-0.03度
10:03:15.747689 [轨迹] 序号=119 单调时间=4610.527531 时间=4610.528 模式=AUTO.LOITER 起飞状态=未执行起飞 水平控制=位置保持 类型掩码=3520 实际位置NED=(-0.017,0.017,-0.104) 实际速度=(-0.000,-0.000,-0.001) 最终目标=(-0.017,0.017,-0.104) 指令位置=(-0.017,0.017,nan) 指令速度=(0.000,0.000,0.000) 指令加速度=(0.000,0.000,nan) 滚转角=0.04度 俯仰角=-0.03度
10:03:15.850304 [轨迹] 序号=120 单调时间=4610.630232 时间=4610.630 模式=AUTO.LOITER 起飞状态=未执行起飞 水平控制=位置保持 类型掩码=3520 实际位置NED=(-0.017,0.017,-0.104) 实际速度=(-0.000,-0.000,-0.001) 最终目标=(-0.017,0.017,-0.104) 指令位置=(-0.017,0.017,nan) 指令速度=(0.000,0.000,0.000) 指令加速度=(0.000,0.000,nan) 滚转角=0.04度 俯仰角=-0.03度
10:03:15.953361 [轨迹] 序号=121 单调时间=4610.732975 时间=4610.733 模式=AUTO.LOITER 起飞状态=未执行起飞 水平控制=位置保持 类型掩码=3520 实际位置NED=(-0.017,0.017,-0.104) 实际速度=(-0.000,-0.000,-0.001) 最终目标=(-0.017,0.017,-0.104) 指令位置=(-0.017,0.017,nan) 指令速度=(0.000,0.000,0.000) 指令加速度=(0.000,0.000,nan) 滚转角=0.04度 俯仰角=-0.03度
10:03:16.056028 [轨迹] 序号=122 单调时间=4610.835781 时间=4610.836 模式=AUTO.LOITER 起飞状态=未执行起飞 水平控制=位置保持 类型掩码=3520 实际位置NED=(-0.017,0.017,-0.104) 实际速度=(-0.000,-0.000,-0.001) 最终目标=(-0.017,0.017,-0.104) 指令位置=(-0.017,0.017,nan) 指令速度=(0.000,0.000,0.000) 指令加速度=(0.000,0.000,nan) 滚转角=0.03度 俯仰角=-0.03度
10:03:16.158932 [轨迹] 序号=123 单调时间=4610.938702 时间=4610.939 模式=AUTO.LOITER 起飞状态=未执行起飞 水平控制=位置保持 类型掩码=3520 实际位置NED=(-0.017,0.017,-0.104) 实际速度=(-0.000,-0.000,-0.001) 最终目标=(-0.017,0.017,-0.104) 指令位置=(-0.017,0.017,nan) 指令速度=(0.000,0.000,0.000) 指令加速度=(0.000,0.000,nan) 滚转角=0.03度 俯仰角=-0.03度
10:03:16.261768 [轨迹] 序号=124 单调时间=4611.041433 时间=4611.041 模式=AUTO.LOITER 起飞状态=未执行起飞 水平控制=位置保持 类型掩码=3520 实际位置NED=(-0.017,0.017,-0.104) 实际速度=(-0.000,-0.000,-0.001) 最终目标=(-0.017,0.017,-0.104) 指令位置=(-0.017,0.017,nan) 指令速度=(0.000,0.000,0.000) 指令加速度=(0.000,0.000,nan) 滚转角=0.03度 俯仰角=-0.03度
10:03:16.364448 [轨迹] 序号=125 单调时间=4611.144328 时间=4611.144 模式=AUTO.LOITER 起飞状态=未执行起飞 水平控制=位置保持 类型掩码=3520 实际位置NED=(-0.017,0.017,-0.104) 实际速度=(0.000,0.000,-0.001) 最终目标=(-0.017,0.017,-0.104) 指令位置=(-0.017,0.017,nan) 指令速度=(0.000,0.000,0.000) 指令加速度=(0.000,0.000,nan) 滚转角=0.03度 俯仰角=-0.03度
10:03:16.467270 [轨迹] 序号=126 单调时间=4611.247061 时间=4611.247 模式=AUTO.LOITER 起飞状态=未执行起飞 水平控制=位置保持 类型掩码=3520 实际位置NED=(-0.017,0.017,-0.104) 实际速度=(-0.000,0.000,-0.001) 最终目标=(-0.017,0.017,-0.104) 指令位置=(-0.017,0.017,nan) 指令速度=(0.000,0.000,0.000) 指令加速度=(0.000,0.000,nan) 滚转角=0.03度 俯仰角=-0.03度
10:03:16.569673 [轨迹] 序号=127 单调时间=4611.349661 时间=4611.350 模式=AUTO.LOITER 起飞状态=未执行起飞 水平控制=位置保持 类型掩码=3520 实际位置NED=(-0.017,0.017,-0.104) 实际速度=(0.000,0.000,-0.000) 最终目标=(-0.017,0.017,-0.104) 指令位置=(-0.017,0.017,nan) 指令速度=(0.000,0.000,0.000) 指令加速度=(0.000,0.000,nan) 滚转角=0.03度 俯仰角=-0.03度
10:03:16.672190 [轨迹] 序号=128 单调时间=4611.452125 时间=4611.452 模式=AUTO.LOITER 起飞状态=未执行起飞 水平控制=位置保持 类型掩码=3520 实际位置NED=(-0.017,0.017,-0.104) 实际速度=(0.000,0.000,-0.000) 最终目标=(-0.017,0.017,-0.104) 指令位置=(-0.017,0.017,nan) 指令速度=(0.000,0.000,0.000) 指令加速度=(0.000,0.000,nan) 滚转角=0.03度 俯仰角=-0.03度
10:03:16.775016 [轨迹] 序号=129 单调时间=4611.554944 时间=4611.555 模式=AUTO.LOITER 起飞状态=未执行起飞 水平控制=位置保持 类型掩码=3520 实际位置NED=(-0.017,0.017,-0.104) 实际速度=(0.000,0.000,-0.000) 最终目标=(-0.017,0.017,-0.104) 指令位置=(-0.017,0.017,nan) 指令速度=(0.000,0.000,0.000) 指令加速度=(0.000,0.000,nan) 滚转角=0.03度 俯仰角=-0.03度
10:03:16.877761 [轨迹] 序号=130 单调时间=4611.657683 时间=4611.658 模式=AUTO.LOITER 起飞状态=未执行起飞 水平控制=位置保持 类型掩码=3520 实际位置NED=(-0.017,0.016,-0.104) 实际速度=(0.000,0.000,0.000) 最终目标=(-0.017,0.016,-0.104) 指令位置=(-0.017,0.016,nan) 指令速度=(0.000,0.000,0.000) 指令加速度=(0.000,0.000,nan) 滚转角=0.03度 俯仰角=-0.03度
10:03:16.980694 [轨迹] 序号=131 单调时间=4611.760642 时间=4611.761 模式=AUTO.LOITER 起飞状态=未执行起飞 水平控制=位置保持 类型掩码=3520 实际位置NED=(-0.017,0.016,-0.104) 实际速度=(0.000,0.000,0.000) 最终目标=(-0.017,0.016,-0.104) 指令位置=(-0.017,0.016,nan) 指令速度=(0.000,0.000,0.000) 指令加速度=(0.000,0.000,nan) 滚转角=0.03度 俯仰角=-0.03度
10:03:17.084222 [轨迹] 序号=132 单调时间=4611.864087 时间=4611.864 模式=AUTO.LOITER 起飞状态=未执行起飞 水平控制=位置保持 类型掩码=3520 实际位置NED=(-0.017,0.016,-0.103) 实际速度=(0.000,0.000,0.000) 最终目标=(-0.017,0.016,-0.103) 指令位置=(-0.017,0.016,nan) 指令速度=(0.000,0.000,0.000) 指令加速度=(0.000,0.000,nan) 滚转角=0.03度 俯仰角=-0.03度
10:03:17.185649 [轨迹] 序号=133 单调时间=4611.965580 时间=4611.966 模式=AUTO.LOITER 起飞状态=未执行起飞 水平控制=位置保持 类型掩码=3520 实际位置NED=(-0.017,0.016,-0.103) 实际速度=(0.000,-0.000,0.000) 最终目标=(-0.017,0.016,-0.103) 指令位置=(-0.017,0.016,nan) 指令速度=(0.000,0.000,0.000) 指令加速度=(0.000,0.000,nan) 滚转角=0.03度 俯仰角=-0.03度
10:03:17.289136 [轨迹] 序号=134 单调时间=4612.068073 时间=4612.068 模式=AUTO.LOITER 起飞状态=未执行起飞 水平控制=位置保持 类型掩码=3520 实际位置NED=(-0.017,0.016,-0.103) 实际速度=(0.000,-0.000,0.000) 最终目标=(-0.017,0.016,-0.103) 指令位置=(-0.017,0.016,nan) 指令速度=(0.000,0.000,0.000) 指令加速度=(0.000,0.000,nan) 滚转角=0.03度 俯仰角=-0.03度
10:03:17.391811 [轨迹] 序号=135 单调时间=4612.171675 时间=4612.172 模式=AUTO.LOITER 起飞状态=未执行起飞 水平控制=位置保持 类型掩码=3520 实际位置NED=(-0.018,0.016,-0.103) 实际速度=(0.000,-0.000,0.000) 最终目标=(-0.018,0.016,-0.103) 指令位置=(-0.018,0.016,nan) 指令速度=(0.000,0.000,0.000) 指令加速度=(0.000,0.000,nan) 滚转角=0.03度 俯仰角=-0.03度
10:03:17.496138 [轨迹] 序号=136 单调时间=4612.275901 时间=4612.276 模式=AUTO.LOITER 起飞状态=未执行起飞 水平控制=位置保持 类型掩码=3520 实际位置NED=(-0.018,0.016,-0.104) 实际速度=(0.000,-0.000,0.000) 最终目标=(-0.018,0.016,-0.104) 指令位置=(-0.018,0.016,nan) 指令速度=(0.000,0.000,0.000) 指令加速度=(0.000,0.000,nan) 滚转角=0.03度 俯仰角=-0.03度
10:03:17.598216 [轨迹] 序号=137 单调时间=4612.378072 时间=4612.378 模式=AUTO.LOITER 起飞状态=未执行起飞 水平控制=位置保持 类型掩码=3520 实际位置NED=(-0.018,0.016,-0.104) 实际速度=(0.000,-0.000,0.000) 最终目标=(-0.018,0.016,-0.104) 指令位置=(-0.018,0.016,nan) 指令速度=(0.000,0.000,0.000) 指令加速度=(0.000,0.000,nan) 滚转角=0.03度 俯仰角=-0.03度
10:03:17.701662 [轨迹] 序号=138 单调时间=4612.481532 时间=4612.482 模式=AUTO.LOITER 起飞状态=未执行起飞 水平控制=位置保持 类型掩码=3520 实际位置NED=(-0.018,0.016,-0.104) 实际速度=(0.000,-0.000,0.000) 最终目标=(-0.018,0.016,-0.104) 指令位置=(-0.018,0.016,nan) 指令速度=(0.000,0.000,0.000) 指令加速度=(0.000,0.000,nan) 滚转角=0.03度 俯仰角=-0.03度
10:03:17.805153 [轨迹] 序号=139 单调时间=4612.585148 时间=4612.585 模式=AUTO.LOITER 起飞状态=未执行起飞 水平控制=位置保持 类型掩码=3520 实际位置NED=(-0.018,0.016,-0.104) 实际速度=(0.000,-0.000,0.000) 最终目标=(-0.018,0.016,-0.104) 指令位置=(-0.018,0.016,nan) 指令速度=(0.000,0.000,0.000) 指令加速度=(0.000,0.000,nan) 滚转角=0.03度 俯仰角=-0.03度
10:03:17.908569 [轨迹] 序号=140 单调时间=4612.688458 时间=4612.688 模式=AUTO.LOITER 起飞状态=未执行起飞 水平控制=位置保持 类型掩码=3520 实际位置NED=(-0.018,0.016,-0.104) 实际速度=(0.000,-0.000,0.000) 最终目标=(-0.018,0.016,-0.104) 指令位置=(-0.018,0.016,nan) 指令速度=(0.000,0.000,0.000) 指令加速度=(0.000,0.000,nan) 滚转角=0.03度 俯仰角=-0.03度
10:03:18.011711 [轨迹] 序号=141 单调时间=4612.791547 时间=4612.792 模式=AUTO.LOITER 起飞状态=未执行起飞 水平控制=位置保持 类型掩码=3520 实际位置NED=(-0.018,0.016,-0.104) 实际速度=(0.000,-0.000,0.000) 最终目标=(-0.018,0.016,-0.104) 指令位置=(-0.018,0.016,nan) 指令速度=(0.000,0.000,0.000) 指令加速度=(0.000,0.000,nan) 滚转角=0.04度 俯仰角=-0.03度
10:03:18.114646 [轨迹] 序号=142 单调时间=4612.894630 时间=4612.895 模式=AUTO.LOITER 起飞状态=未执行起飞 水平控制=位置保持 类型掩码=3520 实际位置NED=(-0.018,0.016,-0.104) 实际速度=(0.000,-0.000,0.000) 最终目标=(-0.018,0.016,-0.104) 指令位置=(-0.018,0.016,nan) 指令速度=(0.000,0.000,0.000) 指令加速度=(0.000,0.000,nan) 滚转角=0.04度 俯仰角=-0.03度
10:03:18.217233 [轨迹] 序号=143 单调时间=4612.997168 时间=4612.997 模式=AUTO.LOITER 起飞状态=未执行起飞 水平控制=位置保持 类型掩码=3520 实际位置NED=(-0.017,0.015,-0.104) 实际速度=(0.000,-0.001,0.000) 最终目标=(-0.017,0.015,-0.104) 指令位置=(-0.017,0.015,nan) 指令速度=(0.000,0.000,0.000) 指令加速度=(0.000,0.000,nan) 滚转角=0.04度 俯仰角=-0.03度
10:03:18.320300 [轨迹] 序号=144 单调时间=4613.100025 时间=4613.100 模式=AUTO.LOITER 起飞状态=未执行起飞 水平控制=位置保持 类型掩码=3520 实际位置NED=(-0.017,0.015,-0.104) 实际速度=(0.000,-0.000,0.000) 最终目标=(-0.017,0.015,-0.104) 指令位置=(-0.017,0.015,nan) 指令速度=(0.000,0.000,0.000) 指令加速度=(0.000,0.000,nan) 滚转角=0.04度 俯仰角=-0.03度
10:03:18.420396 [轨迹] 序号=145 单调时间=4613.200110 时间=4613.200 模式=AUTO.LOITER 起飞状态=未执行起飞 水平控制=位置保持 类型掩码=3520 实际位置NED=(-0.017,0.015,-0.104) 实际速度=(0.000,-0.000,-0.000) 最终目标=(-0.017,0.015,-0.104) 指令位置=(-0.017,0.015,nan) 指令速度=(0.000,0.000,0.000) 指令加速度=(0.000,0.000,nan) 滚转角=0.04度 俯仰角=-0.03度
10:03:18.523820 [轨迹] 序号=146 单调时间=4613.303692 时间=4613.304 模式=AUTO.LOITER 起飞状态=未执行起飞 水平控制=位置保持 类型掩码=3520 实际位置NED=(-0.017,0.015,-0.104) 实际速度=(0.000,-0.001,-0.000) 最终目标=(-0.017,0.015,-0.104) 指令位置=(-0.017,0.015,nan) 指令速度=(0.000,0.000,0.000) 指令加速度=(0.000,0.000,nan) 滚转角=0.04度 俯仰角=-0.03度
10:03:18.627320 [轨迹] 序号=147 单调时间=4613.407060 时间=4613.407 模式=AUTO.LOITER 起飞状态=未执行起飞 水平控制=位置保持 类型掩码=3520 实际位置NED=(-0.017,0.015,-0.105) 实际速度=(0.000,-0.001,-0.000) 最终目标=(-0.017,0.015,-0.105) 指令位置=(-0.017,0.015,nan) 指令速度=(0.000,0.000,0.000) 指令加速度=(0.000,0.000,nan) 滚转角=0.04度 俯仰角=-0.03度
10:03:18.730661 [轨迹] 序号=148 单调时间=4613.510451 时间=4613.510 模式=AUTO.LOITER 起飞状态=未执行起飞 水平控制=位置保持 类型掩码=3520 实际位置NED=(-0.017,0.015,-0.105) 实际速度=(0.000,-0.001,-0.000) 最终目标=(-0.017,0.015,-0.105) 指令位置=(-0.017,0.015,nan) 指令速度=(0.000,0.000,0.000) 指令加速度=(0.000,0.000,nan) 滚转角=0.04度 俯仰角=-0.03度
10:03:18.835075 [轨迹] 序号=149 单调时间=4613.614756 时间=4613.615 模式=AUTO.LOITER 起飞状态=未执行起飞 水平控制=位置保持 类型掩码=3520 实际位置NED=(-0.017,0.015,-0.105) 实际速度=(0.000,-0.001,-0.000) 最终目标=(-0.017,0.015,-0.105) 指令位置=(-0.017,0.015,nan) 指令速度=(0.000,0.000,0.000) 指令加速度=(0.000,0.000,nan) 滚转角=0.04度 俯仰角=-0.03度
10:03:18.938201 [轨迹] 序号=150 单调时间=4613.718154 时间=4613.718 模式=AUTO.LOITER 起飞状态=未执行起飞 水平控制=位置保持 类型掩码=3520 实际位置NED=(-0.017,0.015,-0.105) 实际速度=(0.000,-0.001,-0.000) 最终目标=(-0.017,0.015,-0.105) 指令位置=(-0.017,0.015,nan) 指令速度=(0.000,0.000,0.000) 指令加速度=(0.000,0.000,nan) 滚转角=0.04度 俯仰角=-0.03度
10:03:19.042317 [轨迹] 序号=151 单调时间=4613.822207 时间=4613.822 模式=AUTO.LOITER 起飞状态=未执行起飞 水平控制=位置保持 类型掩码=3520 实际位置NED=(-0.016,0.015,-0.105) 实际速度=(0.000,-0.001,-0.000) 最终目标=(-0.016,0.015,-0.105) 指令位置=(-0.016,0.015,nan) 指令速度=(0.000,0.000,0.000) 指令加速度=(0.000,0.000,nan) 滚转角=0.04度 俯仰角=-0.04度
10:03:19.143810 [轨迹] 序号=152 单调时间=4613.923633 时间=4613.924 模式=AUTO.LOITER 起飞状态=未执行起飞 水平控制=位置保持 类型掩码=3520 实际位置NED=(-0.016,0.015,-0.105) 实际速度=(0.000,-0.001,-0.000) 最终目标=(-0.016,0.015,-0.105) 指令位置=(-0.016,0.015,nan) 指令速度=(0.000,0.000,0.000) 指令加速度=(0.000,0.000,nan) 滚转角=0.04度 俯仰角=-0.04度
10:03:19.247812 [轨迹] 序号=153 单调时间=4614.027567 时间=4614.028 模式=AUTO.LOITER 起飞状态=未执行起飞 水平控制=位置保持 类型掩码=3520 实际位置NED=(-0.016,0.015,-0.105) 实际速度=(0.000,-0.001,-0.000) 最终目标=(-0.016,0.015,-0.105) 指令位置=(-0.016,0.015,nan) 指令速度=(0.000,0.000,0.000) 指令加速度=(0.000,0.000,nan) 滚转角=0.04度 俯仰角=-0.04度
10:03:19.351180 [轨迹] 序号=154 单调时间=4614.131029 时间=4614.131 模式=AUTO.LOITER 起飞状态=未执行起飞 水平控制=位置保持 类型掩码=3520 实际位置NED=(-0.016,0.015,-0.105) 实际速度=(0.000,-0.001,-0.000) 最终目标=(-0.016,0.015,-0.105) 指令位置=(-0.016,0.015,nan) 指令速度=(0.000,0.000,0.000) 指令加速度=(0.000,0.000,nan) 滚转角=0.04度 俯仰角=-0.04度
10:03:19.455177 [轨迹] 序号=155 单调时间=4614.234874 时间=4614.235 模式=AUTO.LOITER 起飞状态=未执行起飞 水平控制=位置保持 类型掩码=3520 实际位置NED=(-0.016,0.015,-0.105) 实际速度=(0.000,-0.000,-0.000) 最终目标=(-0.016,0.015,-0.105) 指令位置=(-0.016,0.015,nan) 指令速度=(0.000,0.000,0.000) 指令加速度=(0.000,0.000,nan) 滚转角=0.04度 俯仰角=-0.04度
10:03:19.558479 [轨迹] 序号=156 单调时间=4614.338385 时间=4614.338 模式=AUTO.LOITER 起飞状态=未执行起飞 水平控制=位置保持 类型掩码=3520 实际位置NED=(-0.016,0.015,-0.105) 实际速度=(0.000,-0.000,-0.000) 最终目标=(-0.016,0.015,-0.105) 指令位置=(-0.016,0.015,nan) 指令速度=(0.000,0.000,0.000) 指令加速度=(0.000,0.000,nan) 滚转角=0.04度 俯仰角=-0.04度
10:03:19.662415 [轨迹] 序号=157 单调时间=4614.442274 时间=4614.442 模式=AUTO.LOITER 起飞状态=未执行起飞 水平控制=位置保持 类型掩码=3520 实际位置NED=(-0.016,0.015,-0.105) 实际速度=(0.000,-0.000,-0.000) 最终目标=(-0.016,0.015,-0.105) 指令位置=(-0.016,0.015,nan) 指令速度=(0.000,0.000,0.000) 指令加速度=(0.000,0.000,nan) 滚转角=0.04度 俯仰角=-0.04度
10:03:19.765822 [轨迹] 序号=158 单调时间=4614.545780 时间=4614.546 模式=AUTO.LOITER 起飞状态=未执行起飞 水平控制=位置保持 类型掩码=3520 实际位置NED=(-0.016,0.015,-0.106) 实际速度=(0.000,-0.000,-0.000) 最终目标=(-0.016,0.015,-0.106) 指令位置=(-0.016,0.015,nan) 指令速度=(0.000,0.000,0.000) 指令加速度=(0.000,0.000,nan) 滚转角=0.04度 俯仰角=-0.04度
10:03:19.869831 [轨迹] 序号=159 单调时间=4614.649780 时间=4614.650 模式=AUTO.LOITER 起飞状态=未执行起飞 水平控制=位置保持 类型掩码=3520 实际位置NED=(-0.016,0.015,-0.106) 实际速度=(0.000,-0.000,-0.000) 最终目标=(-0.016,0.015,-0.106) 指令位置=(-0.016,0.015,nan) 指令速度=(0.000,0.000,0.000) 指令加速度=(0.000,0.000,nan) 滚转角=0.04度 俯仰角=-0.04度
10:03:19.973606 [轨迹] 序号=160 单调时间=4614.753025 时间=4614.753 模式=AUTO.LOITER 起飞状态=未执行起飞 水平控制=位置保持 类型掩码=3520 实际位置NED=(-0.016,0.015,-0.106) 实际速度=(0.000,0.000,-0.000) 最终目标=(-0.016,0.015,-0.106) 指令位置=(-0.016,0.015,nan) 指令速度=(0.000,0.000,0.000) 指令加速度=(0.000,0.000,nan) 滚转角=0.04度 俯仰角=-0.04度
10:03:20.077592 [轨迹] 序号=161 单调时间=4614.857551 时间=4614.858 模式=AUTO.LOITER 起飞状态=未执行起飞 水平控制=位置保持 类型掩码=3520 实际位置NED=(-0.016,0.015,-0.106) 实际速度=(0.000,-0.000,-0.000) 最终目标=(-0.016,0.015,-0.106) 指令位置=(-0.016,0.015,nan) 指令速度=(0.000,0.000,0.000) 指令加速度=(0.000,0.000,nan) 滚转角=0.04度 俯仰角=-0.04度
10:03:20.180794 [轨迹] 序号=162 单调时间=4614.960698 时间=4614.961 模式=AUTO.LOITER 起飞状态=未执行起飞 水平控制=位置保持 类型掩码=3520 实际位置NED=(-0.016,0.015,-0.106) 实际速度=(-0.000,-0.000,-0.000) 最终目标=(-0.016,0.015,-0.106) 指令位置=(-0.016,0.015,nan) 指令速度=(0.000,0.000,0.000) 指令加速度=(0.000,0.000,nan) 滚转角=0.04度 俯仰角=-0.04度
10:03:20.285202 [轨迹] 序号=163 单调时间=4615.065091 时间=4615.065 模式=AUTO.LOITER 起飞状态=未执行起飞 水平控制=位置保持 类型掩码=3520 实际位置NED=(-0.016,0.015,-0.106) 实际速度=(-0.000,0.000,-0.001) 最终目标=(-0.016,0.015,-0.106) 指令位置=(-0.016,0.015,nan) 指令速度=(0.000,0.000,0.000) 指令加速度=(0.000,0.000,nan) 滚转角=0.04度 俯仰角=-0.04度
10:03:20.389175 [轨迹] 序号=164 单调时间=4615.169038 时间=4615.169 模式=AUTO.LOITER 起飞状态=未执行起飞 水平控制=位置保持 类型掩码=3520 实际位置NED=(-0.016,0.015,-0.106) 实际速度=(-0.000,0.000,-0.000) 最终目标=(-0.016,0.015,-0.106) 指令位置=(-0.016,0.015,nan) 指令速度=(0.000,0.000,0.000) 指令加速度=(0.000,0.000,nan) 滚转角=0.04度 俯仰角=-0.04度
10:03:20.492522 [轨迹] 序号=165 单调时间=4615.272364 时间=4615.272 模式=AUTO.LOITER 起飞状态=未执行起飞 水平控制=位置保持 类型掩码=3520 实际位置NED=(-0.016,0.015,-0.106) 实际速度=(-0.000,0.000,-0.000) 最终目标=(-0.016,0.015,-0.106) 指令位置=(-0.016,0.015,nan) 指令速度=(0.000,0.000,0.000) 指令加速度=(0.000,0.000,nan) 滚转角=0.04度 俯仰角=-0.04度
10:03:20.596471 [轨迹] 序号=166 单调时间=4615.376260 时间=4615.376 模式=AUTO.LOITER 起飞状态=未执行起飞 水平控制=位置保持 类型掩码=3520 实际位置NED=(-0.016,0.014,-0.106) 实际速度=(-0.000,0.000,-0.001) 最终目标=(-0.016,0.014,-0.106) 指令位置=(-0.016,0.014,nan) 指令速度=(0.000,0.000,0.000) 指令加速度=(0.000,0.000,nan) 滚转角=0.04度 俯仰角=-0.04度
10:03:20.700082 [轨迹] 序号=167 单调时间=4615.479969 时间=4615.480 模式=AUTO.LOITER 起飞状态=未执行起飞 水平控制=位置保持 类型掩码=3520 实际位置NED=(-0.016,0.014,-0.106) 实际速度=(-0.000,0.000,-0.001) 最终目标=(-0.016,0.014,-0.106) 指令位置=(-0.016,0.014,nan) 指令速度=(0.000,0.000,0.000) 指令加速度=(0.000,0.000,nan) 滚转角=0.04度 俯仰角=-0.04度
10:03:20.803536 [轨迹] 序号=168 单调时间=4615.583494 时间=4615.583 模式=AUTO.LOITER 起飞状态=未执行起飞 水平控制=位置保持 类型掩码=3520 实际位置NED=(-0.016,0.014,-0.106) 实际速度=(-0.000,0.000,-0.000) 最终目标=(-0.016,0.014,-0.106) 指令位置=(-0.016,0.014,nan) 指令速度=(0.000,0.000,0.000) 指令加速度=(0.000,0.000,nan) 滚转角=0.04度 俯仰角=-0.04度
10:03:20.906957 [轨迹] 序号=169 单调时间=4615.686810 时间=4615.687 模式=AUTO.LOITER 起飞状态=未执行起飞 水平控制=位置保持 类型掩码=3520 实际位置NED=(-0.016,0.014,-0.106) 实际速度=(-0.000,0.000,-0.001) 最终目标=(-0.016,0.014,-0.106) 指令位置=(-0.016,0.014,nan) 指令速度=(0.000,0.000,0.000) 指令加速度=(0.000,0.000,nan) 滚转角=0.04度 俯仰角=-0.04度
10:03:21.010775 [轨迹] 序号=170 单调时间=4615.790666 时间=4615.791 模式=AUTO.LOITER 起飞状态=未执行起飞 水平控制=位置保持 类型掩码=3520 实际位置NED=(-0.016,0.014,-0.106) 实际速度=(-0.000,0.000,-0.000) 最终目标=(-0.016,0.014,-0.106) 指令位置=(-0.016,0.014,nan) 指令速度=(0.000,0.000,0.000) 指令加速度=(0.000,0.000,nan) 滚转角=0.04度 俯仰角=-0.04度
10:03:21.114294 [轨迹] 序号=171 单调时间=4615.894227 时间=4615.894 模式=AUTO.LOITER 起飞状态=未执行起飞 水平控制=位置保持 类型掩码=3520 实际位置NED=(-0.016,0.014,-0.106) 实际速度=(-0.000,0.000,-0.001) 最终目标=(-0.016,0.014,-0.106) 指令位置=(-0.016,0.014,nan) 指令速度=(0.000,0.000,0.000) 指令加速度=(0.000,0.000,nan) 滚转角=0.04度 俯仰角=-0.04度
10:03:21.217481 [轨迹] 序号=172 单调时间=4615.997386 时间=4615.997 模式=AUTO.LOITER 起飞状态=未执行起飞 水平控制=位置保持 类型掩码=3520 实际位置NED=(-0.017,0.014,-0.106) 实际速度=(-0.000,0.000,-0.000) 最终目标=(-0.017,0.014,-0.106) 指令位置=(-0.017,0.014,nan) 指令速度=(0.000,0.000,0.000) 指令加速度=(0.000,0.000,nan) 滚转角=0.04度 俯仰角=-0.04度
10:03:21.320557 [轨迹] 序号=173 单调时间=4616.100513 时间=4616.101 模式=AUTO.LOITER 起飞状态=未执行起飞 水平控制=位置保持 类型掩码=3520 实际位置NED=(-0.017,0.014,-0.106) 实际速度=(-0.000,0.000,-0.001) 最终目标=(-0.017,0.014,-0.106) 指令位置=(-0.017,0.014,nan) 指令速度=(0.000,0.000,0.000) 指令加速度=(0.000,0.000,nan) 滚转角=0.04度 俯仰角=-0.04度
10:03:21.424472 [轨迹] 序号=174 单调时间=4616.204214 时间=4616.204 模式=AUTO.LOITER 起飞状态=未执行起飞 水平控制=位置保持 类型掩码=3520 实际位置NED=(-0.017,0.014,-0.106) 实际速度=(-0.000,0.000,-0.000) 最终目标=(-0.017,0.014,-0.106) 指令位置=(-0.017,0.014,nan) 指令速度=(0.000,0.000,0.000) 指令加速度=(0.000,0.000,nan) 滚转角=0.04度 俯仰角=-0.04度
10:03:21.528287 [轨迹] 序号=175 单调时间=4616.308330 时间=4616.308 模式=AUTO.LOITER 起飞状态=未执行起飞 水平控制=位置保持 类型掩码=3520 实际位置NED=(-0.017,0.014,-0.106) 实际速度=(-0.000,0.000,-0.000) 最终目标=(-0.017,0.014,-0.106) 指令位置=(-0.017,0.014,nan) 指令速度=(0.000,0.000,0.000) 指令加速度=(0.000,0.000,nan) 滚转角=0.04度 俯仰角=-0.04度
10:03:21.631660 [轨迹] 序号=176 单调时间=4616.411516 时间=4616.412 模式=AUTO.LOITER 起飞状态=未执行起飞 水平控制=位置保持 类型掩码=3520 实际位置NED=(-0.017,0.014,-0.106) 实际速度=(-0.000,0.000,-0.001) 最终目标=(-0.017,0.014,-0.106) 指令位置=(-0.017,0.014,nan) 指令速度=(0.000,0.000,0.000) 指令加速度=(0.000,0.000,nan) 滚转角=0.04度 俯仰角=-0.04度
10:03:21.735001 [轨迹] 序号=177 单调时间=4616.514929 时间=4616.515 模式=AUTO.LOITER 起飞状态=未执行起飞 水平控制=位置保持 类型掩码=3520 实际位置NED=(-0.017,0.014,-0.106) 实际速度=(-0.000,0.000,-0.001) 最终目标=(-0.017,0.014,-0.106) 指令位置=(-0.017,0.014,nan) 指令速度=(0.000,0.000,0.000) 指令加速度=(0.000,0.000,nan) 滚转角=0.04度 俯仰角=-0.04度
10:03:21.838669 [轨迹] 序号=178 单调时间=4616.618613 时间=4616.619 模式=AUTO.LOITER 起飞状态=未执行起飞 水平控制=位置保持 类型掩码=3520 实际位置NED=(-0.017,0.014,-0.106) 实际速度=(-0.000,0.000,-0.001) 最终目标=(-0.017,0.014,-0.106) 指令位置=(-0.017,0.014,nan) 指令速度=(0.000,0.000,0.000) 指令加速度=(0.000,0.000,nan) 滚转角=0.04度 俯仰角=-0.04度
10:03:21.939617 [轨迹] 序号=179 单调时间=4616.719440 时间=4616.719 模式=AUTO.LOITER 起飞状态=未执行起飞 水平控制=位置保持 类型掩码=3520 实际位置NED=(-0.017,0.014,-0.106) 实际速度=(-0.000,0.000,-0.001) 最终目标=(-0.017,0.014,-0.106) 指令位置=(-0.017,0.014,nan) 指令速度=(0.000,0.000,0.000) 指令加速度=(0.000,0.000,nan) 滚转角=0.04度 俯仰角=-0.04度
10:03:22.043404 [轨迹] 序号=180 单调时间=4616.823527 时间=4616.824 模式=AUTO.LOITER 起飞状态=未执行起飞 水平控制=位置保持 类型掩码=3520 实际位置NED=(-0.018,0.014,-0.106) 实际速度=(-0.001,0.000,-0.000) 最终目标=(-0.018,0.014,-0.106) 指令位置=(-0.018,0.014,nan) 指令速度=(0.000,0.000,0.000) 指令加速度=(0.000,0.000,nan) 滚转角=0.04度 俯仰角=-0.04度
10:03:22.146932 [轨迹] 序号=181 单调时间=4616.926920 时间=4616.927 模式=AUTO.LOITER 起飞状态=未执行起飞 水平控制=位置保持 类型掩码=3520 实际位置NED=(-0.018,0.014,-0.106) 实际速度=(-0.001,0.000,-0.000) 最终目标=(-0.018,0.014,-0.106) 指令位置=(-0.018,0.014,nan) 指令速度=(0.000,0.000,0.000) 指令加速度=(0.000,0.000,nan) 滚转角=0.05度 俯仰角=-0.04度
10:03:22.250509 [轨迹] 序号=182 单调时间=4617.030388 时间=4617.030 模式=AUTO.LOITER 起飞状态=未执行起飞 水平控制=位置保持 类型掩码=3520 实际位置NED=(-0.018,0.014,-0.106) 实际速度=(-0.001,0.000,-0.000) 最终目标=(-0.018,0.014,-0.106) 指令位置=(-0.018,0.014,nan) 指令速度=(0.000,0.000,0.000) 指令加速度=(0.000,0.000,nan) 滚转角=0.05度 俯仰角=-0.04度
10:03:22.353724 [轨迹] 序号=183 单调时间=4617.133667 时间=4617.134 模式=AUTO.LOITER 起飞状态=未执行起飞 水平控制=位置保持 类型掩码=3520 实际位置NED=(-0.018,0.014,-0.106) 实际速度=(-0.001,0.000,-0.000) 最终目标=(-0.018,0.014,-0.106) 指令位置=(-0.018,0.014,nan) 指令速度=(0.000,0.000,0.000) 指令加速度=(0.000,0.000,nan) 滚转角=0.05度 俯仰角=-0.04度
10:03:22.457032 [轨迹] 序号=184 单调时间=4617.236906 时间=4617.237 模式=AUTO.LOITER 起飞状态=未执行起飞 水平控制=位置保持 类型掩码=3520 实际位置NED=(-0.018,0.014,-0.106) 实际速度=(-0.001,0.000,-0.000) 最终目标=(-0.018,0.014,-0.106) 指令位置=(-0.018,0.014,nan) 指令速度=(0.000,0.000,0.000) 指令加速度=(0.000,0.000,nan) 滚转角=0.05度 俯仰角=-0.04度
10:03:22.561038 [轨迹] 序号=185 单调时间=4617.340939 时间=4617.341 模式=AUTO.LOITER 起飞状态=未执行起飞 水平控制=位置保持 类型掩码=3520 实际位置NED=(-0.018,0.014,-0.106) 实际速度=(-0.001,-0.000,-0.000) 最终目标=(-0.018,0.014,-0.106) 指令位置=(-0.018,0.014,nan) 指令速度=(0.000,0.000,0.000) 指令加速度=(0.000,0.000,nan) 滚转角=0.05度 俯仰角=-0.04度
10:03:22.664499 [轨迹] 序号=186 单调时间=4617.444452 时间=4617.444 模式=AUTO.LOITER 起飞状态=未执行起飞 水平控制=位置保持 类型掩码=3520 实际位置NED=(-0.018,0.014,-0.106) 实际速度=(-0.001,0.000,-0.000) 最终目标=(-0.018,0.014,-0.106) 指令位置=(-0.018,0.014,nan) 指令速度=(0.000,0.000,0.000) 指令加速度=(0.000,0.000,nan) 滚转角=0.04度 俯仰角=-0.04度
10:03:22.766377 [轨迹] 序号=187 单调时间=4617.546234 时间=4617.546 模式=AUTO.LOITER 起飞状态=未执行起飞 水平控制=位置保持 类型掩码=3520 实际位置NED=(-0.018,0.014,-0.106) 实际速度=(-0.001,-0.000,-0.000) 最终目标=(-0.018,0.014,-0.106) 指令位置=(-0.018,0.014,nan) 指令速度=(0.000,0.000,0.000) 指令加速度=(0.000,0.000,nan) 滚转角=0.04度 俯仰角=-0.04度
10:03:22.870467 [轨迹] 序号=188 单调时间=4617.650372 时间=4617.650 模式=AUTO.LOITER 起飞状态=未执行起飞 水平控制=位置保持 类型掩码=3520 实际位置NED=(-0.018,0.014,-0.106) 实际速度=(-0.001,-0.000,-0.000) 最终目标=(-0.018,0.014,-0.106) 指令位置=(-0.018,0.014,nan) 指令速度=(0.000,0.000,0.000) 指令加速度=(0.000,0.000,nan) 滚转角=0.04度 俯仰角=-0.04度
10:03:22.974285 [轨迹] 序号=189 单调时间=4617.753660 时间=4617.754 模式=AUTO.LOITER 起飞状态=未执行起飞 水平控制=位置保持 类型掩码=3520 实际位置NED=(-0.018,0.014,-0.106) 实际速度=(-0.001,-0.000,-0.000) 最终目标=(-0.018,0.014,-0.106) 指令位置=(-0.018,0.014,nan) 指令速度=(0.000,0.000,0.000) 指令加速度=(0.000,0.000,nan) 滚转角=0.04度 俯仰角=-0.04度
10:03:23.078083 [轨迹] 序号=190 单调时间=4617.857967 时间=4617.858 模式=AUTO.LOITER 起飞状态=未执行起飞 水平控制=位置保持 类型掩码=3520 实际位置NED=(-0.018,0.013,-0.106) 实际速度=(-0.001,0.000,-0.000) 最终目标=(-0.018,0.013,-0.106) 指令位置=(-0.018,0.013,nan) 指令速度=(0.000,0.000,0.000) 指令加速度=(0.000,0.000,nan) 滚转角=0.04度 俯仰角=-0.04度
10:03:23.181389 [轨迹] 序号=191 单调时间=4617.961379 时间=4617.961 模式=AUTO.LOITER 起飞状态=未执行起飞 水平控制=位置保持 类型掩码=3520 实际位置NED=(-0.019,0.013,-0.106) 实际速度=(-0.001,-0.000,-0.000) 最终目标=(-0.019,0.013,-0.106) 指令位置=(-0.019,0.013,nan) 指令速度=(0.000,0.000,0.000) 指令加速度=(0.000,0.000,nan) 滚转角=0.04度 俯仰角=-0.04度
10:03:23.285298 [轨迹] 序号=192 单调时间=4618.064829 时间=4618.065 模式=AUTO.LOITER 起飞状态=未执行起飞 水平控制=位置保持 类型掩码=3520 实际位置NED=(-0.019,0.013,-0.106) 实际速度=(-0.001,-0.000,-0.000) 最终目标=(-0.019,0.013,-0.106) 指令位置=(-0.019,0.013,nan) 指令速度=(0.000,0.000,0.000) 指令加速度=(0.000,0.000,nan) 滚转角=0.04度 俯仰角=-0.03度
10:03:23.389221 [轨迹] 序号=193 单调时间=4618.169027 时间=4618.169 模式=AUTO.LOITER 起飞状态=未执行起飞 水平控制=位置保持 类型掩码=3520 实际位置NED=(-0.019,0.013,-0.105) 实际速度=(-0.001,-0.000,-0.000) 最终目标=(-0.019,0.013,-0.105) 指令位置=(-0.019,0.013,nan) 指令速度=(0.000,0.000,0.000) 指令加速度=(0.000,0.000,nan) 滚转角=0.04度 俯仰角=-0.03度
10:03:23.492785 [轨迹] 序号=194 单调时间=4618.272829 时间=4618.273 模式=AUTO.LOITER 起飞状态=未执行起飞 水平控制=位置保持 类型掩码=3520 实际位置NED=(-0.019,0.013,-0.105) 实际速度=(-0.001,-0.000,-0.000) 最终目标=(-0.019,0.013,-0.105) 指令位置=(-0.019,0.013,nan) 指令速度=(0.000,0.000,0.000) 指令加速度=(0.000,0.000,nan) 滚转角=0.04度 俯仰角=-0.03度
10:03:23.596266 [轨迹] 序号=195 单调时间=4618.375895 时间=4618.376 模式=AUTO.LOITER 起飞状态=未执行起飞 水平控制=位置保持 类型掩码=3520 实际位置NED=(-0.019,0.013,-0.105) 实际速度=(-0.001,-0.000,-0.000) 最终目标=(-0.019,0.013,-0.105) 指令位置=(-0.019,0.013,nan) 指令速度=(0.000,0.000,0.000) 指令加速度=(0.000,0.000,nan) 滚转角=0.04度 俯仰角=-0.03度
10:03:23.700655 [轨迹] 序号=196 单调时间=4618.480478 时间=4618.480 模式=AUTO.LOITER 起飞状态=未执行起飞 水平控制=位置保持 类型掩码=3520 实际位置NED=(-0.019,0.013,-0.105) 实际速度=(-0.001,-0.000,0.000) 最终目标=(-0.019,0.013,-0.105) 指令位置=(-0.019,0.013,nan) 指令速度=(0.000,0.000,0.000) 指令加速度=(0.000,0.000,nan) 滚转角=0.04度 俯仰角=-0.03度
10:03:23.803987 [轨迹] 序号=197 单调时间=4618.583897 时间=4618.584 模式=AUTO.LOITER 起飞状态=未执行起飞 水平控制=位置保持 类型掩码=3520 实际位置NED=(-0.019,0.014,-0.105) 实际速度=(-0.000,-0.000,0.000) 最终目标=(-0.019,0.014,-0.105) 指令位置=(-0.019,0.014,nan) 指令速度=(0.000,0.000,0.000) 指令加速度=(0.000,0.000,nan) 滚转角=0.04度 俯仰角=-0.03度
10:03:23.907695 [轨迹] 序号=198 单调时间=4618.687391 时间=4618.687 模式=AUTO.LOITER 起飞状态=未执行起飞 水平控制=位置保持 类型掩码=3520 实际位置NED=(-0.019,0.014,-0.105) 实际速度=(-0.000,-0.000,0.000) 最终目标=(-0.019,0.014,-0.105) 指令位置=(-0.019,0.014,nan) 指令速度=(0.000,0.000,0.000) 指令加速度=(0.000,0.000,nan) 滚转角=0.04度 俯仰角=-0.03度
10:03:24.011482 [轨迹] 序号=199 单调时间=4618.791357 时间=4618.791 模式=AUTO.LOITER 起飞状态=未执行起飞 水平控制=位置保持 类型掩码=3520 实际位置NED=(-0.019,0.014,-0.105) 实际速度=(-0.000,-0.000,-0.000) 最终目标=(-0.019,0.014,-0.105) 指令位置=(-0.019,0.014,nan) 指令速度=(0.000,0.000,0.000) 指令加速度=(0.000,0.000,nan) 滚转角=0.04度 俯仰角=-0.03度
10:03:24.115963 [轨迹] 序号=200 单调时间=4618.895753 时间=4618.896 模式=AUTO.LOITER 起飞状态=未执行起飞 水平控制=位置保持 类型掩码=3520 实际位置NED=(-0.019,0.014,-0.105) 实际速度=(0.000,-0.000,-0.000) 最终目标=(-0.019,0.014,-0.105) 指令位置=(-0.019,0.014,nan) 指令速度=(0.000,0.000,0.000) 指令加速度=(0.000,0.000,nan) 滚转角=0.04度 俯仰角=-0.04度
10:03:24.219570 [轨迹] 序号=201 单调时间=4618.999499 时间=4618.999 模式=AUTO.LOITER 起飞状态=未执行起飞 水平控制=位置保持 类型掩码=3520 实际位置NED=(-0.020,0.014,-0.105) 实际速度=(0.000,-0.000,-0.000) 最终目标=(-0.020,0.014,-0.105) 指令位置=(-0.020,0.014,nan) 指令速度=(0.000,0.000,0.000) 指令加速度=(0.000,0.000,nan) 滚转角=0.04度 俯仰角=-0.04度
10:03:24.323405 [轨迹] 序号=202 单调时间=4619.103500 时间=4619.104 模式=OFFBOARD 起飞状态=未执行起飞 水平控制=位置保持 类型掩码=3520 实际位置NED=(-0.020,0.014,-0.105) 实际速度=(0.000,-0.000,0.000) 最终目标=(-0.020,0.014,-0.105) 指令位置=(-0.020,0.014,nan) 指令速度=(0.000,0.000,0.000) 指令加速度=(0.000,0.000,nan) 滚转角=0.04度 俯仰角=-0.04度
10:03:24 [模式] 已进入OFFBOARD；最终目标和当前指令已锁定到飞机当前位置
10:03:24.426992 [轨迹] 序号=203 单调时间=4619.206769 时间=4619.207 模式=OFFBOARD 起飞状态=未执行起飞 水平控制=位置保持 类型掩码=3520 实际位置NED=(-0.020,0.014,-0.105) 实际速度=(0.000,-0.000,0.000) 最终目标=(-0.020,0.014,-0.105) 指令位置=(-0.020,0.014,nan) 指令速度=(0.000,0.000,0.000) 指令加速度=(0.000,0.000,nan) 滚转角=0.04度 俯仰角=-0.04度
10:03:24.531237 [轨迹] 序号=204 单调时间=4619.311134 时间=4619.311 模式=OFFBOARD 起飞状态=未执行起飞 水平控制=位置保持 类型掩码=3520 实际位置NED=(-0.020,0.014,-0.105) 实际速度=(-0.000,-0.000,0.000) 最终目标=(-0.020,0.014,-0.105) 指令位置=(-0.020,0.014,nan) 指令速度=(0.000,0.000,0.000) 指令加速度=(0.000,0.000,nan) 滚转角=0.04度 俯仰角=-0.03度
10:03:24.634679 [轨迹] 序号=205 单调时间=4619.414592 时间=4619.415 模式=OFFBOARD 起飞状态=未执行起飞 水平控制=位置保持 类型掩码=3520 实际位置NED=(-0.020,0.014,-0.105) 实际速度=(-0.000,0.000,0.000) 最终目标=(-0.020,0.014,-0.105) 指令位置=(-0.020,0.014,nan) 指令速度=(0.000,0.000,0.000) 指令加速度=(0.000,0.000,nan) 滚转角=0.04度 俯仰角=-0.03度
10:03:24.737780 [轨迹] 序号=206 单调时间=4619.517759 时间=4619.518 模式=OFFBOARD 起飞状态=未执行起飞 水平控制=位置保持 类型掩码=3520 实际位置NED=(-0.020,0.014,-0.105) 实际速度=(0.000,0.000,0.000) 最终目标=(-0.020,0.014,-0.105) 指令位置=(-0.020,0.014,nan) 指令速度=(0.000,0.000,0.000) 指令加速度=(0.000,0.000,nan) 滚转角=0.04度 俯仰角=-0.03度
10:03:24.841034 [轨迹] 序号=207 单调时间=4619.620990 时间=4619.621 模式=OFFBOARD 起飞状态=未执行起飞 水平控制=位置保持 类型掩码=3520 实际位置NED=(-0.020,0.014,-0.105) 实际速度=(0.000,-0.000,-0.000) 最终目标=(-0.020,0.014,-0.105) 指令位置=(-0.020,0.014,nan) 指令速度=(0.000,0.000,0.000) 指令加速度=(0.000,0.000,nan) 滚转角=0.04度 俯仰角=-0.03度
10:03:24.944915 [轨迹] 序号=208 单调时间=4619.724903 时间=4619.725 模式=OFFBOARD 起飞状态=未执行起飞 水平控制=位置保持 类型掩码=3520 实际位置NED=(-0.020,0.014,-0.105) 实际速度=(0.000,0.000,-0.000) 最终目标=(-0.020,0.014,-0.105) 指令位置=(-0.020,0.014,nan) 指令速度=(0.000,0.000,0.000) 指令加速度=(0.000,0.000,nan) 滚转角=0.04度 俯仰角=-0.03度
10:03:25.048377 [轨迹] 序号=209 单调时间=4619.828517 时间=4619.829 模式=OFFBOARD 起飞状态=未执行起飞 水平控制=位置保持 类型掩码=3520 实际位置NED=(-0.020,0.014,-0.105) 实际速度=(0.000,0.000,-0.000) 最终目标=(-0.020,0.014,-0.105) 指令位置=(-0.020,0.014,nan) 指令速度=(0.000,0.000,0.000) 指令加速度=(0.000,0.000,nan) 滚转角=0.04度 俯仰角=-0.03度
10:03:25.152459 [轨迹] 序号=210 单调时间=4619.932375 时间=4619.932 模式=OFFBOARD 起飞状态=未执行起飞 水平控制=位置保持 类型掩码=3520 实际位置NED=(-0.020,0.014,-0.105) 实际速度=(-0.000,0.000,-0.000) 最终目标=(-0.020,0.014,-0.105) 指令位置=(-0.020,0.014,nan) 指令速度=(0.000,0.000,0.000) 指令加速度=(0.000,0.000,nan) 滚转角=0.04度 俯仰角=-0.03度
10:03:25.255977 [轨迹] 序号=211 单调时间=4620.035920 时间=4620.036 模式=OFFBOARD 起飞状态=未执行起飞 水平控制=位置保持 类型掩码=3520 实际位置NED=(-0.020,0.014,-0.104) 实际速度=(-0.000,0.000,-0.000) 最终目标=(-0.020,0.014,-0.105) 指令位置=(-0.020,0.014,nan) 指令速度=(0.000,0.000,0.000) 指令加速度=(0.000,0.000,nan) 滚转角=0.04度 俯仰角=-0.03度
10:03:25.360092 [轨迹] 序号=212 单调时间=4620.139772 时间=4620.140 模式=OFFBOARD 起飞状态=未执行起飞 水平控制=位置保持 类型掩码=3520 实际位置NED=(-0.020,0.014,-0.104) 实际速度=(-0.000,0.000,-0.000) 最终目标=(-0.020,0.014,-0.105) 指令位置=(-0.020,0.014,nan) 指令速度=(0.000,0.000,0.000) 指令加速度=(0.000,0.000,nan) 滚转角=0.04度 俯仰角=-0.03度
10:03:25.464841 [轨迹] 序号=213 单调时间=4620.244634 时间=4620.245 模式=OFFBOARD 起飞状态=未执行起飞 水平控制=位置保持 类型掩码=3520 实际位置NED=(-0.020,0.015,-0.104) 实际速度=(-0.000,0.000,-0.000) 最终目标=(-0.020,0.014,-0.105) 指令位置=(-0.020,0.014,nan) 指令速度=(0.000,0.000,0.000) 指令加速度=(0.000,0.000,nan) 滚转角=0.04度 俯仰角=-0.03度
10:03:25.569105 [轨迹] 序号=214 单调时间=4620.349074 时间=4620.349 模式=OFFBOARD 起飞状态=未执行起飞 水平控制=位置保持 类型掩码=3520 实际位置NED=(-0.020,0.015,-0.104) 实际速度=(0.000,0.000,-0.000) 最终目标=(-0.020,0.014,-0.105) 指令位置=(-0.020,0.014,nan) 指令速度=(0.000,0.000,0.000) 指令加速度=(0.000,0.000,nan) 滚转角=0.04度 俯仰角=-0.03度
10:03:25.672611 [轨迹] 序号=215 单调时间=4620.452545 时间=4620.453 模式=OFFBOARD 起飞状态=未执行起飞 水平控制=位置保持 类型掩码=3520 实际位置NED=(-0.021,0.015,-0.104) 实际速度=(0.000,0.000,-0.000) 最终目标=(-0.020,0.014,-0.105) 指令位置=(-0.020,0.014,nan) 指令速度=(0.000,0.000,0.000) 指令加速度=(0.000,0.000,nan) 滚转角=0.04度 俯仰角=-0.03度
10:03:25 [输入] 已按下一次起飞按钮
10:03:25 [目标] 修改前：北=-0.020 东=0.014 下=-0.105
10:03:25 [目标] 修改后：北=-0.021 东=0.015 下=-1.104
10:03:25 [起飞] 起始下轴位置=-0.104 离地阶段下轴目标=-0.454 最终下轴目标=-1.104；水平位置已锁定到当前位置
10:03:25.776373 [轨迹] 序号=216 单调时间=4620.556127 时间=4620.556 模式=OFFBOARD 起飞状态=离地阶段 水平控制=位置保持 类型掩码=2496 实际位置NED=(-0.021,0.015,-0.104) 实际速度=(0.000,0.000,-0.000) 最终目标=(-0.021,0.015,-1.104) 指令位置=(-0.021,0.015,-0.112) 指令速度=(0.000,0.000,-0.075) 指令加速度=(0.000,0.000,-0.750) 滚转角=0.04度 俯仰角=-0.04度
10:03:25.879890 [轨迹] 序号=217 单调时间=4620.659690 时间=4620.660 模式=OFFBOARD 起飞状态=离地阶段 水平控制=位置保持 类型掩码=2496 实际位置NED=(-0.021,0.015,-0.104) 实际速度=(0.000,0.000,-0.000) 最终目标=(-0.021,0.015,-1.104) 指令位置=(-0.021,0.015,-0.128) 指令速度=(0.000,0.000,-0.153) 指令加速度=(0.000,0.000,-0.750) 滚转角=0.04度 俯仰角=-0.04度
10:03:25.983110 [轨迹] 序号=218 单调时间=4620.763106 时间=4620.763 模式=OFFBOARD 起飞状态=离地阶段 水平控制=位置保持 类型掩码=2496 实际位置NED=(-0.021,0.015,-0.104) 实际速度=(0.000,0.000,-0.000) 最终目标=(-0.021,0.015,-1.104) 指令位置=(-0.021,0.015,-0.151) 指令速度=(0.000,0.000,-0.230) 指令加速度=(0.000,0.000,-0.750) 滚转角=0.04度 俯仰角=-0.04度
10:03:26.086858 [轨迹] 序号=219 单调时间=4620.866809 时间=4620.867 模式=OFFBOARD 起飞状态=离地阶段 水平控制=位置保持 类型掩码=2496 实际位置NED=(-0.021,0.015,-0.104) 实际速度=(0.000,0.000,-0.000) 最终目标=(-0.021,0.015,-1.104) 指令位置=(-0.021,0.015,-0.183) 指令速度=(0.000,0.000,-0.308) 指令加速度=(0.000,0.000,-0.750) 滚转角=0.04度 俯仰角=-0.04度
10:03:26.189971 [轨迹] 序号=220 单调时间=4620.969868 时间=4620.970 模式=OFFBOARD 起飞状态=离地阶段 水平控制=位置保持 类型掩码=2496 实际位置NED=(-0.021,0.015,-0.104) 实际速度=(0.000,0.000,-0.000) 最终目标=(-0.021,0.015,-1.104) 指令位置=(-0.021,0.015,-0.223) 指令速度=(0.000,0.000,-0.385) 指令加速度=(0.000,0.000,-0.750) 滚转角=0.04度 俯仰角=-0.04度
10:03:26.294179 [轨迹] 序号=221 单调时间=4621.074069 时间=4621.074 模式=OFFBOARD 起飞状态=离地阶段 水平控制=位置保持 类型掩码=2496 实际位置NED=(-0.021,0.015,-0.104) 实际速度=(0.000,0.000,-0.000) 最终目标=(-0.021,0.015,-1.104) 指令位置=(-0.021,0.015,-0.271) 指令速度=(0.000,0.000,-0.463) 指令加速度=(0.000,0.000,-0.750) 滚转角=0.04度 俯仰角=-0.04度
10:03:26.398180 [轨迹] 序号=222 单调时间=4621.178067 时间=4621.178 模式=OFFBOARD 起飞状态=离地阶段 水平控制=位置保持 类型掩码=2496 实际位置NED=(-0.021,0.015,-0.104) 实际速度=(0.000,0.000,-0.000) 最终目标=(-0.021,0.015,-1.104) 指令位置=(-0.021,0.015,-0.323) 指令速度=(0.000,0.000,-0.500) 指令加速度=(0.000,0.000,-0.351) 滚转角=0.04度 俯仰角=-0.04度
10:03:26.502777 [轨迹] 序号=223 单调时间=4621.282226 时间=4621.282 模式=OFFBOARD 起飞状态=离地阶段 水平控制=位置保持 类型掩码=2496 实际位置NED=(-0.021,0.015,-0.104) 实际速度=(-0.000,0.000,-0.000) 最终目标=(-0.021,0.015,-1.104) 指令位置=(-0.021,0.015,-0.375) 指令速度=(0.000,0.000,-0.500) 指令加速度=(0.000,0.000,0.000) 滚转角=0.04度 俯仰角=-0.04度
10:03:26.605880 [轨迹] 序号=224 单调时间=4621.385787 时间=4621.386 模式=OFFBOARD 起飞状态=离地阶段 水平控制=位置保持 类型掩码=2496 实际位置NED=(-0.021,0.015,-0.104) 实际速度=(-0.000,0.000,-0.000) 最终目标=(-0.021,0.015,-1.104) 指令位置=(-0.021,0.015,-0.427) 指令速度=(0.000,0.000,-0.500) 指令加速度=(0.000,0.000,0.000) 滚转角=0.04度 俯仰角=-0.04度
10:03:26.709262 [轨迹] 序号=225 单调时间=4621.489103 时间=4621.489 模式=OFFBOARD 起飞状态=离地阶段 水平控制=位置保持 类型掩码=2496 实际位置NED=(-0.021,0.015,-0.104) 实际速度=(-0.000,0.000,-0.000) 最终目标=(-0.021,0.015,-1.104) 指令位置=(-0.021,0.015,-0.479) 指令速度=(0.000,0.000,-0.500) 指令加速度=(0.000,0.000,0.000) 滚转角=0.04度 俯仰角=-0.04度
10:03:26.810132 [轨迹] 序号=226 单调时间=4621.590011 时间=4621.590 模式=OFFBOARD 起飞状态=爬升阶段 水平控制=位置保持 类型掩码=2496 实际位置NED=(-0.021,0.015,-0.104) 实际速度=(-0.000,0.000,-0.000) 最终目标=(-0.021,0.015,-1.104) 指令位置=(-0.021,0.015,-0.526) 指令速度=(0.000,0.000,-0.470) 指令加速度=(0.000,0.000,0.300) 滚转角=0.04度 俯仰角=-0.04度
10:03:26.914346 [轨迹] 序号=227 单调时间=4621.694192 时间=4621.694 模式=OFFBOARD 起飞状态=爬升阶段 水平控制=位置保持 类型掩码=2496 实际位置NED=(-0.021,0.015,-0.104) 实际速度=(-0.000,0.000,-0.000) 最终目标=(-0.021,0.015,-1.104) 指令位置=(-0.021,0.015,-0.572) 指令速度=(0.000,0.000,-0.438) 指令加速度=(0.000,0.000,0.300) 滚转角=0.04度 俯仰角=-0.04度
10:03:27.017991 [轨迹] 序号=228 单调时间=4621.797818 时间=4621.798 模式=OFFBOARD 起飞状态=爬升阶段 水平控制=位置保持 类型掩码=2496 实际位置NED=(-0.021,0.015,-0.104) 实际速度=(0.000,0.000,-0.000) 最终目标=(-0.021,0.015,-1.104) 指令位置=(-0.021,0.015,-0.614) 指令速度=(0.000,0.000,-0.407) 指令加速度=(0.000,0.000,0.300) 滚转角=0.04度 俯仰角=-0.04度
10:03:27.120121 [轨迹] 序号=229 单调时间=4621.900063 时间=4621.900 模式=OFFBOARD 起飞状态=爬升阶段 水平控制=位置保持 类型掩码=2496 实际位置NED=(-0.021,0.015,-0.104) 实际速度=(0.000,0.000,-0.000) 最终目标=(-0.021,0.015,-1.104) 指令位置=(-0.021,0.015,-0.653) 指令速度=(0.000,0.000,-0.377) 指令加速度=(0.000,0.000,0.300) 滚转角=0.04度 俯仰角=-0.04度
10:03:27.223689 [轨迹] 序号=230 单调时间=4622.003539 时间=4622.004 模式=OFFBOARD 起飞状态=爬升阶段 水平控制=位置保持 类型掩码=2496 实际位置NED=(-0.021,0.015,-0.104) 实际速度=(0.000,0.000,-0.000) 最终目标=(-0.021,0.015,-1.104) 指令位置=(-0.021,0.015,-0.688) 指令速度=(0.000,0.000,-0.346) 指令加速度=(0.000,0.000,0.300) 滚转角=0.04度 俯仰角=-0.04度
10:03:27.326852 [轨迹] 序号=231 单调时间=4622.106817 时间=4622.107 模式=OFFBOARD 起飞状态=爬升阶段 水平控制=位置保持 类型掩码=2496 实际位置NED=(-0.021,0.016,-0.104) 实际速度=(0.000,0.000,-0.000) 最终目标=(-0.021,0.015,-1.104) 指令位置=(-0.021,0.015,-0.721) 指令速度=(0.000,0.000,-0.315) 指令加速度=(0.000,0.000,0.300) 滚转角=0.04度 俯仰角=-0.04度
10:03:27.430595 [轨迹] 序号=232 单调时间=4622.210439 时间=4622.210 模式=OFFBOARD 起飞状态=爬升阶段 水平控制=位置保持 类型掩码=2496 实际位置NED=(-0.020,0.016,-0.103) 实际速度=(0.000,0.000,-0.000) 最终目标=(-0.021,0.015,-1.104) 指令位置=(-0.021,0.015,-0.752) 指令速度=(0.000,0.000,-0.300) 指令加速度=(0.000,0.000,0.142) 滚转角=0.04度 俯仰角=-0.04度
10:03:27.530709 [轨迹] 序号=233 单调时间=4622.310458 时间=4622.310 模式=OFFBOARD 起飞状态=爬升阶段 水平控制=位置保持 类型掩码=2496 实际位置NED=(-0.020,0.016,-0.103) 实际速度=(0.000,0.000,-0.000) 最终目标=(-0.021,0.015,-1.104) 指令位置=(-0.021,0.015,-0.782) 指令速度=(0.000,0.000,-0.300) 指令加速度=(0.000,0.000,0.000) 滚转角=0.04度 俯仰角=-0.04度
10:03:27.634441 [轨迹] 序号=234 单调时间=4622.414455 时间=4622.414 模式=OFFBOARD 起飞状态=爬升阶段 水平控制=位置保持 类型掩码=2496 实际位置NED=(-0.020,0.016,-0.103) 实际速度=(0.001,0.001,-0.000) 最终目标=(-0.021,0.015,-1.104) 指令位置=(-0.021,0.015,-0.813) 指令速度=(0.000,0.000,-0.300) 指令加速度=(0.000,0.000,0.000) 滚转角=0.04度 俯仰角=-0.04度
10:03:27.737677 [轨迹] 序号=235 单调时间=4622.517620 时间=4622.518 模式=OFFBOARD 起飞状态=爬升阶段 水平控制=位置保持 类型掩码=2496 实际位置NED=(-0.020,0.016,-0.103) 实际速度=(0.000,0.000,-0.000) 最终目标=(-0.021,0.015,-1.104) 指令位置=(-0.021,0.015,-0.844) 指令速度=(0.000,0.000,-0.300) 指令加速度=(0.000,0.000,0.000) 滚转角=0.04度 俯仰角=-0.04度
10:03:27.841949 [轨迹] 序号=236 单调时间=4622.621098 时间=4622.621 模式=OFFBOARD 起飞状态=爬升阶段 水平控制=位置保持 类型掩码=2496 实际位置NED=(-0.020,0.016,-0.103) 实际速度=(0.000,0.000,-0.000) 最终目标=(-0.021,0.015,-1.104) 指令位置=(-0.021,0.015,-0.875) 指令速度=(0.000,0.000,-0.300) 指令加速度=(0.000,0.000,0.000) 滚转角=0.04度 俯仰角=-0.04度
10:03:27.945765 [轨迹] 序号=237 单调时间=4622.725594 时间=4622.726 模式=OFFBOARD 起飞状态=爬升阶段 水平控制=位置保持 类型掩码=2496 实际位置NED=(-0.020,0.016,-0.103) 实际速度=(0.001,0.000,-0.000) 最终目标=(-0.021,0.015,-1.104) 指令位置=(-0.021,0.015,-0.907) 指令速度=(0.000,0.000,-0.300) 指令加速度=(0.000,0.000,0.000) 滚转角=0.04度 俯仰角=-0.04度
10:03:28.049222 [轨迹] 序号=238 单调时间=4622.829086 时间=4622.829 模式=OFFBOARD 起飞状态=爬升阶段 水平控制=位置保持 类型掩码=2496 实际位置NED=(-0.019,0.016,-0.103) 实际速度=(0.001,0.000,-0.000) 最终目标=(-0.021,0.015,-1.104) 指令位置=(-0.021,0.015,-0.936) 指令速度=(0.000,0.000,-0.282) 指令加速度=(0.000,0.000,0.171) 滚转角=0.04度 俯仰角=-0.04度
10:03:28.153063 [轨迹] 序号=239 单调时间=4622.932810 时间=4622.933 模式=OFFBOARD 起飞状态=爬升阶段 水平控制=位置保持 类型掩码=2496 实际位置NED=(-0.019,0.016,-0.103) 实际速度=(0.000,0.000,-0.000) 最终目标=(-0.021,0.015,-1.104) 指令位置=(-0.021,0.015,-0.962) 指令速度=(0.000,0.000,-0.256) 指令加速度=(0.000,0.000,0.257) 滚转角=0.04度 俯仰角=-0.04度
10:03:28.254588 [轨迹] 序号=240 单调时间=4623.034247 时间=4623.034 模式=OFFBOARD 起飞状态=减速阶段 水平控制=位置保持 类型掩码=2496 实际位置NED=(-0.019,0.016,-0.103) 实际速度=(0.000,0.000,-0.000) 最终目标=(-0.021,0.015,-1.104) 指令位置=(-0.021,0.015,-0.986) 指令速度=(0.000,0.000,-0.231) 指令加速度=(0.000,0.000,0.244) 滚转角=0.04度 俯仰角=-0.04度
10:03:28.363135 [轨迹] 序号=241 单调时间=4623.139453 时间=4623.139 模式=OFFBOARD 起飞状态=减速阶段 水平控制=位置保持 类型掩码=2496 实际位置NED=(-0.019,0.016,-0.108) 实际速度=(0.000,0.000,-0.001) 最终目标=(-0.021,0.015,-1.104) 指令位置=(-0.021,0.015,-1.007) 指令速度=(0.000,0.000,-0.204) 指令加速度=(0.000,0.000,0.261) 滚转角=0.04度 俯仰角=-0.03度
10:03:28.461340 [轨迹] 序号=242 单调时间=4623.241189 时间=4623.241 模式=OFFBOARD 起飞状态=减速阶段 水平控制=位置保持 类型掩码=2496 实际位置NED=(-0.019,0.016,-0.117) 实际速度=(0.000,0.000,-0.002) 最终目标=(-0.021,0.015,-1.104) 指令位置=(-0.021,0.015,-1.025) 指令速度=(0.000,0.000,-0.180) 指令加速度=(0.000,0.000,0.228) 滚转角=0.04度 俯仰角=-0.03度
10:03:28.564638 [轨迹] 序号=243 单调时间=4623.344432 时间=4623.344 模式=OFFBOARD 起飞状态=减速阶段 水平控制=位置保持 类型掩码=2496 实际位置NED=(-0.019,0.016,-0.126) 实际速度=(0.000,0.000,-0.004) 最终目标=(-0.021,0.015,-1.104) 指令位置=(-0.021,0.015,-1.041) 指令速度=(0.000,0.000,-0.155) 指令加速度=(0.000,0.000,0.241) 滚转角=0.04度 俯仰角=-0.04度
10:03:28.666547 [轨迹] 序号=244 单调时间=4623.446492 时间=4623.446 模式=OFFBOARD 起飞状态=减速阶段 水平控制=位置保持 类型掩码=2496 实际位置NED=(-0.019,0.016,-0.135) 实际速度=(0.000,0.000,-0.005) 最终目标=(-0.021,0.015,-1.104) 指令位置=(-0.021,0.015,-1.055) 指令速度=(0.000,0.000,-0.133) 指令加速度=(0.000,0.000,0.222) 滚转角=0.04度 俯仰角=-0.04度
10:03:28.769646 [轨迹] 序号=245 单调时间=4623.549556 时间=4623.550 模式=OFFBOARD 起飞状态=减速阶段 水平控制=位置保持 类型掩码=2496 实际位置NED=(-0.019,0.016,-0.144) 实际速度=(0.000,-0.000,-0.007) 最终目标=(-0.021,0.015,-1.104) 指令位置=(-0.021,0.015,-1.066) 指令速度=(0.000,0.000,-0.110) 指令加速度=(0.000,0.000,0.222) 滚转角=0.04度 俯仰角=-0.04度
10:03:28.873454 [轨迹] 序号=246 单调时间=4623.653282 时间=4623.653 模式=OFFBOARD 起飞状态=减速阶段 水平控制=位置保持 类型掩码=2496 实际位置NED=(-0.019,0.016,-0.153) 实际速度=(0.000,-0.000,-0.009) 最终目标=(-0.021,0.015,-1.104) 指令位置=(-0.021,0.015,-1.076) 指令速度=(0.000,0.000,-0.088) 指令加速度=(0.000,0.000,0.207) 滚转角=0.04度 俯仰角=-0.04度
10:03:28.975518 [轨迹] 序号=247 单调时间=4623.755445 时间=4623.755 模式=OFFBOARD 起飞状态=减速阶段 水平控制=位置保持 类型掩码=2496 实际位置NED=(-0.019,0.017,-0.172) 实际速度=(0.000,-0.000,-0.012) 最终目标=(-0.021,0.015,-1.104) 指令位置=(-0.021,0.015,-1.083) 指令速度=(0.000,0.000,-0.070) 指令加速度=(0.000,0.000,0.182) 滚转角=0.04度 俯仰角=-0.04度
10:03:29.079032 [轨迹] 序号=248 单调时间=4623.859109 时间=4623.859 模式=OFFBOARD 起飞状态=减速阶段 水平控制=位置保持 类型掩码=2496 实际位置NED=(-0.018,0.017,-0.180) 实际速度=(-0.000,-0.000,-0.014) 最终目标=(-0.021,0.015,-1.104) 指令位置=(-0.021,0.015,-1.088) 指令速度=(0.000,0.000,-0.051) 指令加速度=(0.000,0.000,0.177) 滚转角=0.04度 俯仰角=-0.04度
10:03:29.182613 [轨迹] 序号=249 单调时间=4623.962567 时间=4623.963 模式=OFFBOARD 起飞状态=减速阶段 水平控制=位置保持 类型掩码=2496 实际位置NED=(-0.018,0.017,-0.187) 实际速度=(-0.000,-0.000,-0.015) 最终目标=(-0.021,0.015,-1.104) 指令位置=(-0.021,0.015,-1.092) 指令速度=(0.000,0.000,-0.037) 指令加速度=(0.000,0.000,0.145) 滚转角=0.04度 俯仰角=-0.04度
10:03:29.287276 [轨迹] 序号=250 单调时间=4624.067204 时间=4624.067 模式=OFFBOARD 起飞状态=高度保持 水平控制=位置保持 类型掩码=2496 实际位置NED=(-0.018,0.017,-0.194) 实际速度=(-0.000,-0.000,-0.016) 最终目标=(-0.021,0.015,-1.104) 指令位置=(-0.021,0.015,-1.104) 指令速度=(0.000,0.000,0.000) 指令加速度=(0.000,0.000,0.349) 滚转角=0.04度 俯仰角=-0.04度
10:03:29.390793 [轨迹] 序号=251 单调时间=4624.170361 时间=4624.170 模式=OFFBOARD 起飞状态=高度保持 水平控制=位置保持 类型掩码=2496 实际位置NED=(-0.018,0.017,-0.200) 实际速度=(-0.000,-0.000,-0.018) 最终目标=(-0.021,0.015,-1.104) 指令位置=(-0.021,0.015,-1.104) 指令速度=(0.000,0.000,0.000) 指令加速度=(0.000,0.000,0.000) 滚转角=0.04度 俯仰角=-0.04度
10:03:29.494647 [轨迹] 序号=252 单调时间=4624.273962 时间=4624.274 模式=OFFBOARD 起飞状态=高度保持 水平控制=位置保持 类型掩码=2496 实际位置NED=(-0.018,0.017,-0.206) 实际速度=(-0.000,-0.001,-0.019) 最终目标=(-0.021,0.015,-1.104) 指令位置=(-0.021,0.015,-1.104) 指令速度=(0.000,0.000,0.000) 指令加速度=(0.000,0.000,0.000) 滚转角=0.04度 俯仰角=-0.04度
10:03:29.597802 [轨迹] 序号=253 单调时间=4624.377778 时间=4624.378 模式=OFFBOARD 起飞状态=高度保持 水平控制=位置保持 类型掩码=2496 实际位置NED=(-0.018,0.017,-0.213) 实际速度=(-0.000,-0.001,-0.020) 最终目标=(-0.021,0.015,-1.104) 指令位置=(-0.021,0.015,-1.104) 指令速度=(0.000,0.000,0.000) 指令加速度=(0.000,0.000,0.000) 滚转角=0.04度 俯仰角=-0.04度
10:03:29.702485 [轨迹] 序号=254 单调时间=4624.482222 时间=4624.482 模式=OFFBOARD 起飞状态=高度保持 水平控制=位置保持 类型掩码=2496 实际位置NED=(-0.018,0.017,-0.222) 实际速度=(-0.000,-0.001,-0.023) 最终目标=(-0.021,0.015,-1.104) 指令位置=(-0.021,0.015,-1.104) 指令速度=(0.000,0.000,0.000) 指令加速度=(0.000,0.000,0.000) 滚转角=0.04度 俯仰角=-0.04度
10:03:29.806106 [轨迹] 序号=255 单调时间=4624.585876 时间=4624.586 模式=OFFBOARD 起飞状态=高度保持 水平控制=位置保持 类型掩码=2496 实际位置NED=(-0.018,0.017,-0.227) 实际速度=(-0.000,-0.001,-0.024) 最终目标=(-0.021,0.015,-1.104) 指令位置=(-0.021,0.015,-1.104) 指令速度=(0.000,0.000,0.000) 指令加速度=(0.000,0.000,0.000) 滚转角=0.04度 俯仰角=-0.04度
10:03:29.909836 [轨迹] 序号=256 单调时间=4624.689658 时间=4624.690 模式=OFFBOARD 起飞状态=高度保持 水平控制=位置保持 类型掩码=2496 实际位置NED=(-0.018,0.017,-0.231) 实际速度=(-0.000,-0.001,-0.025) 最终目标=(-0.021,0.015,-1.104) 指令位置=(-0.021,0.015,-1.104) 指令速度=(0.000,0.000,0.000) 指令加速度=(0.000,0.000,0.000) 滚转角=0.04度 俯仰角=-0.04度
10:03:30.013297 [轨迹] 序号=257 单调时间=4624.793061 时间=4624.793 模式=OFFBOARD 起飞状态=高度保持 水平控制=位置保持 类型掩码=2496 实际位置NED=(-0.018,0.017,-0.234) 实际速度=(0.000,-0.000,-0.025) 最终目标=(-0.021,0.015,-1.104) 指令位置=(-0.021,0.015,-1.104) 指令速度=(0.000,0.000,0.000) 指令加速度=(0.000,0.000,0.000) 滚转角=0.04度 俯仰角=-0.04度
10:03:30.117186 [轨迹] 序号=258 单调时间=4624.897120 时间=4624.897 模式=OFFBOARD 起飞状态=高度保持 水平控制=位置保持 类型掩码=2496 实际位置NED=(-0.018,0.017,-0.239) 实际速度=(0.000,-0.000,-0.026) 最终目标=(-0.021,0.015,-1.104) 指令位置=(-0.021,0.015,-1.104) 指令速度=(0.000,0.000,0.000) 指令加速度=(0.000,0.000,0.000) 滚转角=0.04度 俯仰角=-0.04度
10:03:30.220942 [轨迹] 序号=259 单调时间=4625.000784 时间=4625.001 模式=OFFBOARD 起飞状态=高度保持 水平控制=位置保持 类型掩码=2496 实际位置NED=(-0.018,0.017,-0.245) 实际速度=(0.000,-0.000,-0.028) 最终目标=(-0.021,0.015,-1.104) 指令位置=(-0.021,0.015,-1.104) 指令速度=(0.000,0.000,0.000) 指令加速度=(0.000,0.000,0.000) 滚转角=0.04度 俯仰角=-0.04度
10:03:30.324610 [轨迹] 序号=260 单调时间=4625.104410 时间=4625.104 模式=OFFBOARD 起飞状态=高度保持 水平控制=位置保持 类型掩码=2496 实际位置NED=(-0.018,0.017,-0.248) 实际速度=(0.000,-0.000,-0.028) 最终目标=(-0.021,0.015,-1.104) 指令位置=(-0.021,0.015,-1.104) 指令速度=(0.000,0.000,0.000) 指令加速度=(0.000,0.000,0.000) 滚转角=0.04度 俯仰角=-0.04度
10:03:30.428037 [轨迹] 序号=261 单调时间=4625.207975 时间=4625.208 模式=OFFBOARD 起飞状态=高度保持 水平控制=位置保持 类型掩码=2496 实际位置NED=(-0.018,0.017,-0.250) 实际速度=(0.000,-0.000,-0.029) 最终目标=(-0.021,0.015,-1.104) 指令位置=(-0.021,0.015,-1.104) 指令速度=(0.000,0.000,0.000) 指令加速度=(0.000,0.000,0.000) 滚转角=0.04度 俯仰角=-0.04度
10:03:30.531553 [轨迹] 序号=262 单调时间=4625.311497 时间=4625.311 模式=OFFBOARD 起飞状态=高度保持 水平控制=位置保持 类型掩码=2496 实际位置NED=(-0.018,0.017,-0.252) 实际速度=(0.000,0.000,-0.029) 最终目标=(-0.021,0.015,-1.104) 指令位置=(-0.021,0.015,-1.104) 指令速度=(0.000,0.000,0.000) 指令加速度=(0.000,0.000,0.000) 滚转角=0.04度 俯仰角=-0.04度
10:03:30.632425 [轨迹] 序号=263 单调时间=4625.412422 时间=4625.412 模式=OFFBOARD 起飞状态=高度保持 水平控制=位置保持 类型掩码=2496 实际位置NED=(-0.018,0.017,-0.255) 实际速度=(0.000,0.000,-0.029) 最终目标=(-0.021,0.015,-1.104) 指令位置=(-0.021,0.015,-1.104) 指令速度=(0.000,0.000,0.000) 指令加速度=(0.000,0.000,0.000) 滚转角=0.04度 俯仰角=-0.04度
10:03:30.736014 [轨迹] 序号=264 单调时间=4625.515883 时间=4625.516 模式=OFFBOARD 起飞状态=高度保持 水平控制=位置保持 类型掩码=2496 实际位置NED=(-0.017,0.018,-0.257) 实际速度=(0.000,0.000,-0.030) 最终目标=(-0.021,0.015,-1.104) 指令位置=(-0.021,0.015,-1.104) 指令速度=(0.000,0.000,0.000) 指令加速度=(0.000,0.000,0.000) 滚转角=0.04度 俯仰角=-0.04度
10:03:30.839054 [轨迹] 序号=265 单调时间=4625.619071 时间=4625.619 模式=OFFBOARD 起飞状态=高度保持 水平控制=位置保持 类型掩码=2496 实际位置NED=(-0.017,0.018,-0.259) 实际速度=(0.000,0.001,-0.030) 最终目标=(-0.021,0.015,-1.104) 指令位置=(-0.021,0.015,-1.104) 指令速度=(0.000,0.000,0.000) 指令加速度=(0.000,0.000,0.000) 滚转角=0.04度 俯仰角=-0.04度
10:03:30.942465 [轨迹] 序号=266 单调时间=4625.722387 时间=4625.722 模式=OFFBOARD 起飞状态=高度保持 水平控制=位置保持 类型掩码=2496 实际位置NED=(-0.017,0.018,-0.262) 实际速度=(0.000,0.001,-0.030) 最终目标=(-0.021,0.015,-1.104) 指令位置=(-0.021,0.015,-1.104) 指令速度=(0.000,0.000,0.000) 指令加速度=(0.000,0.000,0.000) 滚转角=0.04度 俯仰角=-0.04度
10:03:31.042895 [轨迹] 序号=267 单调时间=4625.822784 时间=4625.823 模式=OFFBOARD 起飞状态=高度保持 水平控制=位置保持 类型掩码=2496 实际位置NED=(-0.017,0.018,-0.263) 实际速度=(0.000,0.001,-0.030) 最终目标=(-0.021,0.015,-1.104) 指令位置=(-0.021,0.015,-1.104) 指令速度=(0.000,0.000,0.000) 指令加速度=(0.000,0.000,0.000) 滚转角=0.04度 俯仰角=-0.04度
10:03:31.145833 [轨迹] 序号=268 单调时间=4625.925956 时间=4625.926 模式=OFFBOARD 起飞状态=高度保持 水平控制=位置保持 类型掩码=2496 实际位置NED=(-0.017,0.018,-0.265) 实际速度=(0.001,0.001,-0.030) 最终目标=(-0.021,0.015,-1.104) 指令位置=(-0.021,0.015,-1.104) 指令速度=(0.000,0.000,0.000) 指令加速度=(0.000,0.000,0.000) 滚转角=0.04度 俯仰角=-0.04度
10:03:31.249125 [轨迹] 序号=269 单调时间=4626.029025 时间=4626.029 模式=OFFBOARD 起飞状态=高度保持 水平控制=位置保持 类型掩码=2496 实际位置NED=(-0.016,0.018,-0.266) 实际速度=(0.001,0.001,-0.030) 最终目标=(-0.021,0.015,-1.104) 指令位置=(-0.021,0.015,-1.104) 指令速度=(0.000,0.000,0.000) 指令加速度=(0.000,0.000,0.000) 滚转角=0.04度 俯仰角=-0.04度
10:03:31.352962 [轨迹] 序号=270 单调时间=4626.133002 时间=4626.133 模式=OFFBOARD 起飞状态=高度保持 水平控制=位置保持 类型掩码=2496 实际位置NED=(-0.016,0.019,-0.267) 实际速度=(0.001,0.001,-0.030) 最终目标=(-0.021,0.015,-1.104) 指令位置=(-0.021,0.015,-1.104) 指令速度=(0.000,0.000,0.000) 指令加速度=(0.000,0.000,0.000) 滚转角=0.04度 俯仰角=-0.04度
10:03:31.456205 [轨迹] 序号=271 单调时间=4626.236181 时间=4626.236 模式=OFFBOARD 起飞状态=高度保持 水平控制=位置保持 类型掩码=2496 实际位置NED=(-0.016,0.019,-0.269) 实际速度=(0.001,0.002,-0.029) 最终目标=(-0.021,0.015,-1.104) 指令位置=(-0.021,0.015,-1.104) 指令速度=(0.000,0.000,0.000) 指令加速度=(0.000,0.000,0.000) 滚转角=0.04度 俯仰角=-0.04度
10:03:31.556508 [轨迹] 序号=272 单调时间=4626.336396 时间=4626.336 模式=OFFBOARD 起飞状态=高度保持 水平控制=位置保持 类型掩码=2496 实际位置NED=(-0.015,0.019,-0.269) 实际速度=(0.001,0.002,-0.029) 最终目标=(-0.021,0.015,-1.104) 指令位置=(-0.021,0.015,-1.104) 指令速度=(0.000,0.000,0.000) 指令加速度=(0.000,0.000,0.000) 滚转角=0.04度 俯仰角=-0.04度
10:03:31.659892 [轨迹] 序号=273 单调时间=4626.439730 时间=4626.440 模式=OFFBOARD 起飞状态=高度保持 水平控制=位置保持 类型掩码=2496 实际位置NED=(-0.015,0.019,-0.270) 实际速度=(0.002,0.002,-0.028) 最终目标=(-0.021,0.015,-1.104) 指令位置=(-0.021,0.015,-1.104) 指令速度=(0.000,0.000,0.000) 指令加速度=(0.000,0.000,0.000) 滚转角=0.04度 俯仰角=-0.04度
10:03:31.763078 [轨迹] 序号=274 单调时间=4626.542940 时间=4626.543 模式=OFFBOARD 起飞状态=高度保持 水平控制=位置保持 类型掩码=2496 实际位置NED=(-0.015,0.019,-0.270) 实际速度=(0.002,0.002,-0.028) 最终目标=(-0.021,0.015,-1.104) 指令位置=(-0.021,0.015,-1.104) 指令速度=(0.000,0.000,0.000) 指令加速度=(0.000,0.000,0.000) 滚转角=0.04度 俯仰角=-0.04度
10:03:31.866519 [轨迹] 序号=275 单调时间=4626.646435 时间=4626.646 模式=OFFBOARD 起飞状态=高度保持 水平控制=位置保持 类型掩码=2496 实际位置NED=(-0.014,0.020,-0.271) 实际速度=(0.002,0.002,-0.026) 最终目标=(-0.021,0.015,-1.104) 指令位置=(-0.021,0.015,-1.104) 指令速度=(0.000,0.000,0.000) 指令加速度=(0.000,0.000,0.000) 滚转角=0.04度 俯仰角=-0.04度
10:03:31.969545 [轨迹] 序号=276 单调时间=4626.749548 时间=4626.750 模式=OFFBOARD 起飞状态=高度保持 水平控制=位置保持 类型掩码=2496 实际位置NED=(-0.014,0.020,-0.271) 实际速度=(0.002,0.002,-0.026) 最终目标=(-0.021,0.015,-1.104) 指令位置=(-0.021,0.015,-1.104) 指令速度=(0.000,0.000,0.000) 指令加速度=(0.000,0.000,0.000) 滚转角=0.04度 俯仰角=-0.04度
10:03:32.072768 [轨迹] 序号=277 单调时间=4626.852849 时间=4626.853 模式=OFFBOARD 起飞状态=高度保持 水平控制=位置保持 类型掩码=2496 实际位置NED=(-0.014,0.020,-0.271) 实际速度=(0.003,0.002,-0.025) 最终目标=(-0.021,0.015,-1.104) 指令位置=(-0.021,0.015,-1.104) 指令速度=(0.000,0.000,0.000) 指令加速度=(0.000,0.000,0.000) 滚转角=0.04度 俯仰角=-0.04度
10:03:32.176178 [轨迹] 序号=278 单调时间=4626.955960 时间=4626.956 模式=OFFBOARD 起飞状态=高度保持 水平控制=位置保持 类型掩码=2496 实际位置NED=(-0.014,0.020,-0.271) 实际速度=(0.003,0.002,-0.025) 最终目标=(-0.021,0.015,-1.104) 指令位置=(-0.021,0.015,-1.104) 指令速度=(0.000,0.000,0.000) 指令加速度=(0.000,0.000,0.000) 滚转角=0.04度 俯仰角=-0.04度
10:03:32.280060 [轨迹] 序号=279 单调时间=4627.059944 时间=4627.060 模式=OFFBOARD 起飞状态=高度保持 水平控制=位置保持 类型掩码=2496 实际位置NED=(-0.013,0.020,-0.271) 实际速度=(0.003,0.002,-0.024) 最终目标=(-0.021,0.015,-1.104) 指令位置=(-0.021,0.015,-1.104) 指令速度=(0.000,0.000,0.000) 指令加速度=(0.000,0.000,0.000) 滚转角=0.03度 俯仰角=-0.04度
10:03:32.384177 [轨迹] 序号=280 单调时间=4627.163791 时间=4627.164 模式=OFFBOARD 起飞状态=高度保持 水平控制=位置保持 类型掩码=2496 实际位置NED=(-0.013,0.020,-0.271) 实际速度=(0.003,0.002,-0.022) 最终目标=(-0.021,0.015,-1.104) 指令位置=(-0.021,0.015,-1.104) 指令速度=(0.000,0.000,0.000) 指令加速度=(0.000,0.000,0.000) 滚转角=0.04度 俯仰角=-0.04度
10:03:32.488226 [轨迹] 序号=281 单调时间=4627.268084 时间=4627.268 模式=OFFBOARD 起飞状态=高度保持 水平控制=位置保持 类型掩码=2496 实际位置NED=(-0.012,0.020,-0.271) 实际速度=(0.003,0.002,-0.022) 最终目标=(-0.021,0.015,-1.104) 指令位置=(-0.021,0.015,-1.104) 指令速度=(0.000,0.000,0.000) 指令加速度=(0.000,0.000,0.000) 滚转角=0.04度 俯仰角=-0.04度
10:03:32.591329 [轨迹] 序号=282 单调时间=4627.371225 时间=4627.371 模式=OFFBOARD 起飞状态=高度保持 水平控制=位置保持 类型掩码=2496 实际位置NED=(-0.012,0.020,-0.271) 实际速度=(0.003,0.002,-0.021) 最终目标=(-0.021,0.015,-1.104) 指令位置=(-0.021,0.015,-1.104) 指令速度=(0.000,0.000,0.000) 指令加速度=(0.000,0.000,0.000) 滚转角=0.03度 俯仰角=-0.04度
10:03:32.695047 [轨迹] 序号=283 单调时间=4627.474873 时间=4627.475 模式=OFFBOARD 起飞状态=高度保持 水平控制=位置保持 类型掩码=2496 实际位置NED=(-0.012,0.020,-0.270) 实际速度=(0.003,0.002,-0.020) 最终目标=(-0.021,0.015,-1.104) 指令位置=(-0.021,0.015,-1.104) 指令速度=(0.000,0.000,0.000) 指令加速度=(0.000,0.000,0.000) 滚转角=0.03度 俯仰角=-0.04度
10:03:32.798160 [轨迹] 序号=284 单调时间=4627.578128 时间=4627.578 模式=OFFBOARD 起飞状态=高度保持 水平控制=位置保持 类型掩码=2496 实际位置NED=(-0.012,0.020,-0.270) 实际速度=(0.004,0.002,-0.019) 最终目标=(-0.021,0.015,-1.104) 指令位置=(-0.021,0.015,-1.104) 指令速度=(0.000,0.000,0.000) 指令加速度=(0.000,0.000,0.000) 滚转角=0.03度 俯仰角=-0.04度
10:03:32.901412 [轨迹] 序号=285 单调时间=4627.681320 时间=4627.681 模式=OFFBOARD 起飞状态=高度保持 水平控制=位置保持 类型掩码=2496 实际位置NED=(-0.011,0.019,-0.269) 实际速度=(0.004,0.002,-0.019) 最终目标=(-0.021,0.015,-1.104) 指令位置=(-0.021,0.015,-1.104) 指令速度=(0.000,0.000,0.000) 指令加速度=(0.000,0.000,0.000) 滚转角=0.03度 俯仰角=-0.04度
10:03:33.004898 [轨迹] 序号=286 单调时间=4627.784827 时间=4627.785 模式=OFFBOARD 起飞状态=高度保持 水平控制=位置保持 类型掩码=2496 实际位置NED=(-0.011,0.019,-0.269) 实际速度=(0.004,0.002,-0.018) 最终目标=(-0.021,0.015,-1.104) 指令位置=(-0.021,0.015,-1.104) 指令速度=(0.000,0.000,0.000) 指令加速度=(0.000,0.000,0.000) 滚转角=0.03度 俯仰角=-0.04度
10:03:33.109273 [轨迹] 序号=287 单调时间=4627.889180 时间=4627.889 模式=OFFBOARD 起飞状态=高度保持 水平控制=位置保持 类型掩码=2496 实际位置NED=(-0.010,0.019,-0.268) 实际速度=(0.004,0.002,-0.017) 最终目标=(-0.021,0.015,-1.104) 指令位置=(-0.021,0.015,-1.104) 指令速度=(0.000,0.000,0.000) 指令加速度=(0.000,0.000,0.000) 滚转角=0.03度 俯仰角=-0.04度
10:03:33.212551 [轨迹] 序号=288 单调时间=4627.992269 时间=4627.992 模式=OFFBOARD 起飞状态=高度保持 水平控制=位置保持 类型掩码=2496 实际位置NED=(-0.010,0.019,-0.267) 实际速度=(0.004,0.002,-0.016) 最终目标=(-0.021,0.015,-1.104) 指令位置=(-0.021,0.015,-1.104) 指令速度=(0.000,0.000,0.000) 指令加速度=(0.000,0.000,0.000) 滚转角=0.03度 俯仰角=-0.04度
10:03:33.316036 [轨迹] 序号=289 单调时间=4628.095945 时间=4628.096 模式=OFFBOARD 起飞状态=高度保持 水平控制=位置保持 类型掩码=2496 实际位置NED=(-0.010,0.019,-0.267) 实际速度=(0.005,0.002,-0.015) 最终目标=(-0.021,0.015,-1.104) 指令位置=(-0.021,0.015,-1.104) 指令速度=(0.000,0.000,0.000) 指令加速度=(0.000,0.000,0.000) 滚转角=0.03度 俯仰角=-0.04度
10:03:33.419238 [轨迹] 序号=290 单调时间=4628.199155 时间=4628.199 模式=OFFBOARD 起飞状态=高度保持 水平控制=位置保持 类型掩码=2496 实际位置NED=(-0.009,0.019,-0.266) 实际速度=(0.005,0.002,-0.014) 最终目标=(-0.021,0.015,-1.104) 指令位置=(-0.021,0.015,-1.104) 指令速度=(0.000,0.000,0.000) 指令加速度=(0.000,0.000,0.000) 滚转角=0.03度 俯仰角=-0.04度
10:03:33.522370 [轨迹] 序号=291 单调时间=4628.302286 时间=4628.302 模式=OFFBOARD 起飞状态=高度保持 水平控制=位置保持 类型掩码=2496 实际位置NED=(-0.009,0.019,-0.266) 实际速度=(0.005,0.002,-0.014) 最终目标=(-0.021,0.015,-1.104) 指令位置=(-0.021,0.015,-1.104) 指令速度=(0.000,0.000,0.000) 指令加速度=(0.000,0.000,0.000) 滚转角=0.03度 俯仰角=-0.04度
10:03:33.625576 [轨迹] 序号=292 单调时间=4628.405449 时间=4628.405 模式=OFFBOARD 起飞状态=高度保持 水平控制=位置保持 类型掩码=2496 实际位置NED=(-0.009,0.019,-0.265) 实际速度=(0.005,0.002,-0.012) 最终目标=(-0.021,0.015,-1.104) 指令位置=(-0.021,0.015,-1.104) 指令速度=(0.000,0.000,0.000) 指令加速度=(0.000,0.000,0.000) 滚转角=0.03度 俯仰角=-0.04度
10:03:33.728876 [轨迹] 序号=293 单调时间=4628.508903 时间=4628.509 模式=OFFBOARD 起飞状态=高度保持 水平控制=位置保持 类型掩码=2496 实际位置NED=(-0.009,0.019,-0.264) 实际速度=(0.005,0.002,-0.012) 最终目标=(-0.021,0.015,-1.104) 指令位置=(-0.021,0.015,-1.104) 指令速度=(0.000,0.000,0.000) 指令加速度=(0.000,0.000,0.000) 滚转角=0.03度 俯仰角=-0.04度
10:03:33.832460 [轨迹] 序号=294 单调时间=4628.612116 时间=4628.612 模式=OFFBOARD 起飞状态=高度保持 水平控制=位置保持 类型掩码=2496 实际位置NED=(-0.009,0.019,-0.264) 实际速度=(0.004,0.002,-0.011) 最终目标=(-0.021,0.015,-1.104) 指令位置=(-0.021,0.015,-1.104) 指令速度=(0.000,0.000,0.000) 指令加速度=(0.000,0.000,0.000) 滚转角=0.03度 俯仰角=-0.04度
10:03:33.936881 [轨迹] 序号=295 单调时间=4628.716829 时间=4628.717 模式=OFFBOARD 起飞状态=高度保持 水平控制=位置保持 类型掩码=2496 实际位置NED=(-0.010,0.019,-0.263) 实际速度=(0.004,0.001,-0.010) 最终目标=(-0.021,0.015,-1.104) 指令位置=(-0.021,0.015,-1.104) 指令速度=(0.000,0.000,0.000) 指令加速度=(0.000,0.000,0.000) 滚转角=0.04度 俯仰角=-0.04度
10:03:34.039954 [轨迹] 序号=296 单调时间=4628.819919 时间=4628.820 模式=OFFBOARD 起飞状态=高度保持 水平控制=位置保持 类型掩码=2496 实际位置NED=(-0.010,0.018,-0.262) 实际速度=(0.003,0.001,-0.011) 最终目标=(-0.021,0.015,-1.104) 指令位置=(-0.021,0.015,-1.104) 指令速度=(0.000,0.000,0.000) 指令加速度=(0.000,0.000,0.000) 滚转角=0.05度 俯仰角=-0.03度
10:03:34.140342 [轨迹] 序号=297 单调时间=4628.920257 时间=4628.920 模式=OFFBOARD 起飞状态=高度保持 水平控制=位置保持 类型掩码=2496 实际位置NED=(-0.010,0.018,-0.262) 实际速度=(0.002,0.001,-0.015) 最终目标=(-0.021,0.015,-1.104) 指令位置=(-0.021,0.015,-1.104) 指令速度=(0.000,0.000,0.000) 指令加速度=(0.000,0.000,0.000) 滚转角=0.07度 俯仰角=-0.03度
10:03:34.245600 [轨迹] 序号=298 单调时间=4629.025177 时间=4629.025 模式=OFFBOARD 起飞状态=高度保持 水平控制=位置保持 类型掩码=2496 实际位置NED=(-0.011,0.018,-0.261) 实际速度=(0.002,0.001,-0.022) 最终目标=(-0.021,0.015,-1.104) 指令位置=(-0.021,0.015,-1.104) 指令速度=(0.000,0.000,0.000) 指令加速度=(0.000,0.000,0.000) 滚转角=0.11度 俯仰角=-0.02度
10:03:34.348764 [轨迹] 序号=299 单调时间=4629.128600 时间=4629.129 模式=OFFBOARD 起飞状态=高度保持 水平控制=位置保持 类型掩码=2496 实际位置NED=(-0.011,0.018,-0.261) 实际速度=(0.001,0.000,-0.029) 最终目标=(-0.021,0.015,-1.104) 指令位置=(-0.021,0.015,-1.104) 指令速度=(0.000,0.000,0.000) 指令加速度=(0.000,0.000,0.000) 滚转角=0.13度 俯仰角=-0.01度
10:03:34.451915 [轨迹] 序号=300 单调时间=4629.231772 时间=4629.232 模式=OFFBOARD 起飞状态=高度保持 水平控制=位置保持 类型掩码=2496 实际位置NED=(-0.011,0.017,-0.262) 实际速度=(0.000,0.000,-0.037) 最终目标=(-0.021,0.015,-1.104) 指令位置=(-0.021,0.015,-1.104) 指令速度=(0.000,0.000,0.000) 指令加速度=(0.000,0.000,0.000) 滚转角=0.15度 俯仰角=-0.00度
10:03:34.553018 [轨迹] 序号=301 单调时间=4629.332989 时间=4629.333 模式=OFFBOARD 起飞状态=高度保持 水平控制=位置保持 类型掩码=2496 实际位置NED=(-0.012,0.017,-0.262) 实际速度=(-0.001,-0.000,-0.047) 最终目标=(-0.021,0.015,-1.104) 指令位置=(-0.021,0.015,-1.104) 指令速度=(0.000,0.000,0.000) 指令加速度=(0.000,0.000,0.000) 滚转角=0.17度 俯仰角=-0.00度
10:03:34.656510 [轨迹] 序号=302 单调时间=4629.436465 时间=4629.436 模式=OFFBOARD 起飞状态=高度保持 水平控制=位置保持 类型掩码=2496 实际位置NED=(-0.012,0.017,-0.264) 实际速度=(-0.002,-0.001,-0.067) 最终目标=(-0.021,0.015,-1.104) 指令位置=(-0.021,0.015,-1.104) 指令速度=(0.000,0.000,0.000) 指令加速度=(0.000,0.000,0.000) 滚转角=0.18度 俯仰角=0.00度
10:03:34.759685 [轨迹] 序号=303 单调时间=4629.539453 时间=4629.539 模式=OFFBOARD 起飞状态=高度保持 水平控制=位置保持 类型掩码=2496 实际位置NED=(-0.013,0.017,-0.266) 实际速度=(-0.004,-0.001,-0.080) 最终目标=(-0.021,0.015,-1.104) 指令位置=(-0.021,0.015,-1.104) 指令速度=(0.000,0.000,0.000) 指令加速度=(0.000,0.000,0.000) 滚转角=0.19度 俯仰角=0.01度
10:03:34.863666 [轨迹] 序号=304 单调时间=4629.643541 时间=4629.644 模式=OFFBOARD 起飞状态=高度保持 水平控制=位置保持 类型掩码=2496 实际位置NED=(-0.013,0.016,-0.268) 实际速度=(-0.005,-0.001,-0.091) 最终目标=(-0.021,0.015,-1.104) 指令位置=(-0.021,0.015,-1.104) 指令速度=(0.000,0.000,0.000) 指令加速度=(0.000,0.000,0.000) 滚转角=0.18度 俯仰角=0.01度
10:03:34.967933 [轨迹] 序号=305 单调时间=4629.747886 时间=4629.748 模式=OFFBOARD 起飞状态=高度保持 水平控制=位置保持 类型掩码=2496 实际位置NED=(-0.013,0.016,-0.271) 实际速度=(-0.005,-0.002,-0.101) 最终目标=(-0.021,0.015,-1.104) 指令位置=(-0.021,0.015,-1.104) 指令速度=(0.000,0.000,0.000) 指令加速度=(0.000,0.000,0.000) 滚转角=0.18度 俯仰角=0.01度
10:03:35.069337 [轨迹] 序号=306 单调时间=4629.849319 时间=4629.849 模式=OFFBOARD 起飞状态=高度保持 水平控制=位置保持 类型掩码=2496 实际位置NED=(-0.014,0.016,-0.274) 实际速度=(-0.006,-0.002,-0.112) 最终目标=(-0.021,0.015,-1.104) 指令位置=(-0.021,0.015,-1.104) 指令速度=(0.000,0.000,0.000) 指令加速度=(0.000,0.000,0.000) 滚转角=0.16度 俯仰角=0.00度
10:03:35.169907 [轨迹] 序号=307 单调时间=4629.949835 时间=4629.950 模式=OFFBOARD 起飞状态=高度保持 水平控制=位置保持 类型掩码=2496 实际位置NED=(-0.014,0.016,-0.277) 实际速度=(-0.007,-0.002,-0.122) 最终目标=(-0.021,0.015,-1.104) 指令位置=(-0.021,0.015,-1.104) 指令速度=(0.000,0.000,0.000) 指令加速度=(0.000,0.000,0.000) 滚转角=0.15度 俯仰角=-0.00度
10:03:35.273358 [轨迹] 序号=308 单调时间=4630.053317 时间=4630.053 模式=OFFBOARD 起飞状态=高度保持 水平控制=位置保持 类型掩码=2496 实际位置NED=(-0.015,0.016,-0.280) 实际速度=(-0.008,-0.002,-0.132) 最终目标=(-0.021,0.015,-1.104) 指令位置=(-0.021,0.015,-1.104) 指令速度=(0.000,0.000,0.000) 指令加速度=(0.000,0.000,0.000) 滚转角=0.14度 俯仰角=-0.01度
10:03:35.376448 [轨迹] 序号=309 单调时间=4630.156513 时间=4630.157 模式=OFFBOARD 起飞状态=高度保持 水平控制=位置保持 类型掩码=2496 实际位置NED=(-0.016,0.016,-0.289) 实际速度=(-0.011,-0.001,-0.153) 最终目标=(-0.021,0.015,-1.104) 指令位置=(-0.021,0.015,-1.104) 指令速度=(0.000,0.000,0.000) 指令加速度=(0.000,0.000,0.000) 滚转角=0.12度 俯仰角=-0.01度
10:03:35.479768 [轨迹] 序号=310 单调时间=4630.259718 时间=4630.260 模式=OFFBOARD 起飞状态=高度保持 水平控制=位置保持 类型掩码=2496 实际位置NED=(-0.016,0.016,-0.294) 实际速度=(-0.012,-0.001,-0.162) 最终目标=(-0.021,0.015,-1.104) 指令位置=(-0.021,0.015,-1.104) 指令速度=(0.000,0.000,0.000) 指令加速度=(0.000,0.000,0.000) 滚转角=0.11度 俯仰角=-0.01度
10:03:35.583118 [轨迹] 序号=311 单调时间=4630.362994 时间=4630.363 模式=OFFBOARD 起飞状态=高度保持 水平控制=位置保持 类型掩码=2496 实际位置NED=(-0.017,0.016,-0.299) 实际速度=(-0.013,-0.002,-0.170) 最终目标=(-0.021,0.015,-1.104) 指令位置=(-0.021,0.015,-1.104) 指令速度=(0.000,0.000,0.000) 指令加速度=(0.000,0.000,0.000) 滚转角=0.09度 俯仰角=-0.00度
10:03:35.685579 [轨迹] 序号=312 单调时间=4630.465262 时间=4630.465 模式=OFFBOARD 起飞状态=高度保持 水平控制=位置保持 类型掩码=2496 实际位置NED=(-0.017,0.016,-0.304) 实际速度=(-0.014,-0.003,-0.178) 最终目标=(-0.021,0.015,-1.104) 指令位置=(-0.021,0.015,-1.104) 指令速度=(0.000,0.000,0.000) 指令加速度=(0.000,0.000,0.000) 滚转角=0.07度 俯仰角=-0.00度
10:03:35.788695 [轨迹] 序号=313 单调时间=4630.568536 时间=4630.569 模式=OFFBOARD 起飞状态=高度保持 水平控制=位置保持 类型掩码=2496 实际位置NED=(-0.018,0.015,-0.309) 实际速度=(-0.015,-0.003,-0.185) 最终目标=(-0.021,0.015,-1.104) 指令位置=(-0.021,0.015,-1.104) 指令速度=(0.000,0.000,0.000) 指令加速度=(0.000,0.000,0.000) 滚转角=0.06度 俯仰角=0.00度
10:03:35.892013 [轨迹] 序号=314 单调时间=4630.671773 时间=4630.672 模式=OFFBOARD 起飞状态=高度保持 水平控制=位置保持 类型掩码=2496 实际位置NED=(-0.019,0.015,-0.316) 实际速度=(-0.017,-0.004,-0.194) 最终目标=(-0.021,0.015,-1.104) 指令位置=(-0.021,0.015,-1.104) 指令速度=(0.000,0.000,0.000) 指令加速度=(0.000,0.000,0.000) 滚转角=0.04度 俯仰角=0.00度
10:03:35.995000 [轨迹] 序号=315 单调时间=4630.774861 时间=4630.775 模式=OFFBOARD 起飞状态=高度保持 水平控制=位置保持 类型掩码=2496 实际位置NED=(-0.021,0.015,-0.328) 实际速度=(-0.019,-0.005,-0.206) 最终目标=(-0.021,0.015,-1.104) 指令位置=(-0.021,0.015,-1.104) 指令速度=(0.000,0.000,0.000) 指令加速度=(0.000,0.000,0.000) 滚转角=0.02度 俯仰角=-0.00度
10:03:36.098214 [轨迹] 序号=316 单调时间=4630.878179 时间=4630.878 模式=OFFBOARD 起飞状态=高度保持 水平控制=位置保持 类型掩码=2496 实际位置NED=(-0.022,0.014,-0.334) 实际速度=(-0.021,-0.005,-0.211) 最终目标=(-0.021,0.015,-1.104) 指令位置=(-0.021,0.015,-1.104) 指令速度=(0.000,0.000,0.000) 指令加速度=(0.000,0.000,0.000) 滚转角=0.00度 俯仰角=-0.01度
10:03:36.201465 [轨迹] 序号=317 单调时间=4630.981478 时间=4630.981 模式=OFFBOARD 起飞状态=高度保持 水平控制=位置保持 类型掩码=2496 实际位置NED=(-0.023,0.014,-0.340) 实际速度=(-0.022,-0.005,-0.216) 最终目标=(-0.021,0.015,-1.104) 指令位置=(-0.021,0.015,-1.104) 指令速度=(0.000,0.000,0.000) 指令加速度=(0.000,0.000,0.000) 滚转角=-0.02度 俯仰角=-0.01度
10:03:36.304531 [轨迹] 序号=318 单调时间=4631.084527 时间=4631.085 模式=OFFBOARD 起飞状态=高度保持 水平控制=位置保持 类型掩码=2496 实际位置NED=(-0.024,0.014,-0.347) 实际速度=(-0.023,-0.005,-0.221) 最终目标=(-0.021,0.015,-1.104) 指令位置=(-0.021,0.015,-1.104) 指令速度=(0.000,0.000,0.000) 指令加速度=(0.000,0.000,0.000) 滚转角=-0.04度 俯仰角=-0.02度
10:03:36.404646 [轨迹] 序号=319 单调时间=4631.184537 时间=4631.185 模式=OFFBOARD 起飞状态=高度保持 水平控制=位置保持 类型掩码=2496 实际位置NED=(-0.025,0.014,-0.355) 实际速度=(-0.024,-0.004,-0.226) 最终目标=(-0.021,0.015,-1.104) 指令位置=(-0.021,0.015,-1.104) 指令速度=(0.000,0.000,0.000) 指令加速度=(0.000,0.000,0.000) 滚转角=-0.07度 俯仰角=-0.03度
10:03:36.507902 [轨迹] 序号=320 单调时间=4631.287678 时间=4631.288 模式=OFFBOARD 起飞状态=高度保持 水平控制=位置保持 类型掩码=2496 实际位置NED=(-0.027,0.014,-0.369) 实际速度=(-0.024,-0.002,-0.233) 最终目标=(-0.021,0.015,-1.104) 指令位置=(-0.021,0.015,-1.104) 指令速度=(0.000,0.000,0.000) 指令加速度=(0.000,0.000,0.000) 滚转角=-0.10度 俯仰角=-0.03度
10:03:36.611464 [轨迹] 序号=321 单调时间=4631.391379 时间=4631.391 模式=OFFBOARD 起飞状态=高度保持 水平控制=位置保持 类型掩码=2496 实际位置NED=(-0.028,0.014,-0.376) 实际速度=(-0.024,-0.001,-0.236) 最终目标=(-0.021,0.015,-1.104) 指令位置=(-0.021,0.015,-1.104) 指令速度=(0.000,0.000,0.000) 指令加速度=(0.000,0.000,0.000) 滚转角=-0.15度 俯仰角=-0.02度
10:03:36.714845 [轨迹] 序号=322 单调时间=4631.494643 时间=4631.495 模式=OFFBOARD 起飞状态=高度保持 水平控制=位置保持 类型掩码=2496 实际位置NED=(-0.029,0.014,-0.384) 实际速度=(-0.023,-0.000,-0.239) 最终目标=(-0.021,0.015,-1.104) 指令位置=(-0.021,0.015,-1.104) 指令速度=(0.000,0.000,0.000) 指令加速度=(0.000,0.000,0.000) 滚转角=-0.18度 俯仰角=-0.01度
10:03:36.817940 [轨迹] 序号=323 单调时间=4631.597836 时间=4631.598 模式=OFFBOARD 起飞状态=高度保持 水平控制=位置保持 类型掩码=2496 实际位置NED=(-0.030,0.015,-0.391) 实际速度=(-0.022,0.001,-0.241) 最终目标=(-0.021,0.015,-1.104) 指令位置=(-0.021,0.015,-1.104) 指令速度=(0.000,0.000,0.000) 指令加速度=(0.000,0.000,0.000) 滚转角=-0.20度 俯仰角=-0.01度
10:03:36.921179 [轨迹] 序号=324 单调时间=4631.700909 时间=4631.701 模式=OFFBOARD 起飞状态=高度保持 水平控制=位置保持 类型掩码=2496 实际位置NED=(-0.031,0.015,-0.400) 实际速度=(-0.020,0.001,-0.244) 最终目标=(-0.021,0.015,-1.104) 指令位置=(-0.021,0.015,-1.104) 指令速度=(0.000,0.000,0.000) 指令加速度=(0.000,0.000,0.000) 滚转角=-0.22度 俯仰角=0.00度
10:03:37.025342 [轨迹] 序号=325 单调时间=4631.805245 时间=4631.805 模式=OFFBOARD 起飞状态=高度保持 水平控制=位置保持 类型掩码=2496 实际位置NED=(-0.032,0.016,-0.416) 实际速度=(-0.016,0.002,-0.247) 最终目标=(-0.021,0.015,-1.104) 指令位置=(-0.021,0.015,-1.104) 指令速度=(0.000,0.000,0.000) 指令加速度=(0.000,0.000,0.000) 滚转角=-0.25度 俯仰角=0.01度
10:03:37.129121 [轨迹] 序号=326 单调时间=4631.908940 时间=4631.909 模式=OFFBOARD 起飞状态=高度保持 水平控制=位置保持 类型掩码=2496 实际位置NED=(-0.033,0.016,-0.423) 实际速度=(-0.014,0.004,-0.248) 最终目标=(-0.021,0.015,-1.104) 指令位置=(-0.021,0.015,-1.104) 指令速度=(0.000,0.000,0.000) 指令加速度=(0.000,0.000,0.000) 滚转角=-0.27度 俯仰角=0.03度
10:03:37.232346 [轨迹] 序号=327 单调时间=4632.012378 时间=4632.012 模式=OFFBOARD 起飞状态=高度保持 水平控制=位置保持 类型掩码=2496 实际位置NED=(-0.033,0.017,-0.431) 实际速度=(-0.012,0.006,-0.248) 最终目标=(-0.021,0.015,-1.104) 指令位置=(-0.021,0.015,-1.104) 指令速度=(0.000,0.000,0.000) 指令加速度=(0.000,0.000,0.000) 滚转角=-0.28度 俯仰角=0.03度
10:03:37.336325 [轨迹] 序号=328 单调时间=4632.116201 时间=4632.116 模式=OFFBOARD 起飞状态=高度保持 水平控制=位置保持 类型掩码=2496 实际位置NED=(-0.034,0.017,-0.439) 实际速度=(-0.010,0.007,-0.249) 最终目标=(-0.021,0.015,-1.104) 指令位置=(-0.021,0.015,-1.104) 指令速度=(0.000,0.000,0.000) 指令加速度=(0.000,0.000,0.000) 滚转角=-0.28度 俯仰角=0.04度
10:03:37.440794 [轨迹] 序号=329 单调时间=4632.220720 时间=4632.221 模式=OFFBOARD 起飞状态=高度保持 水平控制=位置保持 类型掩码=2496 实际位置NED=(-0.034,0.019,-0.448) 实际速度=(-0.007,0.010,-0.249) 最终目标=(-0.021,0.015,-1.104) 指令位置=(-0.021,0.015,-1.104) 指令速度=(0.000,0.000,0.000) 指令加速度=(0.000,0.000,0.000) 滚转角=-0.27度 俯仰角=0.05度
10:03:37.544596 [轨迹] 序号=330 单调时间=4632.324522 时间=4632.325 模式=OFFBOARD 起飞状态=高度保持 水平控制=位置保持 类型掩码=2496 实际位置NED=(-0.034,0.021,-0.464) 实际速度=(-0.003,0.013,-0.248) 最终目标=(-0.021,0.015,-1.104) 指令位置=(-0.021,0.015,-1.104) 指令速度=(0.000,0.000,0.000) 指令加速度=(0.000,0.000,0.000) 滚转角=-0.26度 俯仰角=0.07度
10:03:37.647927 [轨迹] 序号=331 单调时间=4632.427767 时间=4632.428 模式=OFFBOARD 起飞状态=高度保持 水平控制=位置保持 类型掩码=2496 实际位置NED=(-0.034,0.022,-0.472) 实际速度=(-0.001,0.014,-0.248) 最终目标=(-0.021,0.015,-1.104) 指令位置=(-0.021,0.015,-1.104) 指令速度=(0.000,0.000,0.000) 指令加速度=(0.000,0.000,0.000) 滚转角=-0.23度 俯仰角=0.10度
10:03:37.750805 [轨迹] 序号=332 单调时间=4632.530812 时间=4632.531 模式=OFFBOARD 起飞状态=高度保持 水平控制=位置保持 类型掩码=2496 实际位置NED=(-0.033,0.023,-0.479) 实际速度=(0.001,0.015,-0.247) 最终目标=(-0.021,0.015,-1.104) 指令位置=(-0.021,0.015,-1.104) 指令速度=(0.000,0.000,0.000) 指令加速度=(0.000,0.000,0.000) 滚转角=-0.20度 俯仰角=0.13度
10:03:37.854042 [轨迹] 序号=333 单调时间=4632.633874 时间=4632.634 模式=OFFBOARD 起飞状态=高度保持 水平控制=位置保持 类型掩码=2496 实际位置NED=(-0.032,0.026,-0.497) 实际速度=(0.006,0.016,-0.245) 最终目标=(-0.021,0.015,-1.104) 指令位置=(-0.021,0.015,-1.104) 指令速度=(0.000,0.000,0.000) 指令加速度=(0.000,0.000,0.000) 滚转角=-0.17度 俯仰角=0.15度
10:03:37.958195 [轨迹] 序号=334 单调时间=4632.737845 时间=4632.738 模式=OFFBOARD 起飞状态=高度保持 水平控制=位置保持 类型掩码=2496 实际位置NED=(-0.032,0.026,-0.497) 实际速度=(0.006,0.016,-0.245) 最终目标=(-0.021,0.015,-1.104) 指令位置=(-0.021,0.015,-1.104) 指令速度=(0.000,0.000,0.000) 指令加速度=(0.000,0.000,0.000) 滚转角=-0.14度 俯仰角=0.18度
10:03:38.062253 [轨迹] 序号=335 单调时间=4632.842050 时间=4632.842 模式=OFFBOARD 起飞状态=高度保持 水平控制=位置保持 类型掩码=2496 实际位置NED=(-0.031,0.028,-0.512) 实际速度=(0.009,0.016,-0.243) 最终目标=(-0.021,0.015,-1.104) 指令位置=(-0.021,0.015,-1.104) 指令速度=(0.000,0.000,0.000) 指令加速度=(0.000,0.000,0.000) 滚转角=-0.12度 俯仰角=0.19度
10:03:38.165531 [轨迹] 序号=336 单调时间=4632.945350 时间=4632.945 模式=OFFBOARD 起飞状态=高度保持 水平控制=位置保持 类型掩码=2496 实际位置NED=(-0.030,0.029,-0.520) 实际速度=(0.011,0.015,-0.242) 最终目标=(-0.021,0.015,-1.104) 指令位置=(-0.021,0.015,-1.104) 指令速度=(0.000,0.000,0.000) 指令加速度=(0.000,0.000,0.000) 滚转角=-0.06度 俯仰角=0.23度
10:03:38.265460 [轨迹] 序号=337 单调时间=4633.045365 时间=4633.045 模式=OFFBOARD 起飞状态=高度保持 水平控制=位置保持 类型掩码=2496 实际位置NED=(-0.030,0.029,-0.528) 实际速度=(0.012,0.014,-0.240) 最终目标=(-0.021,0.015,-1.104) 指令位置=(-0.021,0.015,-1.104) 指令速度=(0.000,0.000,0.000) 指令加速度=(0.000,0.000,0.000) 滚转角=-0.02度 俯仰角=0.25度
10:03:38.368685 [轨迹] 序号=338 单调时间=4633.148659 时间=4633.149 模式=OFFBOARD 起飞状态=高度保持 水平控制=位置保持 类型掩码=2496 实际位置NED=(-0.029,0.030,-0.535) 实际速度=(0.013,0.012,-0.238) 最终目标=(-0.021,0.015,-1.104) 指令位置=(-0.021,0.015,-1.104) 指令速度=(0.000,0.000,0.000) 指令加速度=(0.000,0.000,0.000) 滚转角=0.00度 俯仰角=0.26度
10:03:38.471957 [轨迹] 序号=339 单调时间=4633.251964 时间=4633.252 模式=OFFBOARD 起飞状态=高度保持 水平控制=位置保持 类型掩码=2496 实际位置NED=(-0.027,0.031,-0.552) 实际速度=(0.016,0.008,-0.234) 最终目标=(-0.021,0.015,-1.104) 指令位置=(-0.021,0.015,-1.104) 指令速度=(0.000,0.000,0.000) 指令加速度=(0.000,0.000,0.000) 滚转角=0.04度 俯仰角=0.27度
10:03:38.575780 [轨迹] 序号=340 单调时间=4633.355492 时间=4633.355 模式=OFFBOARD 起飞状态=高度保持 水平控制=位置保持 类型掩码=2496 实际位置NED=(-0.026,0.031,-0.560) 实际速度=(0.016,0.006,-0.232) 最终目标=(-0.021,0.015,-1.104) 指令位置=(-0.021,0.015,-1.104) 指令速度=(0.000,0.000,0.000) 指令加速度=(0.000,0.000,0.000) 滚转角=0.06度 俯仰角=0.27度
10:03:38.679632 [轨迹] 序号=341 单调时间=4633.459570 时间=4633.460 模式=OFFBOARD 起飞状态=高度保持 水平控制=位置保持 类型掩码=2496 实际位置NED=(-0.025,0.031,-0.567) 实际速度=(0.017,0.004,-0.230) 最终目标=(-0.021,0.015,-1.104) 指令位置=(-0.021,0.015,-1.104) 指令速度=(0.000,0.000,0.000) 指令加速度=(0.000,0.000,0.000) 滚转角=0.10度 俯仰角=0.27度
10:03:38.782877 [轨迹] 序号=342 单调时间=4633.562820 时间=4633.563 模式=OFFBOARD 起飞状态=高度保持 水平控制=位置保持 类型掩码=2496 实际位置NED=(-0.024,0.031,-0.574) 实际速度=(0.018,0.001,-0.228) 最终目标=(-0.021,0.015,-1.104) 指令位置=(-0.021,0.015,-1.104) 指令速度=(0.000,0.000,0.000) 指令加速度=(0.000,0.000,0.000) 滚转角=0.11度 俯仰角=0.27度
10:03:38.886035 [轨迹] 序号=343 单调时间=4633.665958 时间=4633.666 模式=OFFBOARD 起飞状态=高度保持 水平控制=位置保持 类型掩码=2496 实际位置NED=(-0.022,0.031,-0.582) 实际速度=(0.018,-0.001,-0.226) 最终目标=(-0.021,0.015,-1.104) 指令位置=(-0.021,0.015,-1.104) 指令速度=(0.000,0.000,0.000) 指令加速度=(0.000,0.000,0.000) 滚转角=0.14度 俯仰角=0.26度
10:03:38.989587 [轨迹] 序号=344 单调时间=4633.769375 时间=4633.769 模式=OFFBOARD 起飞状态=高度保持 水平控制=位置保持 类型掩码=2496 实际位置NED=(-0.021,0.031,-0.589) 实际速度=(0.018,-0.004,-0.224) 最终目标=(-0.021,0.015,-1.104) 指令位置=(-0.021,0.015,-1.104) 指令速度=(0.000,0.000,0.000) 指令加速度=(0.000,0.000,0.000) 滚转角=0.16度 俯仰角=0.24度
10:03:39.092859 [轨迹] 序号=345 单调时间=4633.872829 时间=4633.873 模式=OFFBOARD 起飞状态=高度保持 水平控制=位置保持 类型掩码=2496 实际位置NED=(-0.019,0.029,-0.603) 实际速度=(0.018,-0.009,-0.219) 最终目标=(-0.021,0.015,-1.104) 指令位置=(-0.021,0.015,-1.104) 指令速度=(0.000,0.000,0.000) 指令加速度=(0.000,0.000,0.000) 滚转角=0.17度 俯仰角=0.22度
10:03:39.196914 [轨迹] 序号=346 单调时间=4633.976800 时间=4633.977 模式=OFFBOARD 起飞状态=高度保持 水平控制=位置保持 类型掩码=2496 实际位置NED=(-0.018,0.028,-0.612) 实际速度=(0.018,-0.012,-0.216) 最终目标=(-0.021,0.015,-1.104) 指令位置=(-0.021,0.015,-1.104) 指令速度=(0.000,0.000,0.000) 指令加速度=(0.000,0.000,0.000) 滚转角=0.19度 俯仰角=0.20度
10:03:39.300381 [轨迹] 序号=347 单调时间=4634.080219 时间=4634.080 模式=OFFBOARD 起飞状态=高度保持 水平控制=位置保持 类型掩码=2496 实际位置NED=(-0.017,0.027,-0.619) 实际速度=(0.018,-0.015,-0.214) 最终目标=(-0.021,0.015,-1.104) 指令位置=(-0.021,0.015,-1.104) 指令速度=(0.000,0.000,0.000) 指令加速度=(0.000,0.000,0.000) 滚转角=0.20度 俯仰角=0.17度
10:03:39.403533 [轨迹] 序号=348 单调时间=4634.183436 时间=4634.183 模式=OFFBOARD 起飞状态=高度保持 水平控制=位置保持 类型掩码=2496 实际位置NED=(-0.016,0.026,-0.626) 实际速度=(0.017,-0.017,-0.211) 最终目标=(-0.021,0.015,-1.104) 指令位置=(-0.021,0.015,-1.104) 指令速度=(0.000,0.000,0.000) 指令加速度=(0.000,0.000,0.000) 滚转角=0.21度 俯仰角=0.15度
10:03:39.507385 [轨迹] 序号=349 单调时间=4634.287182 时间=4634.287 模式=OFFBOARD 起飞状态=高度保持 水平控制=位置保持 类型掩码=2496 实际位置NED=(-0.015,0.025,-0.633) 实际速度=(0.017,-0.019,-0.209) 最终目标=(-0.021,0.015,-1.104) 指令位置=(-0.021,0.015,-1.104) 指令速度=(0.000,0.000,0.000) 指令加速度=(0.000,0.000,0.000) 滚转角=0.21度 俯仰角=0.10度
10:03:39.610919 [轨迹] 序号=350 单调时间=4634.390762 时间=4634.391 模式=OFFBOARD 起飞状态=高度保持 水平控制=位置保持 类型掩码=2496 实际位置NED=(-0.014,0.023,-0.639) 实际速度=(0.016,-0.021,-0.207) 最终目标=(-0.021,0.015,-1.104) 指令位置=(-0.021,0.015,-1.104) 指令速度=(0.000,0.000,0.000) 指令加速度=(0.000,0.000,0.000) 滚转角=0.22度 俯仰角=0.07度
10:03:39.713867 [轨迹] 序号=351 单调时间=4634.493893 时间=4634.494 模式=OFFBOARD 起飞状态=高度保持 水平控制=位置保持 类型掩码=2496 实际位置NED=(-0.012,0.020,-0.654) 实际速度=(0.015,-0.025,-0.201) 最终目标=(-0.021,0.015,-1.104) 指令位置=(-0.021,0.015,-1.104) 指令速度=(0.000,0.000,0.000) 指令加速度=(0.000,0.000,0.000) 滚转角=0.22度 俯仰角=0.02度
10:03:39.814535 [轨迹] 序号=352 单调时间=4634.594357 时间=4634.594 模式=OFFBOARD 起飞状态=高度保持 水平控制=位置保持 类型掩码=2496 实际位置NED=(-0.011,0.019,-0.661) 实际速度=(0.014,-0.026,-0.198) 最终目标=(-0.021,0.015,-1.104) 指令位置=(-0.021,0.015,-1.104) 指令速度=(0.000,0.000,0.000) 指令加速度=(0.000,0.000,0.000) 滚转角=0.22度 俯仰角=-0.01度
10:03:39.917714 [轨迹] 序号=353 单调时间=4634.697662 时间=4634.698 模式=OFFBOARD 起飞状态=高度保持 水平控制=位置保持 类型掩码=2496 实际位置NED=(-0.011,0.017,-0.667) 实际速度=(0.013,-0.027,-0.196) 最终目标=(-0.021,0.015,-1.104) 指令位置=(-0.021,0.015,-1.104) 指令速度=(0.000,0.000,0.000) 指令加速度=(0.000,0.000,0.000) 滚转角=0.22度 俯仰角=-0.03度
10:03:40.021271 [轨迹] 序号=354 单调时间=4634.801128 时间=4634.801 模式=OFFBOARD 起飞状态=高度保持 水平控制=位置保持 类型掩码=2496 实际位置NED=(-0.010,0.015,-0.674) 实际速度=(0.012,-0.028,-0.193) 最终目标=(-0.021,0.015,-1.104) 指令位置=(-0.021,0.015,-1.104) 指令速度=(0.000,0.000,0.000) 指令加速度=(0.000,0.000,0.000) 滚转角=0.21度 俯仰角=-0.08度
10:03:40.126045 [轨迹] 序号=355 单调时间=4634.906015 时间=4634.906 模式=OFFBOARD 起飞状态=高度保持 水平控制=位置保持 类型掩码=2496 实际位置NED=(-0.009,0.014,-0.680) 实际速度=(0.011,-0.029,-0.191) 最终目标=(-0.021,0.015,-1.104) 指令位置=(-0.021,0.015,-1.104) 指令速度=(0.000,0.000,0.000) 指令加速度=(0.000,0.000,0.000) 滚转角=0.21度 俯仰角=-0.12度
10:03:40.229397 [轨迹] 序号=356 单调时间=4635.009420 时间=4635.009 模式=OFFBOARD 起飞状态=高度保持 水平控制=位置保持 类型掩码=2496 实际位置NED=(-0.009,0.012,-0.686) 实际速度=(0.011,-0.029,-0.188) 最终目标=(-0.021,0.015,-1.104) 指令位置=(-0.021,0.015,-1.104) 指令速度=(0.000,0.000,0.000) 指令加速度=(0.000,0.000,0.000) 滚转角=0.20度 俯仰角=-0.15度
10:03:40.332314 [轨迹] 序号=357 单调时间=4635.112283 时间=4635.112 模式=OFFBOARD 起飞状态=高度保持 水平控制=位置保持 类型掩码=2496 实际位置NED=(-0.008,0.008,-0.700) 实际速度=(0.009,-0.030,-0.183) 最终目标=(-0.021,0.015,-1.104) 指令位置=(-0.021,0.015,-1.104) 指令速度=(0.000,0.000,0.000) 指令加速度=(0.000,0.000,0.000) 滚转角=0.20度 俯仰角=-0.19度
10:03:40 [应答] UP INTENT：已接受（MAV_RESULT_ACCEPTED）
10:03:40 [输入] 已按下一次上升按钮
10:03:40 [目标] 修改前：北=-0.021 东=0.015 下=-1.104
10:03:40 [目标] 修改后：北=-0.021 东=0.015 下=-1.604
10:03:40.435406 [轨迹] 序号=358 单调时间=4635.215268 时间=4635.215 模式=OFFBOARD 起飞状态=未执行起飞 水平控制=位置保持 类型掩码=3520 实际位置NED=(-0.007,0.007,-0.706) 实际速度=(0.008,-0.029,-0.180) 最终目标=(-0.021,0.015,-1.604) 指令位置=(-0.021,0.015,-1.107) 指令速度=(0.000,0.000,-0.031) 指令加速度=(0.000,0.000,-0.300) 滚转角=0.20度 俯仰角=-0.20度
10:03:40.540415 [轨迹] 序号=359 单调时间=4635.320186 时间=4635.320 模式=OFFBOARD 起飞状态=未执行起飞 水平控制=位置保持 类型掩码=3520 实际位置NED=(-0.007,0.005,-0.711) 实际速度=(0.007,-0.029,-0.178) 最终目标=(-0.021,0.015,-1.604) 指令位置=(-0.021,0.015,-1.114) 指令速度=(0.000,0.000,-0.062) 指令加速度=(0.000,0.000,-0.300) 滚转角=0.19度 俯仰角=-0.24度
10:03:40.643666 [轨迹] 序号=360 单调时间=4635.423539 时间=4635.424 模式=OFFBOARD 起飞状态=未执行起飞 水平控制=位置保持 类型掩码=3520 实际位置NED=(-0.007,0.004,-0.717) 实际速度=(0.006,-0.028,-0.180) 最终目标=(-0.021,0.015,-1.604) 指令位置=(-0.021,0.015,-1.124) 指令速度=(0.000,0.000,-0.093) 指令加速度=(0.000,0.000,-0.300) 滚转角=0.18度 俯仰角=-0.27度
10:03:40.747517 [轨迹] 序号=361 单调时间=4635.527458 时间=4635.527 模式=OFFBOARD 起飞状态=未执行起飞 水平控制=位置保持 类型掩码=3520 实际位置NED=(-0.006,0.003,-0.723) 实际速度=(0.005,-0.027,-0.183) 最终目标=(-0.021,0.015,-1.604) 指令位置=(-0.021,0.015,-1.137) 指令速度=(0.000,0.000,-0.125) 指令加速度=(0.000,0.000,-0.300) 滚转角=0.18度 俯仰角=-0.29度
10:03:40.850725 [轨迹] 序号=362 单调时间=4635.630612 时间=4635.631 模式=OFFBOARD 起飞状态=未执行起飞 水平控制=位置保持 类型掩码=3520 实际位置NED=(-0.006,-0.000,-0.736) 实际速度=(0.003,-0.025,-0.206) 最终目标=(-0.021,0.015,-1.604) 指令位置=(-0.021,0.015,-1.153) 指令速度=(0.000,0.000,-0.155) 指令加速度=(0.000,0.000,-0.300) 滚转角=0.17度 俯仰角=-0.31度
10:03:40.954452 [轨迹] 序号=363 单调时间=4635.734346 时间=4635.734 模式=OFFBOARD 起飞状态=未执行起飞 水平控制=位置保持 类型掩码=3520 实际位置NED=(-0.006,-0.001,-0.743) 实际速度=(0.002,-0.024,-0.224) 最终目标=(-0.021,0.015,-1.604) 指令位置=(-0.021,0.015,-1.172) 指令速度=(0.000,0.000,-0.187) 指令加速度=(0.000,0.000,-0.300) 滚转角=0.17度 俯仰角=-0.32度
10:03:41.057611 [轨迹] 序号=364 单调时间=4635.837530 时间=4635.838 模式=OFFBOARD 起飞状态=未执行起飞 水平控制=位置保持 类型掩码=3520 实际位置NED=(-0.006,-0.003,-0.753) 实际速度=(0.001,-0.022,-0.250) 最终目标=(-0.021,0.015,-1.604) 指令位置=(-0.021,0.015,-1.194) 指令速度=(0.000,0.000,-0.218) 指令加速度=(0.000,0.000,-0.300) 滚转角=0.16度 俯仰角=-0.34度
10:03:41.161540 [轨迹] 序号=365 单调时间=4635.941484 时间=4635.941 模式=OFFBOARD 起飞状态=未执行起飞 水平控制=位置保持 类型掩码=3520 实际位置NED=(-0.006,-0.004,-0.761) 实际速度=(-0.001,-0.020,-0.277) 最终目标=(-0.021,0.015,-1.604) 指令位置=(-0.021,0.015,-1.220) 指令速度=(0.000,0.000,-0.249) 指令加速度=(0.000,0.000,-0.300) 滚转角=0.16度 俯仰角=-0.34度
10:03:41.264689 [轨迹] 序号=366 单调时间=4636.044512 时间=4636.045 模式=OFFBOARD 起飞状态=未执行起飞 水平控制=位置保持 类型掩码=3520 实际位置NED=(-0.006,-0.004,-0.771) 实际速度=(-0.002,-0.018,-0.304) 最终目标=(-0.021,0.015,-1.604) 指令位置=(-0.021,0.015,-1.249) 指令速度=(0.000,0.000,-0.280) 指令加速度=(0.000,0.000,-0.300) 滚转角=0.16度 俯仰角=-0.35度
10:03:41.367919 [轨迹] 序号=367 单调时间=4636.147773 时间=4636.148 模式=OFFBOARD 起飞状态=未执行起飞 水平控制=位置保持 类型掩码=3520 实际位置NED=(-0.006,-0.005,-0.781) 实际速度=(-0.003,-0.017,-0.334) 最终目标=(-0.021,0.015,-1.604) 指令位置=(-0.021,0.015,-1.280) 指令速度=(0.000,0.000,-0.300) 指令加速度=(0.000,0.000,-0.197) 滚转角=0.15度 俯仰角=-0.35度
10:03:41.471143 [轨迹] 序号=368 单调时间=4636.250973 时间=4636.251 模式=OFFBOARD 起飞状态=未执行起飞 水平控制=位置保持 类型掩码=3520 实际位置NED=(-0.006,-0.006,-0.805) 实际速度=(-0.005,-0.012,-0.404) 最终目标=(-0.021,0.015,-1.604) 指令位置=(-0.021,0.015,-1.311) 指令速度=(0.000,0.000,-0.300) 指令加速度=(0.000,0.000,0.000) 滚转角=0.14度 俯仰角=-0.35度
10:03:41.574228 [轨迹] 序号=369 单调时间=4636.354149 时间=4636.354 模式=OFFBOARD 起飞状态=未执行起飞 水平控制=位置保持 类型掩码=3520 实际位置NED=(-0.006,-0.007,-0.822) 实际速度=(-0.006,-0.010,-0.450) 最终目标=(-0.021,0.015,-1.604) 指令位置=(-0.021,0.015,-1.342) 指令速度=(0.000,0.000,-0.300) 指令加速度=(0.000,0.000,0.000) 滚转角=0.13度 俯仰角=-0.35度
10:03:41.678729 [轨迹] 序号=370 单调时间=4636.458717 时间=4636.459 模式=OFFBOARD 起飞状态=未执行起飞 水平控制=位置保持 类型掩码=3520 实际位置NED=(-0.007,-0.007,-0.838) 实际速度=(-0.007,-0.007,-0.484) 最终目标=(-0.021,0.015,-1.604) 指令位置=(-0.021,0.015,-1.373) 指令速度=(0.000,0.000,-0.300) 指令加速度=(0.000,0.000,0.000) 滚转角=0.12度 俯仰角=-0.34度
10:03:41.783006 [轨迹] 序号=371 单调时间=4636.562976 时间=4636.563 模式=OFFBOARD 起飞状态=未执行起飞 水平控制=位置保持 类型掩码=3520 实际位置NED=(-0.007,-0.007,-0.854) 实际速度=(-0.008,-0.005,-0.514) 最终目标=(-0.021,0.015,-1.604) 指令位置=(-0.021,0.015,-1.405) 指令速度=(0.000,0.000,-0.300) 指令加速度=(0.000,0.000,0.000) 滚转角=0.11度 俯仰角=-0.33度
10:03:41.886455 [轨迹] 序号=372 单调时间=4636.666345 时间=4636.666 模式=OFFBOARD 起飞状态=未执行起飞 水平控制=位置保持 类型掩码=3520 实际位置NED=(-0.008,-0.007,-0.871) 实际速度=(-0.009,-0.003,-0.541) 最终目标=(-0.021,0.015,-1.604) 指令位置=(-0.021,0.015,-1.434) 指令速度=(0.000,0.000,-0.284) 指令加速度=(0.000,0.000,0.154) 滚转角=0.10度 俯仰角=-0.32度
10:03:41.989518 [轨迹] 序号=373 单调时间=4636.769457 时间=4636.769 模式=OFFBOARD 起飞状态=未执行起飞 水平控制=位置保持 类型掩码=3520 实际位置NED=(-0.008,-0.007,-0.889) 实际速度=(-0.010,-0.001,-0.567) 最终目标=(-0.021,0.015,-1.604) 指令位置=(-0.021,0.015,-1.461) 指令速度=(0.000,0.000,-0.258) 指令加速度=(0.000,0.000,0.255) 滚转角=0.09度 俯仰角=-0.30度
10:03:42.093541 [轨迹] 序号=374 单调时间=4636.873680 时间=4636.874 模式=OFFBOARD 起飞状态=未执行起飞 水平控制=位置保持 类型掩码=3520 实际位置NED=(-0.009,-0.007,-0.908) 实际速度=(-0.011,0.001,-0.590) 最终目标=(-0.021,0.015,-1.604) 指令位置=(-0.021,0.015,-1.485) 指令速度=(0.000,0.000,-0.231) 指令加速度=(0.000,0.000,0.256) 滚转角=0.08度 俯仰角=-0.29度
10:03:42.198346 [轨迹] 序号=375 单调时间=4636.978355 时间=4636.978 模式=OFFBOARD 起飞状态=未执行起飞 水平控制=位置保持 类型掩码=3520 实际位置NED=(-0.010,-0.007,-0.932) 实际速度=(-0.013,0.004,-0.612) 最终目标=(-0.021,0.015,-1.604) 指令位置=(-0.021,0.015,-1.506) 指令速度=(0.000,0.000,-0.205) 指令加速度=(0.000,0.000,0.248) 滚转角=0.07度 俯仰角=-0.27度
10:03:42.302374 [轨迹] 序号=376 单调时间=4637.082232 时间=4637.082 模式=OFFBOARD 起飞状态=未执行起飞 水平控制=位置保持 类型掩码=3520 实际位置NED=(-0.012,-0.006,-0.972) 实际速度=(-0.015,0.007,-0.630) 最终目标=(-0.021,0.015,-1.604) 指令位置=(-0.021,0.015,-1.525) 指令速度=(0.000,0.000,-0.180) 指令加速度=(0.000,0.000,0.238) 滚转角=0.06度 俯仰角=-0.26度
10:03:42.406516 [轨迹] 序号=377 单调时间=4637.186207 时间=4637.186 模式=OFFBOARD 起飞状态=未执行起飞 水平控制=位置保持 类型掩码=3520 实际位置NED=(-0.013,-0.006,-0.993) 实际速度=(-0.016,0.008,-0.631) 最终目标=(-0.021,0.015,-1.604) 指令位置=(-0.021,0.015,-1.541) 指令速度=(0.000,0.000,-0.156) 指令加速度=(0.000,0.000,0.235) 滚转角=0.04度 俯仰角=-0.22度
10:03:42.510695 [轨迹] 序号=378 单调时间=4637.290485 时间=4637.290 模式=OFFBOARD 起飞状态=未执行起飞 水平控制=位置保持 类型掩码=3520 实际位置NED=(-0.013,-0.006,-1.013) 实际速度=(-0.016,0.009,-0.627) 最终目标=(-0.021,0.015,-1.604) 指令位置=(-0.021,0.015,-1.555) 指令速度=(0.000,0.000,-0.132) 指令加速度=(0.000,0.000,0.228) 滚转角=0.02度 俯仰角=-0.19度
10:03:42.615160 [轨迹] 序号=379 单调时间=4637.394919 时间=4637.395 模式=OFFBOARD 起飞状态=未执行起飞 水平控制=位置保持 类型掩码=3520 实际位置NED=(-0.014,-0.007,-1.033) 实际速度=(-0.017,0.008,-0.620) 最终目标=(-0.021,0.015,-1.604) 指令位置=(-0.021,0.015,-1.566) 指令速度=(0.000,0.000,-0.110) 指令加速度=(0.000,0.000,0.217) 滚转角=0.01度 俯仰角=-0.18度
10:03:42.719378 [轨迹] 序号=380 单调时间=4637.499321 时间=4637.499 模式=OFFBOARD 起飞状态=未执行起飞 水平控制=位置保持 类型掩码=3520 实际位置NED=(-0.016,-0.007,-1.058) 实际速度=(-0.018,0.008,-0.605) 最终目标=(-0.021,0.015,-1.604) 指令位置=(-0.021,0.015,-1.575) 指令速度=(0.000,0.000,-0.088) 指令加速度=(0.000,0.000,0.203) 滚转角=-0.01度 俯仰角=-0.15度
10:03:42.823962 [轨迹] 序号=381 单调时间=4637.603197 时间=4637.603 模式=OFFBOARD 起飞状态=未执行起飞 水平控制=位置保持 类型掩码=3520 实际位置NED=(-0.017,-0.007,-1.077) 实际速度=(-0.018,0.008,-0.590) 最终目标=(-0.021,0.015,-1.604) 指令位置=(-0.021,0.015,-1.583) 指令速度=(0.000,0.000,-0.069) 指令加速度=(0.000,0.000,0.186) 滚转角=-0.03度 俯仰角=-0.14度
10:03:42.923688 [轨迹] 序号=382 单调时间=4637.703568 时间=4637.704 模式=OFFBOARD 起飞状态=未执行起飞 水平控制=位置保持 类型掩码=3520 实际位置NED=(-0.017,-0.008,-1.095) 实际速度=(-0.017,0.007,-0.572) 最终目标=(-0.021,0.015,-1.604) 指令位置=(-0.021,0.015,-1.588) 指令速度=(0.000,0.000,-0.054) 指令加速度=(0.000,0.000,0.154) 滚转角=-0.05度 俯仰角=-0.13度
10:03:43.024653 [轨迹] 序号=383 单调时间=4637.804462 时间=4637.804 模式=OFFBOARD 起飞状态=未执行起飞 水平控制=位置保持 类型掩码=3520 实际位置NED=(-0.018,-0.008,-1.113) 实际速度=(-0.016,0.007,-0.551) 最终目标=(-0.021,0.015,-1.604) 指令位置=(-0.021,0.015,-1.604) 指令速度=(0.000,0.000,0.000) 指令加速度=(0.000,0.000,0.531) 滚转角=-0.06度 俯仰角=-0.13度
10:03:43.129537 [轨迹] 序号=384 单调时间=4637.909325 时间=4637.909 模式=OFFBOARD 起飞状态=未执行起飞 水平控制=位置保持 类型掩码=3520 实际位置NED=(-0.018,-0.009,-1.147) 实际速度=(-0.014,0.006,-0.505) 最终目标=(-0.021,0.015,-1.604) 指令位置=(-0.021,0.015,-1.604) 指令速度=(0.000,0.000,0.000) 指令加速度=(0.000,0.000,0.000) 滚转角=-0.08度 俯仰角=-0.12度
10:03:43.233644 [轨迹] 序号=385 单调时间=4638.013485 时间=4638.013 模式=OFFBOARD 起飞状态=未执行起飞 水平控制=位置保持 类型掩码=3520 实际位置NED=(-0.018,-0.009,-1.167) 实际速度=(-0.011,0.006,-0.472) 最终目标=(-0.021,0.015,-1.604) 指令位置=(-0.021,0.015,-1.604) 指令速度=(0.000,0.000,0.000) 指令加速度=(0.000,0.000,0.000) 滚转角=-0.10度 俯仰角=-0.12度
10:03:43.337668 [轨迹] 序号=386 单调时间=4638.117647 时间=4638.118 模式=OFFBOARD 起飞状态=未执行起飞 水平控制=位置保持 类型掩码=3520 实际位置NED=(-0.018,-0.010,-1.181) 实际速度=(-0.010,0.006,-0.444) 最终目标=(-0.021,0.015,-1.604) 指令位置=(-0.021,0.015,-1.604) 指令速度=(0.000,0.000,0.000) 指令加速度=(0.000,0.000,0.000) 滚转角=-0.10度 俯仰角=-0.13度
10:03:43.441419 [轨迹] 序号=387 单调时间=4638.221332 时间=4638.221 模式=OFFBOARD 起飞状态=未执行起飞 水平控制=位置保持 类型掩码=3520 实际位置NED=(-0.017,-0.010,-1.195) 实际速度=(-0.008,0.005,-0.419) 最终目标=(-0.021,0.015,-1.604) 指令位置=(-0.021,0.015,-1.604) 指令速度=(0.000,0.000,0.000) 指令加速度=(0.000,0.000,0.000) 滚转角=-0.10度 俯仰角=-0.14度
10:03:43.544581 [轨迹] 序号=388 单调时间=4638.324419 时间=4638.324 模式=OFFBOARD 起飞状态=未执行起飞 水平控制=位置保持 类型掩码=3520 实际位置NED=(-0.017,-0.011,-1.208) 实际速度=(-0.006,0.005,-0.395) 最终目标=(-0.021,0.015,-1.604) 指令位置=(-0.021,0.015,-1.604) 指令速度=(0.000,0.000,0.000) 指令加速度=(0.000,0.000,0.000) 滚转角=-0.10度 俯仰角=-0.15度
10:03:43.648353 [轨迹] 序号=389 单调时间=4638.428302 时间=4638.428 模式=OFFBOARD 起飞状态=未执行起飞 水平控制=位置保持 类型掩码=3520 实际位置NED=(-0.016,-0.011,-1.232) 实际速度=(-0.002,0.005,-0.353) 最终目标=(-0.021,0.015,-1.604) 指令位置=(-0.021,0.015,-1.604) 指令速度=(0.000,0.000,0.000) 指令加速度=(0.000,0.000,0.000) 滚转角=-0.09度 俯仰角=-0.16度
10:03:43.752356 [轨迹] 序号=390 单调时间=4638.532277 时间=4638.532 模式=OFFBOARD 起飞状态=未执行起飞 水平控制=位置保持 类型掩码=3520 实际位置NED=(-0.015,-0.012,-1.245) 实际速度=(0.001,0.006,-0.330) 最终目标=(-0.021,0.015,-1.604) 指令位置=(-0.021,0.015,-1.604) 指令速度=(0.000,0.000,0.000) 指令加速度=(0.000,0.000,0.000) 滚转角=-0.07度 俯仰角=-0.17度
10:03:43.857326 [轨迹] 序号=391 单调时间=4638.637134 时间=4638.637 模式=OFFBOARD 起飞状态=未执行起飞 水平控制=位置保持 类型掩码=3520 实际位置NED=(-0.014,-0.012,-1.255) 实际速度=(0.003,0.006,-0.313) 最终目标=(-0.021,0.015,-1.604) 指令位置=(-0.021,0.015,-1.604) 指令速度=(0.000,0.000,0.000) 指令加速度=(0.000,0.000,0.000) 滚转角=-0.05度 俯仰角=-0.18度
10:03:43.961338 [轨迹] 序号=392 单调时间=4638.741324 时间=4638.741 模式=OFFBOARD 起飞状态=未执行起飞 水平控制=位置保持 类型掩码=3520 实际位置NED=(-0.013,-0.012,-1.265) 实际速度=(0.004,0.007,-0.297) 最终目标=(-0.021,0.015,-1.604) 指令位置=(-0.021,0.015,-1.604) 指令速度=(0.000,0.000,0.000) 指令加速度=(0.000,0.000,0.000) 滚转角=-0.02度 俯仰角=-0.19度
10:03:44.065904 [轨迹] 序号=393 单调时间=4638.845668 时间=4638.846 模式=OFFBOARD 起飞状态=未执行起飞 水平控制=位置保持 类型掩码=3520 实际位置NED=(-0.012,-0.012,-1.274) 实际速度=(0.006,0.007,-0.282) 最终目标=(-0.021,0.015,-1.604) 指令位置=(-0.021,0.015,-1.604) 指令速度=(0.000,0.000,0.000) 指令加速度=(0.000,0.000,0.000) 滚转角=0.00度 俯仰角=-0.20度
10:03:44.170314 [轨迹] 序号=394 单调时间=4638.950158 时间=4638.950 模式=OFFBOARD 起飞状态=未执行起飞 水平控制=位置保持 类型掩码=3520 实际位置NED=(-0.011,-0.012,-1.283) 实际速度=(0.007,0.008,-0.269) 最终目标=(-0.021,0.015,-1.604) 指令位置=(-0.021,0.015,-1.604) 指令速度=(0.000,0.000,0.000) 指令加速度=(0.000,0.000,0.000) 滚转角=0.03度 俯仰角=-0.21度
10:03:44.272162 [轨迹] 序号=395 单调时间=4639.052147 时间=4639.052 模式=OFFBOARD 起飞状态=未执行起飞 水平控制=位置保持 类型掩码=3520 实际位置NED=(-0.008,-0.012,-1.301) 实际速度=(0.010,0.009,-0.242) 最终目标=(-0.021,0.015,-1.604) 指令位置=(-0.021,0.015,-1.604) 指令速度=(0.000,0.000,0.000) 指令加速度=(0.000,0.000,0.000) 滚转角=0.07度 俯仰角=-0.21度
10:03:44.376741 [轨迹] 序号=396 单调时间=4639.155984 时间=4639.156 模式=OFFBOARD 起飞状态=未执行起飞 水平控制=位置保持 类型掩码=3520 实际位置NED=(-0.008,-0.012,-1.301) 实际速度=(0.010,0.009,-0.242) 最终目标=(-0.021,0.015,-1.604) 指令位置=(-0.021,0.015,-1.604) 指令速度=(0.000,0.000,0.000) 指令加速度=(0.000,0.000,0.000) 滚转角=0.08度 俯仰角=-0.21度
10:03:44.480881 [轨迹] 序号=397 单调时间=4639.260603 时间=4639.261 模式=OFFBOARD 起飞状态=未执行起飞 水平控制=位置保持 类型掩码=3520 实际位置NED=(-0.006,-0.013,-1.315) 实际速度=(0.012,0.010,-0.221) 最终目标=(-0.021,0.015,-1.604) 指令位置=(-0.021,0.015,-1.604) 指令速度=(0.000,0.000,0.000) 指令加速度=(0.000,0.000,0.000) 滚转角=0.11度 俯仰角=-0.22度
10:03:44.585339 [轨迹] 序号=398 单调时间=4639.365193 时间=4639.365 模式=OFFBOARD 起飞状态=未执行起飞 水平控制=位置保持 类型掩码=3520 实际位置NED=(-0.005,-0.012,-1.322) 实际速度=(0.012,0.011,-0.212) 最终目标=(-0.021,0.015,-1.604) 指令位置=(-0.021,0.015,-1.604) 指令速度=(0.000,0.000,0.000) 指令加速度=(0.000,0.000,0.000) 滚转角=0.15度 俯仰角=-0.22度
10:03:44.689758 [轨迹] 序号=399 单调时间=4639.469755 时间=4639.470 模式=OFFBOARD 起飞状态=未执行起飞 水平控制=位置保持 类型掩码=3520 实际位置NED=(-0.003,-0.012,-1.329) 实际速度=(0.013,0.012,-0.203) 最终目标=(-0.021,0.015,-1.604) 指令位置=(-0.021,0.015,-1.604) 指令速度=(0.000,0.000,0.000) 指令加速度=(0.000,0.000,0.000) 滚转角=0.18度 俯仰角=-0.22度
10:03:44.793583 [轨迹] 序号=400 单调时间=4639.573367 时间=4639.573 模式=OFFBOARD 起飞状态=未执行起飞 水平控制=位置保持 类型掩码=3520 实际位置NED=(-0.002,-0.012,-1.335) 实际速度=(0.013,0.013,-0.195) 最终目标=(-0.021,0.015,-1.604) 指令位置=(-0.021,0.015,-1.604) 指令速度=(0.000,0.000,0.000) 指令加速度=(0.000,0.000,0.000) 滚转角=0.19度 俯仰角=-0.22度
10:03:44.897498 [轨迹] 序号=401 单调时间=4639.677309 时间=4639.677 模式=OFFBOARD 起飞状态=未执行起飞 水平控制=位置保持 类型掩码=3520 实际位置NED=(-0.001,-0.012,-1.343) 实际速度=(0.013,0.014,-0.186) 最终目标=(-0.021,0.015,-1.604) 指令位置=(-0.021,0.015,-1.604) 指令速度=(0.000,0.000,0.000) 指令加速度=(0.000,0.000,0.000) 滚转角=0.23度 俯仰角=-0.22度
10:03:45.001241 [轨迹] 序号=402 单调时间=4639.781234 时间=4639.781 模式=OFFBOARD 起飞状态=未执行起飞 水平控制=位置保持 类型掩码=3520 实际位置NED=(-0.000,-0.011,-1.349) 实际速度=(0.012,0.014,-0.179) 最终目标=(-0.021,0.015,-1.604) 指令位置=(-0.021,0.015,-1.604) 指令速度=(0.000,0.000,0.000) 指令加速度=(0.000,0.000,0.000) 滚转角=0.25度 俯仰角=-0.22度
10:03:45.105278 [轨迹] 序号=403 单调时间=4639.885252 时间=4639.885 模式=OFFBOARD 起飞状态=未执行起飞 水平控制=位置保持 类型掩码=3520 实际位置NED=(0.001,-0.011,-1.354) 实际速度=(0.012,0.015,-0.172) 最终目标=(-0.021,0.015,-1.604) 指令位置=(-0.021,0.015,-1.604) 指令速度=(0.000,0.000,0.000) 指令加速度=(0.000,0.000,0.000) 滚转角=0.26度 俯仰角=-0.21度
10:03:45.208826 [轨迹] 序号=404 单调时间=4639.988718 时间=4639.989 模式=OFFBOARD 起飞状态=未执行起飞 水平控制=位置保持 类型掩码=3520 实际位置NED=(0.002,-0.010,-1.360) 实际速度=(0.011,0.016,-0.166) 最终目标=(-0.021,0.015,-1.604) 指令位置=(-0.021,0.015,-1.604) 指令速度=(0.000,0.000,0.000) 指令加速度=(0.000,0.000,0.000) 滚转角=0.28度 俯仰角=-0.21度
10:03:45.312845 [轨迹] 序号=405 单调时间=4640.092756 时间=4640.093 模式=OFFBOARD 起飞状态=未执行起飞 水平控制=位置保持 类型掩码=3520 实际位置NED=(0.003,-0.009,-1.370) 实际速度=(0.009,0.018,-0.155) 最终目标=(-0.021,0.015,-1.604) 指令位置=(-0.021,0.015,-1.604) 指令速度=(0.000,0.000,0.000) 指令加速度=(0.000,0.000,0.000) 滚转角=0.30度 俯仰角=-0.20度
10:03:45.416845 [轨迹] 序号=406 单调时间=4640.196737 时间=4640.197 模式=OFFBOARD 起飞状态=未执行起飞 水平控制=位置保持 类型掩码=3520 实际位置NED=(0.004,-0.009,-1.376) 实际速度=(0.008,0.019,-0.148) 最终目标=(-0.021,0.015,-1.604) 指令位置=(-0.021,0.015,-1.604) 指令速度=(0.000,0.000,0.000) 指令加速度=(0.000,0.000,0.000) 滚转角=0.31度 俯仰角=-0.19度
10:03:45.521541 [轨迹] 序号=407 单调时间=4640.301646 时间=4640.302 模式=OFFBOARD 起飞状态=未执行起飞 水平控制=位置保持 类型掩码=3520 实际位置NED=(0.005,-0.008,-1.381) 实际速度=(0.007,0.019,-0.143) 最终目标=(-0.021,0.015,-1.604) 指令位置=(-0.021,0.015,-1.604) 指令速度=(0.000,0.000,0.000) 指令加速度=(0.000,0.000,0.000) 滚转角=0.32度 俯仰角=-0.17度
10:03:45.626044 [轨迹] 序号=408 单调时间=4640.405787 时间=4640.406 模式=OFFBOARD 起飞状态=未执行起飞 水平控制=位置保持 类型掩码=3520 实际位置NED=(0.005,-0.008,-1.386) 实际速度=(0.005,0.020,-0.139) 最终目标=(-0.021,0.015,-1.604) 指令位置=(-0.021,0.015,-1.604) 指令速度=(0.000,0.000,0.000) 指令加速度=(0.000,0.000,0.000) 滚转角=0.33度 俯仰角=-0.16度
10:03:45.730330 [轨迹] 序号=409 单调时间=4640.510204 时间=4640.510 模式=OFFBOARD 起飞状态=未执行起飞 水平控制=位置保持 类型掩码=3520 实际位置NED=(0.006,-0.007,-1.391) 实际速度=(0.003,0.020,-0.133) 最终目标=(-0.021,0.015,-1.604) 指令位置=(-0.021,0.015,-1.604) 指令速度=(0.000,0.000,0.000) 指令加速度=(0.000,0.000,0.000) 滚转角=0.33度 俯仰角=-0.15度
10:03:45.834161 [轨迹] 序号=410 单调时间=4640.614082 时间=4640.614 模式=OFFBOARD 起飞状态=未执行起飞 水平控制=位置保持 类型掩码=3520 实际位置NED=(0.006,-0.006,-1.400) 实际速度=(0.000,0.021,-0.125) 最终目标=(-0.021,0.015,-1.604) 指令位置=(-0.021,0.015,-1.604) 指令速度=(0.000,0.000,0.000) 指令加速度=(0.000,0.000,0.000) 滚转角=0.33度 俯仰角=-0.14度
10:03:45.937938 [轨迹] 序号=411 单调时间=4640.717768 时间=4640.718 模式=OFFBOARD 起飞状态=未执行起飞 水平控制=位置保持 类型掩码=3520 实际位置NED=(0.006,-0.005,-1.405) 实际速度=(-0.002,0.021,-0.121) 最终目标=(-0.021,0.015,-1.604) 指令位置=(-0.021,0.015,-1.604) 指令速度=(0.000,0.000,0.000) 指令加速度=(0.000,0.000,0.000) 滚转角=0.33度 俯仰角=-0.12度
10:03:46.041725 [轨迹] 序号=412 单调时间=4640.821638 时间=4640.822 模式=OFFBOARD 起飞状态=未执行起飞 水平控制=位置保持 类型掩码=3520 实际位置NED=(0.006,-0.005,-1.409) 实际速度=(-0.003,0.021,-0.117) 最终目标=(-0.021,0.015,-1.604) 指令位置=(-0.021,0.015,-1.604) 指令速度=(0.000,0.000,0.000) 指令加速度=(0.000,0.000,0.000) 滚转角=0.33度 俯仰角=-0.11度
10:03:46.145825 [轨迹] 序号=413 单调时间=4640.925844 时间=4640.926 模式=OFFBOARD 起飞状态=未执行起飞 水平控制=位置保持 类型掩码=3520 实际位置NED=(0.006,-0.004,-1.412) 实际速度=(-0.005,0.021,-0.114) 最终目标=(-0.021,0.015,-1.604) 指令位置=(-0.021,0.015,-1.604) 指令速度=(0.000,0.000,0.000) 指令加速度=(0.000,0.000,0.000) 滚转角=0.32度 俯仰角=-0.10度
10:03:46.249766 [轨迹] 序号=414 单调时间=4641.029634 时间=4641.030 模式=OFFBOARD 起飞状态=未执行起飞 水平控制=位置保持 类型掩码=3520 实际位置NED=(0.005,-0.004,-1.416) 实际速度=(-0.007,0.021,-0.111) 最终目标=(-0.021,0.015,-1.604) 指令位置=(-0.021,0.015,-1.604) 指令速度=(0.000,0.000,0.000) 指令加速度=(0.000,0.000,0.000) 滚转角=0.31度 俯仰角=-0.09度
10:03:46.353600 [轨迹] 序号=415 单调时间=4641.133477 时间=4641.133 模式=OFFBOARD 起飞状态=未执行起飞 水平控制=位置保持 类型掩码=3520 实际位置NED=(0.004,-0.003,-1.423) 实际速度=(-0.010,0.022,-0.104) 最终目标=(-0.021,0.015,-1.604) 指令位置=(-0.021,0.015,-1.604) 指令速度=(0.000,0.000,0.000) 指令加速度=(0.000,0.000,0.000) 滚转角=0.30度 俯仰角=-0.08度
10:03:46.458497 [轨迹] 序号=416 单调时间=4641.238241 时间=4641.238 模式=OFFBOARD 起飞状态=未执行起飞 水平控制=位置保持 类型掩码=3520 实际位置NED=(0.004,-0.002,-1.427) 实际速度=(-0.012,0.022,-0.101) 最终目标=(-0.021,0.015,-1.604) 指令位置=(-0.021,0.015,-1.604) 指令速度=(0.000,0.000,0.000) 指令加速度=(0.000,0.000,0.000) 滚转角=0.28度 俯仰角=-0.07度
10:03:46.562513 [轨迹] 序号=417 单调时间=4641.342453 时间=4641.342 模式=OFFBOARD 起飞状态=未执行起飞 水平控制=位置保持 类型掩码=3520 实际位置NED=(0.003,-0.001,-1.431) 实际速度=(-0.014,0.022,-0.098) 最终目标=(-0.021,0.015,-1.604) 指令位置=(-0.021,0.015,-1.604) 指令速度=(0.000,0.000,0.000) 指令加速度=(0.000,0.000,0.000) 滚转角=0.26度 俯仰角=-0.06度
10:03:46.666576 [轨迹] 序号=418 单调时间=4641.446377 时间=4641.446 模式=OFFBOARD 起飞状态=未执行起飞 水平控制=位置保持 类型掩码=3520 实际位置NED=(0.002,-0.001,-1.434) 实际速度=(-0.015,0.022,-0.095) 最终目标=(-0.021,0.015,-1.604) 指令位置=(-0.021,0.015,-1.604) 指令速度=(0.000,0.000,0.000) 指令加速度=(0.000,0.000,0.000) 滚转角=0.24度 俯仰角=-0.06度
10:03:46.770483 [轨迹] 序号=419 单调时间=4641.550403 时间=4641.550 模式=OFFBOARD 起飞状态=未执行起飞 水平控制=位置保持 类型掩码=3520 实际位置NED=(0.001,0.000,-1.437) 实际速度=(-0.016,0.021,-0.093) 最终目标=(-0.021,0.015,-1.604) 指令位置=(-0.021,0.015,-1.604) 指令速度=(0.000,0.000,0.000) 指令加速度=(0.000,0.000,0.000) 滚转角=0.22度 俯仰角=-0.05度
10:03:46.873914 [轨迹] 序号=420 单调时间=4641.653796 时间=4641.654 模式=OFFBOARD 起飞状态=未执行起飞 水平控制=位置保持 类型掩码=3520 实际位置NED=(0.000,0.001,-1.440) 实际速度=(-0.018,0.021,-0.091) 最终目标=(-0.021,0.015,-1.604) 指令位置=(-0.021,0.015,-1.604) 指令速度=(0.000,0.000,0.000) 指令加速度=(0.000,0.000,0.000) 滚转角=0.20度 俯仰角=-0.04度
10:03:46.977623 [轨迹] 序号=421 单调时间=4641.757703 时间=4641.758 模式=OFFBOARD 起飞状态=未执行起飞 水平控制=位置保持 类型掩码=3520 实际位置NED=(-0.002,0.002,-1.446) 实际速度=(-0.020,0.021,-0.086) 最终目标=(-0.021,0.015,-1.604) 指令位置=(-0.021,0.015,-1.604) 指令速度=(0.000,0.000,0.000) 指令加速度=(0.000,0.000,0.000) 滚转角=0.18度 俯仰角=-0.03度
10:03:47.080751 [轨迹] 序号=422 单调时间=4641.860767 时间=4641.861 模式=OFFBOARD 起飞状态=未执行起飞 水平控制=位置保持 类型掩码=3520 实际位置NED=(-0.003,0.003,-1.449) 实际速度=(-0.021,0.021,-0.083) 最终目标=(-0.021,0.015,-1.604) 指令位置=(-0.021,0.015,-1.604) 指令速度=(0.000,0.000,0.000) 指令加速度=(0.000,0.000,0.000) 滚转角=0.15度 俯仰角=-0.02度
10:03:47.184571 [轨迹] 序号=423 单调时间=4641.964470 时间=4641.964 模式=OFFBOARD 起飞状态=未执行起飞 水平控制=位置保持 类型掩码=3520 实际位置NED=(-0.005,0.003,-1.452) 实际速度=(-0.022,0.020,-0.082) 最终目标=(-0.021,0.015,-1.604) 指令位置=(-0.021,0.015,-1.604) 指令速度=(0.000,0.000,0.000) 指令加速度=(0.000,0.000,0.000) 滚转角=0.14度 俯仰角=-0.02度
10:03:47.288144 [轨迹] 序号=424 单调时间=4642.067999 时间=4642.068 模式=OFFBOARD 起飞状态=未执行起飞 水平控制=位置保持 类型掩码=3520 实际位置NED=(-0.006,0.004,-1.454) 实际速度=(-0.023,0.020,-0.080) 最终目标=(-0.021,0.015,-1.604) 指令位置=(-0.021,0.015,-1.604) 指令速度=(0.000,0.000,0.000) 指令加速度=(0.000,0.000,0.000) 滚转角=0.11度 俯仰角=-0.00度
10:03:47.397603 [轨迹] 序号=425 单调时间=4642.177592 时间=4642.178 模式=OFFBOARD 起飞状态=未执行起飞 水平控制=位置保持 类型掩码=3520 实际位置NED=(-0.007,0.005,-1.457) 实际速度=(-0.024,0.020,-0.078) 最终目标=(-0.021,0.015,-1.604) 指令位置=(-0.021,0.015,-1.604) 指令速度=(0.000,0.000,0.000) 指令加速度=(0.000,0.000,0.000) 滚转角=0.08度 俯仰角=0.00度
10:03:47.501332 [轨迹] 序号=426 单调时间=4642.281221 时间=4642.281 模式=OFFBOARD 起飞状态=未执行起飞 水平控制=位置保持 类型掩码=3520 实际位置NED=(-0.010,0.006,-1.462) 实际速度=(-0.025,0.020,-0.074) 最终目标=(-0.021,0.015,-1.604) 指令位置=(-0.021,0.015,-1.604) 指令速度=(0.000,0.000,0.000) 指令加速度=(0.000,0.000,0.000) 滚转角=0.06度 俯仰角=0.01度
10:03:47.604788 [轨迹] 序号=427 单调时间=4642.384679 时间=4642.385 模式=OFFBOARD 起飞状态=未执行起飞 水平控制=位置保持 类型掩码=3520 实际位置NED=(-0.012,0.007,-1.465) 实际速度=(-0.026,0.020,-0.072) 最终目标=(-0.021,0.015,-1.604) 指令位置=(-0.021,0.015,-1.604) 指令速度=(0.000,0.000,0.000) 指令加速度=(0.000,0.000,0.000) 滚转角=0.04度 俯仰角=0.02度
10:03:47.708362 [轨迹] 序号=428 单调时间=4642.488142 时间=4642.488 模式=OFFBOARD 起飞状态=未执行起飞 水平控制=位置保持 类型掩码=3520 实际位置NED=(-0.013,0.008,-1.467) 实际速度=(-0.026,0.020,-0.071) 最终目标=(-0.021,0.015,-1.604) 指令位置=(-0.021,0.015,-1.604) 指令速度=(0.000,0.000,0.000) 指令加速度=(0.000,0.000,0.000) 滚转角=0.03度 俯仰角=0.02度
10:03:47.811883 [轨迹] 序号=429 单调时间=4642.591657 时间=4642.592 模式=OFFBOARD 起飞状态=未执行起飞 水平控制=位置保持 类型掩码=3520 实际位置NED=(-0.014,0.009,-1.469) 实际速度=(-0.026,0.019,-0.069) 最终目标=(-0.021,0.015,-1.604) 指令位置=(-0.021,0.015,-1.604) 指令速度=(0.000,0.000,0.000) 指令加速度=(0.000,0.000,0.000) 滚转角=-0.01度 俯仰角=0.04度
10:03:47.915568 [轨迹] 序号=430 单调时间=4642.695408 时间=4642.695 模式=OFFBOARD 起飞状态=未执行起飞 水平控制=位置保持 类型掩码=3520 实际位置NED=(-0.016,0.009,-1.472) 实际速度=(-0.026,0.019,-0.068) 最终目标=(-0.021,0.015,-1.604) 指令位置=(-0.021,0.015,-1.604) 指令速度=(0.000,0.000,0.000) 指令加速度=(0.000,0.000,0.000) 滚转角=-0.03度 俯仰角=0.05度
10:03:48.018929 [轨迹] 序号=431 单调时间=4642.798816 时间=4642.799 模式=OFFBOARD 起飞状态=未执行起飞 水平控制=位置保持 类型掩码=3520 实际位置NED=(-0.017,0.010,-1.474) 实际速度=(-0.025,0.018,-0.066) 最终目标=(-0.021,0.015,-1.604) 指令位置=(-0.021,0.015,-1.604) 指令速度=(0.000,0.000,0.000) 指令加速度=(0.000,0.000,0.000) 滚转角=-0.05度 俯仰角=0.05度
10:03:48.122666 [轨迹] 序号=432 单调时间=4642.902644 时间=4642.903 模式=OFFBOARD 起飞状态=未执行起飞 水平控制=位置保持 类型掩码=3520 实际位置NED=(-0.019,0.011,-1.477) 实际速度=(-0.025,0.018,-0.064) 最终目标=(-0.021,0.015,-1.604) 指令位置=(-0.021,0.015,-1.604) 指令速度=(0.000,0.000,0.000) 指令加速度=(0.000,0.000,0.000) 滚转角=-0.06度 俯仰角=0.06度
10:03:48.226120 [轨迹] 序号=433 单调时间=4643.005965 时间=4643.006 模式=OFFBOARD 起飞状态=未执行起飞 水平控制=位置保持 类型掩码=3520 实际位置NED=(-0.021,0.012,-1.481) 实际速度=(-0.024,0.017,-0.062) 最终目标=(-0.021,0.015,-1.604) 指令位置=(-0.021,0.015,-1.604) 指令速度=(0.000,0.000,0.000) 指令加速度=(0.000,0.000,0.000) 滚转角=-0.07度 俯仰角=0.07度
10:03:48.330446 [轨迹] 序号=434 单调时间=4643.109720 时间=4643.110 模式=OFFBOARD 起飞状态=未执行起飞 水平控制=位置保持 类型掩码=3520 实际位置NED=(-0.022,0.013,-1.483) 实际速度=(-0.024,0.017,-0.060) 最终目标=(-0.021,0.015,-1.604) 指令位置=(-0.021,0.015,-1.604) 指令速度=(0.000,0.000,0.000) 指令加速度=(0.000,0.000,0.000) 滚转角=-0.10度 俯仰角=0.08度
10:03:48.434247 [轨迹] 序号=435 单调时间=4643.213739 时间=4643.214 模式=OFFBOARD 起飞状态=未执行起飞 水平控制=位置保持 类型掩码=3520 实际位置NED=(-0.023,0.014,-1.485) 实际速度=(-0.023,0.017,-0.059) 最终目标=(-0.021,0.015,-1.604) 指令位置=(-0.021,0.015,-1.604) 指令速度=(0.000,0.000,0.000) 指令加速度=(0.000,0.000,0.000) 滚转角=-0.11度 俯仰角=0.08度
10:03:48 [应答] UP INTENT：已接受（MAV_RESULT_ACCEPTED）
10:03:48 [输入] 已按下一次上升按钮
10:03:48 [目标] 修改前：北=-0.021 东=0.015 下=-1.604
10:03:48 [目标] 修改后：北=-0.021 东=0.015 下=-2.104
10:03:48.538089 [轨迹] 序号=436 单调时间=4643.318048 时间=4643.318 模式=OFFBOARD 起飞状态=未执行起飞 水平控制=位置保持 类型掩码=3520 实际位置NED=(-0.025,0.014,-1.486) 实际速度=(-0.023,0.016,-0.058) 最终目标=(-0.021,0.015,-2.104) 指令位置=(-0.021,0.015,-1.607) 指令速度=(0.000,0.000,-0.031) 指令加速度=(0.000,0.000,-0.300) 滚转角=-0.12度 俯仰角=0.09度
10:03:48.638952 [轨迹] 序号=437 单调时间=4643.418772 时间=4643.419 模式=OFFBOARD 起飞状态=未执行起飞 水平控制=位置保持 类型掩码=3520 实际位置NED=(-0.026,0.015,-1.489) 实际速度=(-0.022,0.015,-0.057) 最终目标=(-0.021,0.015,-2.104) 指令位置=(-0.021,0.015,-1.614) 指令速度=(0.000,0.000,-0.062) 指令加速度=(0.000,0.000,-0.300) 滚转角=-0.13度 俯仰角=0.09度
10:03:48.743162 [轨迹] 序号=438 单调时间=4643.523039 时间=4643.523 模式=OFFBOARD 起飞状态=未执行起飞 水平控制=位置保持 类型掩码=3520 实际位置NED=(-0.028,0.017,-1.493) 实际速度=(-0.020,0.015,-0.065) 最终目标=(-0.021,0.015,-2.104) 指令位置=(-0.021,0.015,-1.623) 指令速度=(0.000,0.000,-0.093) 指令加速度=(0.000,0.000,-0.300) 滚转角=-0.14度 俯仰角=0.10度
10:03:48.846820 [轨迹] 序号=439 单调时间=4643.626630 时间=4643.627 模式=OFFBOARD 起飞状态=未执行起飞 水平控制=位置保持 类型掩码=3520 实际位置NED=(-0.029,0.017,-1.495) 实际速度=(-0.019,0.014,-0.075) 最终目标=(-0.021,0.015,-2.104) 指令位置=(-0.021,0.015,-1.636) 指令速度=(0.000,0.000,-0.124) 指令加速度=(0.000,0.000,-0.300) 滚转角=-0.14度 俯仰角=0.10度
10:03:48.950328 [轨迹] 序号=440 单调时间=4643.730268 时间=4643.730 模式=OFFBOARD 起飞状态=未执行起飞 水平控制=位置保持 类型掩码=3520 实际位置NED=(-0.030,0.018,-1.497) 实际速度=(-0.018,0.014,-0.090) 最终目标=(-0.021,0.015,-2.104) 指令位置=(-0.021,0.015,-1.652) 指令速度=(0.000,0.000,-0.155) 指令加速度=(0.000,0.000,-0.300) 滚转角=-0.15度 俯仰角=0.11度
10:03:49.054324 [轨迹] 序号=441 单调时间=4643.834281 时间=4643.834 模式=OFFBOARD 起飞状态=未执行起飞 水平控制=位置保持 类型掩码=3520 实际位置NED=(-0.031,0.019,-1.501) 实际速度=(-0.017,0.013,-0.109) 最终目标=(-0.021,0.015,-2.104) 指令位置=(-0.021,0.015,-1.672) 指令速度=(0.000,0.000,-0.186) 指令加速度=(0.000,0.000,-0.300) 滚转角=-0.16度 俯仰角=0.11度
10:03:49.159098 [轨迹] 序号=442 单调时间=4643.938977 时间=4643.939 模式=OFFBOARD 起飞状态=未执行起飞 水平控制=位置保持 类型掩码=3520 实际位置NED=(-0.032,0.020,-1.506) 实际速度=(-0.015,0.012,-0.137) 最终目标=(-0.021,0.015,-2.104) 指令位置=(-0.021,0.015,-1.694) 指令速度=(0.000,0.000,-0.218) 指令加速度=(0.000,0.000,-0.300) 滚转角=-0.16度 俯仰角=0.11度
10:03:49.260218 [轨迹] 序号=443 单调时间=4644.040082 时间=4644.040 模式=OFFBOARD 起飞状态=未执行起飞 水平控制=位置保持 类型掩码=3520 实际位置NED=(-0.032,0.020,-1.510) 实际速度=(-0.014,0.012,-0.163) 最终目标=(-0.021,0.015,-2.104) 指令位置=(-0.021,0.015,-1.719) 指令速度=(0.000,0.000,-0.248) 指令加速度=(0.000,0.000,-0.300) 滚转角=-0.16度 俯仰角=0.12度
10:03:49.363784 [轨迹] 序号=444 单调时间=4644.143676 时间=4644.144 模式=OFFBOARD 起飞状态=未执行起飞 水平控制=位置保持 类型掩码=3520 实际位置NED=(-0.033,0.021,-1.516) 实际速度=(-0.013,0.011,-0.191) 最终目标=(-0.021,0.015,-2.104) 指令位置=(-0.021,0.015,-1.748) 指令速度=(0.000,0.000,-0.279) 指令加速度=(0.000,0.000,-0.300) 滚转角=-0.16度 俯仰角=0.12度
10:03:49.467262 [轨迹] 序号=445 单调时间=4644.247160 时间=4644.247 模式=OFFBOARD 起飞状态=未执行起飞 水平控制=位置保持 类型掩码=3520 实际位置NED=(-0.034,0.022,-1.531) 实际速度=(-0.011,0.010,-0.261) 最终目标=(-0.021,0.015,-2.104) 指令位置=(-0.021,0.015,-1.779) 指令速度=(0.000,0.000,-0.300) 指令加速度=(0.000,0.000,-0.203) 滚转角=-0.16度 俯仰角=0.12度
10:03:49.568304 [轨迹] 序号=446 单调时间=4644.348120 时间=4644.348 模式=OFFBOARD 起飞状态=未执行起飞 水平控制=位置保持 类型掩码=3520 实际位置NED=(-0.035,0.023,-1.540) 实际速度=(-0.009,0.010,-0.299) 最终目标=(-0.021,0.015,-2.104) 指令位置=(-0.021,0.015,-1.810) 指令速度=(0.000,0.000,-0.300) 指令加速度=(0.000,0.000,0.000) 滚转角=-0.16度 俯仰角=0.12度
10:03:49.672009 [轨迹] 序号=447 单调时间=4644.452072 时间=4644.452 模式=OFFBOARD 起飞状态=未执行起飞 水平控制=位置保持 类型掩码=3520 实际位置NED=(-0.035,0.024,-1.553) 实际速度=(-0.008,0.009,-0.347) 最终目标=(-0.021,0.015,-2.104) 指令位置=(-0.021,0.015,-1.841) 指令速度=(0.000,0.000,-0.300) 指令加速度=(0.000,0.000,0.000) 滚转角=-0.16度 俯仰角=0.12度
10:03:49.773842 [轨迹] 序号=448 单调时间=4644.553691 时间=4644.554 模式=OFFBOARD 起飞状态=未执行起飞 水平控制=位置保持 类型掩码=3520 实际位置NED=(-0.036,0.024,-1.564) 实际速度=(-0.006,0.009,-0.383) 最终目标=(-0.021,0.015,-2.104) 指令位置=(-0.021,0.015,-1.871) 指令速度=(0.000,0.000,-0.300) 指令加速度=(0.000,0.000,0.000) 滚转角=-0.16度 俯仰角=0.12度
10:03:49.876648 [轨迹] 序号=449 单调时间=4644.656606 时间=4644.657 模式=OFFBOARD 起飞状态=未执行起飞 水平控制=位置保持 类型掩码=3520 实际位置NED=(-0.036,0.025,-1.577) 实际速度=(-0.005,0.009,-0.413) 最终目标=(-0.021,0.015,-2.104) 指令位置=(-0.021,0.015,-1.902) 指令速度=(0.000,0.000,-0.300) 指令加速度=(0.000,0.000,0.000) 滚转角=-0.15度 俯仰角=0.13度
10:03:49.979629 [轨迹] 序号=450 单调时间=4644.759658 时间=4644.760 模式=OFFBOARD 起飞状态=未执行起飞 水平控制=位置保持 类型掩码=3520 实际位置NED=(-0.036,0.025,-1.591) 实际速度=(-0.003,0.008,-0.442) 最终目标=(-0.021,0.015,-2.104) 指令位置=(-0.021,0.015,-1.932) 指令速度=(0.000,0.000,-0.286) 指令加速度=(0.000,0.000,0.133) 滚转角=-0.15度 俯仰角=0.13度
10:03:50.083387 [轨迹] 序号=451 单调时间=4644.862959 时间=4644.863 模式=OFFBOARD 起飞状态=未执行起飞 水平控制=位置保持 类型掩码=3520 实际位置NED=(-0.036,0.026,-1.606) 实际速度=(-0.002,0.007,-0.470) 最终目标=(-0.021,0.015,-2.104) 指令位置=(-0.021,0.015,-1.959) 指令速度=(0.000,0.000,-0.260) 指令加速度=(0.000,0.000,0.257) 滚转角=-0.14度 俯仰角=0.13度
10:03:50.187096 [轨迹] 序号=452 单调时间=4644.966908 时间=4644.967 模式=OFFBOARD 起飞状态=未执行起飞 水平控制=位置保持 类型掩码=3520 实际位置NED=(-0.036,0.026,-1.621) 实际速度=(-0.001,0.006,-0.493) 最终目标=(-0.021,0.015,-2.104) 指令位置=(-0.021,0.015,-1.983) 指令速度=(0.000,0.000,-0.233) 指令加速度=(0.000,0.000,0.255) 滚转角=-0.13度 俯仰角=0.14度
10:03:50.290568 [轨迹] 序号=453 单调时间=4645.070453 时间=4645.070 模式=OFFBOARD 起飞状态=未执行起飞 水平控制=位置保持 类型掩码=3520 实际位置NED=(-0.036,0.027,-1.642) 实际速度=(0.001,0.005,-0.513) 最终目标=(-0.021,0.015,-2.104) 指令位置=(-0.021,0.015,-2.004) 指令速度=(0.000,0.000,-0.208) 指令加速度=(0.000,0.000,0.246) 滚转角=-0.12度 俯仰角=0.14度
10:03:50.393645 [轨迹] 序号=454 单调时间=4645.173759 时间=4645.174 模式=OFFBOARD 起飞状态=未执行起飞 水平控制=位置保持 类型掩码=3520 实际位置NED=(-0.036,0.027,-1.675) 实际速度=(0.003,0.003,-0.523) 最终目标=(-0.021,0.015,-2.104) 指令位置=(-0.021,0.015,-2.023) 指令速度=(0.000,0.000,-0.183) 指令加速度=(0.000,0.000,0.241) 滚转角=-0.11度 俯仰角=0.14度
10:03:50.497223 [轨迹] 序号=455 单调时间=4645.277271 时间=4645.277 模式=OFFBOARD 起飞状态=未执行起飞 水平控制=位置保持 类型掩码=3520 实际位置NED=(-0.036,0.027,-1.692) 实际速度=(0.004,0.002,-0.520) 最终目标=(-0.021,0.015,-2.104) 指令位置=(-0.021,0.015,-2.040) 指令速度=(0.000,0.000,-0.158) 指令加速度=(0.000,0.000,0.236) 滚转角=-0.10度 俯仰角=0.14度
10:03:50.600944 [轨迹] 序号=456 单调时间=4645.380605 时间=4645.381 模式=OFFBOARD 起飞状态=未执行起飞 水平控制=位置保持 类型掩码=3520 实际位置NED=(-0.035,0.027,-1.708) 实际速度=(0.005,0.002,-0.513) 最终目标=(-0.021,0.015,-2.104) 指令位置=(-0.021,0.015,-2.054) 指令速度=(0.000,0.000,-0.135) 指令加速度=(0.000,0.000,0.227) 滚转角=-0.09度 俯仰角=0.14度
10:03:50.704967 [轨迹] 序号=457 单调时间=4645.484948 时间=4645.485 模式=OFFBOARD 起飞状态=未执行起飞 水平控制=位置保持 类型掩码=3520 实际位置NED=(-0.035,0.027,-1.725) 实际速度=(0.006,0.001,-0.502) 最终目标=(-0.021,0.015,-2.104) 指令位置=(-0.021,0.015,-2.065) 指令速度=(0.000,0.000,-0.112) 指令加速度=(0.000,0.000,0.222) 滚转角=-0.08度 俯仰角=0.14度
10:03:50.809294 [轨迹] 序号=458 单调时间=4645.589274 时间=4645.589 模式=OFFBOARD 起飞状态=未执行起飞 水平控制=位置保持 类型掩码=3520 实际位置NED=(-0.034,0.027,-1.756) 实际速度=(0.008,-0.001,-0.472) 最终目标=(-0.021,0.015,-2.104) 指令位置=(-0.021,0.015,-2.075) 指令速度=(0.000,0.000,-0.090) 指令加速度=(0.000,0.000,0.205) 滚转角=-0.06度 俯仰角=0.13度
10:03:50.910081 [轨迹] 序号=459 单调时间=4645.689918 时间=4645.690 模式=OFFBOARD 起飞状态=未执行起飞 水平控制=位置保持 类型掩码=3520 实际位置NED=(-0.034,0.027,-1.774) 实际速度=(0.009,-0.002,-0.449) 最终目标=(-0.021,0.015,-2.104) 指令位置=(-0.021,0.015,-2.082) 指令速度=(0.000,0.000,-0.073) 指令加速度=(0.000,0.000,0.174) 滚转角=-0.06度 俯仰角=0.13度
10:03:51.013256 [轨迹] 序号=460 单调时间=4645.793191 时间=4645.793 模式=OFFBOARD 起飞状态=未执行起飞 水平控制=位置保持 类型掩码=3520 实际位置NED=(-0.033,0.027,-1.788) 实际速度=(0.010,-0.002,-0.428) 最终目标=(-0.021,0.015,-2.104) 指令位置=(-0.021,0.015,-2.087) 指令速度=(0.000,0.000,-0.054) 指令加速度=(0.000,0.000,0.186) 滚转角=-0.04度 俯仰角=0.12度
10:03:51.117241 [轨迹] 序号=461 单调时间=4645.897148 时间=4645.897 模式=OFFBOARD 起飞状态=未执行起飞 水平控制=位置保持 类型掩码=3520 实际位置NED=(-0.033,0.027,-1.801) 实际速度=(0.011,-0.003,-0.406) 最终目标=(-0.021,0.015,-2.104) 指令位置=(-0.021,0.015,-2.104) 指令速度=(0.000,0.000,0.000) 指令加速度=(0.000,0.000,0.515) 滚转角=-0.03度 俯仰角=0.11度
10:03:51.222545 [轨迹] 序号=462 单调时间=4646.001501 时间=4646.002 模式=OFFBOARD 起飞状态=未执行起飞 水平控制=位置保持 类型掩码=3520 实际位置NED=(-0.032,0.027,-1.813) 实际速度=(0.011,-0.004,-0.385) 最终目标=(-0.021,0.015,-2.104) 指令位置=(-0.021,0.015,-2.104) 指令速度=(0.000,0.000,0.000) 指令加速度=(0.000,0.000,0.000) 滚转角=-0.02度 俯仰角=0.11度
10:03:51.326021 [轨迹] 序号=463 单调时间=4646.105859 时间=4646.106 模式=OFFBOARD 起飞状态=未执行起飞 水平控制=位置保持 类型掩码=3520 实际位置NED=(-0.032,0.027,-1.828) 实际速度=(0.012,-0.005,-0.354) 最终目标=(-0.021,0.015,-2.104) 指令位置=(-0.021,0.015,-2.104) 指令速度=(0.000,0.000,0.000) 指令加速度=(0.000,0.000,0.000) 滚转角=-0.00度 俯仰角=0.10度
10:03:51.430249 [轨迹] 序号=464 单调时间=4646.210010 时间=4646.210 模式=OFFBOARD 起飞状态=未执行起飞 水平控制=位置保持 类型掩码=3520 实际位置NED=(-0.031,0.027,-1.848) 实际速度=(0.013,-0.005,-0.304) 最终目标=(-0.021,0.015,-2.104) 指令位置=(-0.021,0.015,-2.104) 指令速度=(0.000,0.000,0.000) 指令加速度=(0.000,0.000,0.000) 滚转角=0.01度 俯仰角=0.09度
10:03:51.534624 [轨迹] 序号=465 单调时间=4646.314412 时间=4646.314 模式=OFFBOARD 起飞状态=未执行起飞 水平控制=位置保持 类型掩码=3520 实际位置NED=(-0.031,0.027,-1.858) 实际速度=(0.013,-0.006,-0.283) 最终目标=(-0.021,0.015,-2.104) 指令位置=(-0.021,0.015,-2.104) 指令速度=(0.000,0.000,0.000) 指令加速度=(0.000,0.000,0.000) 滚转角=0.02度 俯仰角=0.08度
10:03:51.649409 [轨迹] 序号=466 单调时间=4646.418837 时间=4646.419 模式=OFFBOARD 起飞状态=未执行起飞 水平控制=位置保持 类型掩码=3520 实际位置NED=(-0.030,0.027,-1.866) 实际速度=(0.013,-0.006,-0.264) 最终目标=(-0.021,0.015,-2.104) 指令位置=(-0.021,0.015,-2.104) 指令速度=(0.000,0.000,0.000) 指令加速度=(0.000,0.000,0.000) 滚转角=0.03度 俯仰角=0.08度
10:03:51.743359 [轨迹] 序号=467 单调时间=4646.523025 时间=4646.523 模式=OFFBOARD 起飞状态=未执行起飞 水平控制=位置保持 类型掩码=3520 实际位置NED=(-0.030,0.027,-1.874) 实际速度=(0.013,-0.006,-0.247) 最终目标=(-0.021,0.015,-2.104) 指令位置=(-0.021,0.015,-2.104) 指令速度=(0.000,0.000,0.000) 指令加速度=(0.000,0.000,0.000) 滚转角=0.04度 俯仰角=0.07度
10:03:51.847054 [轨迹] 序号=468 单调时间=4646.626889 时间=4646.627 模式=OFFBOARD 起飞状态=未执行起飞 水平控制=位置保持 类型掩码=3520 实际位置NED=(-0.029,0.027,-1.883) 实际速度=(0.014,-0.007,-0.229) 最终目标=(-0.021,0.015,-2.104) 指令位置=(-0.021,0.015,-2.104) 指令速度=(0.000,0.000,0.000) 指令加速度=(0.000,0.000,0.000) 滚转角=0.05度 俯仰角=0.06度
10:03:51.951047 [轨迹] 序号=469 单调时间=4646.730410 时间=4646.730 模式=OFFBOARD 起飞状态=未执行起飞 水平控制=位置保持 类型掩码=3520 实际位置NED=(-0.029,0.026,-1.890) 实际速度=(0.014,-0.007,-0.216) 最终目标=(-0.021,0.015,-2.104) 指令位置=(-0.021,0.015,-2.104) 指令速度=(0.000,0.000,0.000) 指令加速度=(0.000,0.000,0.000) 滚转角=0.06度 俯仰角=0.06度
10:03:52.054613 [轨迹] 序号=470 单调时间=4646.834475 时间=4646.834 模式=OFFBOARD 起飞状态=未执行起飞 水平控制=位置保持 类型掩码=3520 实际位置NED=(-0.029,0.026,-1.903) 实际速度=(0.013,-0.008,-0.193) 最终目标=(-0.021,0.015,-2.104) 指令位置=(-0.021,0.015,-2.104) 指令速度=(0.000,0.000,0.000) 指令加速度=(0.000,0.000,0.000) 滚转角=0.07度 俯仰角=0.05度
10:03:52.159763 [轨迹] 序号=471 单调时间=4646.939579 时间=4646.940 模式=OFFBOARD 起飞状态=未执行起飞 水平控制=位置保持 类型掩码=3520 实际位置NED=(-0.028,0.026,-1.908) 实际速度=(0.013,-0.009,-0.183) 最终目标=(-0.021,0.015,-2.104) 指令位置=(-0.021,0.015,-2.104) 指令速度=(0.000,0.000,0.000) 指令加速度=(0.000,0.000,0.000) 滚转角=0.08度 俯仰角=0.04度
10:03:52.262979 [轨迹] 序号=472 单调时间=4647.042917 时间=4647.043 模式=OFFBOARD 起飞状态=未执行起飞 水平控制=位置保持 类型掩码=3520 实际位置NED=(-0.028,0.026,-1.914) 实际速度=(0.012,-0.009,-0.175) 最终目标=(-0.021,0.015,-2.104) 指令位置=(-0.021,0.015,-2.104) 指令速度=(0.000,0.000,0.000) 指令加速度=(0.000,0.000,0.000) 滚转角=0.08度 俯仰角=0.04度
10:03:52.366438 [轨迹] 序号=473 单调时间=4647.146401 时间=4647.146 模式=OFFBOARD 起飞状态=未执行起飞 水平控制=位置保持 类型掩码=3520 实际位置NED=(-0.028,0.025,-1.921) 实际速度=(0.012,-0.009,-0.165) 最终目标=(-0.021,0.015,-2.104) 指令位置=(-0.021,0.015,-2.104) 指令速度=(0.000,0.000,0.000) 指令加速度=(0.000,0.000,0.000) 滚转角=0.08度 俯仰角=0.03度
10:03:52.470571 [轨迹] 序号=474 单调时间=4647.250133 时间=4647.250 模式=OFFBOARD 起飞状态=未执行起飞 水平控制=位置保持 类型掩码=3520 实际位置NED=(-0.029,0.025,-1.926) 实际速度=(0.011,-0.009,-0.158) 最终目标=(-0.021,0.015,-2.104) 指令位置=(-0.021,0.015,-2.104) 指令速度=(0.000,0.000,0.000) 指令加速度=(0.000,0.000,0.000) 滚转角=0.08度 俯仰角=0.02度
10:03:52.575134 [轨迹] 序号=475 单调时间=4647.355068 时间=4647.355 模式=OFFBOARD 起飞状态=未执行起飞 水平控制=位置保持 类型掩码=3520 实际位置NED=(-0.029,0.025,-1.930) 实际速度=(0.011,-0.010,-0.151) 最终目标=(-0.021,0.015,-2.104) 指令位置=(-0.021,0.015,-2.104) 指令速度=(0.000,0.000,0.000) 指令加速度=(0.000,0.000,0.000) 滚转角=0.08度 俯仰角=0.02度
10:03:52.678420 [轨迹] 序号=476 单调时间=4647.458351 时间=4647.458 模式=OFFBOARD 起飞状态=未执行起飞 水平控制=位置保持 类型掩码=3520 实际位置NED=(-0.029,0.025,-1.935) 实际速度=(0.010,-0.010,-0.145) 最终目标=(-0.021,0.015,-2.104) 指令位置=(-0.021,0.015,-2.104) 指令速度=(0.000,0.000,0.000) 指令加速度=(0.000,0.000,0.000) 滚转角=0.08度 俯仰角=0.01度
10:03:52.781906 [轨迹] 序号=477 单调时间=4647.561828 时间=4647.562 模式=OFFBOARD 起飞状态=未执行起飞 水平控制=位置保持 类型掩码=3520 实际位置NED=(-0.030,0.025,-1.943) 实际速度=(0.009,-0.010,-0.133) 最终目标=(-0.021,0.015,-2.104) 指令位置=(-0.021,0.015,-2.104) 指令速度=(0.000,0.000,0.000) 指令加速度=(0.000,0.000,0.000) 滚转角=0.08度 俯仰角=0.01度
10:03:52.886176 [轨迹] 序号=478 单调时间=4647.666073 时间=4647.666 模式=OFFBOARD 起飞状态=未执行起飞 水平控制=位置保持 类型掩码=3520 实际位置NED=(-0.030,0.025,-1.948) 实际速度=(0.008,-0.009,-0.127) 最终目标=(-0.021,0.015,-2.104) 指令位置=(-0.021,0.015,-2.104) 指令速度=(0.000,0.000,0.000) 指令加速度=(0.000,0.000,0.000) 滚转角=0.07度 俯仰角=0.00度
10:03:52.989633 [轨迹] 序号=479 单调时间=4647.769564 时间=4647.770 模式=OFFBOARD 起飞状态=未执行起飞 水平控制=位置保持 类型掩码=3520 实际位置NED=(-0.030,0.025,-1.952) 实际速度=(0.008,-0.010,-0.122) 最终目标=(-0.021,0.015,-2.104) 指令位置=(-0.021,0.015,-2.104) 指令速度=(0.000,0.000,0.000) 指令加速度=(0.000,0.000,0.000) 滚转角=0.06度 俯仰角=0.00度
10:03:53.093565 [轨迹] 序号=480 单调时间=4647.873662 时间=4647.874 模式=OFFBOARD 起飞状态=未执行起飞 水平控制=位置保持 类型掩码=3520 实际位置NED=(-0.031,0.024,-1.956) 实际速度=(0.007,-0.009,-0.118) 最终目标=(-0.021,0.015,-2.104) 指令位置=(-0.021,0.015,-2.104) 指令速度=(0.000,0.000,0.000) 指令加速度=(0.000,0.000,0.000) 滚转角=0.05度 俯仰角=0.00度
10:03:53.197394 [轨迹] 序号=481 单调时间=4647.977467 时间=4647.977 模式=OFFBOARD 起飞状态=未执行起飞 水平控制=位置保持 类型掩码=3520 实际位置NED=(-0.032,0.024,-1.963) 实际速度=(0.006,-0.009,-0.110) 最终目标=(-0.021,0.015,-2.104) 指令位置=(-0.021,0.015,-2.104) 指令速度=(0.000,0.000,0.000) 指令加速度=(0.000,0.000,0.000) 滚转角=0.04度 俯仰角=-0.00度
10:03:53.300757 [轨迹] 序号=482 单调时间=4648.080670 时间=4648.081 模式=OFFBOARD 起飞状态=未执行起飞 水平控制=位置保持 类型掩码=3520 实际位置NED=(-0.032,0.024,-1.967) 实际速度=(0.006,-0.009,-0.106) 最终目标=(-0.021,0.015,-2.104) 指令位置=(-0.021,0.015,-2.104) 指令速度=(0.000,0.000,0.000) 指令加速度=(0.000,0.000,0.000) 滚转角=0.03度 俯仰角=-0.00度
10:03:53.404300 [轨迹] 序号=483 单调时间=4648.184184 时间=4648.184 模式=OFFBOARD 起飞状态=未执行起飞 水平控制=位置保持 类型掩码=3520 实际位置NED=(-0.033,0.024,-1.971) 实际速度=(0.005,-0.009,-0.102) 最终目标=(-0.021,0.015,-2.104) 指令位置=(-0.021,0.015,-2.104) 指令速度=(0.000,0.000,0.000) 指令加速度=(0.000,0.000,0.000) 滚转角=0.02度 俯仰角=-0.00度
10:03:53.508028 [轨迹] 序号=484 单调时间=4648.287771 时间=4648.288 模式=OFFBOARD 起飞状态=未执行起飞 水平控制=位置保持 类型掩码=3520 实际位置NED=(-0.033,0.024,-1.974) 实际速度=(0.005,-0.009,-0.099) 最终目标=(-0.021,0.015,-2.104) 指令位置=(-0.021,0.015,-2.104) 指令速度=(0.000,0.000,0.000) 指令加速度=(0.000,0.000,0.000) 滚转角=0.01度 俯仰角=-0.00度
10:03:53.611189 [轨迹] 序号=485 单调时间=4648.391151 时间=4648.391 模式=OFFBOARD 起飞状态=未执行起飞 水平控制=位置保持 类型掩码=3520 实际位置NED=(-0.034,0.024,-1.980) 实际速度=(0.005,-0.009,-0.093) 最终目标=(-0.021,0.015,-2.104) 指令位置=(-0.021,0.015,-2.104) 指令速度=(0.000,0.000,0.000) 指令加速度=(0.000,0.000,0.000) 滚转角=-0.00度 俯仰角=-0.00度
10:03:53.714860 [轨迹] 序号=486 单调时间=4648.494727 时间=4648.495 模式=OFFBOARD 起飞状态=未执行起飞 水平控制=位置保持 类型掩码=3520 实际位置NED=(-0.034,0.024,-1.983) 实际速度=(0.005,-0.009,-0.090) 最终目标=(-0.021,0.015,-2.104) 指令位置=(-0.021,0.015,-2.104) 指令速度=(0.000,0.000,0.000) 指令加速度=(0.000,0.000,0.000) 滚转角=-0.01度 俯仰角=-0.00度
10:03:53.819459 [轨迹] 序号=487 单调时间=4648.598974 时间=4648.599 模式=OFFBOARD 起飞状态=未执行起飞 水平控制=位置保持 类型掩码=3520 实际位置NED=(-0.035,0.023,-1.986) 实际速度=(0.005,-0.009,-0.087) 最终目标=(-0.021,0.015,-2.104) 指令位置=(-0.021,0.015,-2.104) 指令速度=(0.000,0.000,0.000) 指令加速度=(0.000,0.000,0.000) 滚转角=-0.02度 俯仰角=-0.00度
10:03:53.922918 [轨迹] 序号=488 单调时间=4648.702824 时间=4648.703 模式=OFFBOARD 起飞状态=未执行起飞 水平控制=位置保持 类型掩码=3520 实际位置NED=(-0.035,0.023,-1.988) 实际速度=(0.006,-0.009,-0.084) 最终目标=(-0.021,0.015,-2.104) 指令位置=(-0.021,0.015,-2.104) 指令速度=(0.000,0.000,0.000) 指令加速度=(0.000,0.000,0.000) 滚转角=-0.03度 俯仰角=-0.00度
10:03:54.027161 [轨迹] 序号=489 单调时间=4648.806998 时间=4648.807 模式=OFFBOARD 起飞状态=未执行起飞 水平控制=位置保持 类型掩码=3520 实际位置NED=(-0.035,0.023,-1.991) 实际速度=(0.006,-0.009,-0.082) 最终目标=(-0.021,0.015,-2.104) 指令位置=(-0.021,0.015,-2.104) 指令速度=(0.000,0.000,0.000) 指令加速度=(0.000,0.000,0.000) 滚转角=-0.03度 俯仰角=-0.00度
10:03:54.131289 [轨迹] 序号=490 单调时间=4648.910981 时间=4648.911 模式=OFFBOARD 起飞状态=未执行起飞 水平控制=位置保持 类型掩码=3520 实际位置NED=(-0.035,0.022,-1.997) 实际速度=(0.007,-0.009,-0.076) 最终目标=(-0.021,0.015,-2.104) 指令位置=(-0.021,0.015,-2.104) 指令速度=(0.000,0.000,0.000) 指令加速度=(0.000,0.000,0.000) 滚转角=-0.04度 俯仰角=-0.00度
10:03:54.235659 [轨迹] 序号=491 单调时间=4649.015170 时间=4649.015 模式=OFFBOARD 起飞状态=未执行起飞 水平控制=位置保持 类型掩码=3520 实际位置NED=(-0.035,0.022,-1.999) 实际速度=(0.007,-0.009,-0.074) 最终目标=(-0.021,0.015,-2.104) 指令位置=(-0.021,0.015,-2.104) 指令速度=(0.000,0.000,0.000) 指令加速度=(0.000,0.000,0.000) 滚转角=-0.04度 俯仰角=-0.00度
10:03:54.338928 [轨迹] 序号=492 单调时间=4649.118948 时间=4649.119 模式=OFFBOARD 起飞状态=未执行起飞 水平控制=位置保持 类型掩码=3520 实际位置NED=(-0.035,0.022,-2.002) 实际速度=(0.008,-0.009,-0.071) 最终目标=(-0.021,0.015,-2.104) 指令位置=(-0.021,0.015,-2.104) 指令速度=(0.000,0.000,0.000) 指令加速度=(0.000,0.000,0.000) 滚转角=-0.04度 俯仰角=-0.00度
10:03:54.442647 [轨迹] 序号=493 单调时间=4649.222379 时间=4649.222 模式=OFFBOARD 起飞状态=未执行起飞 水平控制=位置保持 类型掩码=3520 实际位置NED=(-0.035,0.021,-2.004) 实际速度=(0.008,-0.009,-0.069) 最终目标=(-0.021,0.015,-2.104) 指令位置=(-0.021,0.015,-2.104) 指令速度=(0.000,0.000,0.000) 指令加速度=(0.000,0.000,0.000) 滚转角=-0.04度 俯仰角=-0.01度
10:03:54.546022 [轨迹] 序号=494 单调时间=4649.325873 时间=4649.326 模式=OFFBOARD 起飞状态=未执行起飞 水平控制=位置保持 类型掩码=3520 实际位置NED=(-0.036,0.021,-2.006) 实际速度=(0.008,-0.009,-0.067) 最终目标=(-0.021,0.015,-2.104) 指令位置=(-0.021,0.015,-2.104) 指令速度=(0.000,0.000,0.000) 指令加速度=(0.000,0.000,0.000) 滚转角=-0.04度 俯仰角=-0.01度
10:03:54.649830 [轨迹] 序号=495 单调时间=4649.429723 时间=4649.430 模式=OFFBOARD 起飞状态=未执行起飞 水平控制=位置保持 类型掩码=3520 实际位置NED=(-0.036,0.021,-2.011) 实际速度=(0.009,-0.009,-0.063) 最终目标=(-0.021,0.015,-2.104) 指令位置=(-0.021,0.015,-2.104) 指令速度=(0.000,0.000,0.000) 指令加速度=(0.000,0.000,0.000) 滚转角=-0.04度 俯仰角=-0.01度
10:03:54.754097 [轨迹] 序号=496 单调时间=4649.534082 时间=4649.534 模式=OFFBOARD 起飞状态=未执行起飞 水平控制=位置保持 类型掩码=3520 实际位置NED=(-0.036,0.020,-2.013) 实际速度=(0.009,-0.009,-0.061) 最终目标=(-0.021,0.015,-2.104) 指令位置=(-0.021,0.015,-2.104) 指令速度=(0.000,0.000,0.000) 指令加速度=(0.000,0.000,0.000) 滚转角=-0.04度 俯仰角=-0.02度
10:03:54 [贴顶流程] 启动指令已发送
10:03:54.857337 [轨迹] 序号=497 单调时间=4649.637291 时间=4649.637 模式=OFFBOARD 起飞状态=未执行起飞 水平控制=位置保持 类型掩码=3520 实际位置NED=(-0.036,0.020,-2.015) 实际速度=(0.009,-0.009,-0.059) 最终目标=(-0.021,0.015,-2.104) 指令位置=(-0.021,0.015,-2.104) 指令速度=(0.000,0.000,0.000) 指令加速度=(0.000,0.000,0.000) 滚转角=-0.04度 俯仰角=-0.02度
10:03:56 [贴顶流程] 正在快速寻顶
10:04:04 [贴顶流程] 正在缓慢贴顶
10:04:09 [贴顶流程] 贴顶完成，正在等输出加压，原因：顶部距离确认
10:04:21 [输入] 已按下一次降落按钮；后续移动目标已禁用
10:04:21 [安全离顶] 降落前先卸载顶部压力并下降到安全距离
10:04:21 [安全离顶] 飞控已经开始卸压和离顶
10:04:21 [应答] 安全离顶：已接受（MAV_RESULT_ACCEPTED）
10:04:22 [贴顶流程] 正在卸载顶部压力，原因：执行降落
10:04:25 [贴顶流程] 正在安全离开顶部，原因：执行降落
10:04:32 [安全离顶] 已达到安全距离，正在恢复控制权
10:04:32 [贴顶流程] 正在恢复上位机控制
10:04:32 [目标] 已重置：北=0.021 东=1.195 下=-2.183
10:04:32 [控制交接] 目标重置完成，交接编号=4；上位机目标=北0.021 东1.195 下-2.183
10:04:33.029735 [轨迹] 序号=498 单调时间=4687.809789 时间=4687.810 模式=OFFBOARD 起飞状态=未执行起飞 水平控制=位置保持 类型掩码=3520 实际位置NED=(0.023,1.211,-2.180) 实际速度=(0.024,0.509,0.081) 最终目标=(0.021,1.195,-2.183) 指令位置=(0.021,1.195,-2.183) 指令速度=(0.000,0.000,0.000) 指令加速度=(0.000,0.000,0.000) 滚转角=0.05度 俯仰角=-0.15度
10:04:33.133002 [轨迹] 序号=499 单调时间=4687.912980 时间=4687.913 模式=OFFBOARD 起飞状态=未执行起飞 水平控制=位置保持 类型掩码=3520 实际位置NED=(0.026,1.243,-2.176) 实际速度=(0.024,0.506,0.047) 最终目标=(0.021,1.195,-2.183) 指令位置=(0.021,1.195,-2.183) 指令速度=(0.000,0.000,0.000) 指令加速度=(0.000,0.000,0.000) 滚转角=0.07度 俯仰角=0.31度
10:04:33.236517 [轨迹] 序号=500 单调时间=4688.016198 时间=4688.016 模式=OFFBOARD 起飞状态=未执行起飞 水平控制=位置保持 类型掩码=3520 实际位置NED=(0.027,1.259,-2.175) 实际速度=(0.024,0.501,0.030) 最终目标=(0.021,1.195,-2.183) 指令位置=(0.021,1.195,-2.183) 指令速度=(0.000,0.000,0.000) 指令加速度=(0.000,0.000,0.000) 滚转角=0.10度 俯仰角=0.64度
10:04:33.340995 [轨迹] 序号=501 单调时间=4688.120901 时间=4688.121 模式=OFFBOARD 起飞状态=未执行起飞 水平控制=位置保持 类型掩码=3520 实际位置NED=(0.029,1.278,-2.174) 实际速度=(0.025,0.491,0.014) 最终目标=(0.021,1.195,-2.183) 指令位置=(0.021,1.195,-2.183) 指令速度=(0.000,0.000,0.000) 指令加速度=(0.000,0.000,0.000) 滚转角=0.20度 俯仰角=1.78度
10:04:33 [贴顶流程] 待机
10:04:33 [安全离顶] 控制权已经恢复，现在发送正式降落指令
10:04:33 [应答] 降落：已接受（MAV_RESULT_ACCEPTED）
10:04:36 [模式] 已退出OFFBOARD；旧目标已丢弃，开始跟随飞机当前位置
10:04:36.218542 [轨迹] 序号=502 单调时间=4690.998327 时间=4690.998 模式=AUTO.LAND 起飞状态=未执行起飞 水平控制=位置保持 类型掩码=3520 实际位置NED=(0.064,1.496,-1.742) 实际速度=(0.003,-0.001,0.654) 最终目标=(0.064,1.496,-1.742) 指令位置=(0.064,1.496,nan) 指令速度=(0.000,0.000,0.000) 指令加速度=(0.000,0.000,nan) 滚转角=0.52度 俯仰角=1.19度
10:04:36.321891 [轨迹] 序号=503 单调时间=4691.101640 时间=4691.102 模式=AUTO.LAND 起飞状态=未执行起飞 水平控制=位置保持 类型掩码=3520 实际位置NED=(0.064,1.494,-1.721) 实际速度=(0.002,-0.009,0.647) 最终目标=(0.064,1.494,-1.721) 指令位置=(0.064,1.494,nan) 指令速度=(0.000,0.000,0.000) 指令加速度=(0.000,0.000,nan) 滚转角=0.44度 俯仰角=0.67度
10:04:36.424495 [轨迹] 序号=504 单调时间=4691.204497 时间=4691.204 模式=AUTO.LAND 起飞状态=未执行起飞 水平控制=位置保持 类型掩码=3520 实际位置NED=(0.065,1.492,-1.701) 实际速度=(0.000,-0.015,0.642) 最终目标=(0.065,1.492,-1.701) 指令位置=(0.065,1.492,nan) 指令速度=(0.000,0.000,0.000) 指令加速度=(0.000,0.000,nan) 滚转角=0.39度 俯仰角=0.36度
10:04:36.528107 [轨迹] 序号=505 单调时间=4691.308134 时间=4691.308 模式=AUTO.LAND 起飞状态=未执行起飞 水平控制=位置保持 类型掩码=3520 实际位置NED=(0.065,1.489,-1.681) 实际速度=(-0.001,-0.019,0.640) 最终目标=(0.065,1.489,-1.681) 指令位置=(0.065,1.489,nan) 指令速度=(0.000,0.000,0.000) 指令加速度=(0.000,0.000,nan) 滚转角=0.33度 俯仰角=0.03度
10:04:36.631093 [轨迹] 序号=506 单调时间=4691.411060 时间=4691.411 模式=AUTO.LAND 起飞状态=未执行起飞 水平控制=位置保持 类型掩码=3520 实际位置NED=(0.066,1.484,-1.641) 实际速度=(-0.003,-0.023,0.638) 最终目标=(0.066,1.484,-1.641) 指令位置=(0.066,1.484,nan) 指令速度=(0.000,0.000,0.000) 指令加速度=(0.000,0.000,nan) 滚转角=0.29度 俯仰角=-0.17度
10:04:36.734138 [轨迹] 序号=507 单调时间=4691.514179 时间=4691.514 模式=AUTO.LAND 起飞状态=未执行起飞 水平控制=位置保持 类型掩码=3520 实际位置NED=(0.066,1.480,-1.615) 实际速度=(-0.004,-0.024,0.639) 最终目标=(0.066,1.480,-1.615) 指令位置=(0.066,1.480,nan) 指令速度=(0.000,0.000,0.000) 指令加速度=(0.000,0.000,nan) 滚转角=0.22度 俯仰角=-0.51度
10:04:36.836658 [轨迹] 序号=508 单调时间=4691.616564 时间=4691.617 模式=AUTO.LAND 起飞状态=未执行起飞 水平控制=位置保持 类型掩码=3520 实际位置NED=(0.066,1.477,-1.595) 实际速度=(-0.005,-0.024,0.640) 最终目标=(0.066,1.477,-1.595) 指令位置=(0.066,1.477,nan) 指令速度=(0.000,0.000,0.000) 指令加速度=(0.000,0.000,nan) 滚转角=0.19度 俯仰角=-0.68度
10:04:36.939306 [轨迹] 序号=509 单调时间=4691.719286 时间=4691.719 模式=AUTO.LAND 起飞状态=未执行起飞 水平控制=位置保持 类型掩码=3520 实际位置NED=(0.066,1.474,-1.575) 实际速度=(-0.006,-0.022,0.642) 最终目标=(0.066,1.474,-1.575) 指令位置=(0.066,1.474,nan) 指令速度=(0.000,0.000,0.000) 指令加速度=(0.000,0.000,nan) 滚转角=0.17度 俯仰角=-0.75度
10:04:37.041870 [轨迹] 序号=510 单调时间=4691.821708 时间=4691.822 模式=AUTO.LAND 起飞状态=未执行起飞 水平控制=位置保持 类型掩码=3520 实际位置NED=(0.067,1.471,-1.555) 实际速度=(-0.007,-0.021,0.644) 最终目标=(0.067,1.471,-1.555) 指令位置=(0.067,1.471,nan) 指令速度=(0.000,0.000,0.000) 指令加速度=(0.000,0.000,nan) 滚转角=0.15度 俯仰角=-0.87度
10:04:37.144745 [轨迹] 序号=511 单调时间=4691.924664 时间=4691.925 模式=AUTO.LAND 起飞状态=未执行起飞 水平控制=位置保持 类型掩码=3520 实际位置NED=(0.066,1.467,-1.514) 实际速度=(-0.009,-0.014,0.649) 最终目标=(0.066,1.467,-1.514) 指令位置=(0.066,1.467,nan) 指令速度=(0.000,0.000,0.000) 指令加速度=(0.000,0.000,nan) 滚转角=0.13度 俯仰角=-0.97度
10:04:37.266549 [轨迹] 序号=512 单调时间=4692.046584 时间=4692.047 模式=AUTO.LAND 起飞状态=未执行起飞 水平控制=位置保持 类型掩码=3520 实际位置NED=(0.066,1.464,-1.488) 实际速度=(-0.010,-0.009,0.652) 最终目标=(0.066,1.464,-1.488) 指令位置=(0.066,1.464,nan) 指令速度=(0.000,0.000,0.000) 指令加速度=(0.000,0.000,nan) 滚转角=0.11度 俯仰角=-1.08度
10:04:37.354163 [轨迹] 序号=513 单调时间=4692.134055 时间=4692.134 模式=AUTO.LAND 起飞状态=未执行起飞 水平控制=位置保持 类型掩码=3520 实际位置NED=(0.066,1.463,-1.468) 实际速度=(-0.011,-0.004,0.654) 最终目标=(0.066,1.463,-1.468) 指令位置=(0.066,1.463,nan) 指令速度=(0.000,0.000,0.000) 指令加速度=(0.000,0.000,nan) 滚转角=0.10度 俯仰角=-1.10度
10:04:37.456856 [轨迹] 序号=514 单调时间=4692.236514 时间=4692.237 模式=AUTO.LAND 起飞状态=未执行起飞 水平控制=位置保持 类型掩码=3520 实际位置NED=(0.065,1.462,-1.447) 实际速度=(-0.012,0.001,0.657) 最终目标=(0.065,1.462,-1.447) 指令位置=(0.065,1.462,nan) 指令速度=(0.000,0.000,0.000) 指令加速度=(0.000,0.000,nan) 滚转角=0.09度 俯仰角=-1.14度
10:04:37.559683 [轨迹] 序号=515 单调时间=4692.339408 时间=4692.339 模式=AUTO.LAND 起飞状态=未执行起飞 水平控制=位置保持 类型掩码=3520 实际位置NED=(0.065,1.462,-1.426) 实际速度=(-0.013,0.007,0.660) 最终目标=(0.065,1.462,-1.426) 指令位置=(0.065,1.462,nan) 指令速度=(0.000,0.000,0.000) 指令加速度=(0.000,0.000,nan) 滚转角=0.08度 俯仰角=-1.16度
10:04:37.663152 [轨迹] 序号=516 单调时间=4692.443105 时间=4692.443 模式=AUTO.LAND 起飞状态=未执行起飞 水平控制=位置保持 类型掩码=3520 实际位置NED=(0.064,1.463,-1.384) 实际速度=(-0.015,0.019,0.664) 最终目标=(0.064,1.463,-1.384) 指令位置=(0.064,1.463,nan) 指令速度=(0.000,0.000,0.000) 指令加速度=(0.000,0.000,nan) 滚转角=0.06度 俯仰角=-1.17度
10:04:37.766352 [轨迹] 序号=517 单调时间=4692.546242 时间=4692.546 模式=AUTO.LAND 起飞状态=未执行起飞 水平控制=位置保持 类型掩码=3520 实际位置NED=(0.064,1.463,-1.384) 实际速度=(-0.015,0.019,0.664) 最终目标=(0.064,1.463,-1.384) 指令位置=(0.064,1.463,nan) 指令速度=(0.000,0.000,0.000) 指令加速度=(0.000,0.000,nan) 滚转角=0.05度 俯仰角=-1.16度
10:04:37.871185 [轨迹] 序号=518 单调时间=4692.651168 时间=4692.651 模式=AUTO.LAND 起飞状态=未执行起飞 水平控制=位置保持 类型掩码=3520 实际位置NED=(0.063,1.465,-1.337) 实际速度=(-0.017,0.034,0.669) 最终目标=(0.063,1.465,-1.337) 指令位置=(0.063,1.465,nan) 指令速度=(0.000,0.000,0.000) 指令加速度=(0.000,0.000,nan) 滚转角=0.04度 俯仰角=-1.14度
10:04:37.974481 [轨迹] 序号=519 单调时间=4692.754268 时间=4692.754 模式=AUTO.LAND 起飞状态=未执行起飞 水平控制=位置保持 类型掩码=3520 实际位置NED=(0.062,1.467,-1.315) 实际速度=(-0.017,0.040,0.671) 最终目标=(0.062,1.467,-1.315) 指令位置=(0.062,1.467,nan) 指令速度=(0.000,0.000,0.000) 指令加速度=(0.000,0.000,nan) 滚转角=0.03度 俯仰角=-1.12度
10:04:38.077628 [轨迹] 序号=520 单调时间=4692.857574 时间=4692.858 模式=AUTO.LAND 起飞状态=未执行起飞 水平控制=位置保持 类型掩码=3520 实际位置NED=(0.062,1.468,-1.294) 实际速度=(-0.017,0.046,0.673) 最终目标=(0.062,1.468,-1.294) 指令位置=(0.062,1.468,nan) 指令速度=(0.000,0.000,0.000) 指令加速度=(0.000,0.000,nan) 滚转角=0.01度 俯仰角=-1.06度
10:04:38.181037 [轨迹] 序号=521 单调时间=4692.960816 时间=4692.961 模式=AUTO.LAND 起飞状态=未执行起飞 水平控制=位置保持 类型掩码=3520 实际位置NED=(0.062,1.470,-1.272) 实际速度=(-0.017,0.052,0.675) 最终目标=(0.062,1.470,-1.272) 指令位置=(0.062,1.470,nan) 指令速度=(0.000,0.000,0.000) 指令加速度=(0.000,0.000,nan) 滚转角=-0.00度 俯仰角=-1.00度
10:04:38.284604 [轨迹] 序号=522 单调时间=4693.064565 时间=4693.065 模式=AUTO.LAND 起飞状态=未执行起飞 水平控制=位置保持 类型掩码=3520 实际位置NED=(0.061,1.476,-1.224) 实际速度=(-0.017,0.065,0.679) 最终目标=(0.061,1.476,-1.224) 指令位置=(0.061,1.476,nan) 指令速度=(0.000,0.000,0.000) 指令加速度=(0.000,0.000,nan) 滚转角=-0.01度 俯仰角=-0.94度
10:04:38.388328 [轨迹] 序号=523 单调时间=4693.168081 时间=4693.168 模式=AUTO.LAND 起飞状态=未执行起飞 水平控制=位置保持 类型掩码=3520 实际位置NED=(0.061,1.479,-1.202) 实际速度=(-0.017,0.070,0.681) 最终目标=(0.061,1.479,-1.202) 指令位置=(0.061,1.479,nan) 指令速度=(0.000,0.000,0.000) 指令加速度=(0.000,0.000,nan) 滚转角=-0.02度 俯仰角=-0.88度
10:04:38.491697 [轨迹] 序号=524 单调时间=4693.271541 时间=4693.272 模式=AUTO.LAND 起飞状态=未执行起飞 水平控制=位置保持 类型掩码=3520 实际位置NED=(0.060,1.482,-1.181) 实际速度=(-0.017,0.075,0.682) 最终目标=(0.060,1.482,-1.181) 指令位置=(0.060,1.482,nan) 指令速度=(0.000,0.000,0.000) 指令加速度=(0.000,0.000,nan) 滚转角=-0.02度 俯仰角=-0.82度
10:04:38.594934 [轨迹] 序号=525 单调时间=4693.374812 时间=4693.375 模式=AUTO.LAND 起飞状态=未执行起飞 水平控制=位置保持 类型掩码=3520 实际位置NED=(0.060,1.485,-1.159) 实际速度=(-0.016,0.079,0.684) 最终目标=(0.060,1.485,-1.159) 指令位置=(0.060,1.485,nan) 指令速度=(0.000,0.000,0.000) 指令加速度=(0.000,0.000,nan) 滚转角=-0.02度 俯仰角=-0.73度
10:04:38.698903 [轨迹] 序号=526 单调时间=4693.478607 时间=4693.479 模式=AUTO.LAND 起飞状态=未执行起飞 水平控制=位置保持 类型掩码=3520 实际位置NED=(0.060,1.488,-1.137) 实际速度=(-0.015,0.083,0.685) 最终目标=(0.060,1.488,-1.137) 指令位置=(0.060,1.488,nan) 指令速度=(0.000,0.000,0.000) 指令加速度=(0.000,0.000,nan) 滚转角=-0.02度 俯仰角=-0.65度
10:04:38.802847 [轨迹] 序号=527 单调时间=4693.582609 时间=4693.583 模式=AUTO.LAND 起飞状态=未执行起飞 水平控制=位置保持 类型掩码=3520 实际位置NED=(0.061,1.491,-1.115) 实际速度=(-0.014,0.087,0.686) 最终目标=(0.061,1.491,-1.115) 指令位置=(0.061,1.491,nan) 指令速度=(0.000,0.000,0.000) 指令加速度=(0.000,0.000,nan) 滚转角=-0.02度 俯仰角=-0.58度
10:04:38.906973 [轨迹] 序号=528 单调时间=4693.686885 时间=4693.687 模式=AUTO.LAND 起飞状态=未执行起飞 水平控制=位置保持 类型掩码=3520 实际位置NED=(0.062,1.499,-1.066) 实际速度=(-0.011,0.094,0.689) 最终目标=(0.062,1.499,-1.066) 指令位置=(0.062,1.499,nan) 指令速度=(0.000,0.000,0.000) 指令加速度=(0.000,0.000,nan) 滚转角=-0.02度 俯仰角=-0.51度
10:04:39.010145 [轨迹] 序号=529 单调时间=4693.790071 时间=4693.790 模式=AUTO.LAND 起飞状态=未执行起飞 水平控制=位置保持 类型掩码=3520 实际位置NED=(0.062,1.503,-1.044) 实际速度=(-0.010,0.097,0.689) 最终目标=(0.062,1.503,-1.044) 指令位置=(0.062,1.503,nan) 指令速度=(0.000,0.000,0.000) 指令加速度=(0.000,0.000,nan) 滚转角=-0.01度 俯仰角=-0.44度
10:04:39.114775 [轨迹] 序号=530 单调时间=4693.894599 时间=4693.895 模式=AUTO.LAND 起飞状态=未执行起飞 水平控制=位置保持 类型掩码=3520 实际位置NED=(0.063,1.507,-1.022) 实际速度=(-0.008,0.100,0.691) 最终目标=(0.063,1.507,-1.022) 指令位置=(0.063,1.507,nan) 指令速度=(0.000,0.000,0.000) 指令加速度=(0.000,0.000,nan) 滚转角=0.00度 俯仰角=-0.38度
10:04:39.217931 [轨迹] 序号=531 单调时间=4693.997809 时间=4693.998 模式=AUTO.LAND 起飞状态=未执行起飞 水平控制=位置保持 类型掩码=3520 实际位置NED=(0.065,1.516,-0.977) 实际速度=(-0.006,0.106,0.692) 最终目标=(0.065,1.516,-0.977) 指令位置=(0.065,1.516,nan) 指令速度=(0.000,0.000,0.000) 指令加速度=(0.000,0.000,nan) 滚转角=0.02度 俯仰角=-0.31度
10:04:39.321175 [轨迹] 序号=532 单调时间=4694.101178 时间=4694.101 模式=AUTO.LAND 起飞状态=未执行起飞 水平控制=位置保持 类型掩码=3520 实际位置NED=(0.066,1.523,-0.950) 实际速度=(-0.004,0.109,0.694) 最终目标=(0.066,1.523,-0.950) 指令位置=(0.066,1.523,nan) 指令速度=(0.000,0.000,0.000) 指令加速度=(0.000,0.000,nan) 滚转角=0.05度 俯仰角=-0.21度
10:04:39.424388 [轨迹] 序号=533 单调时间=4694.204351 时间=4694.204 模式=AUTO.LAND 起飞状态=未执行起飞 水平控制=位置保持 类型掩码=3520 实际位置NED=(0.067,1.528,-0.927) 实际速度=(-0.003,0.112,0.691) 最终目标=(0.067,1.528,-0.927) 指令位置=(0.067,1.528,nan) 指令速度=(0.000,0.000,0.000) 指令加速度=(0.000,0.000,nan) 滚转角=0.07度 俯仰角=-0.14度
10:04:39.527826 [轨迹] 序号=534 单调时间=4694.307846 时间=4694.308 模式=AUTO.LAND 起飞状态=未执行起飞 水平控制=位置保持 类型掩码=3520 实际位置NED=(0.067,1.533,-0.905) 实际速度=(-0.002,0.114,0.682) 最终目标=(0.067,1.533,-0.905) 指令位置=(0.067,1.533,nan) 指令速度=(0.000,0.000,0.000) 指令加速度=(0.000,0.000,nan) 滚转角=0.09度 俯仰角=-0.08度
10:04:39.631709 [轨迹] 序号=535 单调时间=4694.411410 时间=4694.411 模式=AUTO.LAND 起飞状态=未执行起飞 水平控制=位置保持 类型掩码=3520 实际位置NED=(0.068,1.539,-0.884) 实际速度=(-0.002,0.116,0.665) 最终目标=(0.068,1.539,-0.884) 指令位置=(0.068,1.539,nan) 指令速度=(0.000,0.000,0.000) 指令加速度=(0.000,0.000,nan) 滚转角=0.11度 俯仰角=-0.03度
10:04:39.736211 [轨迹] 序号=536 单调时间=4694.516070 时间=4694.516 模式=AUTO.LAND 起飞状态=未执行起飞 水平控制=位置保持 类型掩码=3520 实际位置NED=(0.069,1.550,-0.843) 实际速度=(-0.002,0.119,0.613) 最终目标=(0.069,1.550,-0.843) 指令位置=(0.069,1.550,nan) 指令速度=(0.000,0.000,0.000) 指令加速度=(0.000,0.000,nan) 滚转角=0.14度 俯仰角=0.04度
10:04:39.839237 [轨迹] 序号=537 单调时间=4694.619281 时间=4694.619 模式=AUTO.LAND 起飞状态=未执行起飞 水平控制=位置保持 类型掩码=3520 实际位置NED=(0.069,1.557,-0.819) 实际速度=(-0.003,0.120,0.569) 最终目标=(0.069,1.557,-0.819) 指令位置=(0.069,1.557,nan) 指令速度=(0.000,0.000,0.000) 指令加速度=(0.000,0.000,nan) 滚转角=0.18度 俯仰角=0.15度
10:04:39.942727 [轨迹] 序号=538 单调时间=4694.722381 时间=4694.722 模式=AUTO.LAND 起飞状态=未执行起飞 水平控制=位置保持 类型掩码=3520 实际位置NED=(0.069,1.563,-0.801) 实际速度=(-0.003,0.121,0.529) 最终目标=(0.069,1.563,-0.801) 指令位置=(0.069,1.563,nan) 指令速度=(0.000,0.000,0.000) 指令加速度=(0.000,0.000,nan) 滚转角=0.21度 俯仰角=0.22度
10:04:40.046143 [轨迹] 序号=539 单调时间=4694.826139 时间=4694.826 模式=AUTO.LAND 起飞状态=未执行起飞 水平控制=位置保持 类型掩码=3520 实际位置NED=(0.069,1.569,-0.785) 实际速度=(-0.005,0.120,0.483) 最终目标=(0.069,1.569,-0.785) 指令位置=(0.069,1.569,nan) 指令速度=(0.000,0.000,0.000) 指令加速度=(0.000,0.000,nan) 滚转角=0.23度 俯仰角=0.28度
10:04:40.150248 [轨迹] 序号=540 单调时间=4694.930136 时间=4694.930 模式=AUTO.LAND 起飞状态=未执行起飞 水平控制=位置保持 类型掩码=3520 实际位置NED=(0.069,1.574,-0.771) 实际速度=(-0.007,0.119,0.433) 最终目标=(0.069,1.574,-0.771) 指令位置=(0.069,1.574,nan) 指令速度=(0.000,0.000,0.000) 指令加速度=(0.000,0.000,nan) 滚转角=0.24度 俯仰角=0.34度
10:04:40.253797 [轨迹] 序号=541 单调时间=4695.033668 时间=4695.034 模式=AUTO.LAND 起飞状态=未执行起飞 水平控制=位置保持 类型掩码=3520 实际位置NED=(0.067,1.584,-0.746) 实际速度=(-0.010,0.115,0.332) 最终目标=(0.067,1.584,-0.746) 指令位置=(0.067,1.584,nan) 指令速度=(0.000,0.000,0.000) 指令加速度=(0.000,0.000,nan) 滚转角=0.25度 俯仰角=0.41度
10:04:40.357369 [轨迹] 序号=542 单调时间=4695.137281 时间=4695.137 模式=AUTO.LAND 起飞状态=未执行起飞 水平控制=位置保持 类型掩码=3520 实际位置NED=(0.066,1.590,-0.734) 实际速度=(-0.012,0.112,0.285) 最终目标=(0.066,1.590,-0.734) 指令位置=(0.066,1.590,nan) 指令速度=(0.000,0.000,0.000) 指令加速度=(0.000,0.000,nan) 滚转角=0.25度 俯仰角=0.49度
10:04:40.461139 [轨迹] 序号=543 单调时间=4695.241037 时间=4695.241 模式=AUTO.LAND 起飞状态=未执行起飞 水平控制=位置保持 类型掩码=3520 实际位置NED=(0.065,1.594,-0.725) 实际速度=(-0.014,0.108,0.258) 最终目标=(0.065,1.594,-0.725) 指令位置=(0.065,1.594,nan) 指令速度=(0.000,0.000,0.000) 指令加速度=(0.000,0.000,nan) 滚转角=0.25度 俯仰角=0.55度
10:04:40.565229 [轨迹] 序号=544 单调时间=4695.345086 时间=4695.345 模式=AUTO.LAND 起飞状态=未执行起飞 水平控制=位置保持 类型掩码=3520 实际位置NED=(0.064,1.598,-0.718) 实际速度=(-0.017,0.105,0.242) 最终目标=(0.064,1.598,-0.718) 指令位置=(0.064,1.598,nan) 指令速度=(0.000,0.000,0.000) 指令加速度=(0.000,0.000,nan) 滚转角=0.24度 俯仰角=0.61度
10:04:40.668806 [轨迹] 序号=545 单调时间=4695.448705 时间=4695.449 模式=AUTO.LAND 起飞状态=未执行起飞 水平控制=位置保持 类型掩码=3520 实际位置NED=(0.063,1.602,-0.710) 实际速度=(-0.019,0.101,0.233) 最终目标=(0.063,1.602,-0.710) 指令位置=(0.063,1.602,nan) 指令速度=(0.000,0.000,0.000) 指令加速度=(0.000,0.000,nan) 滚转角=0.23度 俯仰角=0.67度
10:04:40.771834 [轨迹] 序号=546 单调时间=4695.551795 时间=4695.552 模式=AUTO.LAND 起飞状态=未执行起飞 水平控制=位置保持 类型掩码=3520 实际位置NED=(0.059,1.610,-0.695) 实际速度=(-0.023,0.093,0.235) 最终目标=(0.059,1.610,-0.695) 指令位置=(0.059,1.610,nan) 指令速度=(0.000,0.000,0.000) 指令加速度=(0.000,0.000,nan) 滚转角=0.21度 俯仰角=0.71度
10:04:40.876174 [轨迹] 序号=547 单调时间=4695.655946 时间=4695.656 模式=AUTO.LAND 起飞状态=未执行起飞 水平控制=位置保持 类型掩码=3520 实际位置NED=(0.057,1.614,-0.686) 实际速度=(-0.025,0.088,0.247) 最终目标=(0.057,1.614,-0.686) 指令位置=(0.057,1.614,nan) 指令速度=(0.000,0.000,0.000) 指令加速度=(0.000,0.000,nan) 滚转角=0.18度 俯仰角=0.76度
10:04:40.979936 [轨迹] 序号=548 单调时间=4695.759689 时间=4695.760 模式=AUTO.LAND 起飞状态=未执行起飞 水平控制=位置保持 类型掩码=3520 实际位置NED=(0.056,1.617,-0.677) 实际速度=(-0.026,0.083,0.262) 最终目标=(0.056,1.617,-0.677) 指令位置=(0.056,1.617,nan) 指令速度=(0.000,0.000,0.000) 指令加速度=(0.000,0.000,nan) 滚转角=0.16度 俯仰角=0.80度
10:04:41.083322 [轨迹] 序号=549 单调时间=4695.863095 时间=4695.863 模式=AUTO.LAND 起飞状态=未执行起飞 水平控制=位置保持 类型掩码=3520 实际位置NED=(0.054,1.619,-0.669) 实际速度=(-0.027,0.078,0.280) 最终目标=(0.054,1.619,-0.669) 指令位置=(0.054,1.619,nan) 指令速度=(0.000,0.000,0.000) 指令加速度=(0.000,0.000,nan) 滚转角=0.14度 俯仰角=0.82度
10:04:41.187059 [轨迹] 序号=550 单调时间=4695.966866 时间=4695.967 模式=AUTO.LAND 起飞状态=未执行起飞 水平控制=位置保持 类型掩码=3520 实际位置NED=(0.052,1.622,-0.659) 实际速度=(-0.028,0.072,0.296) 最终目标=(0.052,1.622,-0.659) 指令位置=(0.052,1.622,nan) 指令速度=(0.000,0.000,0.000) 指令加速度=(0.000,0.000,nan) 滚转角=0.09度 俯仰角=0.85度
10:04:41.291830 [轨迹] 序号=551 单调时间=4696.071543 时间=4696.072 模式=AUTO.LAND 起飞状态=未执行起飞 水平控制=位置保持 类型掩码=3520 实际位置NED=(0.050,1.623,-0.649) 实际速度=(-0.029,0.066,0.310) 最终目标=(0.050,1.623,-0.649) 指令位置=(0.050,1.623,nan) 指令速度=(0.000,0.000,0.000) 指令加速度=(0.000,0.000,nan) 滚转角=0.06度 俯仰角=0.84度
10:04:41.395922 [轨迹] 序号=552 单调时间=4696.175885 时间=4696.176 模式=AUTO.LAND 起飞状态=未执行起飞 水平控制=位置保持 类型掩码=3520 实际位置NED=(0.046,1.626,-0.626) 实际速度=(-0.031,0.052,0.330) 最终目标=(0.046,1.626,-0.626) 指令位置=(0.046,1.626,nan) 指令速度=(0.000,0.000,0.000) 指令加速度=(0.000,0.000,nan) 滚转角=0.02度 俯仰角=0.82度
10:04:41.498996 [轨迹] 序号=553 单调时间=4696.278908 时间=4696.279 模式=AUTO.LAND 起飞状态=未执行起飞 水平控制=位置保持 类型掩码=3520 实际位置NED=(0.045,1.627,-0.615) 实际速度=(-0.031,0.046,0.336) 最终目标=(0.045,1.627,-0.615) 指令位置=(0.045,1.627,nan) 指令速度=(0.000,0.000,0.000) 指令加速度=(0.000,0.000,nan) 滚转角=-0.02度 俯仰角=0.79度
10:04:41.602949 [轨迹] 序号=554 单调时间=4696.382792 时间=4696.383 模式=AUTO.LAND 起飞状态=未执行起飞 水平控制=位置保持 类型掩码=3520 实际位置NED=(0.043,1.628,-0.604) 实际速度=(-0.031,0.039,0.340) 最终目标=(0.043,1.628,-0.604) 指令位置=(0.043,1.628,nan) 指令速度=(0.000,0.000,0.000) 指令加速度=(0.000,0.000,nan) 滚转角=-0.06度 俯仰角=0.76度
10:04:41.706665 [轨迹] 序号=555 单调时间=4696.486587 时间=4696.487 模式=AUTO.LAND 起飞状态=未执行起飞 水平控制=位置保持 类型掩码=3520 实际位置NED=(0.042,1.628,-0.592) 实际速度=(-0.030,0.033,0.342) 最终目标=(0.042,1.628,-0.592) 指令位置=(0.042,1.628,nan) 指令速度=(0.000,0.000,0.000) 指令加速度=(0.000,0.000,nan) 滚转角=-0.10度 俯仰角=0.71度
10:04:41.810171 [轨迹] 序号=556 单调时间=4696.590055 时间=4696.590 模式=AUTO.LAND 起飞状态=未执行起飞 水平控制=位置保持 类型掩码=3520 实际位置NED=(0.039,1.627,-0.570) 实际速度=(-0.028,0.020,0.345) 最终目标=(0.039,1.627,-0.570) 指令位置=(0.039,1.627,nan) 指令速度=(0.000,0.000,0.000) 指令加速度=(0.000,0.000,nan) 滚转角=-0.13度 俯仰角=0.66度
10:04:41.913954 [轨迹] 序号=557 单调时间=4696.693865 时间=4696.694 模式=AUTO.LAND 起飞状态=未执行起飞 水平控制=位置保持 类型掩码=3520 实际位置NED=(0.038,1.625,-0.556) 实际速度=(-0.026,0.012,0.344) 最终目标=(0.038,1.625,-0.556) 指令位置=(0.038,1.625,nan) 指令速度=(0.000,0.000,0.000) 指令加速度=(0.000,0.000,nan) 滚转角=-0.16度 俯仰角=0.61度
10:04:42.017538 [轨迹] 序号=558 单调时间=4696.797363 时间=4696.797 模式=AUTO.LAND 起飞状态=未执行起飞 水平控制=位置保持 类型掩码=3520 实际位置NED=(0.037,1.624,-0.544) 实际速度=(-0.025,0.005,0.344) 最终目标=(0.037,1.624,-0.544) 指令位置=(0.037,1.624,nan) 指令速度=(0.000,0.000,0.000) 指令加速度=(0.000,0.000,nan) 滚转角=-0.19度 俯仰角=0.55度
10:04:42.120627 [轨迹] 序号=559 单调时间=4696.900638 时间=4696.901 模式=AUTO.LAND 起飞状态=未执行起飞 水平控制=位置保持 类型掩码=3520 实际位置NED=(0.035,1.622,-0.533) 实际速度=(-0.025,-0.001,0.343) 最终目标=(0.035,1.622,-0.533) 指令位置=(0.035,1.622,nan) 指令速度=(0.000,0.000,0.000) 指令加速度=(0.000,0.000,nan) 滚转角=-0.20度 俯仰角=0.50度
10:04:42.224217 [轨迹] 序号=560 单调时间=4697.004067 时间=4697.004 模式=AUTO.LAND 起飞状态=未执行起飞 水平控制=位置保持 类型掩码=3520 实际位置NED=(0.034,1.620,-0.522) 实际速度=(-0.024,-0.008,0.342) 最终目标=(0.034,1.620,-0.522) 指令位置=(0.034,1.620,nan) 指令速度=(0.000,0.000,0.000) 指令加速度=(0.000,0.000,nan) 滚转角=-0.22度 俯仰角=0.42度
10:04:42.328333 [轨迹] 序号=561 单调时间=4697.108261 时间=4697.108 模式=AUTO.LAND 起飞状态=未执行起飞 水平控制=位置保持 类型掩码=3520 实际位置NED=(0.032,1.618,-0.510) 实际速度=(-0.024,-0.014,0.340) 最终目标=(0.032,1.618,-0.510) 指令位置=(0.032,1.618,nan) 指令速度=(0.000,0.000,0.000) 指令加速度=(0.000,0.000,nan) 滚转角=-0.23度 俯仰角=0.34度
10:04:42.432183 [轨迹] 序号=562 单调时间=4697.212093 时间=4697.212 模式=AUTO.LAND 起飞状态=未执行起飞 水平控制=位置保持 类型掩码=3520 实际位置NED=(0.030,1.615,-0.499) 实际速度=(-0.025,-0.020,0.338) 最终目标=(0.030,1.615,-0.499) 指令位置=(0.030,1.615,nan) 指令速度=(0.000,0.000,0.000) 指令加速度=(0.000,0.000,nan) 滚转角=-0.23度 俯仰角=0.27度
10:04:42.535219 [轨迹] 序号=563 单调时间=4697.315341 时间=4697.315 模式=AUTO.LAND 起飞状态=未执行起飞 水平控制=位置保持 类型掩码=3520 实际位置NED=(0.028,1.611,-0.485) 实际速度=(-0.025,-0.027,0.336) 最终目标=(0.028,1.611,-0.485) 指令位置=(0.028,1.611,nan) 指令速度=(0.000,0.000,0.000) 指令加速度=(0.000,0.000,nan) 滚转角=-0.25度 俯仰角=0.19度
10:04:42.638259 [轨迹] 序号=564 单调时间=4697.418098 时间=4697.418 模式=AUTO.LAND 起飞状态=未执行起飞 水平控制=位置保持 类型掩码=3520 实际位置NED=(0.024,1.605,-0.463) 实际速度=(-0.026,-0.037,0.332) 最终目标=(0.024,1.605,-0.463) 指令位置=(0.024,1.605,nan) 指令速度=(0.000,0.000,0.000) 指令加速度=(0.000,0.000,nan) 滚转角=-0.26度 俯仰角=0.13度
10:04:42.741750 [轨迹] 序号=565 单调时间=4697.521592 时间=4697.522 模式=AUTO.LAND 起飞状态=未执行起飞 水平控制=位置保持 类型掩码=3520 实际位置NED=(0.022,1.601,-0.452) 实际速度=(-0.026,-0.042,0.330) 最终目标=(0.022,1.601,-0.452) 指令位置=(0.022,1.601,nan) 指令速度=(0.000,0.000,0.000) 指令加速度=(0.000,0.000,nan) 滚转角=-0.30度 俯仰角=-0.01度
10:04:42.845147 [轨迹] 序号=566 单调时间=4697.624971 时间=4697.625 模式=AUTO.LAND 起飞状态=未执行起飞 水平控制=位置保持 类型掩码=3520 实际位置NED=(0.020,1.598,-0.441) 实际速度=(-0.026,-0.046,0.328) 最终目标=(0.020,1.598,-0.441) 指令位置=(0.020,1.598,nan) 指令速度=(0.000,0.000,0.000) 指令加速度=(0.000,0.000,nan) 滚转角=-0.34度 俯仰角=-0.10度
10:04:42.948903 [轨迹] 序号=567 单调时间=4697.728257 时间=4697.728 模式=AUTO.LAND 起飞状态=未执行起飞 水平控制=位置保持 类型掩码=3520 实际位置NED=(0.017,1.589,-0.417) 实际速度=(-0.023,-0.055,0.324) 最终目标=(0.017,1.589,-0.417) 指令位置=(0.017,1.589,nan) 指令速度=(0.000,0.000,0.000) 指令加速度=(0.000,0.000,nan) 滚转角=-0.37度 俯仰角=-0.18度
10:04:43.052035 [轨迹] 序号=568 单调时间=4697.831921 时间=4697.832 模式=AUTO.LAND 起飞状态=未执行起飞 水平控制=位置保持 类型掩码=3520 实际位置NED=(0.016,1.585,-0.406) 实际速度=(-0.021,-0.057,0.322) 最终目标=(0.016,1.585,-0.406) 指令位置=(0.016,1.585,nan) 指令速度=(0.000,0.000,0.000) 指令加速度=(0.000,0.000,nan) 滚转角=-0.41度 俯仰角=-0.28度
10:04:43.156634 [轨迹] 序号=569 单调时间=4697.936477 时间=4697.936 模式=AUTO.LAND 起飞状态=未执行起飞 水平控制=位置保持 类型掩码=3520 实际位置NED=(0.016,1.582,-0.396) 实际速度=(-0.017,-0.057,0.320) 最终目标=(0.016,1.582,-0.396) 指令位置=(0.016,1.582,nan) 指令速度=(0.000,0.000,0.000) 指令加速度=(0.000,0.000,nan) 滚转角=-0.43度 俯仰角=-0.33度
10:04:43.260008 [轨迹] 序号=570 单调时间=4698.039860 时间=4698.040 模式=AUTO.LAND 起飞状态=未执行起飞 水平控制=位置保持 类型掩码=3520 实际位置NED=(0.016,1.578,-0.385) 实际速度=(-0.012,-0.057,0.318) 最终目标=(0.016,1.578,-0.385) 指令位置=(0.016,1.578,nan) 指令速度=(0.000,0.000,0.000) 指令加速度=(0.000,0.000,nan) 滚转角=-0.49度 俯仰角=-0.46度
10:04:43.363835 [轨迹] 序号=571 单调时间=4698.143739 时间=4698.144 模式=AUTO.LAND 起飞状态=未执行起飞 水平控制=位置保持 类型掩码=3520 实际位置NED=(0.017,1.575,-0.375) 实际速度=(-0.007,-0.056,0.317) 最终目标=(0.017,1.575,-0.375) 指令位置=(0.017,1.575,nan) 指令速度=(0.000,0.000,0.000) 指令加速度=(0.000,0.000,nan) 滚转角=-0.51度 俯仰角=-0.55度
10:04:43.466975 [轨迹] 序号=572 单调时间=4698.246641 时间=4698.247 模式=AUTO.LAND 起飞状态=未执行起飞 水平控制=位置保持 类型掩码=3520 实际位置NED=(0.018,1.572,-0.365) 实际速度=(-0.001,-0.054,0.315) 最终目标=(0.018,1.572,-0.365) 指令位置=(0.018,1.572,nan) 指令速度=(0.000,0.000,0.000) 指令加速度=(0.000,0.000,nan) 滚转角=-0.51度 俯仰角=-0.61度
10:04:43.570277 [轨迹] 序号=573 单调时间=4698.350210 时间=4698.350 模式=AUTO.LAND 起飞状态=未执行起飞 水平控制=位置保持 类型掩码=3520 实际位置NED=(0.023,1.567,-0.342) 实际速度=(0.013,-0.047,0.312) 最终目标=(0.023,1.567,-0.342) 指令位置=(0.023,1.567,nan) 指令速度=(0.000,0.000,0.000) 指令加速度=(0.000,0.000,nan) 滚转角=-0.50度 俯仰角=-0.69度
10:04:43.671420 [轨迹] 序号=574 单调时间=4698.451263 时间=4698.451 模式=AUTO.LAND 起飞状态=未执行起飞 水平控制=位置保持 类型掩码=3520 实际位置NED=(0.026,1.565,-0.331) 实际速度=(0.020,-0.043,0.311) 最终目标=(0.026,1.565,-0.331) 指令位置=(0.026,1.565,nan) 指令速度=(0.000,0.000,0.000) 指令加速度=(0.000,0.000,nan) 滚转角=-0.48度 俯仰角=-0.72度
10:04:43.775404 [轨迹] 序号=575 单调时间=4698.555278 时间=4698.555 模式=AUTO.LAND 起飞状态=未执行起飞 水平控制=位置保持 类型掩码=3520 实际位置NED=(0.028,1.564,-0.321) 实际速度=(0.025,-0.038,0.310) 最终目标=(0.028,1.564,-0.321) 指令位置=(0.028,1.564,nan) 指令速度=(0.000,0.000,0.000) 指令加速度=(0.000,0.000,nan) 滚转角=-0.43度 俯仰角=-0.76度
10:04:43.878806 [轨迹] 序号=576 单调时间=4698.658301 时间=4698.658 模式=AUTO.LAND 起飞状态=未执行起飞 水平控制=位置保持 类型掩码=3520 实际位置NED=(0.031,1.563,-0.312) 实际速度=(0.029,-0.032,0.309) 最终目标=(0.031,1.563,-0.312) 指令位置=(0.031,1.563,nan) 指令速度=(0.000,0.000,0.000) 指令加速度=(0.000,0.000,nan) 滚转角=-0.36度 俯仰角=-0.79度
10:04:43.981781 [轨迹] 序号=577 单调时间=4698.761665 时间=4698.762 模式=AUTO.LAND 起飞状态=未执行起飞 水平控制=位置保持 类型掩码=3520 实际位置NED=(0.033,1.562,-0.302) 实际速度=(0.032,-0.026,0.308) 最终目标=(0.033,1.562,-0.302) 指令位置=(0.033,1.562,nan) 指令速度=(0.000,0.000,0.000) 指令加速度=(0.000,0.000,nan) 滚转角=-0.29度 俯仰角=-0.81度
10:04:44.085045 [轨迹] 序号=578 单调时间=4698.864822 时间=4698.865 模式=AUTO.LAND 起飞状态=未执行起飞 水平控制=位置保持 类型掩码=3520 实际位置NED=(0.036,1.562,-0.290) 实际速度=(0.033,-0.017,0.307) 最终目标=(0.036,1.562,-0.290) 指令位置=(0.036,1.562,nan) 指令速度=(0.000,0.000,0.000) 指令加速度=(0.000,0.000,nan) 滚转角=-0.17度 俯仰角=-0.81度
10:04:44.188327 [轨迹] 序号=579 单调时间=4698.968196 时间=4698.968 模式=AUTO.LAND 起飞状态=未执行起飞 水平控制=位置保持 类型掩码=3520 实际位置NED=(0.039,1.562,-0.280) 实际速度=(0.033,-0.010,0.306) 最终目标=(0.039,1.562,-0.280) 指令位置=(0.039,1.562,nan) 指令速度=(0.000,0.000,0.000) 指令加速度=(0.000,0.000,nan) 滚转角=-0.07度 俯仰角=-0.80度
10:04:44.292227 [轨迹] 序号=580 单调时间=4699.072071 时间=4699.072 模式=AUTO.LAND 起飞状态=未执行起飞 水平控制=位置保持 类型掩码=3520 实际位置NED=(0.042,1.564,-0.261) 实际速度=(0.031,0.002,0.305) 最终目标=(0.042,1.564,-0.261) 指令位置=(0.042,1.564,nan) 指令速度=(0.000,0.000,0.000) 指令加速度=(0.000,0.000,nan) 滚转角=0.02度 俯仰角=-0.76度
10:04:44.395627 [轨迹] 序号=581 单调时间=4699.175501 时间=4699.176 模式=AUTO.LAND 起飞状态=未执行起飞 水平控制=位置保持 类型掩码=3520 实际位置NED=(0.044,1.565,-0.251) 实际速度=(0.028,0.008,0.305) 最终目标=(0.044,1.565,-0.251) 指令位置=(0.044,1.565,nan) 指令速度=(0.000,0.000,0.000) 指令加速度=(0.000,0.000,nan) 滚转角=0.10度 俯仰角=-0.72度
10:04:44.499449 [轨迹] 序号=582 单调时间=4699.279236 时间=4699.279 模式=AUTO.LAND 起飞状态=未执行起飞 水平控制=位置保持 类型掩码=3520 实际位置NED=(0.046,1.564,-0.247) 实际速度=(0.078,-0.109,0.025) 最终目标=(0.046,1.564,-0.247) 指令位置=(0.046,1.564,nan) 指令速度=(0.000,0.000,0.000) 指令加速度=(0.000,0.000,nan) 滚转角=-0.32度 俯仰角=0.02度
10:04:44.602668 [轨迹] 序号=583 单调时间=4699.382624 时间=4699.383 模式=AUTO.LAND 起飞状态=未执行起飞 水平控制=位置保持 类型掩码=3520 实际位置NED=(0.049,1.562,-0.248) 实际速度=(0.045,-0.094,0.004) 最终目标=(0.049,1.562,-0.248) 指令位置=(0.049,1.562,nan) 指令速度=(0.000,0.000,0.000) 指令加速度=(0.000,0.000,nan) 滚转角=-0.24度 俯仰角=0.01度
10:04:44.705897 [轨迹] 序号=584 单调时间=4699.485734 时间=4699.486 模式=AUTO.LAND 起飞状态=未执行起飞 水平控制=位置保持 类型掩码=3520 实际位置NED=(0.051,1.557,-0.248) 实际速度=(-0.016,-0.089,-0.002) 最终目标=(0.051,1.557,-0.248) 指令位置=(0.051,1.557,nan) 指令速度=(0.000,0.000,0.000) 指令加速度=(0.000,0.000,nan) 滚转角=0.04度 俯仰角=0.03度
10:04:44.809679 [轨迹] 序号=585 单调时间=4699.589617 时间=4699.590 模式=AUTO.LAND 起飞状态=未执行起飞 水平控制=位置保持 类型掩码=3520 实际位置NED=(0.051,1.555,-0.248) 实际速度=(-0.007,-0.080,-0.003) 最终目标=(0.051,1.555,-0.248) 指令位置=(0.051,1.555,nan) 指令速度=(0.000,0.000,0.000) 指令加速度=(0.000,0.000,nan) 滚转角=0.07度 俯仰角=0.07度
10:04:44.912661 [轨迹] 序号=586 单调时间=4699.692567 时间=4699.693 模式=AUTO.LAND 起飞状态=未执行起飞 水平控制=位置保持 类型掩码=3520 实际位置NED=(0.051,1.553,-0.249) 实际速度=(-0.008,-0.083,-0.003) 最终目标=(0.051,1.553,-0.249) 指令位置=(0.051,1.553,nan) 指令速度=(0.000,0.000,0.000) 指令加速度=(0.000,0.000,nan) 滚转角=0.08度 俯仰角=0.08度
10:04:45.015918 [轨迹] 序号=587 单调时间=4699.795885 时间=4699.796 模式=AUTO.LAND 起飞状态=未执行起飞 水平控制=位置保持 类型掩码=3520 实际位置NED=(0.051,1.547,-0.250) 实际速度=(-0.010,-0.089,-0.004) 最终目标=(0.051,1.547,-0.250) 指令位置=(0.051,1.547,nan) 指令速度=(0.000,0.000,0.000) 指令加速度=(0.000,0.000,nan) 滚转角=0.08度 俯仰角=0.09度
10:04:45.118601 [轨迹] 序号=588 单调时间=4699.898663 时间=4699.899 模式=AUTO.LAND 起飞状态=未执行起飞 水平控制=位置保持 类型掩码=3520 实际位置NED=(0.051,1.545,-0.251) 实际速度=(-0.011,-0.091,-0.005) 最终目标=(0.051,1.545,-0.251) 指令位置=(0.051,1.545,nan) 指令速度=(0.000,0.000,0.000) 指令加速度=(0.000,0.000,nan) 滚转角=0.08度 俯仰角=0.10度
10:04:45.221770 [轨迹] 序号=589 单调时间=4700.001591 时间=4700.002 模式=AUTO.LAND 起飞状态=未执行起飞 水平控制=位置保持 类型掩码=3520 实际位置NED=(0.051,1.542,-0.253) 实际速度=(-0.011,-0.091,-0.006) 最终目标=(0.051,1.542,-0.253) 指令位置=(0.051,1.542,nan) 指令速度=(0.000,0.000,0.000) 指令加速度=(0.000,0.000,nan) 滚转角=0.08度 俯仰角=0.11度
10:04:45.325965 [轨迹] 序号=590 单调时间=4700.106000 时间=4700.106 模式=AUTO.LAND 起飞状态=未执行起飞 水平控制=位置保持 类型掩码=3520 实际位置NED=(0.051,1.540,-0.256) 实际速度=(-0.011,-0.088,-0.009) 最终目标=(0.051,1.540,-0.256) 指令位置=(0.051,1.540,nan) 指令速度=(0.000,0.000,0.000) 指令加速度=(0.000,0.000,nan) 滚转角=0.08度 俯仰角=0.10度
10:04:45.429395 [轨迹] 序号=591 单调时间=4700.209324 时间=4700.209 模式=AUTO.LAND 起飞状态=未执行起飞 水平控制=位置保持 类型掩码=3520 实际位置NED=(0.051,1.538,-0.259) 实际速度=(-0.011,-0.084,-0.012) 最终目标=(0.051,1.538,-0.259) 指令位置=(0.051,1.538,nan) 指令速度=(0.000,0.000,0.000) 指令加速度=(0.000,0.000,nan) 滚转角=0.08度 俯仰角=0.10度
10:04:45.533109 [轨迹] 序号=592 单调时间=4700.312967 时间=4700.313 模式=AUTO.LAND 起飞状态=未执行起飞 水平控制=位置保持 类型掩码=3520 实际位置NED=(0.051,1.537,-0.261) 实际速度=(-0.010,-0.079,-0.014) 最终目标=(0.051,1.537,-0.261) 指令位置=(0.051,1.537,nan) 指令速度=(0.000,0.000,0.000) 指令加速度=(0.000,0.000,nan) 滚转角=0.07度 俯仰角=0.08度
10:04:45.636393 [轨迹] 序号=593 单调时间=4700.416095 时间=4700.416 模式=AUTO.LAND 起飞状态=未执行起飞 水平控制=位置保持 类型掩码=3520 实际位置NED=(0.052,1.536,-0.264) 实际速度=(-0.010,-0.073,-0.016) 最终目标=(0.052,1.536,-0.264) 指令位置=(0.052,1.536,nan) 指令速度=(0.000,0.000,0.000) 指令加速度=(0.000,0.000,nan) 滚转角=0.07度 俯仰角=0.06度
10:04:45.737704 [轨迹] 序号=594 单调时间=4700.517585 时间=4700.518 模式=AUTO.LAND 起飞状态=未执行起飞 水平控制=位置保持 类型掩码=3520 实际位置NED=(0.052,1.535,-0.267) 实际速度=(-0.008,-0.061,-0.017) 最终目标=(0.052,1.535,-0.267) 指令位置=(0.052,1.535,nan) 指令速度=(0.000,0.000,0.000) 指令加速度=(0.000,0.000,nan) 滚转角=0.06度 俯仰角=0.04度
10:04:45.838764 [轨迹] 序号=595 单调时间=4700.618651 时间=4700.619 模式=AUTO.LAND 起飞状态=未执行起飞 水平控制=位置保持 类型掩码=3520 实际位置NED=(0.052,1.536,-0.269) 实际速度=(-0.008,-0.056,-0.018) 最终目标=(0.052,1.536,-0.269) 指令位置=(0.052,1.536,nan) 指令速度=(0.000,0.000,0.000) 指令加速度=(0.000,0.000,nan) 滚转角=0.05度 俯仰角=0.02度
10:04:45.942720 [轨迹] 序号=596 单调时间=4700.722588 时间=4700.723 模式=AUTO.LAND 起飞状态=未执行起飞 水平控制=位置保持 类型掩码=3520 实际位置NED=(0.053,1.536,-0.269) 实际速度=(-0.007,-0.050,-0.018) 最终目标=(0.053,1.536,-0.269) 指令位置=(0.053,1.536,nan) 指令速度=(0.000,0.000,0.000) 指令加速度=(0.000,0.000,nan) 滚转角=0.05度 俯仰角=-0.01度
10:04:46.046225 [轨迹] 序号=597 单调时间=4700.826117 时间=4700.826 模式=AUTO.LAND 起飞状态=未执行起飞 水平控制=位置保持 类型掩码=3520 实际位置NED=(0.053,1.537,-0.270) 实际速度=(-0.006,-0.045,-0.018) 最终目标=(0.053,1.537,-0.270) 指令位置=(0.053,1.537,nan) 指令速度=(0.000,0.000,0.000) 指令加速度=(0.000,0.000,nan) 滚转角=0.04度 俯仰角=-0.03度
10:04:46.150287 [轨迹] 序号=598 单调时间=4700.930173 时间=4700.930 模式=AUTO.LAND 起飞状态=未执行起飞 水平控制=位置保持 类型掩码=3520 实际位置NED=(0.053,1.538,-0.271) 实际速度=(-0.006,-0.039,-0.017) 最终目标=(0.053,1.538,-0.271) 指令位置=(0.053,1.538,nan) 指令速度=(0.000,0.000,0.000) 指令加速度=(0.000,0.000,nan) 滚转角=0.04度 俯仰角=-0.04度
10:04:46.254653 [轨迹] 序号=599 单调时间=4701.034397 时间=4701.034 模式=AUTO.LAND 起飞状态=未执行起飞 水平控制=位置保持 类型掩码=3520 实际位置NED=(0.054,1.539,-0.271) 实际速度=(-0.005,-0.034,-0.017) 最终目标=(0.054,1.539,-0.271) 指令位置=(0.054,1.539,nan) 指令速度=(0.000,0.000,0.000) 指令加速度=(0.000,0.000,nan) 滚转角=0.03度 俯仰角=-0.06度
10:04:46.359377 [轨迹] 序号=600 单调时间=4701.138746 时间=4701.139 模式=AUTO.LAND 起飞状态=未执行起飞 水平控制=位置保持 类型掩码=3520 实际位置NED=(0.054,1.541,-0.271) 实际速度=(-0.004,-0.030,-0.016) 最终目标=(0.054,1.541,-0.271) 指令位置=(0.054,1.541,nan) 指令速度=(0.000,0.000,0.000) 指令加速度=(0.000,0.000,nan) 滚转角=0.03度 俯仰角=-0.07度
10:04:46.462724 [轨迹] 序号=601 单调时间=4701.242675 时间=4701.243 模式=AUTO.LAND 起飞状态=未执行起飞 水平控制=位置保持 类型掩码=3520 实际位置NED=(0.055,1.544,-0.271) 实际速度=(-0.003,-0.022,-0.015) 最终目标=(0.055,1.544,-0.271) 指令位置=(0.055,1.544,nan) 指令速度=(0.000,0.000,0.000) 指令加速度=(0.000,0.000,nan) 滚转角=0.03度 俯仰角=-0.08度
10:04:46.565995 [轨迹] 序号=602 单调时间=4701.345738 时间=4701.346 模式=AUTO.LAND 起飞状态=未执行起飞 水平控制=位置保持 类型掩码=3520 实际位置NED=(0.055,1.546,-0.270) 实际速度=(-0.003,-0.018,-0.014) 最终目标=(0.055,1.546,-0.270) 指令位置=(0.055,1.546,nan) 指令速度=(0.000,0.000,0.000) 指令加速度=(0.000,0.000,nan) 滚转角=0.02度 俯仰角=-0.09度
10:04:46.669194 [轨迹] 序号=603 单调时间=4701.449078 时间=4701.449 模式=AUTO.LAND 起飞状态=未执行起飞 水平控制=位置保持 类型掩码=3520 实际位置NED=(0.055,1.548,-0.270) 实际速度=(-0.002,-0.014,-0.013) 最终目标=(0.055,1.548,-0.270) 指令位置=(0.055,1.548,nan) 指令速度=(0.000,0.000,0.000) 指令加速度=(0.000,0.000,nan) 滚转角=0.02度 俯仰角=-0.09度
10:04:46.772829 [轨迹] 序号=604 单调时间=4701.552671 时间=4701.553 模式=AUTO.LAND 起飞状态=未执行起飞 水平控制=位置保持 类型掩码=3520 实际位置NED=(0.056,1.550,-0.269) 实际速度=(-0.002,-0.011,-0.012) 最终目标=(0.056,1.550,-0.269) 指令位置=(0.056,1.550,nan) 指令速度=(0.000,0.000,0.000) 指令加速度=(0.000,0.000,nan) 滚转角=0.02度 俯仰角=-0.10度
10:04:46.876040 [轨迹] 序号=605 单调时间=4701.655882 时间=4701.656 模式=AUTO.LAND 起飞状态=未执行起飞 水平控制=位置保持 类型掩码=3520 实际位置NED=(0.056,1.551,-0.269) 实际速度=(-0.001,-0.009,-0.011) 最终目标=(0.056,1.551,-0.269) 指令位置=(0.056,1.551,nan) 指令速度=(0.000,0.000,0.000) 指令加速度=(0.000,0.000,nan) 滚转角=0.02度 俯仰角=-0.10度
10:04:46.979452 [轨迹] 序号=606 单调时间=4701.759026 时间=4701.759 模式=AUTO.LAND 起飞状态=未执行起飞 水平控制=位置保持 类型掩码=3520 实际位置NED=(0.056,1.555,-0.267) 实际速度=(-0.001,-0.004,-0.009) 最终目标=(0.056,1.555,-0.267) 指令位置=(0.056,1.555,nan) 指令速度=(0.000,0.000,0.000) 指令加速度=(0.000,0.000,nan) 滚转角=0.02度 俯仰角=-0.10度
10:04:47.083529 [轨迹] 序号=607 单调时间=4701.863343 时间=4701.863 模式=AUTO.LAND 起飞状态=未执行起飞 水平控制=位置保持 类型掩码=3520 实际位置NED=(0.057,1.557,-0.266) 实际速度=(-0.000,-0.002,-0.008) 最终目标=(0.057,1.557,-0.266) 指令位置=(0.057,1.557,nan) 指令速度=(0.000,0.000,0.000) 指令加速度=(0.000,0.000,nan) 滚转角=0.02度 俯仰角=-0.10度
10:04:47.187857 [轨迹] 序号=608 单调时间=4701.967694 时间=4701.968 模式=AUTO.LAND 起飞状态=未执行起飞 水平控制=位置保持 类型掩码=3520 实际位置NED=(0.057,1.559,-0.265) 实际速度=(-0.000,-0.000,-0.006) 最终目标=(0.057,1.559,-0.265) 指令位置=(0.057,1.559,nan) 指令速度=(0.000,0.000,0.000) 指令加速度=(0.000,0.000,nan) 滚转角=0.02度 俯仰角=-0.10度
10:04:47.292239 [轨迹] 序号=609 单调时间=4702.072125 时间=4702.072 模式=AUTO.LAND 起飞状态=未执行起飞 水平控制=位置保持 类型掩码=3520 实际位置NED=(0.057,1.560,-0.264) 实际速度=(0.000,0.001,-0.005) 最终目标=(0.057,1.560,-0.264) 指令位置=(0.057,1.560,nan) 指令速度=(0.000,0.000,0.000) 指令加速度=(0.000,0.000,nan) 滚转角=0.02度 俯仰角=-0.10度
10:04:47.396402 [轨迹] 序号=610 单调时间=4702.176230 时间=4702.176 模式=AUTO.LAND 起飞状态=未执行起飞 水平控制=位置保持 类型掩码=3520 实际位置NED=(0.057,1.562,-0.263) 实际速度=(0.000,0.003,-0.004) 最终目标=(0.057,1.562,-0.263) 指令位置=(0.057,1.562,nan) 指令速度=(0.000,0.000,0.000) 指令加速度=(0.000,0.000,nan) 滚转角=0.02度 俯仰角=-0.10度
10:04:47.500790 [轨迹] 序号=611 单调时间=4702.280656 时间=4702.281 模式=AUTO.LAND 起飞状态=未执行起飞 水平控制=位置保持 类型掩码=3520 实际位置NED=(0.057,1.563,-0.262) 实际速度=(0.001,0.004,-0.003) 最终目标=(0.057,1.563,-0.262) 指令位置=(0.057,1.563,nan) 指令速度=(0.000,0.000,0.000) 指令加速度=(0.000,0.000,nan) 滚转角=0.02度 俯仰角=-0.10度
10:04:47.605394 [轨迹] 序号=612 单调时间=4702.385360 时间=4702.385 模式=AUTO.LAND 起飞状态=未执行起飞 水平控制=位置保持 类型掩码=3520 实际位置NED=(0.058,1.566,-0.260) 实际速度=(0.001,0.005,-0.002) 最终目标=(0.058,1.566,-0.260) 指令位置=(0.058,1.566,nan) 指令速度=(0.000,0.000,0.000) 指令加速度=(0.000,0.000,nan) 滚转角=0.02度 俯仰角=-0.10度
10:04:47.709574 [轨迹] 序号=613 单调时间=4702.489448 时间=4702.489 模式=AUTO.LAND 起飞状态=未执行起飞 水平控制=位置保持 类型掩码=3520 实际位置NED=(0.058,1.568,-0.259) 实际速度=(0.001,0.006,-0.000) 最终目标=(0.058,1.568,-0.259) 指令位置=(0.058,1.568,nan) 指令速度=(0.000,0.000,0.000) 指令加速度=(0.000,0.000,nan) 滚转角=0.02度 俯仰角=-0.10度
10:04:47.813769 [轨迹] 序号=614 单调时间=4702.593516 时间=4702.594 模式=AUTO.LAND 起飞状态=未执行起飞 水平控制=位置保持 类型掩码=3520 实际位置NED=(0.058,1.569,-0.258) 实际速度=(0.001,0.007,0.000) 最终目标=(0.058,1.569,-0.258) 指令位置=(0.058,1.569,nan) 指令速度=(0.000,0.000,0.000) 指令加速度=(0.000,0.000,nan) 滚转角=0.02度 俯仰角=-0.09度
10:04:47.918056 [轨迹] 序号=615 单调时间=4702.698078 时间=4702.698 模式=AUTO.LAND 起飞状态=未执行起飞 水平控制=位置保持 类型掩码=3520 实际位置NED=(0.058,1.570,-0.257) 实际速度=(0.002,0.007,0.001) 最终目标=(0.058,1.570,-0.257) 指令位置=(0.058,1.570,nan) 指令速度=(0.000,0.000,0.000) 指令加速度=(0.000,0.000,nan) 滚转角=0.02度 俯仰角=-0.09度
10:04:48.022579 [轨迹] 序号=616 单调时间=4702.802405 时间=4702.802 模式=AUTO.LAND 起飞状态=未执行起飞 水平控制=位置保持 类型掩码=3520 实际位置NED=(0.058,1.571,-0.256) 实际速度=(0.002,0.008,0.002) 最终目标=(0.058,1.571,-0.256) 指令位置=(0.058,1.571,nan) 指令速度=(0.000,0.000,0.000) 指令加速度=(0.000,0.000,nan) 滚转角=0.02度 俯仰角=-0.09度
10:04:48.127569 [轨迹] 序号=617 单调时间=4702.907383 时间=4702.907 模式=AUTO.LAND 起飞状态=未执行起飞 水平控制=位置保持 类型掩码=3520 实际位置NED=(0.058,1.572,-0.255) 实际速度=(0.002,0.008,0.002) 最终目标=(0.058,1.572,-0.255) 指令位置=(0.058,1.572,nan) 指令速度=(0.000,0.000,0.000) 指令加速度=(0.000,0.000,nan) 滚转角=0.02度 俯仰角=-0.09度
10:04:48.231630 [轨迹] 序号=618 单调时间=4703.011364 时间=4703.011 模式=AUTO.LAND 起飞状态=未执行起飞 水平控制=位置保持 类型掩码=3520 实际位置NED=(0.058,1.574,-0.253) 实际速度=(0.002,0.009,0.004) 最终目标=(0.058,1.574,-0.253) 指令位置=(0.058,1.574,nan) 指令速度=(0.000,0.000,0.000) 指令加速度=(0.000,0.000,nan) 滚转角=0.02度 俯仰角=-0.09度
10:04:48.335984 [轨迹] 序号=619 单调时间=4703.115729 时间=4703.116 模式=AUTO.LAND 起飞状态=未执行起飞 水平控制=位置保持 类型掩码=3520 实际位置NED=(0.058,1.575,-0.252) 实际速度=(0.002,0.009,0.004) 最终目标=(0.058,1.575,-0.252) 指令位置=(0.058,1.575,nan) 指令速度=(0.000,0.000,0.000) 指令加速度=(0.000,0.000,nan) 滚转角=0.02度 俯仰角=-0.09度
10:04:48.440927 [轨迹] 序号=620 单调时间=4703.220824 时间=4703.221 模式=AUTO.LAND 起飞状态=未执行起飞 水平控制=位置保持 类型掩码=3520 实际位置NED=(0.058,1.576,-0.251) 实际速度=(0.002,0.009,0.005) 最终目标=(0.058,1.576,-0.251) 指令位置=(0.058,1.576,nan) 指令速度=(0.000,0.000,0.000) 指令加速度=(0.000,0.000,nan) 滚转角=0.02度 俯仰角=-0.08度
10:04:48.545097 [轨迹] 序号=621 单调时间=4703.325101 时间=4703.325 模式=AUTO.LAND 起飞状态=未执行起飞 水平控制=位置保持 类型掩码=3520 实际位置NED=(0.058,1.577,-0.250) 实际速度=(0.002,0.009,0.005) 最终目标=(0.058,1.577,-0.250) 指令位置=(0.058,1.577,nan) 指令速度=(0.000,0.000,0.000) 指令加速度=(0.000,0.000,nan) 滚转角=0.02度 俯仰角=-0.08度
10:04:48.649377 [轨迹] 序号=622 单调时间=4703.429241 时间=4703.429 模式=AUTO.LAND 起飞状态=未执行起飞 水平控制=位置保持 类型掩码=3520 实际位置NED=(0.058,1.577,-0.249) 实际速度=(0.002,0.009,0.006) 最终目标=(0.058,1.577,-0.249) 指令位置=(0.058,1.577,nan) 指令速度=(0.000,0.000,0.000) 指令加速度=(0.000,0.000,nan) 滚转角=0.02度 俯仰角=-0.08度
10:04:48.753993 [轨迹] 序号=623 单调时间=4703.534011 时间=4703.534 模式=AUTO.LAND 起飞状态=未执行起飞 水平控制=位置保持 类型掩码=3520 实际位置NED=(0.058,1.579,-0.247) 实际速度=(0.002,0.009,0.007) 最终目标=(0.058,1.579,-0.247) 指令位置=(0.058,1.579,nan) 指令速度=(0.000,0.000,0.000) 指令加速度=(0.000,0.000,nan) 滚转角=0.02度 俯仰角=-0.09度
10:04:48.858678 [轨迹] 序号=624 单调时间=4703.638624 时间=4703.639 模式=AUTO.LAND 起飞状态=未执行起飞 水平控制=位置保持 类型掩码=3520 实际位置NED=(0.058,1.579,-0.247) 实际速度=(0.002,0.009,0.007) 最终目标=(0.058,1.579,-0.247) 指令位置=(0.058,1.579,nan) 指令速度=(0.000,0.000,0.000) 指令加速度=(0.000,0.000,nan) 滚转角=0.02度 俯仰角=-0.08度
10:04:48.962989 [轨迹] 序号=625 单调时间=4703.742791 时间=4703.743 模式=AUTO.LAND 起飞状态=未执行起飞 水平控制=位置保持 类型掩码=3520 实际位置NED=(0.058,1.580,-0.246) 实际速度=(0.002,0.009,0.007) 最终目标=(0.058,1.580,-0.246) 指令位置=(0.058,1.580,nan) 指令速度=(0.000,0.000,0.000) 指令加速度=(0.000,0.000,nan) 滚转角=0.02度 俯仰角=-0.08度
10:04:49.066974 [轨迹] 序号=626 单调时间=4703.846915 时间=4703.847 模式=AUTO.LAND 起飞状态=未执行起飞 水平控制=位置保持 类型掩码=3520 实际位置NED=(0.058,1.580,-0.245) 实际速度=(0.002,0.009,0.008) 最终目标=(0.058,1.580,-0.245) 指令位置=(0.058,1.580,nan) 指令速度=(0.000,0.000,0.000) 指令加速度=(0.000,0.000,nan) 滚转角=0.02度 俯仰角=-0.08度
10:04:49.171070 [轨迹] 序号=627 单调时间=4703.950954 时间=4703.951 模式=AUTO.LAND 起飞状态=未执行起飞 水平控制=位置保持 类型掩码=3520 实际位置NED=(0.058,1.580,-0.245) 实际速度=(0.002,0.009,0.008) 最终目标=(0.058,1.580,-0.245) 指令位置=(0.058,1.580,nan) 指令速度=(0.000,0.000,0.000) 指令加速度=(0.000,0.000,nan) 滚转角=0.02度 俯仰角=-0.08度
10:04:49.275580 [轨迹] 序号=628 单调时间=4704.055323 时间=4704.055 模式=AUTO.LAND 起飞状态=未执行起飞 水平控制=位置保持 类型掩码=3520 实际位置NED=(0.058,1.581,-0.244) 实际速度=(0.002,0.009,0.008) 最终目标=(0.058,1.581,-0.244) 指令位置=(0.058,1.581,nan) 指令速度=(0.000,0.000,0.000) 指令加速度=(0.000,0.000,nan) 滚转角=0.02度 俯仰角=-0.08度
10:04:49.380014 [轨迹] 序号=629 单调时间=4704.159753 时间=4704.160 模式=AUTO.LAND 起飞状态=未执行起飞 水平控制=位置保持 类型掩码=3520 实际位置NED=(0.057,1.581,-0.243) 实际速度=(0.002,0.009,0.008) 最终目标=(0.057,1.581,-0.243) 指令位置=(0.057,1.581,nan) 指令速度=(0.000,0.000,0.000) 指令加速度=(0.000,0.000,nan) 滚转角=0.02度 俯仰角=-0.08度
10:04:49.484333 [轨迹] 序号=630 单调时间=4704.264096 时间=4704.264 模式=AUTO.LAND 起飞状态=未执行起飞 水平控制=位置保持 类型掩码=3520 实际位置NED=(0.057,1.582,-0.242) 实际速度=(0.002,0.009,0.008) 最终目标=(0.057,1.582,-0.242) 指令位置=(0.057,1.582,nan) 指令速度=(0.000,0.000,0.000) 指令加速度=(0.000,0.000,nan) 滚转角=0.02度 俯仰角=-0.08度
10:04:49.584360 [轨迹] 序号=631 单调时间=4704.364120 时间=4704.364 模式=AUTO.LAND 起飞状态=未执行起飞 水平控制=位置保持 类型掩码=3520 实际位置NED=(0.057,1.582,-0.242) 实际速度=(0.002,0.009,0.008) 最终目标=(0.057,1.582,-0.242) 指令位置=(0.057,1.582,nan) 指令速度=(0.000,0.000,0.000) 指令加速度=(0.000,0.000,nan) 滚转角=0.02度 俯仰角=-0.08度
10:04:49.689550 [轨迹] 序号=632 单调时间=4704.468705 时间=4704.469 模式=AUTO.LAND 起飞状态=未执行起飞 水平控制=位置保持 类型掩码=3520 实际位置NED=(0.057,1.582,-0.242) 实际速度=(0.002,0.009,0.008) 最终目标=(0.057,1.582,-0.242) 指令位置=(0.057,1.582,nan) 指令速度=(0.000,0.000,0.000) 指令加速度=(0.000,0.000,nan) 滚转角=0.02度 俯仰角=-0.08度
10:04:49.793642 [轨迹] 序号=633 单调时间=4704.573484 时间=4704.573 模式=AUTO.LAND 起飞状态=未执行起飞 水平控制=位置保持 类型掩码=3520 实际位置NED=(0.057,1.583,-0.241) 实际速度=(0.002,0.008,0.009) 最终目标=(0.057,1.583,-0.241) 指令位置=(0.057,1.583,nan) 指令速度=(0.000,0.000,0.000) 指令加速度=(0.000,0.000,nan) 滚转角=0.03度 俯仰角=-0.08度
10:04:49.898076 [轨迹] 序号=634 单调时间=4704.678038 时间=4704.678 模式=AUTO.LAND 起飞状态=未执行起飞 水平控制=位置保持 类型掩码=3520 实际位置NED=(0.057,1.584,-0.241) 实际速度=(0.002,0.008,0.008) 最终目标=(0.057,1.584,-0.241) 指令位置=(0.057,1.584,nan) 指令速度=(0.000,0.000,0.000) 指令加速度=(0.000,0.000,nan) 滚转角=0.03度 俯仰角=-0.08度
10:04:50.002033 [轨迹] 序号=635 单调时间=4704.781943 时间=4704.782 模式=AUTO.LAND 起飞状态=未执行起飞 水平控制=位置保持 类型掩码=3520 实际位置NED=(0.057,1.584,-0.240) 实际速度=(0.002,0.008,0.008) 最终目标=(0.057,1.584,-0.240) 指令位置=(0.057,1.584,nan) 指令速度=(0.000,0.000,0.000) 指令加速度=(0.000,0.000,nan) 滚转角=0.03度 俯仰角=-0.08度
10:04:50.105669 [轨迹] 序号=636 单调时间=4704.885620 时间=4704.886 模式=AUTO.LAND 起飞状态=未执行起飞 水平控制=位置保持 类型掩码=3520 实际位置NED=(0.057,1.584,-0.240) 实际速度=(0.002,0.008,0.008) 最终目标=(0.057,1.584,-0.240) 指令位置=(0.057,1.584,nan) 指令速度=(0.000,0.000,0.000) 指令加速度=(0.000,0.000,nan) 滚转角=0.03度 俯仰角=-0.08度
10:04:50.209400 [轨迹] 序号=637 单调时间=4704.989262 时间=4704.989 模式=AUTO.LAND 起飞状态=未执行起飞 水平控制=位置保持 类型掩码=3520 实际位置NED=(0.056,1.584,-0.240) 实际速度=(0.002,0.008,0.008) 最终目标=(0.056,1.584,-0.240) 指令位置=(0.056,1.584,nan) 指令速度=(0.000,0.000,0.000) 指令加速度=(0.000,0.000,nan) 滚转角=0.03度 俯仰角=-0.07度
10:04:50.313441 [轨迹] 序号=638 单调时间=4705.093514 时间=4705.094 模式=AUTO.LAND 起飞状态=未执行起飞 水平控制=位置保持 类型掩码=3520 实际位置NED=(0.056,1.585,-0.240) 实际速度=(0.002,0.008,0.008) 最终目标=(0.056,1.585,-0.240) 指令位置=(0.056,1.585,nan) 指令速度=(0.000,0.000,0.000) 指令加速度=(0.000,0.000,nan) 滚转角=0.03度 俯仰角=-0.07度
10:04:50.417571 [轨迹] 序号=639 单调时间=4705.197333 时间=4705.197 模式=AUTO.LAND 起飞状态=未执行起飞 水平控制=位置保持 类型掩码=3520 实际位置NED=(0.056,1.585,-0.239) 实际速度=(0.002,0.008,0.008) 最终目标=(0.056,1.585,-0.239) 指令位置=(0.056,1.585,nan) 指令速度=(0.000,0.000,0.000) 指令加速度=(0.000,0.000,nan) 滚转角=0.03度 俯仰角=-0.07度
10:04:50.517872 [轨迹] 序号=640 单调时间=4705.297746 时间=4705.298 模式=AUTO.LAND 起飞状态=未执行起飞 水平控制=位置保持 类型掩码=3520 实际位置NED=(0.056,1.585,-0.239) 实际速度=(0.002,0.008,0.008) 最终目标=(0.056,1.585,-0.239) 指令位置=(0.056,1.585,nan) 指令速度=(0.000,0.000,0.000) 指令加速度=(0.000,0.000,nan) 滚转角=0.03度 俯仰角=-0.07度
10:04:50.622206 [轨迹] 序号=641 单调时间=4705.402101 时间=4705.402 模式=AUTO.LAND 起飞状态=未执行起飞 水平控制=位置保持 类型掩码=3520 实际位置NED=(0.056,1.586,-0.239) 实际速度=(0.002,0.008,0.008) 最终目标=(0.056,1.586,-0.239) 指令位置=(0.056,1.586,nan) 指令速度=(0.000,0.000,0.000) 指令加速度=(0.000,0.000,nan) 滚转角=0.03度 俯仰角=-0.07度
10:04:50.726335 [轨迹] 序号=642 单调时间=4705.506262 时间=4705.506 模式=AUTO.LAND 起飞状态=未执行起飞 水平控制=位置保持 类型掩码=3520 实际位置NED=(0.056,1.586,-0.239) 实际速度=(0.002,0.007,0.008) 最终目标=(0.056,1.586,-0.239) 指令位置=(0.056,1.586,nan) 指令速度=(0.000,0.000,0.000) 指令加速度=(0.000,0.000,nan) 滚转角=0.03度 俯仰角=-0.07度
10:04:50.830763 [轨迹] 序号=643 单调时间=4705.610491 时间=4705.610 模式=AUTO.LAND 起飞状态=未执行起飞 水平控制=位置保持 类型掩码=3520 实际位置NED=(0.056,1.586,-0.239) 实际速度=(0.002,0.007,0.008) 最终目标=(0.056,1.586,-0.239) 指令位置=(0.056,1.586,nan) 指令速度=(0.000,0.000,0.000) 指令加速度=(0.000,0.000,nan) 滚转角=0.03度 俯仰角=-0.07度
10:04:50.934748 [轨迹] 序号=644 单调时间=4705.714572 时间=4705.715 模式=AUTO.LAND 起飞状态=未执行起飞 水平控制=位置保持 类型掩码=3520 实际位置NED=(0.055,1.587,-0.239) 实际速度=(0.002,0.007,0.007) 最终目标=(0.055,1.587,-0.239) 指令位置=(0.055,1.587,nan) 指令速度=(0.000,0.000,0.000) 指令加速度=(0.000,0.000,nan) 滚转角=0.03度 俯仰角=-0.07度
10:04:51.038062 [轨迹] 序号=645 单调时间=4705.818070 时间=4705.818 模式=AUTO.LAND 起飞状态=未执行起飞 水平控制=位置保持 类型掩码=3520 实际位置NED=(0.055,1.587,-0.239) 实际速度=(0.002,0.007,0.007) 最终目标=(0.055,1.587,-0.239) 指令位置=(0.055,1.587,nan) 指令速度=(0.000,0.000,0.000) 指令加速度=(0.000,0.000,nan) 滚转角=0.03度 俯仰角=-0.07度
10:04:51.141901 [轨迹] 序号=646 单调时间=4705.921733 时间=4705.922 模式=AUTO.LAND 起飞状态=未执行起飞 水平控制=位置保持 类型掩码=3520 实际位置NED=(0.055,1.587,-0.239) 实际速度=(0.001,0.007,0.007) 最终目标=(0.055,1.587,-0.239) 指令位置=(0.055,1.587,nan) 指令速度=(0.000,0.000,0.000) 指令加速度=(0.000,0.000,nan) 滚转角=0.03度 俯仰角=-0.07度
10:04:51.245256 [轨迹] 序号=647 单调时间=4706.025192 时间=4706.025 模式=AUTO.LAND 起飞状态=未执行起飞 水平控制=位置保持 类型掩码=3520 实际位置NED=(0.055,1.588,-0.239) 实际速度=(0.001,0.007,0.007) 最终目标=(0.055,1.588,-0.239) 指令位置=(0.055,1.588,nan) 指令速度=(0.000,0.000,0.000) 指令加速度=(0.000,0.000,nan) 滚转角=0.03度 俯仰角=-0.07度
10:04:51.348787 [轨迹] 序号=648 单调时间=4706.128686 时间=4706.129 模式=AUTO.LAND 起飞状态=未执行起飞 水平控制=位置保持 类型掩码=3520 实际位置NED=(0.055,1.588,-0.239) 实际速度=(0.001,0.007,0.007) 最终目标=(0.055,1.588,-0.239) 指令位置=(0.055,1.588,nan) 指令速度=(0.000,0.000,0.000) 指令加速度=(0.000,0.000,nan) 滚转角=0.03度 俯仰角=-0.07度
10:04:51.452907 [轨迹] 序号=649 单调时间=4706.232892 时间=4706.233 模式=AUTO.LAND 起飞状态=未执行起飞 水平控制=位置保持 类型掩码=3520 实际位置NED=(0.055,1.588,-0.239) 实际速度=(0.001,0.007,0.007) 最终目标=(0.055,1.588,-0.239) 指令位置=(0.055,1.588,nan) 指令速度=(0.000,0.000,0.000) 指令加速度=(0.000,0.000,nan) 滚转角=0.03度 俯仰角=-0.07度
10:04:51.556303 [轨迹] 序号=650 单调时间=4706.336231 时间=4706.336 模式=AUTO.LAND 起飞状态=未执行起飞 水平控制=位置保持 类型掩码=3520 实际位置NED=(0.054,1.589,-0.239) 实际速度=(0.001,0.007,0.006) 最终目标=(0.054,1.589,-0.239) 指令位置=(0.054,1.589,nan) 指令速度=(0.000,0.000,0.000) 指令加速度=(0.000,0.000,nan) 滚转角=0.03度 俯仰角=-0.07度
10:04:51.657133 [轨迹] 序号=651 单调时间=4706.437100 时间=4706.437 模式=AUTO.LAND 起飞状态=未执行起飞 水平控制=位置保持 类型掩码=3520 实际位置NED=(0.054,1.589,-0.239) 实际速度=(0.001,0.007,0.006) 最终目标=(0.054,1.589,-0.239) 指令位置=(0.054,1.589,nan) 指令速度=(0.000,0.000,0.000) 指令加速度=(0.000,0.000,nan) 滚转角=0.03度 俯仰角=-0.07度
10:04:51.761376 [轨迹] 序号=652 单调时间=4706.541302 时间=4706.541 模式=AUTO.LAND 起飞状态=未执行起飞 水平控制=位置保持 类型掩码=3520 实际位置NED=(0.054,1.589,-0.239) 实际速度=(0.001,0.007,0.006) 最终目标=(0.054,1.589,-0.239) 指令位置=(0.054,1.589,nan) 指令速度=(0.000,0.000,0.000) 指令加速度=(0.000,0.000,nan) 滚转角=0.03度 俯仰角=-0.07度
10:04:51.864964 [轨迹] 序号=653 单调时间=4706.644919 时间=4706.645 模式=AUTO.LAND 起飞状态=未执行起飞 水平控制=位置保持 类型掩码=3520 实际位置NED=(0.054,1.590,-0.239) 实际速度=(0.001,0.007,0.006) 最终目标=(0.054,1.590,-0.239) 指令位置=(0.054,1.590,nan) 指令速度=(0.000,0.000,0.000) 指令加速度=(0.000,0.000,nan) 滚转角=0.03度 俯仰角=-0.06度
10:04:51.966754 [轨迹] 序号=654 单调时间=4706.746698 时间=4706.747 模式=AUTO.LAND 起飞状态=未执行起飞 水平控制=位置保持 类型掩码=3520 实际位置NED=(0.054,1.590,-0.239) 实际速度=(0.001,0.006,0.006) 最终目标=(0.054,1.590,-0.239) 指令位置=(0.054,1.590,nan) 指令速度=(0.000,0.000,0.000) 指令加速度=(0.000,0.000,nan) 滚转角=0.03度 俯仰角=-0.06度
10:04:52.070361 [轨迹] 序号=655 单调时间=4706.850339 时间=4706.850 模式=AUTO.LAND 起飞状态=未执行起飞 水平控制=位置保持 类型掩码=3520 实际位置NED=(0.054,1.590,-0.239) 实际速度=(0.001,0.006,0.006) 最终目标=(0.054,1.590,-0.239) 指令位置=(0.054,1.590,nan) 指令速度=(0.000,0.000,0.000) 指令加速度=(0.000,0.000,nan) 滚转角=0.03度 俯仰角=-0.06度
10:04:52.174209 [轨迹] 序号=656 单调时间=4706.954103 时间=4706.954 模式=AUTO.LAND 起飞状态=未执行起飞 水平控制=位置保持 类型掩码=3520 实际位置NED=(0.054,1.590,-0.239) 实际速度=(0.001,0.006,0.005) 最终目标=(0.054,1.590,-0.239) 指令位置=(0.054,1.590,nan) 指令速度=(0.000,0.000,0.000) 指令加速度=(0.000,0.000,nan) 滚转角=0.03度 俯仰角=-0.06度
10:04:52.277694 [轨迹] 序号=657 单调时间=4707.057642 时间=4707.058 模式=AUTO.LAND 起飞状态=未执行起飞 水平控制=位置保持 类型掩码=3520 实际位置NED=(0.054,1.591,-0.239) 实际速度=(0.001,0.006,0.005) 最终目标=(0.054,1.591,-0.239) 指令位置=(0.054,1.591,nan) 指令速度=(0.000,0.000,0.000) 指令加速度=(0.000,0.000,nan) 滚转角=0.03度 俯仰角=-0.06度
10:04:52.381363 [轨迹] 序号=658 单调时间=4707.161211 时间=4707.161 模式=AUTO.LAND 起飞状态=未执行起飞 水平控制=位置保持 类型掩码=3520 实际位置NED=(0.054,1.591,-0.239) 实际速度=(0.001,0.006,0.005) 最终目标=(0.054,1.591,-0.239) 指令位置=(0.054,1.591,nan) 指令速度=(0.000,0.000,0.000) 指令加速度=(0.000,0.000,nan) 滚转角=0.03度 俯仰角=-0.06度
10:04:52.485204 [轨迹] 序号=659 单调时间=4707.264945 时间=4707.265 模式=AUTO.LAND 起飞状态=未执行起飞 水平控制=位置保持 类型掩码=3520 实际位置NED=(0.053,1.591,-0.239) 实际速度=(0.001,0.006,0.005) 最终目标=(0.053,1.591,-0.239) 指令位置=(0.053,1.591,nan) 指令速度=(0.000,0.000,0.000) 指令加速度=(0.000,0.000,nan) 滚转角=0.03度 俯仰角=-0.06度
10:04:52.588805 [轨迹] 序号=660 单调时间=4707.368736 时间=4707.369 模式=AUTO.LAND 起飞状态=未执行起飞 水平控制=位置保持 类型掩码=3520 实际位置NED=(0.053,1.591,-0.239) 实际速度=(0.001,0.005,0.005) 最终目标=(0.053,1.591,-0.239) 指令位置=(0.053,1.591,nan) 指令速度=(0.000,0.000,0.000) 指令加速度=(0.000,0.000,nan) 滚转角=0.03度 俯仰角=-0.06度
10:04:52.692207 [轨迹] 序号=661 单调时间=4707.472095 时间=4707.472 模式=AUTO.LAND 起飞状态=未执行起飞 水平控制=位置保持 类型掩码=3520 实际位置NED=(0.053,1.592,-0.240) 实际速度=(0.001,0.005,0.004) 最终目标=(0.053,1.592,-0.240) 指令位置=(0.053,1.592,nan) 指令速度=(0.000,0.000,0.000) 指令加速度=(0.000,0.000,nan) 滚转角=0.03度 俯仰角=-0.06度
10:04:52.795739 [轨迹] 序号=662 单调时间=4707.575479 时间=4707.575 模式=AUTO.LAND 起飞状态=未执行起飞 水平控制=位置保持 类型掩码=3520 实际位置NED=(0.053,1.592,-0.240) 实际速度=(0.001,0.005,0.004) 最终目标=(0.053,1.592,-0.240) 指令位置=(0.053,1.592,nan) 指令速度=(0.000,0.000,0.000) 指令加速度=(0.000,0.000,nan) 滚转角=0.03度 俯仰角=-0.06度
10:04:52.899780 [轨迹] 序号=663 单调时间=4707.679442 时间=4707.679 模式=AUTO.LAND 起飞状态=未执行起飞 水平控制=位置保持 类型掩码=3520 实际位置NED=(0.053,1.592,-0.240) 实际速度=(0.001,0.005,0.004) 最终目标=(0.053,1.592,-0.240) 指令位置=(0.053,1.592,nan) 指令速度=(0.000,0.000,0.000) 指令加速度=(0.000,0.000,nan) 滚转角=0.03度 俯仰角=-0.05度
10:04:53.002919 [轨迹] 序号=664 单调时间=4707.782850 时间=4707.783 模式=AUTO.LAND 起飞状态=未执行起飞 水平控制=位置保持 类型掩码=3520 实际位置NED=(0.053,1.592,-0.240) 实际速度=(0.001,0.005,0.004) 最终目标=(0.053,1.592,-0.240) 指令位置=(0.053,1.592,nan) 指令速度=(0.000,0.000,0.000) 指令加速度=(0.000,0.000,nan) 滚转角=0.03度 俯仰角=-0.05度
10:04:53.106056 [轨迹] 序号=665 单调时间=4707.885974 时间=4707.886 模式=AUTO.LAND 起飞状态=未执行起飞 水平控制=位置保持 类型掩码=3520 实际位置NED=(0.053,1.593,-0.240) 实际速度=(0.001,0.005,0.004) 最终目标=(0.053,1.593,-0.240) 指令位置=(0.053,1.593,nan) 指令速度=(0.000,0.000,0.000) 指令加速度=(0.000,0.000,nan) 滚转角=0.03度 俯仰角=-0.05度
10:04:53.209738 [轨迹] 序号=666 单调时间=4707.989664 时间=4707.990 模式=AUTO.LAND 起飞状态=未执行起飞 水平控制=位置保持 类型掩码=3520 实际位置NED=(0.053,1.593,-0.240) 实际速度=(0.001,0.005,0.003) 最终目标=(0.053,1.593,-0.240) 指令位置=(0.053,1.593,nan) 指令速度=(0.000,0.000,0.000) 指令加速度=(0.000,0.000,nan) 滚转角=0.03度 俯仰角=-0.05度
10:04:53.313839 [轨迹] 序号=667 单调时间=4708.093692 时间=4708.094 模式=AUTO.LAND 起飞状态=未执行起飞 水平控制=位置保持 类型掩码=3520 实际位置NED=(0.053,1.593,-0.240) 实际速度=(0.001,0.005,0.003) 最终目标=(0.053,1.593,-0.240) 指令位置=(0.053,1.593,nan) 指令速度=(0.000,0.000,0.000) 指令加速度=(0.000,0.000,nan) 滚转角=0.03度 俯仰角=-0.05度
10:04:53.418157 [轨迹] 序号=668 单调时间=4708.198212 时间=4708.198 模式=AUTO.LAND 起飞状态=未执行起飞 水平控制=位置保持 类型掩码=3520 实际位置NED=(0.053,1.593,-0.241) 实际速度=(0.001,0.004,0.003) 最终目标=(0.053,1.593,-0.241) 指令位置=(0.053,1.593,nan) 指令速度=(0.000,0.000,0.000) 指令加速度=(0.000,0.000,nan) 滚转角=0.03度 俯仰角=-0.05度
10:04:53.521195 [轨迹] 序号=669 单调时间=4708.301187 时间=4708.301 模式=AUTO.LAND 起飞状态=未执行起飞 水平控制=位置保持 类型掩码=3520 实际位置NED=(0.053,1.593,-0.241) 实际速度=(0.001,0.004,0.003) 最终目标=(0.053,1.593,-0.241) 指令位置=(0.053,1.593,nan) 指令速度=(0.000,0.000,0.000) 指令加速度=(0.000,0.000,nan) 滚转角=0.03度 俯仰角=-0.05度
10:04:53.625154 [轨迹] 序号=670 单调时间=4708.404890 时间=4708.405 模式=AUTO.LAND 起飞状态=未执行起飞 水平控制=位置保持 类型掩码=3520 实际位置NED=(0.053,1.593,-0.241) 实际速度=(0.001,0.004,0.003) 最终目标=(0.053,1.593,-0.241) 指令位置=(0.053,1.593,nan) 指令速度=(0.000,0.000,0.000) 指令加速度=(0.000,0.000,nan) 滚转角=0.03度 俯仰角=-0.05度
10:04:53.729083 [轨迹] 序号=671 单调时间=4708.509022 时间=4708.509 模式=AUTO.LAND 起飞状态=未执行起飞 水平控制=位置保持 类型掩码=3520 实际位置NED=(0.053,1.594,-0.241) 实际速度=(0.000,0.004,0.003) 最终目标=(0.053,1.594,-0.241) 指令位置=(0.053,1.594,nan) 指令速度=(0.000,0.000,0.000) 指令加速度=(0.000,0.000,nan) 滚转角=0.03度 俯仰角=-0.05度
10:04:53.832895 [轨迹] 序号=672 单调时间=4708.612538 时间=4708.613 模式=AUTO.LAND 起飞状态=未执行起飞 水平控制=位置保持 类型掩码=3520 实际位置NED=(0.053,1.594,-0.241) 实际速度=(0.000,0.004,0.003) 最终目标=(0.053,1.594,-0.241) 指令位置=(0.053,1.594,nan) 指令速度=(0.000,0.000,0.000) 指令加速度=(0.000,0.000,nan) 滚转角=0.03度 俯仰角=-0.05度
10:04:53.936384 [轨迹] 序号=673 单调时间=4708.716379 时间=4708.716 模式=AUTO.LAND 起飞状态=未执行起飞 水平控制=位置保持 类型掩码=3520 实际位置NED=(0.053,1.594,-0.241) 实际速度=(0.000,0.003,0.003) 最终目标=(0.053,1.594,-0.241) 指令位置=(0.053,1.594,nan) 指令速度=(0.000,0.000,0.000) 指令加速度=(0.000,0.000,nan) 滚转角=0.03度 俯仰角=-0.05度
10:04:54.040858 [轨迹] 序号=674 单调时间=4708.820768 时间=4708.821 模式=AUTO.LAND 起飞状态=未执行起飞 水平控制=位置保持 类型掩码=3520 实际位置NED=(0.053,1.594,-0.241) 实际速度=(0.000,0.003,0.003) 最终目标=(0.053,1.594,-0.241) 指令位置=(0.053,1.594,nan) 指令速度=(0.000,0.000,0.000) 指令加速度=(0.000,0.000,nan) 滚转角=0.03度 俯仰角=-0.05度
10:04:54.144624 [轨迹] 序号=675 单调时间=4708.924107 时间=4708.924 模式=AUTO.LAND 起飞状态=未执行起飞 水平控制=位置保持 类型掩码=3520 实际位置NED=(0.053,1.594,-0.241) 实际速度=(0.001,0.003,0.003) 最终目标=(0.053,1.594,-0.241) 指令位置=(0.053,1.594,nan) 指令速度=(0.000,0.000,0.000) 指令加速度=(0.000,0.000,nan) 滚转角=0.03度 俯仰角=-0.05度
10:04:54.248735 [轨迹] 序号=676 单调时间=4709.028690 时间=4709.029 模式=AUTO.LAND 起飞状态=未执行起飞 水平控制=位置保持 类型掩码=3520 实际位置NED=(0.053,1.594,-0.242) 实际速度=(0.001,0.003,0.002) 最终目标=(0.053,1.594,-0.242) 指令位置=(0.053,1.594,nan) 指令速度=(0.000,0.000,0.000) 指令加速度=(0.000,0.000,nan) 滚转角=0.03度 俯仰角=-0.05度
10:04:54.352818 [轨迹] 序号=677 单调时间=4709.132567 时间=4709.133 模式=AUTO.LAND 起飞状态=未执行起飞 水平控制=位置保持 类型掩码=3520 实际位置NED=(0.053,1.594,-0.242) 实际速度=(0.001,0.003,0.002) 最终目标=(0.053,1.594,-0.242) 指令位置=(0.053,1.594,nan) 指令速度=(0.000,0.000,0.000) 指令加速度=(0.000,0.000,nan) 滚转角=0.03度 俯仰角=-0.05度
10:04:54.456669 [轨迹] 序号=678 单调时间=4709.236472 时间=4709.236 模式=AUTO.LAND 起飞状态=未执行起飞 水平控制=位置保持 类型掩码=3520 实际位置NED=(0.053,1.594,-0.242) 实际速度=(0.001,0.003,0.002) 最终目标=(0.053,1.594,-0.242) 指令位置=(0.053,1.594,nan) 指令速度=(0.000,0.000,0.000) 指令加速度=(0.000,0.000,nan) 滚转角=0.03度 俯仰角=-0.05度
10:04:54.560544 [轨迹] 序号=679 单调时间=4709.340206 时间=4709.340 模式=AUTO.LAND 起飞状态=未执行起飞 水平控制=位置保持 类型掩码=3520 实际位置NED=(0.053,1.595,-0.242) 实际速度=(0.001,0.003,0.002) 最终目标=(0.053,1.595,-0.242) 指令位置=(0.053,1.595,nan) 指令速度=(0.000,0.000,0.000) 指令加速度=(0.000,0.000,nan) 滚转角=0.04度 俯仰角=-0.04度
10:04:54.664361 [轨迹] 序号=680 单调时间=4709.444137 时间=4709.444 模式=AUTO.LAND 起飞状态=未执行起飞 水平控制=位置保持 类型掩码=3520 实际位置NED=(0.053,1.595,-0.242) 实际速度=(0.001,0.003,0.002) 最终目标=(0.053,1.595,-0.242) 指令位置=(0.053,1.595,nan) 指令速度=(0.000,0.000,0.000) 指令加速度=(0.000,0.000,nan) 滚转角=0.03度 俯仰角=-0.04度
10:04:54.768215 [轨迹] 序号=681 单调时间=4709.548254 时间=4709.548 模式=AUTO.LAND 起飞状态=未执行起飞 水平控制=位置保持 类型掩码=3520 实际位置NED=(0.053,1.595,-0.242) 实际速度=(0.001,0.002,0.002) 最终目标=(0.053,1.595,-0.242) 指令位置=(0.053,1.595,nan) 指令速度=(0.000,0.000,0.000) 指令加速度=(0.000,0.000,nan) 滚转角=0.03度 俯仰角=-0.04度
10:04:54.872751 [轨迹] 序号=682 单调时间=4709.652667 时间=4709.653 模式=AUTO.LAND 起飞状态=未执行起飞 水平控制=位置保持 类型掩码=3520 实际位置NED=(0.054,1.595,-0.242) 实际速度=(0.001,0.002,0.002) 最终目标=(0.054,1.595,-0.242) 指令位置=(0.054,1.595,nan) 指令速度=(0.000,0.000,0.000) 指令加速度=(0.000,0.000,nan) 滚转角=0.03度 俯仰角=-0.04度
10:04:54.977001 [轨迹] 序号=683 单调时间=4709.756885 时间=4709.757 模式=AUTO.LAND 起飞状态=未执行起飞 水平控制=位置保持 类型掩码=3520 实际位置NED=(0.054,1.595,-0.242) 实际速度=(0.001,0.002,0.002) 最终目标=(0.054,1.595,-0.242) 指令位置=(0.054,1.595,nan) 指令速度=(0.000,0.000,0.000) 指令加速度=(0.000,0.000,nan) 滚转角=0.03度 俯仰角=-0.04度
10:04:55.081163 [轨迹] 序号=684 单调时间=4709.861026 时间=4709.861 模式=AUTO.LAND 起飞状态=未执行起飞 水平控制=位置保持 类型掩码=3520 实际位置NED=(0.054,1.595,-0.242) 实际速度=(0.001,0.002,0.002) 最终目标=(0.054,1.595,-0.242) 指令位置=(0.054,1.595,nan) 指令速度=(0.000,0.000,0.000) 指令加速度=(0.000,0.000,nan) 滚转角=0.04度 俯仰角=-0.04度
10:04:55.185876 [轨迹] 序号=685 单调时间=4709.965699 时间=4709.966 模式=AUTO.LAND 起飞状态=未执行起飞 水平控制=位置保持 类型掩码=3520 实际位置NED=(0.054,1.595,-0.242) 实际速度=(0.001,0.002,0.002) 最终目标=(0.054,1.595,-0.242) 指令位置=(0.054,1.595,nan) 指令速度=(0.000,0.000,0.000) 指令加速度=(0.000,0.000,nan) 滚转角=0.04度 俯仰角=-0.04度
10:04:55.289351 [轨迹] 序号=686 单调时间=4710.069288 时间=4710.069 模式=AUTO.LAND 起飞状态=未执行起飞 水平控制=位置保持 类型掩码=3520 实际位置NED=(0.054,1.595,-0.242) 实际速度=(0.001,0.002,0.002) 最终目标=(0.054,1.595,-0.242) 指令位置=(0.054,1.595,nan) 指令速度=(0.000,0.000,0.000) 指令加速度=(0.000,0.000,nan) 滚转角=0.04度 俯仰角=-0.04度
10:04:55.389719 [轨迹] 序号=687 单调时间=4710.169590 时间=4710.170 模式=AUTO.LAND 起飞状态=未执行起飞 水平控制=位置保持 类型掩码=3520 实际位置NED=(0.054,1.595,-0.243) 实际速度=(0.000,0.002,0.002) 最终目标=(0.054,1.595,-0.243) 指令位置=(0.054,1.595,nan) 指令速度=(0.000,0.000,0.000) 指令加速度=(0.000,0.000,nan) 滚转角=0.04度 俯仰角=-0.04度
10:04:55.493343 [轨迹] 序号=688 单调时间=4710.273243 时间=4710.273 模式=AUTO.LAND 起飞状态=未执行起飞 水平控制=位置保持 类型掩码=3520 实际位置NED=(0.055,1.596,-0.243) 实际速度=(0.000,0.001,0.001) 最终目标=(0.055,1.596,-0.243) 指令位置=(0.055,1.596,nan) 指令速度=(0.000,0.000,0.000) 指令加速度=(0.000,0.000,nan) 滚转角=0.04度 俯仰角=-0.04度
10:04:55.597347 [轨迹] 序号=689 单调时间=4710.377363 时间=4710.377 模式=AUTO.LAND 起飞状态=未执行起飞 水平控制=位置保持 类型掩码=3520 实际位置NED=(0.055,1.596,-0.243) 实际速度=(0.000,0.002,0.001) 最终目标=(0.055,1.596,-0.243) 指令位置=(0.055,1.596,nan) 指令速度=(0.000,0.000,0.000) 指令加速度=(0.000,0.000,nan) 滚转角=0.04度 俯仰角=-0.04度
10:04:55.701912 [轨迹] 序号=690 单调时间=4710.481782 时间=4710.482 模式=AUTO.LAND 起飞状态=未执行起飞 水平控制=位置保持 类型掩码=3520 实际位置NED=(0.055,1.596,-0.243) 实际速度=(0.000,0.002,0.001) 最终目标=(0.055,1.596,-0.243) 指令位置=(0.055,1.596,nan) 指令速度=(0.000,0.000,0.000) 指令加速度=(0.000,0.000,nan) 滚转角=0.04度 俯仰角=-0.04度
10:04:55.806152 [轨迹] 序号=691 单调时间=4710.586193 时间=4710.586 模式=AUTO.LAND 起飞状态=未执行起飞 水平控制=位置保持 类型掩码=3520 实际位置NED=(0.055,1.596,-0.243) 实际速度=(0.000,0.001,0.001) 最终目标=(0.055,1.596,-0.243) 指令位置=(0.055,1.596,nan) 指令速度=(0.000,0.000,0.000) 指令加速度=(0.000,0.000,nan) 滚转角=0.04度 俯仰角=-0.04度
10:04:55.909738 [轨迹] 序号=692 单调时间=4710.689627 时间=4710.690 模式=AUTO.LAND 起飞状态=未执行起飞 水平控制=位置保持 类型掩码=3520 实际位置NED=(0.055,1.596,-0.243) 实际速度=(0.000,0.001,0.001) 最终目标=(0.055,1.596,-0.243) 指令位置=(0.055,1.596,nan) 指令速度=(0.000,0.000,0.000) 指令加速度=(0.000,0.000,nan) 滚转角=0.04度 俯仰角=-0.04度
10:04:56.013398 [轨迹] 序号=693 单调时间=4710.793271 时间=4710.793 模式=AUTO.LAND 起飞状态=未执行起飞 水平控制=位置保持 类型掩码=3520 实际位置NED=(0.055,1.597,-0.243) 实际速度=(0.000,0.002,0.001) 最终目标=(0.055,1.597,-0.243) 指令位置=(0.055,1.597,nan) 指令速度=(0.000,0.000,0.000) 指令加速度=(0.000,0.000,nan) 滚转角=0.04度 俯仰角=-0.04度
10:04:56.118052 [轨迹] 序号=694 单调时间=4710.898001 时间=4710.898 模式=AUTO.LAND 起飞状态=未执行起飞 水平控制=位置保持 类型掩码=3520 实际位置NED=(0.055,1.597,-0.243) 实际速度=(0.000,0.002,0.001) 最终目标=(0.055,1.597,-0.243) 指令位置=(0.055,1.597,nan) 指令速度=(0.000,0.000,0.000) 指令加速度=(0.000,0.000,nan) 滚转角=0.04度 俯仰角=-0.04度
10:04:56.220020 [轨迹] 序号=695 单调时间=4710.999999 时间=4711.000 模式=AUTO.LAND 起飞状态=未执行起飞 水平控制=位置保持 类型掩码=3520 实际位置NED=(0.055,1.597,-0.244) 实际速度=(0.000,0.002,0.001) 最终目标=(0.055,1.597,-0.244) 指令位置=(0.055,1.597,nan) 指令速度=(0.000,0.000,0.000) 指令加速度=(0.000,0.000,nan) 滚转角=0.04度 俯仰角=-0.04度
10:04:56.324119 [轨迹] 序号=696 单调时间=4711.103934 时间=4711.104 模式=AUTO.LAND 起飞状态=未执行起飞 水平控制=位置保持 类型掩码=3520 实际位置NED=(0.055,1.597,-0.244) 实际速度=(0.000,0.002,0.001) 最终目标=(0.055,1.597,-0.244) 指令位置=(0.055,1.597,nan) 指令速度=(0.000,0.000,0.000) 指令加速度=(0.000,0.000,nan) 滚转角=0.04度 俯仰角=-0.04度
10:04:56.428045 [轨迹] 序号=697 单调时间=4711.207746 时间=4711.208 模式=AUTO.LAND 起飞状态=未执行起飞 水平控制=位置保持 类型掩码=3520 实际位置NED=(0.055,1.597,-0.244) 实际速度=(0.000,0.002,0.001) 最终目标=(0.055,1.597,-0.244) 指令位置=(0.055,1.597,nan) 指令速度=(0.000,0.000,0.000) 指令加速度=(0.000,0.000,nan) 滚转角=0.04度 俯仰角=-0.04度
10:04:56.531596 [轨迹] 序号=698 单调时间=4711.311549 时间=4711.312 模式=AUTO.LAND 起飞状态=未执行起飞 水平控制=位置保持 类型掩码=3520 实际位置NED=(0.056,1.597,-0.244) 实际速度=(0.000,0.002,0.000) 最终目标=(0.056,1.597,-0.244) 指令位置=(0.056,1.597,nan) 指令速度=(0.000,0.000,0.000) 指令加速度=(0.000,0.000,nan) 滚转角=0.04度 俯仰角=-0.04度
10:04:56.635178 [轨迹] 序号=699 单调时间=4711.415092 时间=4711.415 模式=AUTO.LAND 起飞状态=未执行起飞 水平控制=位置保持 类型掩码=3520 实际位置NED=(0.056,1.598,-0.244) 实际速度=(0.000,0.002,0.000) 最终目标=(0.056,1.598,-0.244) 指令位置=(0.056,1.598,nan) 指令速度=(0.000,0.000,0.000) 指令加速度=(0.000,0.000,nan) 滚转角=0.04度 俯仰角=-0.04度
10:04:56.738742 [轨迹] 序号=700 单调时间=4711.518585 时间=4711.519 模式=AUTO.LAND 起飞状态=未执行起飞 水平控制=位置保持 类型掩码=3520 实际位置NED=(0.056,1.598,-0.244) 实际速度=(0.000,0.002,0.000) 最终目标=(0.056,1.598,-0.244) 指令位置=(0.056,1.598,nan) 指令速度=(0.000,0.000,0.000) 指令加速度=(0.000,0.000,nan) 滚转角=0.04度 俯仰角=-0.04度
10:04:56.843056 [轨迹] 序号=701 单调时间=4711.622884 时间=4711.623 模式=AUTO.LAND 起飞状态=未执行起飞 水平控制=位置保持 类型掩码=3520 实际位置NED=(0.056,1.598,-0.244) 实际速度=(0.000,0.002,0.000) 最终目标=(0.056,1.598,-0.244) 指令位置=(0.056,1.598,nan) 指令速度=(0.000,0.000,0.000) 指令加速度=(0.000,0.000,nan) 滚转角=0.04度 俯仰角=-0.04度
10:04:56.946863 [轨迹] 序号=702 单调时间=4711.726698 时间=4711.727 模式=AUTO.LAND 起飞状态=未执行起飞 水平控制=位置保持 类型掩码=3520 实际位置NED=(0.056,1.598,-0.244) 实际速度=(0.000,0.002,0.000) 最终目标=(0.056,1.598,-0.244) 指令位置=(0.056,1.598,nan) 指令速度=(0.000,0.000,0.000) 指令加速度=(0.000,0.000,nan) 滚转角=0.04度 俯仰角=-0.04度
10:04:57.050949 [轨迹] 序号=703 单调时间=4711.830672 时间=4711.831 模式=AUTO.LAND 起飞状态=未执行起飞 水平控制=位置保持 类型掩码=3520 实际位置NED=(0.056,1.598,-0.244) 实际速度=(0.000,0.002,-0.000) 最终目标=(0.056,1.598,-0.244) 指令位置=(0.056,1.598,nan) 指令速度=(0.000,0.000,0.000) 指令加速度=(0.000,0.000,nan) 滚转角=0.04度 俯仰角=-0.04度
10:04:57.154815 [轨迹] 序号=704 单调时间=4711.934617 时间=4711.935 模式=AUTO.LAND 起飞状态=未执行起飞 水平控制=位置保持 类型掩码=3520 实际位置NED=(0.056,1.599,-0.244) 实际速度=(0.000,0.002,-0.000) 最终目标=(0.056,1.599,-0.244) 指令位置=(0.056,1.599,nan) 指令速度=(0.000,0.000,0.000) 指令加速度=(0.000,0.000,nan) 滚转角=0.04度 俯仰角=-0.04度
10:04:57.258182 [轨迹] 序号=705 单调时间=4712.038131 时间=4712.038 模式=OFFBOARD 起飞状态=未执行起飞 水平控制=位置保持 类型掩码=3520 实际位置NED=(0.056,1.599,-0.245) 实际速度=(0.000,0.001,-0.000) 最终目标=(0.056,1.599,-0.245) 指令位置=(0.056,1.599,nan) 指令速度=(0.000,0.000,0.000) 指令加速度=(0.000,0.000,nan) 滚转角=0.04度 俯仰角=-0.04度
10:04:57 [地面待机] 已清除上一轮飞行目标，正在跟随当前位置
10:04:57.361791 [轨迹] 序号=706 单调时间=4712.141695 时间=4712.142 模式=OFFBOARD 起飞状态=未执行起飞 水平控制=位置保持 类型掩码=3520 实际位置NED=(0.056,1.599,-0.245) 实际速度=(0.000,0.002,-0.000) 最终目标=(0.056,1.599,-0.245) 指令位置=(0.056,1.599,nan) 指令速度=(0.000,0.000,0.000) 指令加速度=(0.000,0.000,nan) 滚转角=0.04度 俯仰角=-0.04度
10:04:57.466370 [轨迹] 序号=707 单调时间=4712.245902 时间=4712.246 模式=OFFBOARD 起飞状态=未执行起飞 水平控制=位置保持 类型掩码=3520 实际位置NED=(0.057,1.599,-0.245) 实际速度=(0.000,0.002,-0.000) 最终目标=(0.056,1.599,-0.245) 指令位置=(0.056,1.599,nan) 指令速度=(0.000,0.000,0.000) 指令加速度=(0.000,0.000,nan) 滚转角=0.04度 俯仰角=-0.04度
10:04:57.569736 [轨迹] 序号=708 单调时间=4712.349687 时间=4712.350 模式=OFFBOARD 起飞状态=未执行起飞 水平控制=位置保持 类型掩码=3520 实际位置NED=(0.057,1.599,-0.245) 实际速度=(0.000,0.001,-0.000) 最终目标=(0.056,1.599,-0.245) 指令位置=(0.056,1.599,nan) 指令速度=(0.000,0.000,0.000) 指令加速度=(0.000,0.000,nan) 滚转角=0.04度 俯仰角=-0.04度
10:04:57.672459 [轨迹] 序号=709 单调时间=4712.452380 时间=4712.452 模式=OFFBOARD 起飞状态=未执行起飞 水平控制=位置保持 类型掩码=3520 实际位置NED=(0.057,1.600,-0.245) 实际速度=(-0.000,0.001,-0.001) 最终目标=(0.056,1.599,-0.245) 指令位置=(0.056,1.599,nan) 指令速度=(0.000,0.000,0.000) 指令加速度=(0.000,0.000,nan) 滚转角=0.04度 俯仰角=-0.04度
10:04:57.772666 [轨迹] 序号=710 单调时间=4712.552648 时间=4712.553 模式=OFFBOARD 起飞状态=未执行起飞 水平控制=位置保持 类型掩码=3520 实际位置NED=(0.057,1.600,-0.245) 实际速度=(-0.000,0.001,-0.001) 最终目标=(0.056,1.599,-0.245) 指令位置=(0.056,1.599,nan) 指令速度=(0.000,0.000,0.000) 指令加速度=(0.000,0.000,nan) 滚转角=0.04度 俯仰角=-0.04度
10:04:57.876151 [轨迹] 序号=711 单调时间=4712.656120 时间=4712.656 模式=OFFBOARD 起飞状态=未执行起飞 水平控制=位置保持 类型掩码=3520 实际位置NED=(0.057,1.600,-0.245) 实际速度=(-0.000,0.001,-0.001) 最终目标=(0.056,1.599,-0.245) 指令位置=(0.056,1.599,nan) 指令速度=(0.000,0.000,0.000) 指令加速度=(0.000,0.000,nan) 滚转角=0.04度 俯仰角=-0.04度
10:04:57.979754 [轨迹] 序号=712 单调时间=4712.759558 时间=4712.760 模式=OFFBOARD 起飞状态=未执行起飞 水平控制=位置保持 类型掩码=3520 实际位置NED=(0.057,1.600,-0.245) 实际速度=(-0.000,0.001,-0.001) 最终目标=(0.056,1.599,-0.245) 指令位置=(0.056,1.599,nan) 指令速度=(0.000,0.000,0.000) 指令加速度=(0.000,0.000,nan) 滚转角=0.04度 俯仰角=-0.04度
10:04:58.084089 [轨迹] 序号=713 单调时间=4712.863933 时间=4712.864 模式=OFFBOARD 起飞状态=未执行起飞 水平控制=位置保持 类型掩码=3520 实际位置NED=(0.057,1.600,-0.245) 实际速度=(-0.000,0.001,-0.001) 最终目标=(0.056,1.599,-0.245) 指令位置=(0.056,1.599,nan) 指令速度=(0.000,0.000,0.000) 指令加速度=(0.000,0.000,nan) 滚转角=0.04度 俯仰角=-0.03度
10:04:58.187918 [轨迹] 序号=714 单调时间=4712.967675 时间=4712.968 模式=OFFBOARD 起飞状态=未执行起飞 水平控制=位置保持 类型掩码=3520 实际位置NED=(0.058,1.600,-0.245) 实际速度=(-0.000,0.001,-0.001) 最终目标=(0.056,1.599,-0.245) 指令位置=(0.056,1.599,nan) 指令速度=(0.000,0.000,0.000) 指令加速度=(0.000,0.000,nan) 滚转角=0.04度 俯仰角=-0.03度
10:04:58.291779 [轨迹] 序号=715 单调时间=4713.071471 时间=4713.071 模式=OFFBOARD 起飞状态=未执行起飞 水平控制=位置保持 类型掩码=3520 实际位置NED=(0.058,1.600,-0.246) 实际速度=(-0.000,0.001,-0.001) 最终目标=(0.056,1.599,-0.245) 指令位置=(0.056,1.599,nan) 指令速度=(0.000,0.000,0.000) 指令加速度=(0.000,0.000,nan) 滚转角=0.04度 俯仰角=-0.04度
10:04:58.396000 [轨迹] 序号=716 单调时间=4713.175797 时间=4713.176 模式=OFFBOARD 起飞状态=未执行起飞 水平控制=位置保持 类型掩码=3520 实际位置NED=(0.058,1.601,-0.246) 实际速度=(-0.000,0.001,-0.001) 最终目标=(0.056,1.599,-0.245) 指令位置=(0.056,1.599,nan) 指令速度=(0.000,0.000,0.000) 指令加速度=(0.000,0.000,nan) 滚转角=0.04度 俯仰角=-0.03度
10:04:58.499776 [轨迹] 序号=717 单调时间=4713.279654 时间=4713.280 模式=OFFBOARD 起飞状态=未执行起飞 水平控制=位置保持 类型掩码=3520 实际位置NED=(0.058,1.601,-0.246) 实际速度=(-0.000,0.001,-0.001) 最终目标=(0.056,1.599,-0.245) 指令位置=(0.056,1.599,nan) 指令速度=(0.000,0.000,0.000) 指令加速度=(0.000,0.000,nan) 滚转角=0.04度 俯仰角=-0.03度
10:04:58.603454 [轨迹] 序号=718 单调时间=4713.383332 时间=4713.383 模式=OFFBOARD 起飞状态=未执行起飞 水平控制=位置保持 类型掩码=3520 实际位置NED=(0.058,1.601,-0.246) 实际速度=(-0.000,0.001,-0.001) 最终目标=(0.056,1.599,-0.245) 指令位置=(0.056,1.599,nan) 指令速度=(0.000,0.000,0.000) 指令加速度=(0.000,0.000,nan) 滚转角=0.04度 俯仰角=-0.03度
10:04:58.708238 [轨迹] 序号=719 单调时间=4713.488102 时间=4713.488 模式=OFFBOARD 起飞状态=未执行起飞 水平控制=位置保持 类型掩码=3520 实际位置NED=(0.058,1.601,-0.246) 实际速度=(-0.000,0.001,-0.001) 最终目标=(0.056,1.599,-0.245) 指令位置=(0.056,1.599,nan) 指令速度=(0.000,0.000,0.000) 指令加速度=(0.000,0.000,nan) 滚转角=0.05度 俯仰角=-0.03度
10:04:58.811611 [轨迹] 序号=720 单调时间=4713.591629 时间=4713.592 模式=OFFBOARD 起飞状态=未执行起飞 水平控制=位置保持 类型掩码=3520 实际位置NED=(0.058,1.601,-0.246) 实际速度=(-0.000,0.001,-0.001) 最终目标=(0.056,1.599,-0.245) 指令位置=(0.056,1.599,nan) 指令速度=(0.000,0.000,0.000) 指令加速度=(0.000,0.000,nan) 滚转角=0.05度 俯仰角=-0.03度
10:04:58.914910 [轨迹] 序号=721 单调时间=4713.694915 时间=4713.695 模式=OFFBOARD 起飞状态=未执行起飞 水平控制=位置保持 类型掩码=3520 实际位置NED=(0.058,1.601,-0.246) 实际速度=(0.000,0.001,-0.001) 最终目标=(0.056,1.599,-0.245) 指令位置=(0.056,1.599,nan) 指令速度=(0.000,0.000,0.000) 指令加速度=(0.000,0.000,nan) 滚转角=0.05度 俯仰角=-0.03度
10:04:59.017736 [轨迹] 序号=722 单调时间=4713.797397 时间=4713.797 模式=OFFBOARD 起飞状态=未执行起飞 水平控制=位置保持 类型掩码=3520 实际位置NED=(0.058,1.602,-0.246) 实际速度=(0.000,0.001,-0.001) 最终目标=(0.056,1.599,-0.245) 指令位置=(0.056,1.599,nan) 指令速度=(0.000,0.000,0.000) 指令加速度=(0.000,0.000,nan) 滚转角=0.05度 俯仰角=-0.03度
10:04:59.120899 [轨迹] 序号=723 单调时间=4713.900851 时间=4713.901 模式=OFFBOARD 起飞状态=未执行起飞 水平控制=位置保持 类型掩码=3520 实际位置NED=(0.059,1.602,-0.246) 实际速度=(0.000,0.001,-0.001) 最终目标=(0.056,1.599,-0.245) 指令位置=(0.056,1.599,nan) 指令速度=(0.000,0.000,0.000) 指令加速度=(0.000,0.000,nan) 滚转角=0.05度 俯仰角=-0.03度
10:04:59.224389 [轨迹] 序号=724 单调时间=4714.004342 时间=4714.004 模式=OFFBOARD 起飞状态=未执行起飞 水平控制=位置保持 类型掩码=3520 实际位置NED=(0.059,1.602,-0.246) 实际速度=(0.000,0.001,-0.001) 最终目标=(0.056,1.599,-0.245) 指令位置=(0.056,1.599,nan) 指令速度=(0.000,0.000,0.000) 指令加速度=(0.000,0.000,nan) 滚转角=0.05度 俯仰角=-0.03度
10:04:59.327968 [轨迹] 序号=725 单调时间=4714.107870 时间=4714.108 模式=OFFBOARD 起飞状态=未执行起飞 水平控制=位置保持 类型掩码=3520 实际位置NED=(0.059,1.602,-0.246) 实际速度=(0.000,0.001,-0.001) 最终目标=(0.056,1.599,-0.245) 指令位置=(0.056,1.599,nan) 指令速度=(0.000,0.000,0.000) 指令加速度=(0.000,0.000,nan) 滚转角=0.05度 俯仰角=-0.03度
10:04:59.428844 [轨迹] 序号=726 单调时间=4714.208614 时间=4714.209 模式=OFFBOARD 起飞状态=未执行起飞 水平控制=位置保持 类型掩码=3520 实际位置NED=(0.059,1.602,-0.246) 实际速度=(0.000,0.001,-0.001) 最终目标=(0.056,1.599,-0.245) 指令位置=(0.056,1.599,nan) 指令速度=(0.000,0.000,0.000) 指令加速度=(0.000,0.000,nan) 滚转角=0.04度 俯仰角=-0.03度
10:04:59.531387 [轨迹] 序号=727 单调时间=4714.311376 时间=4714.311 模式=OFFBOARD 起飞状态=未执行起飞 水平控制=位置保持 类型掩码=3520 实际位置NED=(0.059,1.602,-0.246) 实际速度=(0.000,0.001,-0.001) 最终目标=(0.056,1.599,-0.245) 指令位置=(0.056,1.599,nan) 指令速度=(0.000,0.000,0.000) 指令加速度=(0.000,0.000,nan) 滚转角=0.04度 俯仰角=-0.03度
10:04:59.634055 [轨迹] 序号=728 单调时间=4714.413922 时间=4714.414 模式=OFFBOARD 起飞状态=未执行起飞 水平控制=位置保持 类型掩码=3520 实际位置NED=(0.059,1.603,-0.246) 实际速度=(0.000,0.001,-0.001) 最终目标=(0.056,1.599,-0.245) 指令位置=(0.056,1.599,nan) 指令速度=(0.000,0.000,0.000) 指令加速度=(0.000,0.000,nan) 滚转角=0.05度 俯仰角=-0.03度
10:04:59.737152 [轨迹] 序号=729 单调时间=4714.516978 时间=4714.517 模式=OFFBOARD 起飞状态=未执行起飞 水平控制=位置保持 类型掩码=3520 实际位置NED=(0.059,1.603,-0.246) 实际速度=(0.000,0.001,-0.001) 最终目标=(0.056,1.599,-0.245) 指令位置=(0.056,1.599,nan) 指令速度=(0.000,0.000,0.000) 指令加速度=(0.000,0.000,nan) 滚转角=0.05度 俯仰角=-0.03度
10:04:59.839746 [轨迹] 序号=730 单调时间=4714.619657 时间=4714.620 模式=OFFBOARD 起飞状态=未执行起飞 水平控制=位置保持 类型掩码=3520 实际位置NED=(0.059,1.603,-0.246) 实际速度=(0.000,0.001,-0.001) 最终目标=(0.056,1.599,-0.245) 指令位置=(0.056,1.599,nan) 指令速度=(0.000,0.000,0.000) 指令加速度=(0.000,0.000,nan) 滚转角=0.05度 俯仰角=-0.03度
10:04:59.943541 [轨迹] 序号=731 单调时间=4714.722866 时间=4714.723 模式=OFFBOARD 起飞状态=未执行起飞 水平控制=位置保持 类型掩码=3520 实际位置NED=(0.059,1.603,-0.246) 实际速度=(0.000,0.000,-0.001) 最终目标=(0.056,1.599,-0.245) 指令位置=(0.056,1.599,nan) 指令速度=(0.000,0.000,0.000) 指令加速度=(0.000,0.000,nan) 滚转角=0.05度 俯仰角=-0.03度
10:05:00.046958 [轨迹] 序号=732 单调时间=4714.826774 时间=4714.827 模式=OFFBOARD 起飞状态=未执行起飞 水平控制=位置保持 类型掩码=3520 实际位置NED=(0.059,1.603,-0.246) 实际速度=(-0.000,0.001,-0.001) 最终目标=(0.056,1.599,-0.245) 指令位置=(0.056,1.599,nan) 指令速度=(0.000,0.000,0.000) 指令加速度=(0.000,0.000,nan) 滚转角=0.05度 俯仰角=-0.03度
10:05:00.149505 [轨迹] 序号=733 单调时间=4714.929419 时间=4714.929 模式=OFFBOARD 起飞状态=未执行起飞 水平控制=位置保持 类型掩码=3520 实际位置NED=(0.060,1.603,-0.246) 实际速度=(-0.000,0.001,-0.000) 最终目标=(0.056,1.599,-0.245) 指令位置=(0.056,1.599,nan) 指令速度=(0.000,0.000,0.000) 指令加速度=(0.000,0.000,nan) 滚转角=0.05度 俯仰角=-0.03度
10:05:00.252464 [轨迹] 序号=734 单调时间=4715.032326 时间=4715.032 模式=OFFBOARD 起飞状态=未执行起飞 水平控制=位置保持 类型掩码=3520 实际位置NED=(0.060,1.603,-0.246) 实际速度=(-0.000,0.001,-0.001) 最终目标=(0.056,1.599,-0.245) 指令位置=(0.056,1.599,nan) 指令速度=(0.000,0.000,0.000) 指令加速度=(0.000,0.000,nan) 滚转角=0.05度 俯仰角=-0.03度
10:05:00.355292 [轨迹] 序号=735 单调时间=4715.135145 时间=4715.135 模式=OFFBOARD 起飞状态=未执行起飞 水平控制=位置保持 类型掩码=3520 实际位置NED=(0.060,1.603,-0.246) 实际速度=(-0.000,0.001,-0.000) 最终目标=(0.056,1.599,-0.245) 指令位置=(0.056,1.599,nan) 指令速度=(0.000,0.000,0.000) 指令加速度=(0.000,0.000,nan) 滚转角=0.05度 俯仰角=-0.03度
10:05:00.457838 [轨迹] 序号=736 单调时间=4715.237710 时间=4715.238 模式=OFFBOARD 起飞状态=未执行起飞 水平控制=位置保持 类型掩码=3520 实际位置NED=(0.060,1.604,-0.245) 实际速度=(-0.000,0.001,-0.000) 最终目标=(0.056,1.599,-0.245) 指令位置=(0.056,1.599,nan) 指令速度=(0.000,0.000,0.000) 指令加速度=(0.000,0.000,nan) 滚转角=0.05度 俯仰角=-0.03度
10:05:00.560355 [轨迹] 序号=737 单调时间=4715.340327 时间=4715.340 模式=OFFBOARD 起飞状态=未执行起飞 水平控制=位置保持 类型掩码=3520 实际位置NED=(0.060,1.604,-0.245) 实际速度=(-0.000,0.001,-0.000) 最终目标=(0.056,1.599,-0.245) 指令位置=(0.056,1.599,nan) 指令速度=(0.000,0.000,0.000) 指令加速度=(0.000,0.000,nan) 滚转角=0.05度 俯仰角=-0.03度
10:05:00.663871 [轨迹] 序号=738 单调时间=4715.443743 时间=4715.444 模式=OFFBOARD 起飞状态=未执行起飞 水平控制=位置保持 类型掩码=3520 实际位置NED=(0.060,1.604,-0.245) 实际速度=(-0.000,0.001,-0.000) 最终目标=(0.056,1.599,-0.245) 指令位置=(0.056,1.599,nan) 指令速度=(0.000,0.000,0.000) 指令加速度=(0.000,0.000,nan) 滚转角=0.05度 俯仰角=-0.03度
10:05:00.766468 [轨迹] 序号=739 单调时间=4715.546332 时间=4715.546 模式=OFFBOARD 起飞状态=未执行起飞 水平控制=位置保持 类型掩码=3520 实际位置NED=(0.060,1.604,-0.245) 实际速度=(-0.000,0.001,-0.000) 最终目标=(0.056,1.599,-0.245) 指令位置=(0.056,1.599,nan) 指令速度=(0.000,0.000,0.000) 指令加速度=(0.000,0.000,nan) 滚转角=0.05度 俯仰角=-0.03度
10:05:00.869038 [轨迹] 序号=740 单调时间=4715.648864 时间=4715.649 模式=OFFBOARD 起飞状态=未执行起飞 水平控制=位置保持 类型掩码=3520 实际位置NED=(0.060,1.604,-0.246) 实际速度=(-0.000,0.001,-0.000) 最终目标=(0.056,1.599,-0.245) 指令位置=(0.056,1.599,nan) 指令速度=(0.000,0.000,0.000) 指令加速度=(0.000,0.000,nan) 滚转角=0.05度 俯仰角=-0.03度
10:05:00.972149 [轨迹] 序号=741 单调时间=4715.751894 时间=4715.752 模式=OFFBOARD 起飞状态=未执行起飞 水平控制=位置保持 类型掩码=3520 实际位置NED=(0.059,1.604,-0.246) 实际速度=(-0.000,0.001,-0.000) 最终目标=(0.056,1.599,-0.245) 指令位置=(0.056,1.599,nan) 指令速度=(0.000,0.000,0.000) 指令加速度=(0.000,0.000,nan) 滚转角=0.05度 俯仰角=-0.03度
10:05:01.073943 [轨迹] 序号=742 单调时间=4715.853875 时间=4715.854 模式=OFFBOARD 起飞状态=未执行起飞 水平控制=位置保持 类型掩码=3520 实际位置NED=(0.059,1.604,-0.246) 实际速度=(-0.000,0.001,-0.000) 最终目标=(0.056,1.599,-0.245) 指令位置=(0.056,1.599,nan) 指令速度=(0.000,0.000,0.000) 指令加速度=(0.000,0.000,nan) 滚转角=0.05度 俯仰角=-0.03度
10:05:01.176065 [轨迹] 序号=743 单调时间=4715.955876 时间=4715.956 模式=OFFBOARD 起飞状态=未执行起飞 水平控制=位置保持 类型掩码=3520 实际位置NED=(0.059,1.605,-0.246) 实际速度=(-0.000,0.001,-0.000) 最终目标=(0.056,1.599,-0.245) 指令位置=(0.056,1.599,nan) 指令速度=(0.000,0.000,0.000) 指令加速度=(0.000,0.000,nan) 滚转角=0.05度 俯仰角=-0.03度
10:05:01.279546 [轨迹] 序号=744 单调时间=4716.059512 时间=4716.060 模式=OFFBOARD 起飞状态=未执行起飞 水平控制=位置保持 类型掩码=3520 实际位置NED=(0.059,1.605,-0.246) 实际速度=(-0.000,0.001,-0.000) 最终目标=(0.056,1.599,-0.245) 指令位置=(0.056,1.599,nan) 指令速度=(0.000,0.000,0.000) 指令加速度=(0.000,0.000,nan) 滚转角=0.05度 俯仰角=-0.03度
10:05:01.384308 [轨迹] 序号=745 单调时间=4716.164247 时间=4716.164 模式=OFFBOARD 起飞状态=未执行起飞 水平控制=位置保持 类型掩码=3520 实际位置NED=(0.059,1.605,-0.246) 实际速度=(-0.001,0.001,-0.000) 最终目标=(0.056,1.599,-0.245) 指令位置=(0.056,1.599,nan) 指令速度=(0.000,0.000,0.000) 指令加速度=(0.000,0.000,nan) 滚转角=0.05度 俯仰角=-0.03度
10:05:01.487513 [轨迹] 序号=746 单调时间=4716.267386 时间=4716.267 模式=OFFBOARD 起飞状态=未执行起飞 水平控制=位置保持 类型掩码=3520 实际位置NED=(0.059,1.605,-0.246) 实际速度=(-0.001,0.001,-0.000) 最终目标=(0.056,1.599,-0.245) 指令位置=(0.056,1.599,nan) 指令速度=(0.000,0.000,0.000) 指令加速度=(0.000,0.000,nan) 滚转角=0.05度 俯仰角=-0.03度
10:05:01.589864 [轨迹] 序号=747 单调时间=4716.369761 时间=4716.370 模式=OFFBOARD 起飞状态=未执行起飞 水平控制=位置保持 类型掩码=3520 实际位置NED=(0.059,1.605,-0.246) 实际速度=(-0.001,0.001,-0.000) 最终目标=(0.056,1.599,-0.245) 指令位置=(0.056,1.599,nan) 指令速度=(0.000,0.000,0.000) 指令加速度=(0.000,0.000,nan) 滚转角=0.05度 俯仰角=-0.03度
10:05:01.690050 [轨迹] 序号=748 单调时间=4716.469925 时间=4716.470 模式=OFFBOARD 起飞状态=未执行起飞 水平控制=位置保持 类型掩码=3520 实际位置NED=(0.059,1.605,-0.246) 实际速度=(-0.001,0.001,-0.000) 最终目标=(0.056,1.599,-0.245) 指令位置=(0.056,1.599,nan) 指令速度=(0.000,0.000,0.000) 指令加速度=(0.000,0.000,nan) 滚转角=0.05度 俯仰角=-0.03度
10:05:01.793794 [轨迹] 序号=749 单调时间=4716.573492 时间=4716.573 模式=OFFBOARD 起飞状态=未执行起飞 水平控制=位置保持 类型掩码=3520 实际位置NED=(0.059,1.605,-0.246) 实际速度=(-0.001,0.001,-0.000) 最终目标=(0.056,1.599,-0.245) 指令位置=(0.056,1.599,nan) 指令速度=(0.000,0.000,0.000) 指令加速度=(0.000,0.000,nan) 滚转角=0.06度 俯仰角=-0.03度
10:05:01.897023 [轨迹] 序号=750 单调时间=4716.676988 时间=4716.677 模式=OFFBOARD 起飞状态=未执行起飞 水平控制=位置保持 类型掩码=3520 实际位置NED=(0.059,1.606,-0.246) 实际速度=(-0.000,0.001,-0.000) 最终目标=(0.056,1.599,-0.245) 指令位置=(0.056,1.599,nan) 指令速度=(0.000,0.000,0.000) 指令加速度=(0.000,0.000,nan) 滚转角=0.06度 俯仰角=-0.03度
10:05:02.000969 [轨迹] 序号=751 单调时间=4716.780493 时间=4716.780 模式=OFFBOARD 起飞状态=未执行起飞 水平控制=位置保持 类型掩码=3520 实际位置NED=(0.059,1.606,-0.246) 实际速度=(-0.001,0.001,-0.000) 最终目标=(0.056,1.599,-0.245) 指令位置=(0.056,1.599,nan) 指令速度=(0.000,0.000,0.000) 指令加速度=(0.000,0.000,nan) 滚转角=0.06度 俯仰角=-0.03度
10:05:02.104803 [轨迹] 序号=752 单调时间=4716.884487 时间=4716.884 模式=OFFBOARD 起飞状态=未执行起飞 水平控制=位置保持 类型掩码=3520 实际位置NED=(0.059,1.606,-0.246) 实际速度=(-0.001,0.001,-0.001) 最终目标=(0.056,1.599,-0.245) 指令位置=(0.056,1.599,nan) 指令速度=(0.000,0.000,0.000) 指令加速度=(0.000,0.000,nan) 滚转角=0.06度 俯仰角=-0.03度
10:05:02.208112 [轨迹] 序号=753 单调时间=4716.987996 时间=4716.988 模式=OFFBOARD 起飞状态=未执行起飞 水平控制=位置保持 类型掩码=3520 实际位置NED=(0.059,1.606,-0.246) 实际速度=(-0.001,0.001,-0.000) 最终目标=(0.056,1.599,-0.245) 指令位置=(0.056,1.599,nan) 指令速度=(0.000,0.000,0.000) 指令加速度=(0.000,0.000,nan) 滚转角=0.06度 俯仰角=-0.03度
10:05:02.313006 [轨迹] 序号=754 单调时间=4717.092850 时间=4717.093 模式=OFFBOARD 起飞状态=未执行起飞 水平控制=位置保持 类型掩码=3520 实际位置NED=(0.059,1.606,-0.246) 实际速度=(-0.001,0.001,-0.001) 最终目标=(0.056,1.599,-0.245) 指令位置=(0.056,1.599,nan) 指令速度=(0.000,0.000,0.000) 指令加速度=(0.000,0.000,nan) 滚转角=0.06度 俯仰角=-0.03度
10:05:02.416621 [轨迹] 序号=755 单调时间=4717.196498 时间=4717.196 模式=OFFBOARD 起飞状态=未执行起飞 水平控制=位置保持 类型掩码=3520 实际位置NED=(0.059,1.606,-0.246) 实际速度=(-0.001,0.001,-0.001) 最终目标=(0.056,1.599,-0.245) 指令位置=(0.056,1.599,nan) 指令速度=(0.000,0.000,0.000) 指令加速度=(0.000,0.000,nan) 滚转角=0.06度 俯仰角=-0.03度
10:05:02.520107 [轨迹] 序号=756 单调时间=4717.299925 时间=4717.300 模式=OFFBOARD 起飞状态=未执行起飞 水平控制=位置保持 类型掩码=3520 实际位置NED=(0.059,1.606,-0.246) 实际速度=(-0.001,0.001,-0.001) 最终目标=(0.056,1.599,-0.245) 指令位置=(0.056,1.599,nan) 指令速度=(0.000,0.000,0.000) 指令加速度=(0.000,0.000,nan) 滚转角=0.06度 俯仰角=-0.03度
10:05:02.624079 [轨迹] 序号=757 单调时间=4717.403762 时间=4717.404 模式=OFFBOARD 起飞状态=未执行起飞 水平控制=位置保持 类型掩码=3520 实际位置NED=(0.059,1.606,-0.246) 实际速度=(-0.001,0.001,-0.001) 最终目标=(0.056,1.599,-0.245) 指令位置=(0.056,1.599,nan) 指令速度=(0.000,0.000,0.000) 指令加速度=(0.000,0.000,nan) 滚转角=0.06度 俯仰角=-0.03度
10:05:02.727953 [轨迹] 序号=758 单调时间=4717.507890 时间=4717.508 模式=OFFBOARD 起飞状态=未执行起飞 水平控制=位置保持 类型掩码=3520 实际位置NED=(0.059,1.607,-0.246) 实际速度=(-0.001,0.001,-0.001) 最终目标=(0.056,1.599,-0.245) 指令位置=(0.056,1.599,nan) 指令速度=(0.000,0.000,0.000) 指令加速度=(0.000,0.000,nan) 滚转角=0.06度 俯仰角=-0.03度
10:05:02.831804 [轨迹] 序号=759 单调时间=4717.611661 时间=4717.612 模式=OFFBOARD 起飞状态=未执行起飞 水平控制=位置保持 类型掩码=3520 实际位置NED=(0.059,1.607,-0.246) 实际速度=(-0.001,0.001,-0.001) 最终目标=(0.056,1.599,-0.245) 指令位置=(0.056,1.599,nan) 指令速度=(0.000,0.000,0.000) 指令加速度=(0.000,0.000,nan) 滚转角=0.06度 俯仰角=-0.03度
10:05:02.934925 [轨迹] 序号=760 单调时间=4717.714868 时间=4717.715 模式=OFFBOARD 起飞状态=未执行起飞 水平控制=位置保持 类型掩码=3520 实际位置NED=(0.059,1.607,-0.246) 实际速度=(-0.001,0.000,-0.001) 最终目标=(0.056,1.599,-0.245) 指令位置=(0.056,1.599,nan) 指令速度=(0.000,0.000,0.000) 指令加速度=(0.000,0.000,nan) 滚转角=0.06度 俯仰角=-0.03度
10:05:03.038926 [轨迹] 序号=761 单调时间=4717.819030 时间=4717.819 模式=OFFBOARD 起飞状态=未执行起飞 水平控制=位置保持 类型掩码=3520 实际位置NED=(0.059,1.607,-0.246) 实际速度=(-0.001,0.000,-0.001) 最终目标=(0.056,1.599,-0.245) 指令位置=(0.056,1.599,nan) 指令速度=(0.000,0.000,0.000) 指令加速度=(0.000,0.000,nan) 滚转角=0.06度 俯仰角=-0.03度
10:05:03.142160 [轨迹] 序号=762 单调时间=4717.922058 时间=4717.922 模式=OFFBOARD 起飞状态=未执行起飞 水平控制=位置保持 类型掩码=3520 实际位置NED=(0.059,1.607,-0.246) 实际速度=(-0.001,0.000,-0.001) 最终目标=(0.056,1.599,-0.245) 指令位置=(0.056,1.599,nan) 指令速度=(0.000,0.000,0.000) 指令加速度=(0.000,0.000,nan) 滚转角=0.06度 俯仰角=-0.03度
10:05:03.245505 [轨迹] 序号=763 单调时间=4718.025399 时间=4718.025 模式=OFFBOARD 起飞状态=未执行起飞 水平控制=位置保持 类型掩码=3520 实际位置NED=(0.059,1.607,-0.246) 实际速度=(-0.001,0.000,-0.001) 最终目标=(0.056,1.599,-0.245) 指令位置=(0.056,1.599,nan) 指令速度=(0.000,0.000,0.000) 指令加速度=(0.000,0.000,nan) 滚转角=0.06度 俯仰角=-0.03度
10:05:03.349626 [轨迹] 序号=764 单调时间=4718.129540 时间=4718.130 模式=OFFBOARD 起飞状态=未执行起飞 水平控制=位置保持 类型掩码=3520 实际位置NED=(0.059,1.607,-0.246) 实际速度=(-0.001,0.000,-0.001) 最终目标=(0.056,1.599,-0.245) 指令位置=(0.056,1.599,nan) 指令速度=(0.000,0.000,0.000) 指令加速度=(0.000,0.000,nan) 滚转角=0.06度 俯仰角=-0.03度
10:05:03.453064 [轨迹] 序号=765 单调时间=4718.233020 时间=4718.233 模式=OFFBOARD 起飞状态=未执行起飞 水平控制=位置保持 类型掩码=3520 实际位置NED=(0.059,1.607,-0.246) 实际速度=(-0.001,0.000,-0.001) 最终目标=(0.056,1.599,-0.245) 指令位置=(0.056,1.599,nan) 指令速度=(0.000,0.000,0.000) 指令加速度=(0.000,0.000,nan) 滚转角=0.06度 俯仰角=-0.03度
10:05:03.553253 [轨迹] 序号=766 单调时间=4718.333213 时间=4718.333 模式=OFFBOARD 起飞状态=未执行起飞 水平控制=位置保持 类型掩码=3520 实际位置NED=(0.059,1.607,-0.246) 实际速度=(-0.001,0.000,-0.001) 最终目标=(0.056,1.599,-0.245) 指令位置=(0.056,1.599,nan) 指令速度=(0.000,0.000,0.000) 指令加速度=(0.000,0.000,nan) 滚转角=0.06度 俯仰角=-0.03度
10:05:03.656495 [轨迹] 序号=767 单调时间=4718.436495 时间=4718.436 模式=OFFBOARD 起飞状态=未执行起飞 水平控制=位置保持 类型掩码=3520 实际位置NED=(0.059,1.607,-0.246) 实际速度=(-0.001,0.000,-0.001) 最终目标=(0.056,1.599,-0.245) 指令位置=(0.056,1.599,nan) 指令速度=(0.000,0.000,0.000) 指令加速度=(0.000,0.000,nan) 滚转角=0.06度 俯仰角=-0.03度
10:05:03.759565 [轨迹] 序号=768 单调时间=4718.539499 时间=4718.539 模式=OFFBOARD 起飞状态=未执行起飞 水平控制=位置保持 类型掩码=3520 实际位置NED=(0.059,1.607,-0.246) 实际速度=(-0.001,0.000,-0.001) 最终目标=(0.056,1.599,-0.245) 指令位置=(0.056,1.599,nan) 指令速度=(0.000,0.000,0.000) 指令加速度=(0.000,0.000,nan) 滚转角=0.06度 俯仰角=-0.03度
10:05:03.863123 [轨迹] 序号=769 单调时间=4718.643119 时间=4718.643 模式=OFFBOARD 起飞状态=未执行起飞 水平控制=位置保持 类型掩码=3520 实际位置NED=(0.059,1.607,-0.246) 实际速度=(-0.001,0.000,-0.001) 最终目标=(0.056,1.599,-0.245) 指令位置=(0.056,1.599,nan) 指令速度=(0.000,0.000,0.000) 指令加速度=(0.000,0.000,nan) 滚转角=0.06度 俯仰角=-0.03度
10:05:03.966252 [轨迹] 序号=770 单调时间=4718.746352 时间=4718.746 模式=OFFBOARD 起飞状态=未执行起飞 水平控制=位置保持 类型掩码=3520 实际位置NED=(0.058,1.608,-0.246) 实际速度=(-0.001,0.000,-0.001) 最终目标=(0.056,1.599,-0.245) 指令位置=(0.056,1.599,nan) 指令速度=(0.000,0.000,0.000) 指令加速度=(0.000,0.000,nan) 滚转角=0.06度 俯仰角=-0.03度
10:05:04.070166 [轨迹] 序号=771 单调时间=4718.850072 时间=4718.850 模式=OFFBOARD 起飞状态=未执行起飞 水平控制=位置保持 类型掩码=3520 实际位置NED=(0.058,1.608,-0.246) 实际速度=(-0.001,-0.000,-0.001) 最终目标=(0.056,1.599,-0.245) 指令位置=(0.056,1.599,nan) 指令速度=(0.000,0.000,0.000) 指令加速度=(0.000,0.000,nan) 滚转角=0.06度 俯仰角=-0.03度
10:05:04.173296 [轨迹] 序号=772 单调时间=4718.953172 时间=4718.953 模式=OFFBOARD 起飞状态=未执行起飞 水平控制=位置保持 类型掩码=3520 实际位置NED=(0.058,1.608,-0.246) 实际速度=(-0.001,-0.000,-0.000) 最终目标=(0.056,1.599,-0.245) 指令位置=(0.056,1.599,nan) 指令速度=(0.000,0.000,0.000) 指令加速度=(0.000,0.000,nan) 滚转角=0.06度 俯仰角=-0.03度
10:05:04.275888 [轨迹] 序号=773 单调时间=4719.055773 时间=4719.056 模式=OFFBOARD 起飞状态=未执行起飞 水平控制=位置保持 类型掩码=3520 实际位置NED=(0.058,1.608,-0.246) 实际速度=(-0.001,-0.000,-0.001) 最终目标=(0.056,1.599,-0.245) 指令位置=(0.056,1.599,nan) 指令速度=(0.000,0.000,0.000) 指令加速度=(0.000,0.000,nan) 滚转角=0.06度 俯仰角=-0.03度
10:05:04.379930 [轨迹] 序号=774 单调时间=4719.159842 时间=4719.160 模式=OFFBOARD 起飞状态=未执行起飞 水平控制=位置保持 类型掩码=3520 实际位置NED=(0.058,1.608,-0.246) 实际速度=(-0.001,-0.000,-0.001) 最终目标=(0.056,1.599,-0.245) 指令位置=(0.056,1.599,nan) 指令速度=(0.000,0.000,0.000) 指令加速度=(0.000,0.000,nan) 滚转角=0.06度 俯仰角=-0.03度
10:05:04.483655 [轨迹] 序号=775 单调时间=4719.263525 时间=4719.264 模式=OFFBOARD 起飞状态=未执行起飞 水平控制=位置保持 类型掩码=3520 实际位置NED=(0.058,1.608,-0.246) 实际速度=(-0.001,0.000,-0.000) 最终目标=(0.056,1.599,-0.245) 指令位置=(0.056,1.599,nan) 指令速度=(0.000,0.000,0.000) 指令加速度=(0.000,0.000,nan) 滚转角=0.06度 俯仰角=-0.03度
10:05:04.586953 [轨迹] 序号=776 单调时间=4719.366895 时间=4719.367 模式=OFFBOARD 起飞状态=未执行起飞 水平控制=位置保持 类型掩码=3520 实际位置NED=(0.058,1.608,-0.246) 实际速度=(-0.001,0.000,-0.000) 最终目标=(0.056,1.599,-0.245) 指令位置=(0.056,1.599,nan) 指令速度=(0.000,0.000,0.000) 指令加速度=(0.000,0.000,nan) 滚转角=0.06度 俯仰角=-0.03度
10:05:04.690294 [轨迹] 序号=777 单调时间=4719.470220 时间=4719.470 模式=OFFBOARD 起飞状态=未执行起飞 水平控制=位置保持 类型掩码=3520 实际位置NED=(0.058,1.608,-0.246) 实际速度=(-0.001,0.000,-0.000) 最终目标=(0.056,1.599,-0.245) 指令位置=(0.056,1.599,nan) 指令速度=(0.000,0.000,0.000) 指令加速度=(0.000,0.000,nan) 滚转角=0.06度 俯仰角=-0.03度
10:05:04.794389 [轨迹] 序号=778 单调时间=4719.574290 时间=4719.574 模式=OFFBOARD 起飞状态=未执行起飞 水平控制=位置保持 类型掩码=3520 实际位置NED=(0.058,1.608,-0.246) 实际速度=(-0.001,0.000,-0.000) 最终目标=(0.056,1.599,-0.245) 指令位置=(0.056,1.599,nan) 指令速度=(0.000,0.000,0.000) 指令加速度=(0.000,0.000,nan) 滚转角=0.06度 俯仰角=-0.03度
10:05:04.897777 [轨迹] 序号=779 单调时间=4719.677709 时间=4719.678 模式=OFFBOARD 起飞状态=未执行起飞 水平控制=位置保持 类型掩码=3520 实际位置NED=(0.058,1.608,-0.246) 实际速度=(-0.001,0.000,-0.000) 最终目标=(0.056,1.599,-0.245) 指令位置=(0.056,1.599,nan) 指令速度=(0.000,0.000,0.000) 指令加速度=(0.000,0.000,nan) 滚转角=0.06度 俯仰角=-0.03度
10:05:05.001088 [轨迹] 序号=780 单调时间=4719.780992 时间=4719.781 模式=OFFBOARD 起飞状态=未执行起飞 水平控制=位置保持 类型掩码=3520 实际位置NED=(0.057,1.609,-0.246) 实际速度=(-0.001,0.000,-0.000) 最终目标=(0.056,1.599,-0.245) 指令位置=(0.056,1.599,nan) 指令速度=(0.000,0.000,0.000) 指令加速度=(0.000,0.000,nan) 滚转角=0.06度 俯仰角=-0.03度
10:05:05.104617 [轨迹] 序号=781 单调时间=4719.884519 时间=4719.885 模式=OFFBOARD 起飞状态=未执行起飞 水平控制=位置保持 类型掩码=3520 实际位置NED=(0.057,1.609,-0.246) 实际速度=(-0.001,0.000,-0.000) 最终目标=(0.056,1.599,-0.245) 指令位置=(0.056,1.599,nan) 指令速度=(0.000,0.000,0.000) 指令加速度=(0.000,0.000,nan) 滚转角=0.05度 俯仰角=-0.03度
10:05:05.208118 [轨迹] 序号=782 单调时间=4719.988076 时间=4719.988 模式=OFFBOARD 起飞状态=未执行起飞 水平控制=位置保持 类型掩码=3520 实际位置NED=(0.057,1.609,-0.246) 实际速度=(-0.001,0.000,-0.000) 最终目标=(0.056,1.599,-0.245) 指令位置=(0.056,1.599,nan) 指令速度=(0.000,0.000,0.000) 指令加速度=(0.000,0.000,nan) 滚转角=0.05度 俯仰角=-0.03度
10:05:05.311633 [轨迹] 序号=783 单调时间=4720.091427 时间=4720.091 模式=OFFBOARD 起飞状态=未执行起飞 水平控制=位置保持 类型掩码=3520 实际位置NED=(0.057,1.609,-0.246) 实际速度=(-0.001,0.000,-0.000) 最终目标=(0.056,1.599,-0.245) 指令位置=(0.056,1.599,nan) 指令速度=(0.000,0.000,0.000) 指令加速度=(0.000,0.000,nan) 滚转角=0.05度 俯仰角=-0.03度
10:05:05.415259 [轨迹] 序号=784 单调时间=4720.195254 时间=4720.195 模式=OFFBOARD 起飞状态=未执行起飞 水平控制=位置保持 类型掩码=3520 实际位置NED=(0.057,1.609,-0.246) 实际速度=(-0.001,0.000,-0.000) 最终目标=(0.056,1.599,-0.245) 指令位置=(0.056,1.599,nan) 指令速度=(0.000,0.000,0.000) 指令加速度=(0.000,0.000,nan) 滚转角=0.05度 俯仰角=-0.03度
10:05:05.518952 [轨迹] 序号=785 单调时间=4720.298904 时间=4720.299 模式=OFFBOARD 起飞状态=未执行起飞 水平控制=位置保持 类型掩码=3520 实际位置NED=(0.057,1.609,-0.246) 实际速度=(-0.001,0.000,-0.000) 最终目标=(0.056,1.599,-0.245) 指令位置=(0.056,1.599,nan) 指令速度=(0.000,0.000,0.000) 指令加速度=(0.000,0.000,nan) 滚转角=0.05度 俯仰角=-0.03度
10:05:05.622285 [轨迹] 序号=786 单调时间=4720.402224 时间=4720.402 模式=OFFBOARD 起飞状态=未执行起飞 水平控制=位置保持 类型掩码=3520 实际位置NED=(0.057,1.609,-0.246) 实际速度=(-0.001,0.000,-0.000) 最终目标=(0.056,1.599,-0.245) 指令位置=(0.056,1.599,nan) 指令速度=(0.000,0.000,0.000) 指令加速度=(0.000,0.000,nan) 滚转角=0.05度 俯仰角=-0.03度
10:05:05.725850 [轨迹] 序号=787 单调时间=4720.505724 时间=4720.506 模式=OFFBOARD 起飞状态=未执行起飞 水平控制=位置保持 类型掩码=3520 实际位置NED=(0.057,1.609,-0.246) 实际速度=(-0.001,0.000,-0.000) 最终目标=(0.056,1.599,-0.245) 指令位置=(0.056,1.599,nan) 指令速度=(0.000,0.000,0.000) 指令加速度=(0.000,0.000,nan) 滚转角=0.05度 俯仰角=-0.03度
10:05:05.828793 [轨迹] 序号=788 单调时间=4720.608883 时间=4720.609 模式=OFFBOARD 起飞状态=未执行起飞 水平控制=位置保持 类型掩码=3520 实际位置NED=(0.057,1.609,-0.246) 实际速度=(-0.001,0.000,-0.000) 最终目标=(0.056,1.599,-0.245) 指令位置=(0.056,1.599,nan) 指令速度=(0.000,0.000,0.000) 指令加速度=(0.000,0.000,nan) 滚转角=0.05度 俯仰角=-0.03度
10:05:05.932169 [轨迹] 序号=789 单调时间=4720.712056 时间=4720.712 模式=OFFBOARD 起飞状态=未执行起飞 水平控制=位置保持 类型掩码=3520 实际位置NED=(0.057,1.609,-0.245) 实际速度=(-0.001,0.000,-0.000) 最终目标=(0.056,1.599,-0.245) 指令位置=(0.056,1.599,nan) 指令速度=(0.000,0.000,0.000) 指令加速度=(0.000,0.000,nan) 滚转角=0.05度 俯仰角=-0.03度
10:05:06.035502 [轨迹] 序号=790 单调时间=4720.815320 时间=4720.815 模式=OFFBOARD 起飞状态=未执行起飞 水平控制=位置保持 类型掩码=3520 实际位置NED=(0.057,1.609,-0.245) 实际速度=(-0.001,0.000,-0.000) 最终目标=(0.056,1.599,-0.245) 指令位置=(0.056,1.599,nan) 指令速度=(0.000,0.000,0.000) 指令加速度=(0.000,0.000,nan) 滚转角=0.05度 俯仰角=-0.03度
10:05:06.139057 [轨迹] 序号=791 单调时间=4720.918912 时间=4720.919 模式=OFFBOARD 起飞状态=未执行起飞 水平控制=位置保持 类型掩码=3520 实际位置NED=(0.056,1.609,-0.245) 实际速度=(-0.001,0.000,-0.000) 最终目标=(0.056,1.599,-0.245) 指令位置=(0.056,1.599,nan) 指令速度=(0.000,0.000,0.000) 指令加速度=(0.000,0.000,nan) 滚转角=0.05度 俯仰角=-0.03度
10:05:06.247082 [轨迹] 序号=792 单调时间=4721.026934 时间=4721.027 模式=OFFBOARD 起飞状态=未执行起飞 水平控制=位置保持 类型掩码=3520 实际位置NED=(0.056,1.609,-0.246) 实际速度=(-0.001,0.000,-0.001) 最终目标=(0.056,1.599,-0.245) 指令位置=(0.056,1.599,nan) 指令速度=(0.000,0.000,0.000) 指令加速度=(0.000,0.000,nan) 滚转角=0.05度 俯仰角=-0.03度
10:05:06.350916 [轨迹] 序号=793 单调时间=4721.130797 时间=4721.131 模式=OFFBOARD 起飞状态=未执行起飞 水平控制=位置保持 类型掩码=3520 实际位置NED=(0.056,1.609,-0.246) 实际速度=(-0.001,0.000,-0.001) 最终目标=(0.056,1.599,-0.245) 指令位置=(0.056,1.599,nan) 指令速度=(0.000,0.000,0.000) 指令加速度=(0.000,0.000,nan) 滚转角=0.05度 俯仰角=-0.03度
10:05:06.454260 [轨迹] 序号=794 单调时间=4721.234117 时间=4721.234 模式=OFFBOARD 起飞状态=未执行起飞 水平控制=位置保持 类型掩码=3520 实际位置NED=(0.056,1.609,-0.246) 实际速度=(-0.001,0.000,-0.001) 最终目标=(0.056,1.599,-0.245) 指令位置=(0.056,1.599,nan) 指令速度=(0.000,0.000,0.000) 指令加速度=(0.000,0.000,nan) 滚转角=0.05度 俯仰角=-0.03度
10:05:06.557414 [轨迹] 序号=795 单调时间=4721.337330 时间=4721.337 模式=OFFBOARD 起飞状态=未执行起飞 水平控制=位置保持 类型掩码=3520 实际位置NED=(0.056,1.610,-0.246) 实际速度=(-0.001,-0.000,-0.001) 最终目标=(0.056,1.599,-0.245) 指令位置=(0.056,1.599,nan) 指令速度=(0.000,0.000,0.000) 指令加速度=(0.000,0.000,nan) 滚转角=0.05度 俯仰角=-0.03度
10:05:06.660798 [轨迹] 序号=796 单调时间=4721.440781 时间=4721.441 模式=OFFBOARD 起飞状态=未执行起飞 水平控制=位置保持 类型掩码=3520 实际位置NED=(0.056,1.610,-0.246) 实际速度=(-0.001,-0.000,-0.001) 最终目标=(0.056,1.599,-0.245) 指令位置=(0.056,1.599,nan) 指令速度=(0.000,0.000,0.000) 指令加速度=(0.000,0.000,nan) 滚转角=0.05度 俯仰角=-0.03度
10:05:06.764292 [轨迹] 序号=797 单调时间=4721.544083 时间=4721.544 模式=OFFBOARD 起飞状态=未执行起飞 水平控制=位置保持 类型掩码=3520 实际位置NED=(0.056,1.610,-0.246) 实际速度=(-0.000,-0.000,-0.001) 最终目标=(0.056,1.599,-0.245) 指令位置=(0.056,1.599,nan) 指令速度=(0.000,0.000,0.000) 指令加速度=(0.000,0.000,nan) 滚转角=0.05度 俯仰角=-0.03度
10:05:06.867468 [轨迹] 序号=798 单调时间=4721.647317 时间=4721.647 模式=OFFBOARD 起飞状态=未执行起飞 水平控制=位置保持 类型掩码=3520 实际位置NED=(0.056,1.610,-0.246) 实际速度=(-0.000,-0.000,-0.001) 最终目标=(0.056,1.599,-0.245) 指令位置=(0.056,1.599,nan) 指令速度=(0.000,0.000,0.000) 指令加速度=(0.000,0.000,nan) 滚转角=0.05度 俯仰角=-0.03度
10:05:06.970700 [轨迹] 序号=799 单调时间=4721.750526 时间=4721.751 模式=OFFBOARD 起飞状态=未执行起飞 水平控制=位置保持 类型掩码=3520 实际位置NED=(0.056,1.610,-0.246) 实际速度=(-0.000,-0.000,-0.000) 最终目标=(0.056,1.599,-0.245) 指令位置=(0.056,1.599,nan) 指令速度=(0.000,0.000,0.000) 指令加速度=(0.000,0.000,nan) 滚转角=0.05度 俯仰角=-0.03度
10:05:07.073345 [轨迹] 序号=800 单调时间=4721.853249 时间=4721.853 模式=OFFBOARD 起飞状态=未执行起飞 水平控制=位置保持 类型掩码=3520 实际位置NED=(0.056,1.610,-0.246) 实际速度=(-0.000,-0.000,-0.000) 最终目标=(0.056,1.599,-0.245) 指令位置=(0.056,1.599,nan) 指令速度=(0.000,0.000,0.000) 指令加速度=(0.000,0.000,nan) 滚转角=0.05度 俯仰角=-0.02度
10:05:07.176111 [轨迹] 序号=801 单调时间=4721.956078 时间=4721.956 模式=OFFBOARD 起飞状态=未执行起飞 水平控制=位置保持 类型掩码=3520 实际位置NED=(0.056,1.610,-0.245) 实际速度=(-0.000,-0.000,-0.000) 最终目标=(0.056,1.599,-0.245) 指令位置=(0.056,1.599,nan) 指令速度=(0.000,0.000,0.000) 指令加速度=(0.000,0.000,nan) 滚转角=0.05度 俯仰角=-0.03度
10:05:07.278898 [轨迹] 序号=802 单调时间=4722.058810 时间=4722.059 模式=OFFBOARD 起飞状态=未执行起飞 水平控制=位置保持 类型掩码=3520 实际位置NED=(0.056,1.610,-0.245) 实际速度=(-0.000,-0.000,-0.000) 最终目标=(0.056,1.599,-0.245) 指令位置=(0.056,1.599,nan) 指令速度=(0.000,0.000,0.000) 指令加速度=(0.000,0.000,nan) 滚转角=0.05度 俯仰角=-0.02度
10:05:07.382123 [轨迹] 序号=803 单调时间=4722.161984 时间=4722.162 模式=OFFBOARD 起飞状态=未执行起飞 水平控制=位置保持 类型掩码=3520 实际位置NED=(0.056,1.610,-0.245) 实际速度=(-0.001,-0.000,-0.000) 最终目标=(0.056,1.599,-0.245) 指令位置=(0.056,1.599,nan) 指令速度=(0.000,0.000,0.000) 指令加速度=(0.000,0.000,nan) 滚转角=0.05度 俯仰角=-0.02度
10:05:07.485621 [轨迹] 序号=804 单调时间=4722.265346 时间=4722.265 模式=OFFBOARD 起飞状态=未执行起飞 水平控制=位置保持 类型掩码=3520 实际位置NED=(0.056,1.610,-0.245) 实际速度=(-0.000,-0.000,-0.000) 最终目标=(0.056,1.599,-0.245) 指令位置=(0.056,1.599,nan) 指令速度=(0.000,0.000,0.000) 指令加速度=(0.000,0.000,nan) 滚转角=0.05度 俯仰角=-0.02度
10:05:07.588370 [轨迹] 序号=805 单调时间=4722.368201 时间=4722.368 模式=OFFBOARD 起飞状态=未执行起飞 水平控制=位置保持 类型掩码=3520 实际位置NED=(0.056,1.610,-0.245) 实际速度=(-0.000,-0.000,0.000) 最终目标=(0.056,1.599,-0.245) 指令位置=(0.056,1.599,nan) 指令速度=(0.000,0.000,0.000) 指令加速度=(0.000,0.000,nan) 滚转角=0.05度 俯仰角=-0.02度
10:05:07.689108 [轨迹] 序号=806 单调时间=4722.468774 时间=4722.469 模式=OFFBOARD 起飞状态=未执行起飞 水平控制=位置保持 类型掩码=3520 实际位置NED=(0.056,1.611,-0.245) 实际速度=(-0.000,-0.000,0.000) 最终目标=(0.056,1.599,-0.245) 指令位置=(0.056,1.599,nan) 指令速度=(0.000,0.000,0.000) 指令加速度=(0.000,0.000,nan) 滚转角=0.05度 俯仰角=-0.02度
10:05:07.792072 [轨迹] 序号=807 单调时间=4722.571861 时间=4722.572 模式=OFFBOARD 起飞状态=未执行起飞 水平控制=位置保持 类型掩码=3520 实际位置NED=(0.056,1.611,-0.245) 实际速度=(-0.001,-0.000,0.000) 最终目标=(0.056,1.599,-0.245) 指令位置=(0.056,1.599,nan) 指令速度=(0.000,0.000,0.000) 指令加速度=(0.000,0.000,nan) 滚转角=0.05度 俯仰角=-0.02度
10:05:07.894655 [轨迹] 序号=808 单调时间=4722.674597 时间=4722.675 模式=OFFBOARD 起飞状态=未执行起飞 水平控制=位置保持 类型掩码=3520 实际位置NED=(0.056,1.611,-0.245) 实际速度=(-0.001,-0.000,0.000) 最终目标=(0.056,1.599,-0.245) 指令位置=(0.056,1.599,nan) 指令速度=(0.000,0.000,0.000) 指令加速度=(0.000,0.000,nan) 滚转角=0.05度 俯仰角=-0.02度
10:05:07.997390 [轨迹] 序号=809 单调时间=4722.777302 时间=4722.777 模式=OFFBOARD 起飞状态=未执行起飞 水平控制=位置保持 类型掩码=3520 实际位置NED=(0.056,1.611,-0.245) 实际速度=(-0.001,-0.000,0.000) 最终目标=(0.056,1.599,-0.245) 指令位置=(0.056,1.599,nan) 指令速度=(0.000,0.000,0.000) 指令加速度=(0.000,0.000,nan) 滚转角=0.05度 俯仰角=-0.02度
10:05:08.100889 [轨迹] 序号=810 单调时间=4722.880786 时间=4722.881 模式=OFFBOARD 起飞状态=未执行起飞 水平控制=位置保持 类型掩码=3520 实际位置NED=(0.056,1.611,-0.245) 实际速度=(-0.001,-0.000,0.000) 最终目标=(0.056,1.599,-0.245) 指令位置=(0.056,1.599,nan) 指令速度=(0.000,0.000,0.000) 指令加速度=(0.000,0.000,nan) 滚转角=0.05度 俯仰角=-0.02度
10:05:08.203615 [轨迹] 序号=811 单调时间=4722.983586 时间=4722.984 模式=OFFBOARD 起飞状态=未执行起飞 水平控制=位置保持 类型掩码=3520 实际位置NED=(0.056,1.611,-0.245) 实际速度=(-0.001,-0.000,0.000) 最终目标=(0.056,1.599,-0.245) 指令位置=(0.056,1.599,nan) 指令速度=(0.000,0.000,0.000) 指令加速度=(0.000,0.000,nan) 滚转角=0.05度 俯仰角=-0.02度
10:05:08.307462 [轨迹] 序号=812 单调时间=4723.087409 时间=4723.087 模式=OFFBOARD 起飞状态=未执行起飞 水平控制=位置保持 类型掩码=3520 实际位置NED=(0.056,1.612,-0.245) 实际速度=(-0.001,-0.000,0.000) 最终目标=(0.056,1.599,-0.245) 指令位置=(0.056,1.599,nan) 指令速度=(0.000,0.000,0.000) 指令加速度=(0.000,0.000,nan) 滚转角=0.05度 俯仰角=-0.02度
10:05:08.412569 [轨迹] 序号=813 单调时间=4723.192155 时间=4723.192 模式=OFFBOARD 起飞状态=未执行起飞 水平控制=位置保持 类型掩码=3520 实际位置NED=(0.055,1.612,-0.245) 实际速度=(-0.001,-0.000,0.000) 最终目标=(0.056,1.599,-0.245) 指令位置=(0.056,1.599,nan) 指令速度=(0.000,0.000,0.000) 指令加速度=(0.000,0.000,nan) 滚转角=0.05度 俯仰角=-0.02度
10:05:08.515397 [轨迹] 序号=814 单调时间=4723.295297 时间=4723.295 模式=OFFBOARD 起飞状态=未执行起飞 水平控制=位置保持 类型掩码=3520 实际位置NED=(0.055,1.612,-0.245) 实际速度=(-0.001,-0.000,0.000) 最终目标=(0.056,1.599,-0.245) 指令位置=(0.056,1.599,nan) 指令速度=(0.000,0.000,0.000) 指令加速度=(0.000,0.000,nan) 滚转角=0.05度 俯仰角=-0.02度
10:05:08.618442 [轨迹] 序号=815 单调时间=4723.398239 时间=4723.398 模式=OFFBOARD 起飞状态=未执行起飞 水平控制=位置保持 类型掩码=3520 实际位置NED=(0.055,1.612,-0.245) 实际速度=(-0.001,0.000,0.000) 最终目标=(0.056,1.599,-0.245) 指令位置=(0.056,1.599,nan) 指令速度=(0.000,0.000,0.000) 指令加速度=(0.000,0.000,nan) 滚转角=0.05度 俯仰角=-0.02度
10:05:08.721069 [轨迹] 序号=816 单调时间=4723.500885 时间=4723.501 模式=OFFBOARD 起飞状态=未执行起飞 水平控制=位置保持 类型掩码=3520 实际位置NED=(0.055,1.612,-0.245) 实际速度=(-0.001,0.000,0.000) 最终目标=(0.056,1.599,-0.245) 指令位置=(0.056,1.599,nan) 指令速度=(0.000,0.000,0.000) 指令加速度=(0.000,0.000,nan) 滚转角=0.05度 俯仰角=-0.02度
10:05:08.823814 [轨迹] 序号=817 单调时间=4723.603635 时间=4723.604 模式=OFFBOARD 起飞状态=未执行起飞 水平控制=位置保持 类型掩码=3520 实际位置NED=(0.055,1.612,-0.244) 实际速度=(-0.001,0.000,0.000) 最终目标=(0.056,1.599,-0.245) 指令位置=(0.056,1.599,nan) 指令速度=(0.000,0.000,0.000) 指令加速度=(0.000,0.000,nan) 滚转角=0.05度 俯仰角=-0.02度
10:05:08.926334 [轨迹] 序号=818 单调时间=4723.706139 时间=4723.706 模式=OFFBOARD 起飞状态=未执行起飞 水平控制=位置保持 类型掩码=3520 实际位置NED=(0.055,1.612,-0.244) 实际速度=(-0.001,0.000,0.000) 最终目标=(0.056,1.599,-0.245) 指令位置=(0.056,1.599,nan) 指令速度=(0.000,0.000,0.000) 指令加速度=(0.000,0.000,nan) 滚转角=0.05度 俯仰角=-0.02度
10:05:09.029975 [轨迹] 序号=819 单调时间=4723.809804 时间=4723.810 模式=OFFBOARD 起飞状态=未执行起飞 水平控制=位置保持 类型掩码=3520 实际位置NED=(0.055,1.613,-0.244) 实际速度=(-0.000,0.000,0.000) 最终目标=(0.056,1.599,-0.245) 指令位置=(0.056,1.599,nan) 指令速度=(0.000,0.000,0.000) 指令加速度=(0.000,0.000,nan) 滚转角=0.05度 俯仰角=-0.02度
10:05:09.133145 [轨迹] 序号=820 单调时间=4723.913100 时间=4723.913 模式=OFFBOARD 起飞状态=未执行起飞 水平控制=位置保持 类型掩码=3520 实际位置NED=(0.055,1.613,-0.244) 实际速度=(-0.000,0.000,0.000) 最终目标=(0.056,1.599,-0.245) 指令位置=(0.056,1.599,nan) 指令速度=(0.000,0.000,0.000) 指令加速度=(0.000,0.000,nan) 滚转角=0.05度 俯仰角=-0.02度
10:05:09.236490 [轨迹] 序号=821 单调时间=4724.016308 时间=4724.016 模式=OFFBOARD 起飞状态=未执行起飞 水平控制=位置保持 类型掩码=3520 实际位置NED=(0.055,1.613,-0.244) 实际速度=(-0.000,-0.000,0.000) 最终目标=(0.056,1.599,-0.245) 指令位置=(0.056,1.599,nan) 指令速度=(0.000,0.000,0.000) 指令加速度=(0.000,0.000,nan) 滚转角=0.05度 俯仰角=-0.02度
10:05:09.340088 [轨迹] 序号=822 单调时间=4724.120071 时间=4724.120 模式=OFFBOARD 起飞状态=未执行起飞 水平控制=位置保持 类型掩码=3520 实际位置NED=(0.055,1.613,-0.244) 实际速度=(-0.000,0.000,0.000) 最终目标=(0.056,1.599,-0.245) 指令位置=(0.056,1.599,nan) 指令速度=(0.000,0.000,0.000) 指令加速度=(0.000,0.000,nan) 滚转角=0.05度 俯仰角=-0.02度
10:05:09.444608 [轨迹] 序号=823 单调时间=4724.224511 时间=4724.225 模式=OFFBOARD 起飞状态=未执行起飞 水平控制=位置保持 类型掩码=3520 实际位置NED=(0.055,1.613,-0.244) 实际速度=(-0.000,-0.000,0.000) 最终目标=(0.056,1.599,-0.245) 指令位置=(0.056,1.599,nan) 指令速度=(0.000,0.000,0.000) 指令加速度=(0.000,0.000,nan) 滚转角=0.05度 俯仰角=-0.02度
10:05:09.547835 [轨迹] 序号=824 单调时间=4724.327773 时间=4724.328 模式=OFFBOARD 起飞状态=未执行起飞 水平控制=位置保持 类型掩码=3520 实际位置NED=(0.055,1.613,-0.244) 实际速度=(-0.000,-0.000,0.000) 最终目标=(0.056,1.599,-0.245) 指令位置=(0.056,1.599,nan) 指令速度=(0.000,0.000,0.000) 指令加速度=(0.000,0.000,nan) 滚转角=0.05度 俯仰角=-0.02度
10:05:09.649536 [轨迹] 序号=825 单调时间=4724.429528 时间=4724.430 模式=OFFBOARD 起飞状态=未执行起飞 水平控制=位置保持 类型掩码=3520 实际位置NED=(0.055,1.613,-0.244) 实际速度=(-0.000,-0.000,0.000) 最终目标=(0.056,1.599,-0.245) 指令位置=(0.056,1.599,nan) 指令速度=(0.000,0.000,0.000) 指令加速度=(0.000,0.000,nan) 滚转角=0.05度 俯仰角=-0.02度
10:05:09.753050 [轨迹] 序号=826 单调时间=4724.532936 时间=4724.533 模式=OFFBOARD 起飞状态=未执行起飞 水平控制=位置保持 类型掩码=3520 实际位置NED=(0.055,1.613,-0.244) 实际速度=(-0.000,-0.000,0.000) 最终目标=(0.056,1.599,-0.245) 指令位置=(0.056,1.599,nan) 指令速度=(0.000,0.000,0.000) 指令加速度=(0.000,0.000,nan) 滚转角=0.05度 俯仰角=-0.02度
10:05:09.856098 [轨迹] 序号=827 单调时间=4724.636102 时间=4724.636 模式=OFFBOARD 起飞状态=未执行起飞 水平控制=位置保持 类型掩码=3520 实际位置NED=(0.055,1.613,-0.244) 实际速度=(0.000,-0.000,0.000) 最终目标=(0.056,1.599,-0.245) 指令位置=(0.056,1.599,nan) 指令速度=(0.000,0.000,0.000) 指令加速度=(0.000,0.000,nan) 滚转角=0.05度 俯仰角=-0.02度
10:05:09.960282 [轨迹] 序号=828 单调时间=4724.739958 时间=4724.740 模式=OFFBOARD 起飞状态=未执行起飞 水平控制=位置保持 类型掩码=3520 实际位置NED=(0.055,1.613,-0.244) 实际速度=(0.000,-0.000,0.000) 最终目标=(0.056,1.599,-0.245) 指令位置=(0.056,1.599,nan) 指令速度=(0.000,0.000,0.000) 指令加速度=(0.000,0.000,nan) 滚转角=0.05度 俯仰角=-0.02度
10:05:10.063929 [轨迹] 序号=829 单调时间=4724.843972 时间=4724.844 模式=OFFBOARD 起飞状态=未执行起飞 水平控制=位置保持 类型掩码=3520 实际位置NED=(0.055,1.613,-0.244) 实际速度=(0.000,-0.001,0.000) 最终目标=(0.056,1.599,-0.245) 指令位置=(0.056,1.599,nan) 指令速度=(0.000,0.000,0.000) 指令加速度=(0.000,0.000,nan) 滚转角=0.05度 俯仰角=-0.02度
10:05:10.165946 [轨迹] 序号=830 单调时间=4724.945910 时间=4724.946 模式=OFFBOARD 起飞状态=未执行起飞 水平控制=位置保持 类型掩码=3520 实际位置NED=(0.055,1.613,-0.244) 实际速度=(0.000,-0.001,0.000) 最终目标=(0.056,1.599,-0.245) 指令位置=(0.056,1.599,nan) 指令速度=(0.000,0.000,0.000) 指令加速度=(0.000,0.000,nan) 滚转角=0.05度 俯仰角=-0.02度
10:05:10.269246 [轨迹] 序号=831 单调时间=4725.049163 时间=4725.049 模式=OFFBOARD 起飞状态=未执行起飞 水平控制=位置保持 类型掩码=3520 实际位置NED=(0.055,1.613,-0.244) 实际速度=(0.000,-0.001,0.000) 最终目标=(0.056,1.599,-0.245) 指令位置=(0.056,1.599,nan) 指令速度=(0.000,0.000,0.000) 指令加速度=(0.000,0.000,nan) 滚转角=0.05度 俯仰角=-0.02度
10:05:10.369445 [轨迹] 序号=832 单调时间=4725.149213 时间=4725.149 模式=OFFBOARD 起飞状态=未执行起飞 水平控制=位置保持 类型掩码=3520 实际位置NED=(0.055,1.613,-0.244) 实际速度=(0.000,-0.001,0.000) 最终目标=(0.056,1.599,-0.245) 指令位置=(0.056,1.599,nan) 指令速度=(0.000,0.000,0.000) 指令加速度=(0.000,0.000,nan) 滚转角=0.05度 俯仰角=-0.02度
10:05:10.473325 [轨迹] 序号=833 单调时间=4725.253193 时间=4725.253 模式=OFFBOARD 起飞状态=未执行起飞 水平控制=位置保持 类型掩码=3520 实际位置NED=(0.055,1.613,-0.244) 实际速度=(0.000,-0.001,0.000) 最终目标=(0.056,1.599,-0.245) 指令位置=(0.056,1.599,nan) 指令速度=(0.000,0.000,0.000) 指令加速度=(0.000,0.000,nan) 滚转角=0.05度 俯仰角=-0.02度
10:05:10.573771 [轨迹] 序号=834 单调时间=4725.353747 时间=4725.354 模式=OFFBOARD 起飞状态=未执行起飞 水平控制=位置保持 类型掩码=3520 实际位置NED=(0.055,1.613,-0.244) 实际速度=(0.000,-0.000,0.000) 最终目标=(0.056,1.599,-0.245) 指令位置=(0.056,1.599,nan) 指令速度=(0.000,0.000,0.000) 指令加速度=(0.000,0.000,nan) 滚转角=0.05度 俯仰角=-0.02度
10:05:10.678981 [轨迹] 序号=835 单调时间=4725.458529 时间=4725.459 模式=OFFBOARD 起飞状态=未执行起飞 水平控制=位置保持 类型掩码=3520 实际位置NED=(0.055,1.613,-0.244) 实际速度=(0.000,-0.000,0.000) 最终目标=(0.056,1.599,-0.245) 指令位置=(0.056,1.599,nan) 指令速度=(0.000,0.000,0.000) 指令加速度=(0.000,0.000,nan) 滚转角=0.05度 俯仰角=-0.02度
10:05:10.782412 [轨迹] 序号=836 单调时间=4725.562307 时间=4725.562 模式=OFFBOARD 起飞状态=未执行起飞 水平控制=位置保持 类型掩码=3520 实际位置NED=(0.055,1.613,-0.244) 实际速度=(0.000,-0.000,0.000) 最终目标=(0.056,1.599,-0.245) 指令位置=(0.056,1.599,nan) 指令速度=(0.000,0.000,0.000) 指令加速度=(0.000,0.000,nan) 滚转角=0.05度 俯仰角=-0.02度
10:05:10.885302 [轨迹] 序号=837 单调时间=4725.665388 时间=4725.665 模式=OFFBOARD 起飞状态=未执行起飞 水平控制=位置保持 类型掩码=3520 实际位置NED=(0.055,1.613,-0.244) 实际速度=(0.000,-0.000,0.000) 最终目标=(0.056,1.599,-0.245) 指令位置=(0.056,1.599,nan) 指令速度=(0.000,0.000,0.000) 指令加速度=(0.000,0.000,nan) 滚转角=0.05度 俯仰角=-0.02度
10:05:10.989037 [轨迹] 序号=838 单调时间=4725.768921 时间=4725.769 模式=OFFBOARD 起飞状态=未执行起飞 水平控制=位置保持 类型掩码=3520 实际位置NED=(0.055,1.613,-0.244) 实际速度=(0.000,-0.000,0.000) 最终目标=(0.056,1.599,-0.245) 指令位置=(0.056,1.599,nan) 指令速度=(0.000,0.000,0.000) 指令加速度=(0.000,0.000,nan) 滚转角=0.05度 俯仰角=-0.02度
10:05:11.089337 [轨迹] 序号=839 单调时间=4725.869276 时间=4725.869 模式=OFFBOARD 起飞状态=未执行起飞 水平控制=位置保持 类型掩码=3520 实际位置NED=(0.055,1.613,-0.244) 实际速度=(0.000,-0.000,0.000) 最终目标=(0.056,1.599,-0.245) 指令位置=(0.056,1.599,nan) 指令速度=(0.000,0.000,0.000) 指令加速度=(0.000,0.000,nan) 滚转角=0.05度 俯仰角=-0.02度
10:05:11.193010 [轨迹] 序号=840 单调时间=4725.972994 时间=4725.973 模式=OFFBOARD 起飞状态=未执行起飞 水平控制=位置保持 类型掩码=3520 实际位置NED=(0.055,1.613,-0.244) 实际速度=(0.000,-0.000,0.000) 最终目标=(0.056,1.599,-0.245) 指令位置=(0.056,1.599,nan) 指令速度=(0.000,0.000,0.000) 指令加速度=(0.000,0.000,nan) 滚转角=0.05度 俯仰角=-0.02度
10:05:11.297059 [轨迹] 序号=841 单调时间=4726.076662 时间=4726.077 模式=OFFBOARD 起飞状态=未执行起飞 水平控制=位置保持 类型掩码=3520 实际位置NED=(0.055,1.613,-0.244) 实际速度=(0.000,-0.000,0.000) 最终目标=(0.056,1.599,-0.245) 指令位置=(0.056,1.599,nan) 指令速度=(0.000,0.000,0.000) 指令加速度=(0.000,0.000,nan) 滚转角=0.05度 俯仰角=-0.02度
10:05:11.400512 [轨迹] 序号=842 单调时间=4726.180407 时间=4726.180 模式=OFFBOARD 起飞状态=未执行起飞 水平控制=位置保持 类型掩码=3520 实际位置NED=(0.055,1.613,-0.244) 实际速度=(0.000,-0.000,0.000) 最终目标=(0.056,1.599,-0.245) 指令位置=(0.056,1.599,nan) 指令速度=(0.000,0.000,0.000) 指令加速度=(0.000,0.000,nan) 滚转角=0.05度 俯仰角=-0.02度
10:05:11.505352 [轨迹] 序号=843 单调时间=4726.285120 时间=4726.285 模式=OFFBOARD 起飞状态=未执行起飞 水平控制=位置保持 类型掩码=3520 实际位置NED=(0.055,1.613,-0.244) 实际速度=(-0.000,-0.000,0.000) 最终目标=(0.056,1.599,-0.245) 指令位置=(0.056,1.599,nan) 指令速度=(0.000,0.000,0.000) 指令加速度=(0.000,0.000,nan) 滚转角=0.05度 俯仰角=-0.02度
10:05:11.608359 [轨迹] 序号=844 单调时间=4726.388301 时间=4726.388 模式=OFFBOARD 起飞状态=未执行起飞 水平控制=位置保持 类型掩码=3520 实际位置NED=(0.055,1.613,-0.244) 实际速度=(-0.000,-0.000,0.000) 最终目标=(0.056,1.599,-0.245) 指令位置=(0.056,1.599,nan) 指令速度=(0.000,0.000,0.000) 指令加速度=(0.000,0.000,nan) 滚转角=0.05度 俯仰角=-0.02度
10:05:11.713274 [轨迹] 序号=845 单调时间=4726.493233 时间=4726.493 模式=OFFBOARD 起飞状态=未执行起飞 水平控制=位置保持 类型掩码=3520 实际位置NED=(0.055,1.613,-0.245) 实际速度=(-0.000,-0.000,0.000) 最终目标=(0.056,1.599,-0.245) 指令位置=(0.056,1.599,nan) 指令速度=(0.000,0.000,0.000) 指令加速度=(0.000,0.000,nan) 滚转角=0.05度 俯仰角=-0.02度
10:05:11.816870 [轨迹] 序号=846 单调时间=4726.596447 时间=4726.596 模式=OFFBOARD 起飞状态=未执行起飞 水平控制=位置保持 类型掩码=3520 实际位置NED=(0.055,1.613,-0.245) 实际速度=(-0.000,-0.000,0.000) 最终目标=(0.056,1.599,-0.245) 指令位置=(0.056,1.599,nan) 指令速度=(0.000,0.000,0.000) 指令加速度=(0.000,0.000,nan) 滚转角=0.05度 俯仰角=-0.02度
10:05:11.920088 [轨迹] 序号=847 单调时间=4726.699951 时间=4726.700 模式=OFFBOARD 起飞状态=未执行起飞 水平控制=位置保持 类型掩码=3520 实际位置NED=(0.055,1.614,-0.245) 实际速度=(-0.000,-0.000,0.000) 最终目标=(0.056,1.599,-0.245) 指令位置=(0.056,1.599,nan) 指令速度=(0.000,0.000,0.000) 指令加速度=(0.000,0.000,nan) 滚转角=0.05度 俯仰角=-0.02度
10:05:12.023519 [轨迹] 序号=848 单调时间=4726.803248 时间=4726.803 模式=OFFBOARD 起飞状态=未执行起飞 水平控制=位置保持 类型掩码=3520 实际位置NED=(0.054,1.614,-0.245) 实际速度=(-0.000,-0.000,0.000) 最终目标=(0.056,1.599,-0.245) 指令位置=(0.056,1.599,nan) 指令速度=(0.000,0.000,0.000) 指令加速度=(0.000,0.000,nan) 滚转角=0.05度 俯仰角=-0.02度
10:05:12.124380 [轨迹] 序号=849 单调时间=4726.904245 时间=4726.904 模式=OFFBOARD 起飞状态=未执行起飞 水平控制=位置保持 类型掩码=3520 实际位置NED=(0.054,1.614,-0.245) 实际速度=(-0.000,-0.000,0.000) 最终目标=(0.056,1.599,-0.245) 指令位置=(0.056,1.599,nan) 指令速度=(0.000,0.000,0.000) 指令加速度=(0.000,0.000,nan) 滚转角=0.05度 俯仰角=-0.02度
10:05:12.229060 [轨迹] 序号=850 单调时间=4727.008761 时间=4727.009 模式=OFFBOARD 起飞状态=未执行起飞 水平控制=位置保持 类型掩码=3520 实际位置NED=(0.054,1.614,-0.245) 实际速度=(-0.000,-0.000,0.000) 最终目标=(0.056,1.599,-0.245) 指令位置=(0.056,1.599,nan) 指令速度=(0.000,0.000,0.000) 指令加速度=(0.000,0.000,nan) 滚转角=0.05度 俯仰角=-0.02度
10:05:12.332181 [轨迹] 序号=851 单调时间=4727.112102 时间=4727.112 模式=OFFBOARD 起飞状态=未执行起飞 水平控制=位置保持 类型掩码=3520 实际位置NED=(0.054,1.614,-0.245) 实际速度=(0.000,-0.000,0.000) 最终目标=(0.056,1.599,-0.245) 指令位置=(0.056,1.599,nan) 指令速度=(0.000,0.000,0.000) 指令加速度=(0.000,0.000,nan) 滚转角=0.05度 俯仰角=-0.02度
10:05:12.435834 [轨迹] 序号=852 单调时间=4727.215462 时间=4727.215 模式=OFFBOARD 起飞状态=未执行起飞 水平控制=位置保持 类型掩码=3520 实际位置NED=(0.054,1.614,-0.245) 实际速度=(0.000,-0.000,0.000) 最终目标=(0.056,1.599,-0.245) 指令位置=(0.056,1.599,nan) 指令速度=(0.000,0.000,0.000) 指令加速度=(0.000,0.000,nan) 滚转角=0.05度 俯仰角=-0.02度
10:05:12.536924 [轨迹] 序号=853 单调时间=4727.316668 时间=4727.317 模式=OFFBOARD 起飞状态=未执行起飞 水平控制=位置保持 类型掩码=3520 实际位置NED=(0.054,1.614,-0.245) 实际速度=(0.000,-0.000,0.000) 最终目标=(0.056,1.599,-0.245) 指令位置=(0.056,1.599,nan) 指令速度=(0.000,0.000,0.000) 指令加速度=(0.000,0.000,nan) 滚转角=0.05度 俯仰角=-0.02度
10:05:12.640576 [轨迹] 序号=854 单调时间=4727.420189 时间=4727.420 模式=OFFBOARD 起飞状态=未执行起飞 水平控制=位置保持 类型掩码=3520 实际位置NED=(0.054,1.614,-0.245) 实际速度=(0.000,-0.000,0.000) 最终目标=(0.056,1.599,-0.245) 指令位置=(0.056,1.599,nan) 指令速度=(0.000,0.000,0.000) 指令加速度=(0.000,0.000,nan) 滚转角=0.05度 俯仰角=-0.02度
10:05:12.743862 [轨迹] 序号=855 单调时间=4727.523726 时间=4727.524 模式=OFFBOARD 起飞状态=未执行起飞 水平控制=位置保持 类型掩码=3520 实际位置NED=(0.054,1.614,-0.245) 实际速度=(0.000,-0.001,0.000) 最终目标=(0.056,1.599,-0.245) 指令位置=(0.056,1.599,nan) 指令速度=(0.000,0.000,0.000) 指令加速度=(0.000,0.000,nan) 滚转角=0.05度 俯仰角=-0.02度
10:05:12.847110 [轨迹] 序号=856 单调时间=4727.627024 时间=4727.627 模式=OFFBOARD 起飞状态=未执行起飞 水平控制=位置保持 类型掩码=3520 实际位置NED=(0.054,1.614,-0.245) 实际速度=(0.000,-0.001,0.000) 最终目标=(0.056,1.599,-0.245) 指令位置=(0.056,1.599,nan) 指令速度=(0.000,0.000,0.000) 指令加速度=(0.000,0.000,nan) 滚转角=0.05度 俯仰角=-0.02度
10:05:12.950654 [轨迹] 序号=857 单调时间=4727.730527 时间=4727.731 模式=OFFBOARD 起飞状态=未执行起飞 水平控制=位置保持 类型掩码=3520 实际位置NED=(0.054,1.614,-0.245) 实际速度=(0.000,-0.001,-0.000) 最终目标=(0.056,1.599,-0.245) 指令位置=(0.056,1.599,nan) 指令速度=(0.000,0.000,0.000) 指令加速度=(0.000,0.000,nan) 滚转角=0.05度 俯仰角=-0.02度
10:05:13.053728 [轨迹] 序号=858 单调时间=4727.833695 时间=4727.834 模式=OFFBOARD 起飞状态=未执行起飞 水平控制=位置保持 类型掩码=3520 实际位置NED=(0.054,1.614,-0.245) 实际速度=(0.000,-0.001,-0.000) 最终目标=(0.056,1.599,-0.245) 指令位置=(0.056,1.599,nan) 指令速度=(0.000,0.000,0.000) 指令加速度=(0.000,0.000,nan) 滚转角=0.05度 俯仰角=-0.02度
10:05:13.157844 [轨迹] 序号=859 单调时间=4727.937724 时间=4727.938 模式=OFFBOARD 起飞状态=未执行起飞 水平控制=位置保持 类型掩码=3520 实际位置NED=(0.054,1.614,-0.245) 实际速度=(0.000,-0.000,-0.000) 最终目标=(0.056,1.599,-0.245) 指令位置=(0.056,1.599,nan) 指令速度=(0.000,0.000,0.000) 指令加速度=(0.000,0.000,nan) 滚转角=0.05度 俯仰角=-0.02度
10:05:13.261672 [轨迹] 序号=860 单调时间=4728.041523 时间=4728.042 模式=OFFBOARD 起飞状态=未执行起飞 水平控制=位置保持 类型掩码=3520 实际位置NED=(0.054,1.614,-0.245) 实际速度=(0.000,-0.000,-0.000) 最终目标=(0.056,1.599,-0.245) 指令位置=(0.056,1.599,nan) 指令速度=(0.000,0.000,0.000) 指令加速度=(0.000,0.000,nan) 滚转角=0.05度 俯仰角=-0.02度
10:05:13.365209 [轨迹] 序号=861 单调时间=4728.145026 时间=4728.145 模式=OFFBOARD 起飞状态=未执行起飞 水平控制=位置保持 类型掩码=3520 实际位置NED=(0.054,1.614,-0.245) 实际速度=(0.000,-0.001,-0.000) 最终目标=(0.056,1.599,-0.245) 指令位置=(0.056,1.599,nan) 指令速度=(0.000,0.000,0.000) 指令加速度=(0.000,0.000,nan) 滚转角=0.05度 俯仰角=-0.02度
10:05:13.468254 [轨迹] 序号=862 单调时间=4728.248237 时间=4728.248 模式=OFFBOARD 起飞状态=未执行起飞 水平控制=位置保持 类型掩码=3520 实际位置NED=(0.054,1.614,-0.245) 实际速度=(0.000,-0.000,-0.000) 最终目标=(0.056,1.599,-0.245) 指令位置=(0.056,1.599,nan) 指令速度=(0.000,0.000,0.000) 指令加速度=(0.000,0.000,nan) 滚转角=0.05度 俯仰角=-0.02度
10:05:13.571543 [轨迹] 序号=863 单调时间=4728.351420 时间=4728.351 模式=OFFBOARD 起飞状态=未执行起飞 水平控制=位置保持 类型掩码=3520 实际位置NED=(0.054,1.614,-0.245) 实际速度=(0.000,-0.001,0.000) 最终目标=(0.056,1.599,-0.245) 指令位置=(0.056,1.599,nan) 指令速度=(0.000,0.000,0.000) 指令加速度=(0.000,0.000,nan) 滚转角=0.05度 俯仰角=-0.02度
10:05:13.674873 [轨迹] 序号=864 单调时间=4728.454810 时间=4728.455 模式=OFFBOARD 起飞状态=未执行起飞 水平控制=位置保持 类型掩码=3520 实际位置NED=(0.054,1.614,-0.245) 实际速度=(0.000,-0.001,0.000) 最终目标=(0.056,1.599,-0.245) 指令位置=(0.056,1.599,nan) 指令速度=(0.000,0.000,0.000) 指令加速度=(0.000,0.000,nan) 滚转角=0.05度 俯仰角=-0.02度
10:05:13.778463 [轨迹] 序号=865 单调时间=4728.558296 时间=4728.558 模式=OFFBOARD 起飞状态=未执行起飞 水平控制=位置保持 类型掩码=3520 实际位置NED=(0.054,1.614,-0.245) 实际速度=(0.000,-0.001,0.000) 最终目标=(0.056,1.599,-0.245) 指令位置=(0.056,1.599,nan) 指令速度=(0.000,0.000,0.000) 指令加速度=(0.000,0.000,nan) 滚转角=0.05度 俯仰角=-0.02度
10:05:13.881724 [轨迹] 序号=866 单调时间=4728.661682 时间=4728.662 模式=OFFBOARD 起飞状态=未执行起飞 水平控制=位置保持 类型掩码=3520 实际位置NED=(0.054,1.614,-0.245) 实际速度=(-0.000,-0.001,0.000) 最终目标=(0.056,1.599,-0.245) 指令位置=(0.056,1.599,nan) 指令速度=(0.000,0.000,0.000) 指令加速度=(0.000,0.000,nan) 滚转角=0.05度 俯仰角=-0.02度
10:05:13.984915 [轨迹] 序号=867 单调时间=4728.764741 时间=4728.765 模式=OFFBOARD 起飞状态=未执行起飞 水平控制=位置保持 类型掩码=3520 实际位置NED=(0.054,1.614,-0.245) 实际速度=(-0.000,-0.001,0.000) 最终目标=(0.056,1.599,-0.245) 指令位置=(0.056,1.599,nan) 指令速度=(0.000,0.000,0.000) 指令加速度=(0.000,0.000,nan) 滚转角=0.05度 俯仰角=-0.02度
10:05:14.088142 [轨迹] 序号=868 单调时间=4728.868076 时间=4728.868 模式=OFFBOARD 起飞状态=未执行起飞 水平控制=位置保持 类型掩码=3520 实际位置NED=(0.054,1.614,-0.245) 实际速度=(-0.000,-0.001,0.000) 最终目标=(0.056,1.599,-0.245) 指令位置=(0.056,1.599,nan) 指令速度=(0.000,0.000,0.000) 指令加速度=(0.000,0.000,nan) 滚转角=0.05度 俯仰角=-0.02度
10:05:14.191474 [轨迹] 序号=869 单调时间=4728.971368 时间=4728.971 模式=OFFBOARD 起飞状态=未执行起飞 水平控制=位置保持 类型掩码=3520 实际位置NED=(0.054,1.614,-0.245) 实际速度=(-0.000,-0.001,0.000) 最终目标=(0.056,1.599,-0.245) 指令位置=(0.056,1.599,nan) 指令速度=(0.000,0.000,0.000) 指令加速度=(0.000,0.000,nan) 滚转角=0.05度 俯仰角=-0.02度
10:05:14.295705 [轨迹] 序号=870 单调时间=4729.075419 时间=4729.075 模式=OFFBOARD 起飞状态=未执行起飞 水平控制=位置保持 类型掩码=3520 实际位置NED=(0.054,1.615,-0.245) 实际速度=(-0.000,-0.000,0.001) 最终目标=(0.056,1.599,-0.245) 指令位置=(0.056,1.599,nan) 指令速度=(0.000,0.000,0.000) 指令加速度=(0.000,0.000,nan) 滚转角=0.05度 俯仰角=-0.02度
10:05:14.399491 [轨迹] 序号=871 单调时间=4729.179541 时间=4729.180 模式=OFFBOARD 起飞状态=未执行起飞 水平控制=位置保持 类型掩码=3520 实际位置NED=(0.054,1.615,-0.245) 实际速度=(-0.000,-0.000,0.001) 最终目标=(0.056,1.599,-0.245) 指令位置=(0.056,1.599,nan) 指令速度=(0.000,0.000,0.000) 指令加速度=(0.000,0.000,nan) 滚转角=0.05度 俯仰角=-0.02度
10:05:14.502524 [轨迹] 序号=872 单调时间=4729.282571 时间=4729.283 模式=OFFBOARD 起飞状态=未执行起飞 水平控制=位置保持 类型掩码=3520 实际位置NED=(0.054,1.615,-0.245) 实际速度=(-0.000,-0.000,0.001) 最终目标=(0.056,1.599,-0.245) 指令位置=(0.056,1.599,nan) 指令速度=(0.000,0.000,0.000) 指令加速度=(0.000,0.000,nan) 滚转角=0.05度 俯仰角=-0.02度
10:05:14.605779 [轨迹] 序号=873 单调时间=4729.385829 时间=4729.386 模式=OFFBOARD 起飞状态=未执行起飞 水平控制=位置保持 类型掩码=3520 实际位置NED=(0.054,1.615,-0.245) 实际速度=(-0.000,-0.000,0.001) 最终目标=(0.056,1.599,-0.245) 指令位置=(0.056,1.599,nan) 指令速度=(0.000,0.000,0.000) 指令加速度=(0.000,0.000,nan) 滚转角=0.05度 俯仰角=-0.02度
10:05:14.709441 [轨迹] 序号=874 单调时间=4729.489309 时间=4729.489 模式=OFFBOARD 起飞状态=未执行起飞 水平控制=位置保持 类型掩码=3520 实际位置NED=(0.053,1.615,-0.244) 实际速度=(-0.000,-0.000,0.001) 最终目标=(0.056,1.599,-0.245) 指令位置=(0.056,1.599,nan) 指令速度=(0.000,0.000,0.000) 指令加速度=(0.000,0.000,nan) 滚转角=0.05度 俯仰角=-0.02度
10:05:14.813972 [轨迹] 序号=875 单调时间=4729.593925 时间=4729.594 模式=OFFBOARD 起飞状态=未执行起飞 水平控制=位置保持 类型掩码=3520 实际位置NED=(0.053,1.615,-0.244) 实际速度=(-0.001,-0.000,0.001) 最终目标=(0.056,1.599,-0.245) 指令位置=(0.056,1.599,nan) 指令速度=(0.000,0.000,0.000) 指令加速度=(0.000,0.000,nan) 滚转角=0.05度 俯仰角=-0.02度
10:05:14.917676 [轨迹] 序号=876 单调时间=4729.697711 时间=4729.698 模式=OFFBOARD 起飞状态=未执行起飞 水平控制=位置保持 类型掩码=3520 实际位置NED=(0.053,1.615,-0.244) 实际速度=(-0.001,-0.000,0.001) 最终目标=(0.056,1.599,-0.245) 指令位置=(0.056,1.599,nan) 指令速度=(0.000,0.000,0.000) 指令加速度=(0.000,0.000,nan) 滚转角=0.05度 俯仰角=-0.02度
10:05:15.020554 [轨迹] 序号=877 单调时间=4729.800558 时间=4729.801 模式=OFFBOARD 起飞状态=未执行起飞 水平控制=位置保持 类型掩码=3520 实际位置NED=(0.053,1.615,-0.244) 实际速度=(-0.001,-0.000,0.001) 最终目标=(0.056,1.599,-0.245) 指令位置=(0.056,1.599,nan) 指令速度=(0.000,0.000,0.000) 指令加速度=(0.000,0.000,nan) 滚转角=0.05度 俯仰角=-0.02度
10:05:15.123401 [轨迹] 序号=878 单调时间=4729.903323 时间=4729.903 模式=OFFBOARD 起飞状态=未执行起飞 水平控制=位置保持 类型掩码=3520 实际位置NED=(0.053,1.615,-0.244) 实际速度=(-0.000,-0.000,0.001) 最终目标=(0.056,1.599,-0.245) 指令位置=(0.056,1.599,nan) 指令速度=(0.000,0.000,0.000) 指令加速度=(0.000,0.000,nan) 滚转角=0.05度 俯仰角=-0.02度
10:05:15.225960 [轨迹] 序号=879 单调时间=4730.005863 时间=4730.006 模式=OFFBOARD 起飞状态=未执行起飞 水平控制=位置保持 类型掩码=3520 实际位置NED=(0.053,1.615,-0.244) 实际速度=(-0.000,-0.000,0.001) 最终目标=(0.056,1.599,-0.245) 指令位置=(0.056,1.599,nan) 指令速度=(0.000,0.000,0.000) 指令加速度=(0.000,0.000,nan) 滚转角=0.05度 俯仰角=-0.02度
10:05:15.328659 [轨迹] 序号=880 单调时间=4730.108657 时间=4730.109 模式=OFFBOARD 起飞状态=未执行起飞 水平控制=位置保持 类型掩码=3520 实际位置NED=(0.053,1.616,-0.244) 实际速度=(-0.000,-0.000,0.001) 最终目标=(0.056,1.599,-0.245) 指令位置=(0.056,1.599,nan) 指令速度=(0.000,0.000,0.000) 指令加速度=(0.000,0.000,nan) 滚转角=0.05度 俯仰角=-0.02度
10:05:15.431793 [轨迹] 序号=881 单调时间=4730.211655 时间=4730.212 模式=OFFBOARD 起飞状态=未执行起飞 水平控制=位置保持 类型掩码=3520 实际位置NED=(0.053,1.616,-0.244) 实际速度=(-0.000,-0.000,0.001) 最终目标=(0.056,1.599,-0.245) 指令位置=(0.056,1.599,nan) 指令速度=(0.000,0.000,0.000) 指令加速度=(0.000,0.000,nan) 滚转角=0.05度 俯仰角=-0.02度
10:05:15.534613 [轨迹] 序号=882 单调时间=4730.314614 时间=4730.315 模式=OFFBOARD 起飞状态=未执行起飞 水平控制=位置保持 类型掩码=3520 实际位置NED=(0.053,1.616,-0.244) 实际速度=(-0.000,0.000,0.001) 最终目标=(0.056,1.599,-0.245) 指令位置=(0.056,1.599,nan) 指令速度=(0.000,0.000,0.000) 指令加速度=(0.000,0.000,nan) 滚转角=0.05度 俯仰角=-0.02度
10:05:15.636895 [轨迹] 序号=883 单调时间=4730.416874 时间=4730.417 模式=OFFBOARD 起飞状态=未执行起飞 水平控制=位置保持 类型掩码=3520 实际位置NED=(0.053,1.616,-0.244) 实际速度=(-0.000,0.000,0.001) 最终目标=(0.056,1.599,-0.245) 指令位置=(0.056,1.599,nan) 指令速度=(0.000,0.000,0.000) 指令加速度=(0.000,0.000,nan) 滚转角=0.05度 俯仰角=-0.02度
10:05:15.739888 [轨迹] 序号=884 单调时间=4730.519579 时间=4730.520 模式=OFFBOARD 起飞状态=未执行起飞 水平控制=位置保持 类型掩码=3520 实际位置NED=(0.053,1.616,-0.244) 实际速度=(-0.000,0.000,0.001) 最终目标=(0.056,1.599,-0.245) 指令位置=(0.056,1.599,nan) 指令速度=(0.000,0.000,0.000) 指令加速度=(0.000,0.000,nan) 滚转角=0.05度 俯仰角=-0.02度
10:05:15.842520 [轨迹] 序号=885 单调时间=4730.622495 时间=4730.622 模式=OFFBOARD 起飞状态=未执行起飞 水平控制=位置保持 类型掩码=3520 实际位置NED=(0.052,1.616,-0.244) 实际速度=(-0.000,0.000,0.001) 最终目标=(0.056,1.599,-0.245) 指令位置=(0.056,1.599,nan) 指令速度=(0.000,0.000,0.000) 指令加速度=(0.000,0.000,nan) 滚转角=0.05度 俯仰角=-0.02度
10:05:15.945281 [轨迹] 序号=886 单调时间=4730.725111 时间=4730.725 模式=OFFBOARD 起飞状态=未执行起飞 水平控制=位置保持 类型掩码=3520 实际位置NED=(0.052,1.616,-0.244) 实际速度=(-0.000,0.000,0.001) 最终目标=(0.056,1.599,-0.245) 指令位置=(0.056,1.599,nan) 指令速度=(0.000,0.000,0.000) 指令加速度=(0.000,0.000,nan) 滚转角=0.05度 俯仰角=-0.02度
10:05:16.048029 [轨迹] 序号=887 单调时间=4730.827878 时间=4730.828 模式=OFFBOARD 起飞状态=未执行起飞 水平控制=位置保持 类型掩码=3520 实际位置NED=(0.052,1.616,-0.244) 实际速度=(-0.000,0.000,0.001) 最终目标=(0.056,1.599,-0.245) 指令位置=(0.056,1.599,nan) 指令速度=(0.000,0.000,0.000) 指令加速度=(0.000,0.000,nan) 滚转角=0.05度 俯仰角=-0.02度
10:05:16.150868 [轨迹] 序号=888 单调时间=4730.930922 时间=4730.931 模式=OFFBOARD 起飞状态=未执行起飞 水平控制=位置保持 类型掩码=3520 实际位置NED=(0.052,1.616,-0.244) 实际速度=(-0.000,0.000,0.001) 最终目标=(0.056,1.599,-0.245) 指令位置=(0.056,1.599,nan) 指令速度=(0.000,0.000,0.000) 指令加速度=(0.000,0.000,nan) 滚转角=0.05度 俯仰角=-0.02度
10:05:16.253674 [轨迹] 序号=889 单调时间=4731.033598 时间=4731.034 模式=OFFBOARD 起飞状态=未执行起飞 水平控制=位置保持 类型掩码=3520 实际位置NED=(0.052,1.616,-0.244) 实际速度=(-0.000,0.000,0.001) 最终目标=(0.056,1.599,-0.245) 指令位置=(0.056,1.599,nan) 指令速度=(0.000,0.000,0.000) 指令加速度=(0.000,0.000,nan) 滚转角=0.05度 俯仰角=-0.02度
10:05:16.356721 [轨迹] 序号=890 单调时间=4731.136626 时间=4731.137 模式=OFFBOARD 起飞状态=未执行起飞 水平控制=位置保持 类型掩码=3520 实际位置NED=(0.052,1.616,-0.244) 实际速度=(-0.000,0.000,0.001) 最终目标=(0.056,1.599,-0.245) 指令位置=(0.056,1.599,nan) 指令速度=(0.000,0.000,0.000) 指令加速度=(0.000,0.000,nan) 滚转角=0.05度 俯仰角=-0.02度
10:05:16.457570 [轨迹] 序号=891 单调时间=4731.237528 时间=4731.238 模式=OFFBOARD 起飞状态=未执行起飞 水平控制=位置保持 类型掩码=3520 实际位置NED=(0.052,1.616,-0.244) 实际速度=(-0.000,0.000,0.001) 最终目标=(0.056,1.599,-0.245) 指令位置=(0.056,1.599,nan) 指令速度=(0.000,0.000,0.000) 指令加速度=(0.000,0.000,nan) 滚转角=0.05度 俯仰角=-0.02度
10:05:16.560036 [轨迹] 序号=892 单调时间=4731.340064 时间=4731.340 模式=OFFBOARD 起飞状态=未执行起飞 水平控制=位置保持 类型掩码=3520 实际位置NED=(0.052,1.617,-0.244) 实际速度=(-0.000,0.000,0.001) 最终目标=(0.056,1.599,-0.245) 指令位置=(0.056,1.599,nan) 指令速度=(0.000,0.000,0.000) 指令加速度=(0.000,0.000,nan) 滚转角=0.05度 俯仰角=-0.02度
10:05:16.662582 [轨迹] 序号=893 单调时间=4731.442520 时间=4731.443 模式=OFFBOARD 起飞状态=未执行起飞 水平控制=位置保持 类型掩码=3520 实际位置NED=(0.052,1.617,-0.244) 实际速度=(-0.000,0.000,0.001) 最终目标=(0.056,1.599,-0.245) 指令位置=(0.056,1.599,nan) 指令速度=(0.000,0.000,0.000) 指令加速度=(0.000,0.000,nan) 滚转角=0.05度 俯仰角=-0.02度
10:05:16.765040 [轨迹] 序号=894 单调时间=4731.545054 时间=4731.545 模式=OFFBOARD 起飞状态=未执行起飞 水平控制=位置保持 类型掩码=3520 实际位置NED=(0.052,1.617,-0.244) 实际速度=(-0.000,-0.000,0.000) 最终目标=(0.056,1.599,-0.245) 指令位置=(0.056,1.599,nan) 指令速度=(0.000,0.000,0.000) 指令加速度=(0.000,0.000,nan) 滚转角=0.05度 俯仰角=-0.02度
10:05:16.867455 [轨迹] 序号=895 单调时间=4731.647423 时间=4731.647 模式=OFFBOARD 起飞状态=未执行起飞 水平控制=位置保持 类型掩码=3520 实际位置NED=(0.052,1.617,-0.244) 实际速度=(-0.000,0.000,0.000) 最终目标=(0.056,1.599,-0.245) 指令位置=(0.056,1.599,nan) 指令速度=(0.000,0.000,0.000) 指令加速度=(0.000,0.000,nan) 滚转角=0.05度 俯仰角=-0.02度
10:05:16.969968 [轨迹] 序号=896 单调时间=4731.749892 时间=4731.750 模式=OFFBOARD 起飞状态=未执行起飞 水平控制=位置保持 类型掩码=3520 实际位置NED=(0.052,1.617,-0.245) 实际速度=(-0.000,0.000,0.000) 最终目标=(0.056,1.599,-0.245) 指令位置=(0.056,1.599,nan) 指令速度=(0.000,0.000,0.000) 指令加速度=(0.000,0.000,nan) 滚转角=0.05度 俯仰角=-0.02度
10:05:17.072909 [轨迹] 序号=897 单调时间=4731.852765 时间=4731.853 模式=OFFBOARD 起飞状态=未执行起飞 水平控制=位置保持 类型掩码=3520 实际位置NED=(0.052,1.617,-0.245) 实际速度=(-0.000,0.000,0.000) 最终目标=(0.056,1.599,-0.245) 指令位置=(0.056,1.599,nan) 指令速度=(0.000,0.000,0.000) 指令加速度=(0.000,0.000,nan) 滚转角=0.05度 俯仰角=-0.02度
10:05:17.176433 [轨迹] 序号=898 单调时间=4731.956263 时间=4731.956 模式=OFFBOARD 起飞状态=未执行起飞 水平控制=位置保持 类型掩码=3520 实际位置NED=(0.052,1.617,-0.245) 实际速度=(-0.000,0.000,0.000) 最终目标=(0.056,1.599,-0.245) 指令位置=(0.056,1.599,nan) 指令速度=(0.000,0.000,0.000) 指令加速度=(0.000,0.000,nan) 滚转角=0.05度 俯仰角=-0.02度
10:05:17.279926 [轨迹] 序号=899 单调时间=4732.059770 时间=4732.060 模式=OFFBOARD 起飞状态=未执行起飞 水平控制=位置保持 类型掩码=3520 实际位置NED=(0.052,1.617,-0.245) 实际速度=(-0.000,0.000,0.000) 最终目标=(0.056,1.599,-0.245) 指令位置=(0.056,1.599,nan) 指令速度=(0.000,0.000,0.000) 指令加速度=(0.000,0.000,nan) 滚转角=0.05度 俯仰角=-0.02度
10:05:17.382869 [轨迹] 序号=900 单调时间=4732.162881 时间=4732.163 模式=OFFBOARD 起飞状态=未执行起飞 水平控制=位置保持 类型掩码=3520 实际位置NED=(0.052,1.617,-0.245) 实际速度=(-0.000,0.000,0.000) 最终目标=(0.056,1.599,-0.245) 指令位置=(0.056,1.599,nan) 指令速度=(0.000,0.000,0.000) 指令加速度=(0.000,0.000,nan) 滚转角=0.05度 俯仰角=-0.02度
10:05:17.486074 [轨迹] 序号=901 单调时间=4732.265961 时间=4732.266 模式=OFFBOARD 起飞状态=未执行起飞 水平控制=位置保持 类型掩码=3520 实际位置NED=(0.052,1.617,-0.245) 实际速度=(-0.001,-0.000,0.000) 最终目标=(0.056,1.599,-0.245) 指令位置=(0.056,1.599,nan) 指令速度=(0.000,0.000,0.000) 指令加速度=(0.000,0.000,nan) 滚转角=0.05度 俯仰角=-0.02度
10:05:17.589579 [轨迹] 序号=902 单调时间=4732.369509 时间=4732.370 模式=OFFBOARD 起飞状态=未执行起飞 水平控制=位置保持 类型掩码=3520 实际位置NED=(0.052,1.617,-0.245) 实际速度=(-0.001,-0.000,0.000) 最终目标=(0.056,1.599,-0.245) 指令位置=(0.056,1.599,nan) 指令速度=(0.000,0.000,0.000) 指令加速度=(0.000,0.000,nan) 滚转角=0.05度 俯仰角=-0.02度
10:05:17.692791 [轨迹] 序号=903 单调时间=4732.472650 时间=4732.473 模式=OFFBOARD 起飞状态=未执行起飞 水平控制=位置保持 类型掩码=3520 实际位置NED=(0.052,1.617,-0.245) 实际速度=(-0.001,-0.000,0.000) 最终目标=(0.056,1.599,-0.245) 指令位置=(0.056,1.599,nan) 指令速度=(0.000,0.000,0.000) 指令加速度=(0.000,0.000,nan) 滚转角=0.05度 俯仰角=-0.02度
10:05:17.796467 [轨迹] 序号=904 单调时间=4732.576417 时间=4732.576 模式=OFFBOARD 起飞状态=未执行起飞 水平控制=位置保持 类型掩码=3520 实际位置NED=(0.052,1.617,-0.245) 实际速度=(-0.001,-0.000,0.000) 最终目标=(0.056,1.599,-0.245) 指令位置=(0.056,1.599,nan) 指令速度=(0.000,0.000,0.000) 指令加速度=(0.000,0.000,nan) 滚转角=0.05度 俯仰角=-0.02度
10:05:17.899460 [轨迹] 序号=905 单调时间=4732.679458 时间=4732.679 模式=OFFBOARD 起飞状态=未执行起飞 水平控制=位置保持 类型掩码=3520 实际位置NED=(0.052,1.617,-0.245) 实际速度=(-0.001,-0.000,0.000) 最终目标=(0.056,1.599,-0.245) 指令位置=(0.056,1.599,nan) 指令速度=(0.000,0.000,0.000) 指令加速度=(0.000,0.000,nan) 滚转角=0.05度 俯仰角=-0.02度
10:05:18.004748 [轨迹] 序号=906 单调时间=4732.784312 时间=4732.784 模式=OFFBOARD 起飞状态=未执行起飞 水平控制=位置保持 类型掩码=3520 实际位置NED=(0.052,1.617,-0.245) 实际速度=(-0.001,-0.000,0.000) 最终目标=(0.056,1.599,-0.245) 指令位置=(0.056,1.599,nan) 指令速度=(0.000,0.000,0.000) 指令加速度=(0.000,0.000,nan) 滚转角=0.05度 俯仰角=-0.02度
10:05:18.104580 [轨迹] 序号=907 单调时间=4732.884475 时间=4732.884 模式=OFFBOARD 起飞状态=未执行起飞 水平控制=位置保持 类型掩码=3520 实际位置NED=(0.052,1.617,-0.245) 实际速度=(-0.000,-0.000,0.000) 最终目标=(0.056,1.599,-0.245) 指令位置=(0.056,1.599,nan) 指令速度=(0.000,0.000,0.000) 指令加速度=(0.000,0.000,nan) 滚转角=0.05度 俯仰角=-0.02度
10:05:18.208498 [轨迹] 序号=908 单调时间=4732.988408 时间=4732.988 模式=OFFBOARD 起飞状态=未执行起飞 水平控制=位置保持 类型掩码=3520 实际位置NED=(0.052,1.617,-0.245) 实际速度=(-0.000,-0.000,0.000) 最终目标=(0.056,1.599,-0.245) 指令位置=(0.056,1.599,nan) 指令速度=(0.000,0.000,0.000) 指令加速度=(0.000,0.000,nan) 滚转角=0.05度 俯仰角=-0.02度
10:05:18.311534 [轨迹] 序号=909 单调时间=4733.091502 时间=4733.092 模式=OFFBOARD 起飞状态=未执行起飞 水平控制=位置保持 类型掩码=3520 实际位置NED=(0.052,1.618,-0.245) 实际速度=(-0.000,-0.001,0.000) 最终目标=(0.056,1.599,-0.245) 指令位置=(0.056,1.599,nan) 指令速度=(0.000,0.000,0.000) 指令加速度=(0.000,0.000,nan) 滚转角=0.05度 俯仰角=-0.02度
10:05:18.416304 [轨迹] 序号=910 单调时间=4733.195570 时间=4733.196 模式=OFFBOARD 起飞状态=未执行起飞 水平控制=位置保持 类型掩码=3520 实际位置NED=(0.052,1.618,-0.245) 实际速度=(-0.000,-0.000,0.000) 最终目标=(0.056,1.599,-0.245) 指令位置=(0.056,1.599,nan) 指令速度=(0.000,0.000,0.000) 指令加速度=(0.000,0.000,nan) 滚转角=0.05度 俯仰角=-0.02度
10:05:18.519484 [轨迹] 序号=911 单调时间=4733.299373 时间=4733.299 模式=OFFBOARD 起飞状态=未执行起飞 水平控制=位置保持 类型掩码=3520 实际位置NED=(0.052,1.618,-0.245) 实际速度=(-0.000,-0.000,0.000) 最终目标=(0.056,1.599,-0.245) 指令位置=(0.056,1.599,nan) 指令速度=(0.000,0.000,0.000) 指令加速度=(0.000,0.000,nan) 滚转角=0.05度 俯仰角=-0.02度
10:05:18.623338 [轨迹] 序号=912 单调时间=4733.403275 时间=4733.403 模式=OFFBOARD 起飞状态=未执行起飞 水平控制=位置保持 类型掩码=3520 实际位置NED=(0.052,1.618,-0.245) 实际速度=(-0.000,-0.000,0.000) 最终目标=(0.056,1.599,-0.245) 指令位置=(0.056,1.599,nan) 指令速度=(0.000,0.000,0.000) 指令加速度=(0.000,0.000,nan) 滚转角=0.05度 俯仰角=-0.02度
10:05:18.727634 [轨迹] 序号=913 单调时间=4733.507286 时间=4733.507 模式=OFFBOARD 起飞状态=未执行起飞 水平控制=位置保持 类型掩码=3520 实际位置NED=(0.051,1.618,-0.245) 实际速度=(-0.000,-0.000,0.000) 最终目标=(0.056,1.599,-0.245) 指令位置=(0.056,1.599,nan) 指令速度=(0.000,0.000,0.000) 指令加速度=(0.000,0.000,nan) 滚转角=0.05度 俯仰角=-0.02度
10:05:18.832230 [轨迹] 序号=914 单调时间=4733.611866 时间=4733.612 模式=OFFBOARD 起飞状态=未执行起飞 水平控制=位置保持 类型掩码=3520 实际位置NED=(0.051,1.618,-0.245) 实际速度=(-0.000,-0.000,0.000) 最终目标=(0.056,1.599,-0.245) 指令位置=(0.056,1.599,nan) 指令速度=(0.000,0.000,0.000) 指令加速度=(0.000,0.000,nan) 滚转角=0.05度 俯仰角=-0.02度
10:05:18.935686 [轨迹] 序号=915 单调时间=4733.715435 时间=4733.715 模式=OFFBOARD 起飞状态=未执行起飞 水平控制=位置保持 类型掩码=3520 实际位置NED=(0.051,1.618,-0.245) 实际速度=(-0.000,0.000,0.000) 最终目标=(0.056,1.599,-0.245) 指令位置=(0.056,1.599,nan) 指令速度=(0.000,0.000,0.000) 指令加速度=(0.000,0.000,nan) 滚转角=0.05度 俯仰角=-0.02度
10:05:19.039866 [轨迹] 序号=916 单调时间=4733.819473 时间=4733.819 模式=OFFBOARD 起飞状态=未执行起飞 水平控制=位置保持 类型掩码=3520 实际位置NED=(0.051,1.618,-0.245) 实际速度=(-0.000,0.000,0.000) 最终目标=(0.056,1.599,-0.245) 指令位置=(0.056,1.599,nan) 指令速度=(0.000,0.000,0.000) 指令加速度=(0.000,0.000,nan) 滚转角=0.05度 俯仰角=-0.02度
10:05:19.143847 [轨迹] 序号=917 单调时间=4733.923814 时间=4733.924 模式=OFFBOARD 起飞状态=未执行起飞 水平控制=位置保持 类型掩码=3520 实际位置NED=(0.051,1.618,-0.245) 实际速度=(-0.000,0.000,0.000) 最终目标=(0.056,1.599,-0.245) 指令位置=(0.056,1.599,nan) 指令速度=(0.000,0.000,0.000) 指令加速度=(0.000,0.000,nan) 滚转角=0.05度 俯仰角=-0.02度
10:05:19.248756 [轨迹] 序号=918 单调时间=4734.028618 时间=4734.029 模式=OFFBOARD 起飞状态=未执行起飞 水平控制=位置保持 类型掩码=3520 实际位置NED=(0.051,1.618,-0.245) 实际速度=(-0.000,0.000,0.000) 最终目标=(0.056,1.599,-0.245) 指令位置=(0.056,1.599,nan) 指令速度=(0.000,0.000,0.000) 指令加速度=(0.000,0.000,nan) 滚转角=0.05度 俯仰角=-0.02度
10:05:19.353401 [轨迹] 序号=919 单调时间=4734.133252 时间=4734.133 模式=OFFBOARD 起飞状态=未执行起飞 水平控制=位置保持 类型掩码=3520 实际位置NED=(0.051,1.618,-0.245) 实际速度=(-0.000,0.000,0.000) 最终目标=(0.056,1.599,-0.245) 指令位置=(0.056,1.599,nan) 指令速度=(0.000,0.000,0.000) 指令加速度=(0.000,0.000,nan) 滚转角=0.05度 俯仰角=-0.02度
10:05:19.458241 [轨迹] 序号=920 单调时间=4734.238106 时间=4734.238 模式=OFFBOARD 起飞状态=未执行起飞 水平控制=位置保持 类型掩码=3520 实际位置NED=(0.051,1.618,-0.245) 实际速度=(-0.000,0.001,0.000) 最终目标=(0.056,1.599,-0.245) 指令位置=(0.056,1.599,nan) 指令速度=(0.000,0.000,0.000) 指令加速度=(0.000,0.000,nan) 滚转角=0.05度 俯仰角=-0.02度
10:05:19.562779 [轨迹] 序号=921 单调时间=4734.342585 时间=4734.343 模式=OFFBOARD 起飞状态=未执行起飞 水平控制=位置保持 类型掩码=3520 实际位置NED=(0.051,1.618,-0.245) 实际速度=(-0.000,0.001,0.000) 最终目标=(0.056,1.599,-0.245) 指令位置=(0.056,1.599,nan) 指令速度=(0.000,0.000,0.000) 指令加速度=(0.000,0.000,nan) 滚转角=0.05度 俯仰角=-0.02度
10:05:19.667264 [轨迹] 序号=922 单调时间=4734.447201 时间=4734.447 模式=OFFBOARD 起飞状态=未执行起飞 水平控制=位置保持 类型掩码=3520 实际位置NED=(0.051,1.618,-0.245) 实际速度=(-0.000,0.001,0.000) 最终目标=(0.056,1.599,-0.245) 指令位置=(0.056,1.599,nan) 指令速度=(0.000,0.000,0.000) 指令加速度=(0.000,0.000,nan) 滚转角=0.05度 俯仰角=-0.02度
10:05:19.768803 [轨迹] 序号=923 单调时间=4734.548815 时间=4734.549 模式=OFFBOARD 起飞状态=未执行起飞 水平控制=位置保持 类型掩码=3520 实际位置NED=(0.052,1.619,-0.245) 实际速度=(0.000,0.000,0.000) 最终目标=(0.056,1.599,-0.245) 指令位置=(0.056,1.599,nan) 指令速度=(0.000,0.000,0.000) 指令加速度=(0.000,0.000,nan) 滚转角=0.05度 俯仰角=-0.02度
10:05:19.872674 [轨迹] 序号=924 单调时间=4734.652661 时间=4734.653 模式=OFFBOARD 起飞状态=未执行起飞 水平控制=位置保持 类型掩码=3520 实际位置NED=(0.052,1.619,-0.245) 实际速度=(0.000,0.000,0.000) 最终目标=(0.056,1.599,-0.245) 指令位置=(0.056,1.599,nan) 指令速度=(0.000,0.000,0.000) 指令加速度=(0.000,0.000,nan) 滚转角=0.05度 俯仰角=-0.02度
10:05:19.977513 [轨迹] 序号=925 单调时间=4734.757332 时间=4734.757 模式=OFFBOARD 起飞状态=未执行起飞 水平控制=位置保持 类型掩码=3520 实际位置NED=(0.052,1.619,-0.245) 实际速度=(0.000,0.000,0.000) 最终目标=(0.056,1.599,-0.245) 指令位置=(0.056,1.599,nan) 指令速度=(0.000,0.000,0.000) 指令加速度=(0.000,0.000,nan) 滚转角=0.04度 俯仰角=-0.02度
10:05:20.081777 [轨迹] 序号=926 单调时间=4734.861740 时间=4734.862 模式=OFFBOARD 起飞状态=未执行起飞 水平控制=位置保持 类型掩码=3520 实际位置NED=(0.052,1.619,-0.245) 实际速度=(0.000,0.000,0.000) 最终目标=(0.056,1.599,-0.245) 指令位置=(0.056,1.599,nan) 指令速度=(0.000,0.000,0.000) 指令加速度=(0.000,0.000,nan) 滚转角=0.04度 俯仰角=-0.02度
10:05:20.185542 [轨迹] 序号=927 单调时间=4734.965440 时间=4734.965 模式=OFFBOARD 起飞状态=未执行起飞 水平控制=位置保持 类型掩码=3520 实际位置NED=(0.052,1.619,-0.245) 实际速度=(0.000,0.000,0.001) 最终目标=(0.056,1.599,-0.245) 指令位置=(0.056,1.599,nan) 指令速度=(0.000,0.000,0.000) 指令加速度=(0.000,0.000,nan) 滚转角=0.04度 俯仰角=-0.02度
10:05:20.289516 [轨迹] 序号=928 单调时间=4735.069457 时间=4735.069 模式=OFFBOARD 起飞状态=未执行起飞 水平控制=位置保持 类型掩码=3520 实际位置NED=(0.052,1.619,-0.245) 实际速度=(0.000,0.000,0.001) 最终目标=(0.056,1.599,-0.245) 指令位置=(0.056,1.599,nan) 指令速度=(0.000,0.000,0.000) 指令加速度=(0.000,0.000,nan) 滚转角=0.05度 俯仰角=-0.02度
10:05:20.393802 [轨迹] 序号=929 单调时间=4735.173707 时间=4735.174 模式=OFFBOARD 起飞状态=未执行起飞 水平控制=位置保持 类型掩码=3520 实际位置NED=(0.052,1.619,-0.245) 实际速度=(-0.000,0.000,0.001) 最终目标=(0.056,1.599,-0.245) 指令位置=(0.056,1.599,nan) 指令速度=(0.000,0.000,0.000) 指令加速度=(0.000,0.000,nan) 滚转角=0.05度 俯仰角=-0.02度
10:05:20.498400 [轨迹] 序号=930 单调时间=4735.278302 时间=4735.278 模式=OFFBOARD 起飞状态=未执行起飞 水平控制=位置保持 类型掩码=3520 实际位置NED=(0.052,1.619,-0.245) 实际速度=(-0.000,0.000,0.001) 最终目标=(0.056,1.599,-0.245) 指令位置=(0.056,1.599,nan) 指令速度=(0.000,0.000,0.000) 指令加速度=(0.000,0.000,nan) 滚转角=0.04度 俯仰角=-0.02度
10:05:20.602554 [轨迹] 序号=931 单调时间=4735.382327 时间=4735.382 模式=OFFBOARD 起飞状态=未执行起飞 水平控制=位置保持 类型掩码=3520 实际位置NED=(0.052,1.619,-0.245) 实际速度=(-0.000,0.000,0.001) 最终目标=(0.056,1.599,-0.245) 指令位置=(0.056,1.599,nan) 指令速度=(0.000,0.000,0.000) 指令加速度=(0.000,0.000,nan) 滚转角=0.04度 俯仰角=-0.02度
10:05:20.706541 [轨迹] 序号=932 单调时间=4735.486439 时间=4735.486 模式=OFFBOARD 起飞状态=未执行起飞 水平控制=位置保持 类型掩码=3520 实际位置NED=(0.052,1.619,-0.245) 实际速度=(-0.000,0.000,0.001) 最终目标=(0.056,1.599,-0.245) 指令位置=(0.056,1.599,nan) 指令速度=(0.000,0.000,0.000) 指令加速度=(0.000,0.000,nan) 滚转角=0.04度 俯仰角=-0.02度
10:05:20.808681 [轨迹] 序号=933 单调时间=4735.588781 时间=4735.589 模式=OFFBOARD 起飞状态=未执行起飞 水平控制=位置保持 类型掩码=3520 实际位置NED=(0.051,1.619,-0.245) 实际速度=(-0.000,0.000,0.001) 最终目标=(0.056,1.599,-0.245) 指令位置=(0.056,1.599,nan) 指令速度=(0.000,0.000,0.000) 指令加速度=(0.000,0.000,nan) 滚转角=0.04度 俯仰角=-0.02度
10:05:20.912580 [轨迹] 序号=934 单调时间=4735.692521 时间=4735.693 模式=OFFBOARD 起飞状态=未执行起飞 水平控制=位置保持 类型掩码=3520 实际位置NED=(0.051,1.619,-0.245) 实际速度=(-0.000,0.000,0.001) 最终目标=(0.056,1.599,-0.245) 指令位置=(0.056,1.599,nan) 指令速度=(0.000,0.000,0.000) 指令加速度=(0.000,0.000,nan) 滚转角=0.04度 俯仰角=-0.02度
10:05:21.013438 [轨迹] 序号=935 单调时间=4735.793303 时间=4735.793 模式=OFFBOARD 起飞状态=未执行起飞 水平控制=位置保持 类型掩码=3520 实际位置NED=(0.051,1.619,-0.245) 实际速度=(-0.000,0.000,0.001) 最终目标=(0.056,1.599,-0.245) 指令位置=(0.056,1.599,nan) 指令速度=(0.000,0.000,0.000) 指令加速度=(0.000,0.000,nan) 滚转角=0.04度 俯仰角=-0.02度
10:05:21.117304 [轨迹] 序号=936 单调时间=4735.897259 时间=4735.897 模式=OFFBOARD 起飞状态=未执行起飞 水平控制=位置保持 类型掩码=3520 实际位置NED=(0.051,1.620,-0.245) 实际速度=(0.000,0.000,0.001) 最终目标=(0.056,1.599,-0.245) 指令位置=(0.056,1.599,nan) 指令速度=(0.000,0.000,0.000) 指令加速度=(0.000,0.000,nan) 滚转角=0.04度 俯仰角=-0.02度
10:05:21.217491 [轨迹] 序号=937 单调时间=4735.997329 时间=4735.997 模式=OFFBOARD 起飞状态=未执行起飞 水平控制=位置保持 类型掩码=3520 实际位置NED=(0.051,1.620,-0.244) 实际速度=(0.000,0.000,0.001) 最终目标=(0.056,1.599,-0.245) 指令位置=(0.056,1.599,nan) 指令速度=(0.000,0.000,0.000) 指令加速度=(0.000,0.000,nan) 滚转角=0.04度 俯仰角=-0.02度
10:05:21.322564 [轨迹] 序号=938 单调时间=4736.102094 时间=4736.102 模式=OFFBOARD 起飞状态=未执行起飞 水平控制=位置保持 类型掩码=3520 实际位置NED=(0.051,1.620,-0.244) 实际速度=(-0.000,0.000,0.001) 最终目标=(0.056,1.599,-0.245) 指令位置=(0.056,1.599,nan) 指令速度=(0.000,0.000,0.000) 指令加速度=(0.000,0.000,nan) 滚转角=0.04度 俯仰角=-0.02度
10:05:21.427142 [轨迹] 序号=939 单调时间=4736.206622 时间=4736.207 模式=OFFBOARD 起飞状态=未执行起飞 水平控制=位置保持 类型掩码=3520 实际位置NED=(0.051,1.620,-0.244) 实际速度=(0.000,0.000,0.001) 最终目标=(0.056,1.599,-0.245) 指令位置=(0.056,1.599,nan) 指令速度=(0.000,0.000,0.000) 指令加速度=(0.000,0.000,nan) 滚转角=0.04度 俯仰角=-0.02度
10:05:21.531046 [轨迹] 序号=940 单调时间=4736.311003 时间=4736.311 模式=OFFBOARD 起飞状态=未执行起飞 水平控制=位置保持 类型掩码=3520 实际位置NED=(0.051,1.620,-0.244) 实际速度=(0.000,0.000,0.001) 最终目标=(0.056,1.599,-0.245) 指令位置=(0.056,1.599,nan) 指令速度=(0.000,0.000,0.000) 指令加速度=(0.000,0.000,nan) 滚转角=0.04度 俯仰角=-0.02度
10:05:21.634992 [轨迹] 序号=941 单调时间=4736.414734 时间=4736.415 模式=OFFBOARD 起飞状态=未执行起飞 水平控制=位置保持 类型掩码=3520 实际位置NED=(0.051,1.620,-0.244) 实际速度=(0.000,0.000,0.001) 最终目标=(0.056,1.599,-0.245) 指令位置=(0.056,1.599,nan) 指令速度=(0.000,0.000,0.000) 指令加速度=(0.000,0.000,nan) 滚转角=0.04度 俯仰角=-0.02度
10:05:21.738601 [轨迹] 序号=942 单调时间=4736.518459 时间=4736.518 模式=OFFBOARD 起飞状态=未执行起飞 水平控制=位置保持 类型掩码=3520 实际位置NED=(0.051,1.620,-0.244) 实际速度=(0.000,-0.000,0.001) 最终目标=(0.056,1.599,-0.245) 指令位置=(0.056,1.599,nan) 指令速度=(0.000,0.000,0.000) 指令加速度=(0.000,0.000,nan) 滚转角=0.04度 俯仰角=-0.02度
10:05:21.842653 [轨迹] 序号=943 单调时间=4736.622547 时间=4736.623 模式=OFFBOARD 起飞状态=未执行起飞 水平控制=位置保持 类型掩码=3520 实际位置NED=(0.051,1.620,-0.244) 实际速度=(0.000,-0.000,0.001) 最终目标=(0.056,1.599,-0.245) 指令位置=(0.056,1.599,nan) 指令速度=(0.000,0.000,0.000) 指令加速度=(0.000,0.000,nan) 滚转角=0.04度 俯仰角=-0.02度
10:05:21.946317 [轨迹] 序号=944 单调时间=4736.726200 时间=4736.726 模式=OFFBOARD 起飞状态=未执行起飞 水平控制=位置保持 类型掩码=3520 实际位置NED=(0.051,1.620,-0.244) 实际速度=(0.000,-0.000,0.001) 最终目标=(0.056,1.599,-0.245) 指令位置=(0.056,1.599,nan) 指令速度=(0.000,0.000,0.000) 指令加速度=(0.000,0.000,nan) 滚转角=0.04度 俯仰角=-0.02度
10:05:22.050773 [轨迹] 序号=945 单调时间=4736.830523 时间=4736.831 模式=OFFBOARD 起飞状态=未执行起飞 水平控制=位置保持 类型掩码=3520 实际位置NED=(0.051,1.620,-0.244) 实际速度=(0.000,-0.000,0.001) 最终目标=(0.056,1.599,-0.245) 指令位置=(0.056,1.599,nan) 指令速度=(0.000,0.000,0.000) 指令加速度=(0.000,0.000,nan) 滚转角=0.04度 俯仰角=-0.02度
10:05:22.154689 [轨迹] 序号=946 单调时间=4736.934377 时间=4736.934 模式=OFFBOARD 起飞状态=未执行起飞 水平控制=位置保持 类型掩码=3520 实际位置NED=(0.051,1.620,-0.244) 实际速度=(0.000,-0.000,0.001) 最终目标=(0.056,1.599,-0.245) 指令位置=(0.056,1.599,nan) 指令速度=(0.000,0.000,0.000) 指令加速度=(0.000,0.000,nan) 滚转角=0.04度 俯仰角=-0.02度
10:05:22.258388 [轨迹] 序号=947 单调时间=4737.038377 时间=4737.038 模式=OFFBOARD 起飞状态=未执行起飞 水平控制=位置保持 类型掩码=3520 实际位置NED=(0.051,1.620,-0.244) 实际速度=(0.000,0.000,0.001) 最终目标=(0.056,1.599,-0.245) 指令位置=(0.056,1.599,nan) 指令速度=(0.000,0.000,0.000) 指令加速度=(0.000,0.000,nan) 滚转角=0.04度 俯仰角=-0.02度
10:05:22.362529 [轨迹] 序号=948 单调时间=4737.142151 时间=4737.142 模式=OFFBOARD 起飞状态=未执行起飞 水平控制=位置保持 类型掩码=3520 实际位置NED=(0.051,1.620,-0.244) 实际速度=(0.000,0.000,0.001) 最终目标=(0.056,1.599,-0.245) 指令位置=(0.056,1.599,nan) 指令速度=(0.000,0.000,0.000) 指令加速度=(0.000,0.000,nan) 滚转角=0.04度 俯仰角=-0.02度
10:05:22.466761 [轨迹] 序号=949 单调时间=4737.246781 时间=4737.247 模式=OFFBOARD 起飞状态=未执行起飞 水平控制=位置保持 类型掩码=3520 实际位置NED=(0.051,1.620,-0.244) 实际速度=(0.000,0.000,0.001) 最终目标=(0.056,1.599,-0.245) 指令位置=(0.056,1.599,nan) 指令速度=(0.000,0.000,0.000) 指令加速度=(0.000,0.000,nan) 滚转角=0.04度 俯仰角=-0.02度
10:05:22.570569 [轨迹] 序号=950 单调时间=4737.350442 时间=4737.350 模式=OFFBOARD 起飞状态=未执行起飞 水平控制=位置保持 类型掩码=3520 实际位置NED=(0.051,1.620,-0.244) 实际速度=(0.000,-0.000,0.001) 最终目标=(0.056,1.599,-0.245) 指令位置=(0.056,1.599,nan) 指令速度=(0.000,0.000,0.000) 指令加速度=(0.000,0.000,nan) 滚转角=0.04度 俯仰角=-0.02度
10:05:22.674565 [轨迹] 序号=951 单调时间=4737.454475 时间=4737.454 模式=OFFBOARD 起飞状态=未执行起飞 水平控制=位置保持 类型掩码=3520 实际位置NED=(0.051,1.620,-0.244) 实际速度=(0.000,0.000,0.001) 最终目标=(0.056,1.599,-0.245) 指令位置=(0.056,1.599,nan) 指令速度=(0.000,0.000,0.000) 指令加速度=(0.000,0.000,nan) 滚转角=0.04度 俯仰角=-0.02度
10:05:22.778368 [轨迹] 序号=952 单调时间=4737.558260 时间=4737.558 模式=OFFBOARD 起飞状态=未执行起飞 水平控制=位置保持 类型掩码=3520 实际位置NED=(0.050,1.621,-0.244) 实际速度=(0.000,-0.000,0.001) 最终目标=(0.056,1.599,-0.245) 指令位置=(0.056,1.599,nan) 指令速度=(0.000,0.000,0.000) 指令加速度=(0.000,0.000,nan) 滚转角=0.04度 俯仰角=-0.02度
10:05:22.882544 [轨迹] 序号=953 单调时间=4737.662470 时间=4737.662 模式=OFFBOARD 起飞状态=未执行起飞 水平控制=位置保持 类型掩码=3520 实际位置NED=(0.050,1.621,-0.244) 实际速度=(0.000,-0.000,0.001) 最终目标=(0.056,1.599,-0.245) 指令位置=(0.056,1.599,nan) 指令速度=(0.000,0.000,0.000) 指令加速度=(0.000,0.000,nan) 滚转角=0.04度 俯仰角=-0.02度
10:05:22.986574 [轨迹] 序号=954 单调时间=4737.766546 时间=4737.767 模式=OFFBOARD 起飞状态=未执行起飞 水平控制=位置保持 类型掩码=3520 实际位置NED=(0.050,1.621,-0.244) 实际速度=(0.000,-0.000,0.001) 最终目标=(0.056,1.599,-0.245) 指令位置=(0.056,1.599,nan) 指令速度=(0.000,0.000,0.000) 指令加速度=(0.000,0.000,nan) 滚转角=0.04度 俯仰角=-0.02度
10:05:23.089614 [轨迹] 序号=955 单调时间=4737.869425 时间=4737.869 模式=OFFBOARD 起飞状态=未执行起飞 水平控制=位置保持 类型掩码=3520 实际位置NED=(0.050,1.621,-0.244) 实际速度=(0.000,-0.000,0.001) 最终目标=(0.056,1.599,-0.245) 指令位置=(0.056,1.599,nan) 指令速度=(0.000,0.000,0.000) 指令加速度=(0.000,0.000,nan) 滚转角=0.04度 俯仰角=-0.02度
10:05:23.192848 [轨迹] 序号=956 单调时间=4737.972735 时间=4737.973 模式=OFFBOARD 起飞状态=未执行起飞 水平控制=位置保持 类型掩码=3520 实际位置NED=(0.050,1.621,-0.244) 实际速度=(0.000,-0.000,0.001) 最终目标=(0.056,1.599,-0.245) 指令位置=(0.056,1.599,nan) 指令速度=(0.000,0.000,0.000) 指令加速度=(0.000,0.000,nan) 滚转角=0.04度 俯仰角=-0.02度
10:05:23.295632 [轨迹] 序号=957 单调时间=4738.075451 时间=4738.075 模式=OFFBOARD 起飞状态=未执行起飞 水平控制=位置保持 类型掩码=3520 实际位置NED=(0.050,1.621,-0.244) 实际速度=(0.000,-0.000,0.001) 最终目标=(0.056,1.599,-0.245) 指令位置=(0.056,1.599,nan) 指令速度=(0.000,0.000,0.000) 指令加速度=(0.000,0.000,nan) 滚转角=0.04度 俯仰角=-0.02度
10:05:23.399452 [轨迹] 序号=958 单调时间=4738.179259 时间=4738.179 模式=OFFBOARD 起飞状态=未执行起飞 水平控制=位置保持 类型掩码=3520 实际位置NED=(0.050,1.621,-0.244) 实际速度=(0.000,-0.000,0.001) 最终目标=(0.056,1.599,-0.245) 指令位置=(0.056,1.599,nan) 指令速度=(0.000,0.000,0.000) 指令加速度=(0.000,0.000,nan) 滚转角=0.04度 俯仰角=-0.02度
10:05:23.504081 [轨迹] 序号=959 单调时间=4738.284054 时间=4738.284 模式=OFFBOARD 起飞状态=未执行起飞 水平控制=位置保持 类型掩码=3520 实际位置NED=(0.050,1.621,-0.244) 实际速度=(0.000,-0.000,0.001) 最终目标=(0.056,1.599,-0.245) 指令位置=(0.056,1.599,nan) 指令速度=(0.000,0.000,0.000) 指令加速度=(0.000,0.000,nan) 滚转角=0.04度 俯仰角=-0.02度
10:05:23.607093 [轨迹] 序号=960 单调时间=4738.386903 时间=4738.387 模式=OFFBOARD 起飞状态=未执行起飞 水平控制=位置保持 类型掩码=3520 实际位置NED=(0.050,1.621,-0.244) 实际速度=(0.000,-0.000,0.001) 最终目标=(0.056,1.599,-0.245) 指令位置=(0.056,1.599,nan) 指令速度=(0.000,0.000,0.000) 指令加速度=(0.000,0.000,nan) 滚转角=0.04度 俯仰角=-0.02度
10:05:23.709972 [轨迹] 序号=961 单调时间=4738.489796 时间=4738.490 模式=OFFBOARD 起飞状态=未执行起飞 水平控制=位置保持 类型掩码=3520 实际位置NED=(0.050,1.621,-0.244) 实际速度=(0.000,-0.000,0.001) 最终目标=(0.056,1.599,-0.245) 指令位置=(0.056,1.599,nan) 指令速度=(0.000,0.000,0.000) 指令加速度=(0.000,0.000,nan) 滚转角=0.04度 俯仰角=-0.02度
10:05:23.813060 [轨迹] 序号=962 单调时间=4738.593122 时间=4738.593 模式=OFFBOARD 起飞状态=未执行起飞 水平控制=位置保持 类型掩码=3520 实际位置NED=(0.050,1.621,-0.244) 实际速度=(0.000,-0.000,0.001) 最终目标=(0.056,1.599,-0.245) 指令位置=(0.056,1.599,nan) 指令速度=(0.000,0.000,0.000) 指令加速度=(0.000,0.000,nan) 滚转角=0.04度 俯仰角=-0.02度
10:05:23.916078 [轨迹] 序号=963 单调时间=4738.695807 时间=4738.696 模式=OFFBOARD 起飞状态=未执行起飞 水平控制=位置保持 类型掩码=3520 实际位置NED=(0.050,1.621,-0.244) 实际速度=(0.000,-0.000,0.001) 最终目标=(0.056,1.599,-0.245) 指令位置=(0.056,1.599,nan) 指令速度=(0.000,0.000,0.000) 指令加速度=(0.000,0.000,nan) 滚转角=0.04度 俯仰角=-0.02度
10:05:24.018981 [轨迹] 序号=964 单调时间=4738.798815 时间=4738.799 模式=OFFBOARD 起飞状态=未执行起飞 水平控制=位置保持 类型掩码=3520 实际位置NED=(0.050,1.621,-0.244) 实际速度=(0.000,-0.000,0.001) 最终目标=(0.056,1.599,-0.245) 指令位置=(0.056,1.599,nan) 指令速度=(0.000,0.000,0.000) 指令加速度=(0.000,0.000,nan) 滚转角=0.04度 俯仰角=-0.02度
10:05:24.121847 [轨迹] 序号=965 单调时间=4738.901717 时间=4738.902 模式=OFFBOARD 起飞状态=未执行起飞 水平控制=位置保持 类型掩码=3520 实际位置NED=(0.050,1.621,-0.244) 实际速度=(0.000,-0.000,0.001) 最终目标=(0.056,1.599,-0.245) 指令位置=(0.056,1.599,nan) 指令速度=(0.000,0.000,0.000) 指令加速度=(0.000,0.000,nan) 滚转角=0.04度 俯仰角=-0.02度
10:05:24.224568 [轨迹] 序号=966 单调时间=4739.004502 时间=4739.005 模式=OFFBOARD 起飞状态=未执行起飞 水平控制=位置保持 类型掩码=3520 实际位置NED=(0.050,1.621,-0.244) 实际速度=(0.000,-0.000,0.001) 最终目标=(0.056,1.599,-0.245) 指令位置=(0.056,1.599,nan) 指令速度=(0.000,0.000,0.000) 指令加速度=(0.000,0.000,nan) 滚转角=0.04度 俯仰角=-0.02度
10:05:24.327551 [轨迹] 序号=967 单调时间=4739.107492 时间=4739.107 模式=OFFBOARD 起飞状态=未执行起飞 水平控制=位置保持 类型掩码=3520 实际位置NED=(0.050,1.621,-0.244) 实际速度=(0.000,-0.000,0.001) 最终目标=(0.056,1.599,-0.245) 指令位置=(0.056,1.599,nan) 指令速度=(0.000,0.000,0.000) 指令加速度=(0.000,0.000,nan) 滚转角=0.04度 俯仰角=-0.02度
10:05:24.430761 [轨迹] 序号=968 单调时间=4739.210649 时间=4739.211 模式=OFFBOARD 起飞状态=未执行起飞 水平控制=位置保持 类型掩码=3520 实际位置NED=(0.050,1.621,-0.244) 实际速度=(0.000,-0.000,0.002) 最终目标=(0.056,1.599,-0.245) 指令位置=(0.056,1.599,nan) 指令速度=(0.000,0.000,0.000) 指令加速度=(0.000,0.000,nan) 滚转角=0.04度 俯仰角=-0.02度
10:05:24.533586 [轨迹] 序号=969 单调时间=4739.313469 时间=4739.313 模式=OFFBOARD 起飞状态=未执行起飞 水平控制=位置保持 类型掩码=3520 实际位置NED=(0.050,1.621,-0.244) 实际速度=(0.001,-0.000,0.002) 最终目标=(0.056,1.599,-0.245) 指令位置=(0.056,1.599,nan) 指令速度=(0.000,0.000,0.000) 指令加速度=(0.000,0.000,nan) 滚转角=0.04度 俯仰角=-0.02度
10:05:24.634902 [轨迹] 序号=970 单调时间=4739.414891 时间=4739.415 模式=OFFBOARD 起飞状态=未执行起飞 水平控制=位置保持 类型掩码=3520 实际位置NED=(0.050,1.621,-0.244) 实际速度=(0.001,-0.000,0.002) 最终目标=(0.056,1.599,-0.245) 指令位置=(0.056,1.599,nan) 指令速度=(0.000,0.000,0.000) 指令加速度=(0.000,0.000,nan) 滚转角=0.04度 俯仰角=-0.02度
10:05:24.737482 [轨迹] 序号=971 单调时间=4739.517586 时间=4739.518 模式=OFFBOARD 起飞状态=未执行起飞 水平控制=位置保持 类型掩码=3520 实际位置NED=(0.050,1.621,-0.244) 实际速度=(0.001,-0.000,0.002) 最终目标=(0.056,1.599,-0.245) 指令位置=(0.056,1.599,nan) 指令速度=(0.000,0.000,0.000) 指令加速度=(0.000,0.000,nan) 滚转角=0.04度 俯仰角=-0.02度
10:05:24.840590 [轨迹] 序号=972 单调时间=4739.620457 时间=4739.620 模式=OFFBOARD 起飞状态=未执行起飞 水平控制=位置保持 类型掩码=3520 实际位置NED=(0.050,1.621,-0.244) 实际速度=(0.001,0.000,0.002) 最终目标=(0.056,1.599,-0.245) 指令位置=(0.056,1.599,nan) 指令速度=(0.000,0.000,0.000) 指令加速度=(0.000,0.000,nan) 滚转角=0.04度 俯仰角=-0.02度
10:05:24.943790 [轨迹] 序号=973 单调时间=4739.723669 时间=4739.724 模式=OFFBOARD 起飞状态=未执行起飞 水平控制=位置保持 类型掩码=3520 实际位置NED=(0.050,1.621,-0.244) 实际速度=(0.001,0.000,0.001) 最终目标=(0.056,1.599,-0.245) 指令位置=(0.056,1.599,nan) 指令速度=(0.000,0.000,0.000) 指令加速度=(0.000,0.000,nan) 滚转角=0.04度 俯仰角=-0.02度
10:05:25.046370 [轨迹] 序号=974 单调时间=4739.826330 时间=4739.826 模式=OFFBOARD 起飞状态=未执行起飞 水平控制=位置保持 类型掩码=3520 实际位置NED=(0.050,1.621,-0.244) 实际速度=(0.001,0.000,0.001) 最终目标=(0.056,1.599,-0.245) 指令位置=(0.056,1.599,nan) 指令速度=(0.000,0.000,0.000) 指令加速度=(0.000,0.000,nan) 滚转角=0.04度 俯仰角=-0.02度
10:05:25.149897 [轨迹] 序号=975 单调时间=4739.929729 时间=4739.930 模式=OFFBOARD 起飞状态=未执行起飞 水平控制=位置保持 类型掩码=3520 实际位置NED=(0.050,1.621,-0.244) 实际速度=(0.001,0.000,0.001) 最终目标=(0.056,1.599,-0.245) 指令位置=(0.056,1.599,nan) 指令速度=(0.000,0.000,0.000) 指令加速度=(0.000,0.000,nan) 滚转角=0.04度 俯仰角=-0.02度
10:05:25.250375 [轨迹] 序号=976 单调时间=4740.030259 时间=4740.030 模式=OFFBOARD 起飞状态=未执行起飞 水平控制=位置保持 类型掩码=3520 实际位置NED=(0.050,1.622,-0.244) 实际速度=(0.001,0.000,0.001) 最终目标=(0.056,1.599,-0.245) 指令位置=(0.056,1.599,nan) 指令速度=(0.000,0.000,0.000) 指令加速度=(0.000,0.000,nan) 滚转角=0.04度 俯仰角=-0.02度
10:05:25.353185 [轨迹] 序号=977 单调时间=4740.133017 时间=4740.133 模式=OFFBOARD 起飞状态=未执行起飞 水平控制=位置保持 类型掩码=3520 实际位置NED=(0.051,1.622,-0.244) 实际速度=(0.001,0.000,0.001) 最终目标=(0.056,1.599,-0.245) 指令位置=(0.056,1.599,nan) 指令速度=(0.000,0.000,0.000) 指令加速度=(0.000,0.000,nan) 滚转角=0.04度 俯仰角=-0.02度
10:05:25.456650 [轨迹] 序号=978 单调时间=4740.236024 时间=4740.236 模式=OFFBOARD 起飞状态=未执行起飞 水平控制=位置保持 类型掩码=3520 实际位置NED=(0.051,1.622,-0.244) 实际速度=(0.001,0.000,0.001) 最终目标=(0.056,1.599,-0.245) 指令位置=(0.056,1.599,nan) 指令速度=(0.000,0.000,0.000) 指令加速度=(0.000,0.000,nan) 滚转角=0.04度 俯仰角=-0.02度
10:05:25.559819 [轨迹] 序号=979 单调时间=4740.339486 时间=4740.339 模式=OFFBOARD 起飞状态=未执行起飞 水平控制=位置保持 类型掩码=3520 实际位置NED=(0.051,1.622,-0.244) 实际速度=(0.001,0.001,0.001) 最终目标=(0.056,1.599,-0.245) 指令位置=(0.056,1.599,nan) 指令速度=(0.000,0.000,0.000) 指令加速度=(0.000,0.000,nan) 滚转角=0.04度 俯仰角=-0.02度
10:05:25.663200 [轨迹] 序号=980 单调时间=4740.442877 时间=4740.443 模式=OFFBOARD 起飞状态=未执行起飞 水平控制=位置保持 类型掩码=3520 实际位置NED=(0.051,1.622,-0.244) 实际速度=(0.001,0.001,0.001) 最终目标=(0.056,1.599,-0.245) 指令位置=(0.056,1.599,nan) 指令速度=(0.000,0.000,0.000) 指令加速度=(0.000,0.000,nan) 滚转角=0.04度 俯仰角=-0.02度
10:05:25.766801 [轨迹] 序号=981 单调时间=4740.546765 时间=4740.547 模式=OFFBOARD 起飞状态=未执行起飞 水平控制=位置保持 类型掩码=3520 实际位置NED=(0.051,1.622,-0.244) 实际速度=(0.001,0.001,0.001) 最终目标=(0.056,1.599,-0.245) 指令位置=(0.056,1.599,nan) 指令速度=(0.000,0.000,0.000) 指令加速度=(0.000,0.000,nan) 滚转角=0.04度 俯仰角=-0.02度
10:05:25.870911 [轨迹] 序号=982 单调时间=4740.650749 时间=4740.651 模式=OFFBOARD 起飞状态=未执行起飞 水平控制=位置保持 类型掩码=3520 实际位置NED=(0.051,1.622,-0.244) 实际速度=(0.001,0.001,0.001) 最终目标=(0.056,1.599,-0.245) 指令位置=(0.056,1.599,nan) 指令速度=(0.000,0.000,0.000) 指令加速度=(0.000,0.000,nan) 滚转角=0.04度 俯仰角=-0.02度
10:05:25.974627 [轨迹] 序号=983 单调时间=4740.754455 时间=4740.754 模式=OFFBOARD 起飞状态=未执行起飞 水平控制=位置保持 类型掩码=3520 实际位置NED=(0.051,1.622,-0.244) 实际速度=(0.001,0.001,0.001) 最终目标=(0.056,1.599,-0.245) 指令位置=(0.056,1.599,nan) 指令速度=(0.000,0.000,0.000) 指令加速度=(0.000,0.000,nan) 滚转角=0.04度 俯仰角=-0.02度
10:05:26.078345 [轨迹] 序号=984 单调时间=4740.858238 时间=4740.858 模式=OFFBOARD 起飞状态=未执行起飞 水平控制=位置保持 类型掩码=3520 实际位置NED=(0.051,1.622,-0.244) 实际速度=(0.001,0.001,0.001) 最终目标=(0.056,1.599,-0.245) 指令位置=(0.056,1.599,nan) 指令速度=(0.000,0.000,0.000) 指令加速度=(0.000,0.000,nan) 滚转角=0.04度 俯仰角=-0.02度
10:05:26.182594 [轨迹] 序号=985 单调时间=4740.962056 时间=4740.962 模式=OFFBOARD 起飞状态=未执行起飞 水平控制=位置保持 类型掩码=3520 实际位置NED=(0.051,1.622,-0.244) 实际速度=(0.001,0.001,0.001) 最终目标=(0.056,1.599,-0.245) 指令位置=(0.056,1.599,nan) 指令速度=(0.000,0.000,0.000) 指令加速度=(0.000,0.000,nan) 滚转角=0.04度 俯仰角=-0.02度
10:05:26.285834 [轨迹] 序号=986 单调时间=4741.065905 时间=4741.066 模式=OFFBOARD 起飞状态=未执行起飞 水平控制=位置保持 类型掩码=3520 实际位置NED=(0.051,1.622,-0.244) 实际速度=(0.001,0.001,0.001) 最终目标=(0.056,1.599,-0.245) 指令位置=(0.056,1.599,nan) 指令速度=(0.000,0.000,0.000) 指令加速度=(0.000,0.000,nan) 滚转角=0.04度 俯仰角=-0.02度
10:05:26.390472 [轨迹] 序号=987 单调时间=4741.170397 时间=4741.170 模式=OFFBOARD 起飞状态=未执行起飞 水平控制=位置保持 类型掩码=3520 实际位置NED=(0.051,1.622,-0.244) 实际速度=(0.001,0.001,0.001) 最终目标=(0.056,1.599,-0.245) 指令位置=(0.056,1.599,nan) 指令速度=(0.000,0.000,0.000) 指令加速度=(0.000,0.000,nan) 滚转角=0.04度 俯仰角=-0.02度
10:05:26.493987 [轨迹] 序号=988 单调时间=4741.273903 时间=4741.274 模式=OFFBOARD 起飞状态=未执行起飞 水平控制=位置保持 类型掩码=3520 实际位置NED=(0.051,1.622,-0.244) 实际速度=(0.001,0.001,0.001) 最终目标=(0.056,1.599,-0.245) 指令位置=(0.056,1.599,nan) 指令速度=(0.000,0.000,0.000) 指令加速度=(0.000,0.000,nan) 滚转角=0.04度 俯仰角=-0.02度
10:05:26.597456 [轨迹] 序号=989 单调时间=4741.377245 时间=4741.377 模式=OFFBOARD 起飞状态=未执行起飞 水平控制=位置保持 类型掩码=3520 实际位置NED=(0.051,1.622,-0.244) 实际速度=(0.001,0.000,0.001) 最终目标=(0.056,1.599,-0.245) 指令位置=(0.056,1.599,nan) 指令速度=(0.000,0.000,0.000) 指令加速度=(0.000,0.000,nan) 滚转角=0.04度 俯仰角=-0.02度
10:05:26.700926 [轨迹] 序号=990 单调时间=4741.480789 时间=4741.481 模式=OFFBOARD 起飞状态=未执行起飞 水平控制=位置保持 类型掩码=3520 实际位置NED=(0.051,1.622,-0.244) 实际速度=(0.001,0.000,0.001) 最终目标=(0.056,1.599,-0.245) 指令位置=(0.056,1.599,nan) 指令速度=(0.000,0.000,0.000) 指令加速度=(0.000,0.000,nan) 滚转角=0.04度 俯仰角=-0.02度
10:05:26.804754 [轨迹] 序号=991 单调时间=4741.584761 时间=4741.585 模式=OFFBOARD 起飞状态=未执行起飞 水平控制=位置保持 类型掩码=3520 实际位置NED=(0.051,1.623,-0.244) 实际速度=(0.000,0.000,0.001) 最终目标=(0.056,1.599,-0.245) 指令位置=(0.056,1.599,nan) 指令速度=(0.000,0.000,0.000) 指令加速度=(0.000,0.000,nan) 滚转角=0.04度 俯仰角=-0.02度
10:05:26.907912 [轨迹] 序号=992 单调时间=4741.687809 时间=4741.688 模式=OFFBOARD 起飞状态=未执行起飞 水平控制=位置保持 类型掩码=3520 实际位置NED=(0.051,1.623,-0.244) 实际速度=(0.000,0.000,0.001) 最终目标=(0.056,1.599,-0.245) 指令位置=(0.056,1.599,nan) 指令速度=(0.000,0.000,0.000) 指令加速度=(0.000,0.000,nan) 滚转角=0.04度 俯仰角=-0.02度
10:05:27.011125 [轨迹] 序号=993 单调时间=4741.791030 时间=4741.791 模式=OFFBOARD 起飞状态=未执行起飞 水平控制=位置保持 类型掩码=3520 实际位置NED=(0.051,1.623,-0.244) 实际速度=(0.000,0.000,0.001) 最终目标=(0.056,1.599,-0.245) 指令位置=(0.056,1.599,nan) 指令速度=(0.000,0.000,0.000) 指令加速度=(0.000,0.000,nan) 滚转角=0.04度 俯仰角=-0.02度
10:05:27.114418 [轨迹] 序号=994 单调时间=4741.894363 时间=4741.894 模式=OFFBOARD 起飞状态=未执行起飞 水平控制=位置保持 类型掩码=3520 实际位置NED=(0.051,1.623,-0.244) 实际速度=(0.000,0.000,0.001) 最终目标=(0.056,1.599,-0.245) 指令位置=(0.056,1.599,nan) 指令速度=(0.000,0.000,0.000) 指令加速度=(0.000,0.000,nan) 滚转角=0.04度 俯仰角=-0.02度
10:05:27.218375 [轨迹] 序号=995 单调时间=4741.998334 时间=4741.998 模式=OFFBOARD 起飞状态=未执行起飞 水平控制=位置保持 类型掩码=3520 实际位置NED=(0.051,1.623,-0.244) 实际速度=(0.000,0.000,0.001) 最终目标=(0.056,1.599,-0.245) 指令位置=(0.056,1.599,nan) 指令速度=(0.000,0.000,0.000) 指令加速度=(0.000,0.000,nan) 滚转角=0.04度 俯仰角=-0.02度
10:05:27.321731 [轨迹] 序号=996 单调时间=4742.101625 时间=4742.102 模式=OFFBOARD 起飞状态=未执行起飞 水平控制=位置保持 类型掩码=3520 实际位置NED=(0.051,1.623,-0.244) 实际速度=(0.000,0.000,0.001) 最终目标=(0.056,1.599,-0.245) 指令位置=(0.056,1.599,nan) 指令速度=(0.000,0.000,0.000) 指令加速度=(0.000,0.000,nan) 滚转角=0.04度 俯仰角=-0.02度
10:05:27.425333 [轨迹] 序号=997 单调时间=4742.205111 时间=4742.205 模式=OFFBOARD 起飞状态=未执行起飞 水平控制=位置保持 类型掩码=3520 实际位置NED=(0.051,1.623,-0.244) 实际速度=(0.001,0.000,0.001) 最终目标=(0.056,1.599,-0.245) 指令位置=(0.056,1.599,nan) 指令速度=(0.000,0.000,0.000) 指令加速度=(0.000,0.000,nan) 滚转角=0.04度 俯仰角=-0.02度
10:05:27.528739 [轨迹] 序号=998 单调时间=4742.308662 时间=4742.309 模式=OFFBOARD 起飞状态=未执行起飞 水平控制=位置保持 类型掩码=3520 实际位置NED=(0.051,1.623,-0.244) 实际速度=(0.001,0.000,0.001) 最终目标=(0.056,1.599,-0.245) 指令位置=(0.056,1.599,nan) 指令速度=(0.000,0.000,0.000) 指令加速度=(0.000,0.000,nan) 滚转角=0.04度 俯仰角=-0.02度
10:05:27.632330 [轨迹] 序号=999 单调时间=4742.412089 时间=4742.412 模式=OFFBOARD 起飞状态=未执行起飞 水平控制=位置保持 类型掩码=3520 实际位置NED=(0.051,1.623,-0.244) 实际速度=(0.001,0.000,0.001) 最终目标=(0.056,1.599,-0.245) 指令位置=(0.056,1.599,nan) 指令速度=(0.000,0.000,0.000) 指令加速度=(0.000,0.000,nan) 滚转角=0.03度 俯仰角=-0.02度
10:05:27.736101 [轨迹] 序号=1000 单调时间=4742.516052 时间=4742.516 模式=OFFBOARD 起飞状态=未执行起飞 水平控制=位置保持 类型掩码=3520 实际位置NED=(0.051,1.623,-0.244) 实际速度=(0.001,0.000,0.001) 最终目标=(0.056,1.599,-0.245) 指令位置=(0.056,1.599,nan) 指令速度=(0.000,0.000,0.000) 指令加速度=(0.000,0.000,nan) 滚转角=0.03度 俯仰角=-0.02度
10:05:27.839804 [轨迹] 序号=1001 单调时间=4742.619671 时间=4742.620 模式=OFFBOARD 起飞状态=未执行起飞 水平控制=位置保持 类型掩码=3520 实际位置NED=(0.051,1.623,-0.244) 实际速度=(0.001,0.000,0.001) 最终目标=(0.056,1.599,-0.245) 指令位置=(0.056,1.599,nan) 指令速度=(0.000,0.000,0.000) 指令加速度=(0.000,0.000,nan) 滚转角=0.03度 俯仰角=-0.02度
10:05:27.943031 [轨迹] 序号=1002 单调时间=4742.722855 时间=4742.723 模式=OFFBOARD 起飞状态=未执行起飞 水平控制=位置保持 类型掩码=3520 实际位置NED=(0.051,1.623,-0.244) 实际速度=(0.001,-0.000,0.001) 最终目标=(0.056,1.599,-0.245) 指令位置=(0.056,1.599,nan) 指令速度=(0.000,0.000,0.000) 指令加速度=(0.000,0.000,nan) 滚转角=0.03度 俯仰角=-0.02度
10:05:28.046923 [轨迹] 序号=1003 单调时间=4742.826816 时间=4742.827 模式=OFFBOARD 起飞状态=未执行起飞 水平控制=位置保持 类型掩码=3520 实际位置NED=(0.051,1.623,-0.244) 实际速度=(0.001,0.000,0.001) 最终目标=(0.056,1.599,-0.245) 指令位置=(0.056,1.599,nan) 指令速度=(0.000,0.000,0.000) 指令加速度=(0.000,0.000,nan) 滚转角=0.03度 俯仰角=-0.02度
10:05:28.149250 [轨迹] 序号=1004 单调时间=4742.929286 时间=4742.929 模式=OFFBOARD 起飞状态=未执行起飞 水平控制=位置保持 类型掩码=3520 实际位置NED=(0.051,1.623,-0.244) 实际速度=(0.001,-0.000,0.001) 最终目标=(0.056,1.599,-0.245) 指令位置=(0.056,1.599,nan) 指令速度=(0.000,0.000,0.000) 指令加速度=(0.000,0.000,nan) 滚转角=0.04度 俯仰角=-0.02度
10:05:28.252622 [轨迹] 序号=1005 单调时间=4743.032293 时间=4743.032 模式=OFFBOARD 起飞状态=未执行起飞 水平控制=位置保持 类型掩码=3520 实际位置NED=(0.051,1.623,-0.244) 实际速度=(0.001,0.000,0.001) 最终目标=(0.056,1.599,-0.245) 指令位置=(0.056,1.599,nan) 指令速度=(0.000,0.000,0.000) 指令加速度=(0.000,0.000,nan) 滚转角=0.04度 俯仰角=-0.01度
10:05:28.357349 [轨迹] 序号=1006 单调时间=4743.137310 时间=4743.137 模式=OFFBOARD 起飞状态=未执行起飞 水平控制=位置保持 类型掩码=3520 实际位置NED=(0.051,1.623,-0.244) 实际速度=(0.001,-0.000,0.001) 最终目标=(0.056,1.599,-0.245) 指令位置=(0.056,1.599,nan) 指令速度=(0.000,0.000,0.000) 指令加速度=(0.000,0.000,nan) 滚转角=0.04度 俯仰角=-0.01度
10:05:28.461044 [轨迹] 序号=1007 单调时间=4743.240808 时间=4743.241 模式=OFFBOARD 起飞状态=未执行起飞 水平控制=位置保持 类型掩码=3520 实际位置NED=(0.051,1.623,-0.244) 实际速度=(0.001,-0.000,0.001) 最终目标=(0.056,1.599,-0.245) 指令位置=(0.056,1.599,nan) 指令速度=(0.000,0.000,0.000) 指令加速度=(0.000,0.000,nan) 滚转角=0.04度 俯仰角=-0.01度
10:05:28.564807 [轨迹] 序号=1008 单调时间=4743.344601 时间=4743.345 模式=OFFBOARD 起飞状态=未执行起飞 水平控制=位置保持 类型掩码=3520 实际位置NED=(0.051,1.623,-0.244) 实际速度=(0.001,-0.000,0.001) 最终目标=(0.056,1.599,-0.245) 指令位置=(0.056,1.599,nan) 指令速度=(0.000,0.000,0.000) 指令加速度=(0.000,0.000,nan) 滚转角=0.04度 俯仰角=-0.01度
10:05:28.667774 [轨迹] 序号=1009 单调时间=4743.447661 时间=4743.448 模式=OFFBOARD 起飞状态=未执行起飞 水平控制=位置保持 类型掩码=3520 实际位置NED=(0.051,1.623,-0.244) 实际速度=(0.001,-0.000,0.001) 最终目标=(0.056,1.599,-0.245) 指令位置=(0.056,1.599,nan) 指令速度=(0.000,0.000,0.000) 指令加速度=(0.000,0.000,nan) 滚转角=0.04度 俯仰角=-0.01度
10:05:28.770860 [轨迹] 序号=1010 单调时间=4743.550763 时间=4743.551 模式=OFFBOARD 起飞状态=未执行起飞 水平控制=位置保持 类型掩码=3520 实际位置NED=(0.051,1.623,-0.244) 实际速度=(0.001,-0.000,0.001) 最终目标=(0.056,1.599,-0.245) 指令位置=(0.056,1.599,nan) 指令速度=(0.000,0.000,0.000) 指令加速度=(0.000,0.000,nan) 滚转角=0.04度 俯仰角=-0.01度
10:05:28.874627 [轨迹] 序号=1011 单调时间=4743.654597 时间=4743.655 模式=OFFBOARD 起飞状态=未执行起飞 水平控制=位置保持 类型掩码=3520 实际位置NED=(0.051,1.623,-0.244) 实际速度=(0.001,-0.000,0.001) 最终目标=(0.056,1.599,-0.245) 指令位置=(0.056,1.599,nan) 指令速度=(0.000,0.000,0.000) 指令加速度=(0.000,0.000,nan) 滚转角=0.04度 俯仰角=-0.01度
10:05:28.978083 [轨迹] 序号=1012 单调时间=4743.758053 时间=4743.758 模式=OFFBOARD 起飞状态=未执行起飞 水平控制=位置保持 类型掩码=3520 实际位置NED=(0.051,1.623,-0.244) 实际速度=(0.001,-0.000,0.001) 最终目标=(0.056,1.599,-0.245) 指令位置=(0.056,1.599,nan) 指令速度=(0.000,0.000,0.000) 指令加速度=(0.000,0.000,nan) 滚转角=0.04度 俯仰角=-0.01度
10:05:29.081292 [轨迹] 序号=1013 单调时间=4743.861106 时间=4743.861 模式=OFFBOARD 起飞状态=未执行起飞 水平控制=位置保持 类型掩码=3520 实际位置NED=(0.051,1.624,-0.244) 实际速度=(0.001,-0.000,0.001) 最终目标=(0.056,1.599,-0.245) 指令位置=(0.056,1.599,nan) 指令速度=(0.000,0.000,0.000) 指令加速度=(0.000,0.000,nan) 滚转角=0.04度 俯仰角=-0.02度
10:05:29.184412 [轨迹] 序号=1014 单调时间=4743.964338 时间=4743.964 模式=OFFBOARD 起飞状态=未执行起飞 水平控制=位置保持 类型掩码=3520 实际位置NED=(0.051,1.624,-0.244) 实际速度=(0.001,-0.000,0.001) 最终目标=(0.056,1.599,-0.245) 指令位置=(0.056,1.599,nan) 指令速度=(0.000,0.000,0.000) 指令加速度=(0.000,0.000,nan) 滚转角=0.04度 俯仰角=-0.02度
10:05:29.287537 [轨迹] 序号=1015 单调时间=4744.067352 时间=4744.067 模式=OFFBOARD 起飞状态=未执行起飞 水平控制=位置保持 类型掩码=3520 实际位置NED=(0.051,1.624,-0.244) 实际速度=(0.001,-0.000,0.001) 最终目标=(0.056,1.599,-0.245) 指令位置=(0.056,1.599,nan) 指令速度=(0.000,0.000,0.000) 指令加速度=(0.000,0.000,nan) 滚转角=0.04度 俯仰角=-0.02度
10:05:29.391157 [轨迹] 序号=1016 单调时间=4744.171125 时间=4744.171 模式=OFFBOARD 起飞状态=未执行起飞 水平控制=位置保持 类型掩码=3520 实际位置NED=(0.051,1.624,-0.244) 实际速度=(0.001,-0.000,0.001) 最终目标=(0.056,1.599,-0.245) 指令位置=(0.056,1.599,nan) 指令速度=(0.000,0.000,0.000) 指令加速度=(0.000,0.000,nan) 滚转角=0.04度 俯仰角=-0.02度
10:05:29.494918 [轨迹] 序号=1017 单调时间=4744.274877 时间=4744.275 模式=OFFBOARD 起飞状态=未执行起飞 水平控制=位置保持 类型掩码=3520 实际位置NED=(0.051,1.624,-0.244) 实际速度=(0.001,-0.000,0.001) 最终目标=(0.056,1.599,-0.245) 指令位置=(0.056,1.599,nan) 指令速度=(0.000,0.000,0.000) 指令加速度=(0.000,0.000,nan) 滚转角=0.04度 俯仰角=-0.02度
10:05:29.599410 [轨迹] 序号=1018 单调时间=4744.379278 时间=4744.379 模式=OFFBOARD 起飞状态=未执行起飞 水平控制=位置保持 类型掩码=3520 实际位置NED=(0.051,1.624,-0.244) 实际速度=(0.001,-0.000,0.001) 最终目标=(0.056,1.599,-0.245) 指令位置=(0.056,1.599,nan) 指令速度=(0.000,0.000,0.000) 指令加速度=(0.000,0.000,nan) 滚转角=0.04度 俯仰角=-0.02度
10:05:29.702549 [轨迹] 序号=1019 单调时间=4744.482464 时间=4744.482 模式=OFFBOARD 起飞状态=未执行起飞 水平控制=位置保持 类型掩码=3520 实际位置NED=(0.051,1.624,-0.244) 实际速度=(0.000,-0.000,0.001) 最终目标=(0.056,1.599,-0.245) 指令位置=(0.056,1.599,nan) 指令速度=(0.000,0.000,0.000) 指令加速度=(0.000,0.000,nan) 滚转角=0.04度 俯仰角=-0.02度
10:05:29.805791 [轨迹] 序号=1020 单调时间=4744.585779 时间=4744.586 模式=OFFBOARD 起飞状态=未执行起飞 水平控制=位置保持 类型掩码=3520 实际位置NED=(0.051,1.624,-0.244) 实际速度=(0.000,-0.000,0.001) 最终目标=(0.056,1.599,-0.245) 指令位置=(0.056,1.599,nan) 指令速度=(0.000,0.000,0.000) 指令加速度=(0.000,0.000,nan) 滚转角=0.04度 俯仰角=-0.02度
10:05:29.908991 [轨迹] 序号=1021 单调时间=4744.688800 时间=4744.689 模式=OFFBOARD 起飞状态=未执行起飞 水平控制=位置保持 类型掩码=3520 实际位置NED=(0.051,1.624,-0.244) 实际速度=(0.000,-0.000,0.000) 最终目标=(0.056,1.599,-0.245) 指令位置=(0.056,1.599,nan) 指令速度=(0.000,0.000,0.000) 指令加速度=(0.000,0.000,nan) 滚转角=0.03度 俯仰角=-0.02度
10:05:30.012713 [轨迹] 序号=1022 单调时间=4744.792646 时间=4744.793 模式=OFFBOARD 起飞状态=未执行起飞 水平控制=位置保持 类型掩码=3520 实际位置NED=(0.051,1.624,-0.244) 实际速度=(0.000,-0.000,0.000) 最终目标=(0.056,1.599,-0.245) 指令位置=(0.056,1.599,nan) 指令速度=(0.000,0.000,0.000) 指令加速度=(0.000,0.000,nan) 滚转角=0.03度 俯仰角=-0.02度
10:05:30.115771 [轨迹] 序号=1023 单调时间=4744.895631 时间=4744.896 模式=OFFBOARD 起飞状态=未执行起飞 水平控制=位置保持 类型掩码=3520 实际位置NED=(0.051,1.624,-0.244) 实际速度=(0.000,-0.000,0.000) 最终目标=(0.056,1.599,-0.245) 指令位置=(0.056,1.599,nan) 指令速度=(0.000,0.000,0.000) 指令加速度=(0.000,0.000,nan) 滚转角=0.03度 俯仰角=-0.02度
10:05:30.219021 [轨迹] 序号=1024 单调时间=4744.998712 时间=4744.999 模式=OFFBOARD 起飞状态=未执行起飞 水平控制=位置保持 类型掩码=3520 实际位置NED=(0.051,1.624,-0.244) 实际速度=(0.000,-0.000,0.000) 最终目标=(0.056,1.599,-0.245) 指令位置=(0.056,1.599,nan) 指令速度=(0.000,0.000,0.000) 指令加速度=(0.000,0.000,nan) 滚转角=0.03度 俯仰角=-0.02度
10:05:30.322063 [轨迹] 序号=1025 单调时间=4745.102056 时间=4745.102 模式=OFFBOARD 起飞状态=未执行起飞 水平控制=位置保持 类型掩码=3520 实际位置NED=(0.051,1.624,-0.244) 实际速度=(0.000,-0.000,0.000) 最终目标=(0.056,1.599,-0.245) 指令位置=(0.056,1.599,nan) 指令速度=(0.000,0.000,0.000) 指令加速度=(0.000,0.000,nan) 滚转角=0.03度 俯仰角=-0.02度
10:05:30.426238 [轨迹] 序号=1026 单调时间=4745.206142 时间=4745.206 模式=OFFBOARD 起飞状态=未执行起飞 水平控制=位置保持 类型掩码=3520 实际位置NED=(0.051,1.624,-0.244) 实际速度=(0.000,-0.000,0.000) 最终目标=(0.056,1.599,-0.245) 指令位置=(0.056,1.599,nan) 指令速度=(0.000,0.000,0.000) 指令加速度=(0.000,0.000,nan) 滚转角=0.03度 俯仰角=-0.02度
10:05:30.529885 [轨迹] 序号=1027 单调时间=4745.309777 时间=4745.310 模式=OFFBOARD 起飞状态=未执行起飞 水平控制=位置保持 类型掩码=3520 实际位置NED=(0.051,1.624,-0.244) 实际速度=(0.000,-0.000,0.000) 最终目标=(0.056,1.599,-0.245) 指令位置=(0.056,1.599,nan) 指令速度=(0.000,0.000,0.000) 指令加速度=(0.000,0.000,nan) 滚转角=0.03度 俯仰角=-0.02度
10:05:30.634899 [轨迹] 序号=1028 单调时间=4745.414676 时间=4745.415 模式=OFFBOARD 起飞状态=未执行起飞 水平控制=位置保持 类型掩码=3520 实际位置NED=(0.051,1.624,-0.244) 实际速度=(0.001,0.000,0.000) 最终目标=(0.056,1.599,-0.245) 指令位置=(0.056,1.599,nan) 指令速度=(0.000,0.000,0.000) 指令加速度=(0.000,0.000,nan) 滚转角=0.03度 俯仰角=-0.02度
10:05:30.738105 [轨迹] 序号=1029 单调时间=4745.518035 时间=4745.518 模式=OFFBOARD 起飞状态=未执行起飞 水平控制=位置保持 类型掩码=3520 实际位置NED=(0.051,1.624,-0.244) 实际速度=(0.001,0.000,0.000) 最终目标=(0.056,1.599,-0.245) 指令位置=(0.056,1.599,nan) 指令速度=(0.000,0.000,0.000) 指令加速度=(0.000,0.000,nan) 滚转角=0.03度 俯仰角=-0.02度
10:05:30.841051 [轨迹] 序号=1030 单调时间=4745.621063 时间=4745.621 模式=OFFBOARD 起飞状态=未执行起飞 水平控制=位置保持 类型掩码=3520 实际位置NED=(0.051,1.624,-0.244) 实际速度=(0.000,-0.000,0.000) 最终目标=(0.056,1.599,-0.245) 指令位置=(0.056,1.599,nan) 指令速度=(0.000,0.000,0.000) 指令加速度=(0.000,0.000,nan) 滚转角=0.03度 俯仰角=-0.02度
10:05:30.944901 [轨迹] 序号=1031 单调时间=4745.724824 时间=4745.725 模式=OFFBOARD 起飞状态=未执行起飞 水平控制=位置保持 类型掩码=3520 实际位置NED=(0.051,1.624,-0.244) 实际速度=(0.001,-0.000,0.000) 最终目标=(0.056,1.599,-0.245) 指令位置=(0.056,1.599,nan) 指令速度=(0.000,0.000,0.000) 指令加速度=(0.000,0.000,nan) 滚转角=0.03度 俯仰角=-0.02度
10:05:31.048338 [轨迹] 序号=1032 单调时间=4745.828246 时间=4745.828 模式=OFFBOARD 起飞状态=未执行起飞 水平控制=位置保持 类型掩码=3520 实际位置NED=(0.051,1.624,-0.244) 实际速度=(0.001,-0.000,0.000) 最终目标=(0.056,1.599,-0.245) 指令位置=(0.056,1.599,nan) 指令速度=(0.000,0.000,0.000) 指令加速度=(0.000,0.000,nan) 滚转角=0.03度 俯仰角=-0.02度
10:05:31.152032 [轨迹] 序号=1033 单调时间=4745.931749 时间=4745.932 模式=OFFBOARD 起飞状态=未执行起飞 水平控制=位置保持 类型掩码=3520 实际位置NED=(0.051,1.624,-0.244) 实际速度=(0.001,-0.000,0.000) 最终目标=(0.056,1.599,-0.245) 指令位置=(0.056,1.599,nan) 指令速度=(0.000,0.000,0.000) 指令加速度=(0.000,0.000,nan) 滚转角=0.03度 俯仰角=-0.02度
10:05:31.256226 [轨迹] 序号=1034 单调时间=4746.036072 时间=4746.036 模式=OFFBOARD 起飞状态=未执行起飞 水平控制=位置保持 类型掩码=3520 实际位置NED=(0.051,1.624,-0.244) 实际速度=(0.001,-0.000,0.000) 最终目标=(0.056,1.599,-0.245) 指令位置=(0.056,1.599,nan) 指令速度=(0.000,0.000,0.000) 指令加速度=(0.000,0.000,nan) 滚转角=0.03度 俯仰角=-0.02度
10:05:31.358092 [轨迹] 序号=1035 单调时间=4746.137866 时间=4746.138 模式=OFFBOARD 起飞状态=未执行起飞 水平控制=位置保持 类型掩码=3520 实际位置NED=(0.051,1.624,-0.244) 实际速度=(0.001,-0.000,0.001) 最终目标=(0.056,1.599,-0.245) 指令位置=(0.056,1.599,nan) 指令速度=(0.000,0.000,0.000) 指令加速度=(0.000,0.000,nan) 滚转角=0.03度 俯仰角=-0.02度
10:05:31.461846 [轨迹] 序号=1036 单调时间=4746.241671 时间=4746.242 模式=OFFBOARD 起飞状态=未执行起飞 水平控制=位置保持 类型掩码=3520 实际位置NED=(0.051,1.624,-0.244) 实际速度=(0.001,-0.000,0.001) 最终目标=(0.056,1.599,-0.245) 指令位置=(0.056,1.599,nan) 指令速度=(0.000,0.000,0.000) 指令加速度=(0.000,0.000,nan) 滚转角=0.03度 俯仰角=-0.02度
10:05:31.564986 [轨迹] 序号=1037 单调时间=4746.344890 时间=4746.345 模式=OFFBOARD 起飞状态=未执行起飞 水平控制=位置保持 类型掩码=3520 实际位置NED=(0.051,1.624,-0.244) 实际速度=(0.001,-0.000,0.001) 最终目标=(0.056,1.599,-0.245) 指令位置=(0.056,1.599,nan) 指令速度=(0.000,0.000,0.000) 指令加速度=(0.000,0.000,nan) 滚转角=0.04度 俯仰角=-0.02度
10:05:31.668298 [轨迹] 序号=1038 单调时间=4746.447965 时间=4746.448 模式=OFFBOARD 起飞状态=未执行起飞 水平控制=位置保持 类型掩码=3520 实际位置NED=(0.051,1.624,-0.244) 实际速度=(0.001,-0.000,0.001) 最终目标=(0.056,1.599,-0.245) 指令位置=(0.056,1.599,nan) 指令速度=(0.000,0.000,0.000) 指令加速度=(0.000,0.000,nan) 滚转角=0.03度 俯仰角=-0.02度
10:05:31.772387 [轨迹] 序号=1039 单调时间=4746.551465 时间=4746.551 模式=OFFBOARD 起飞状态=未执行起飞 水平控制=位置保持 类型掩码=3520 实际位置NED=(0.051,1.624,-0.244) 实际速度=(0.001,-0.000,0.001) 最终目标=(0.056,1.599,-0.245) 指令位置=(0.056,1.599,nan) 指令速度=(0.000,0.000,0.000) 指令加速度=(0.000,0.000,nan) 滚转角=0.03度 俯仰角=-0.02度
10:05:31.875716 [轨迹] 序号=1040 单调时间=4746.655492 时间=4746.655 模式=OFFBOARD 起飞状态=未执行起飞 水平控制=位置保持 类型掩码=3520 实际位置NED=(0.051,1.625,-0.244) 实际速度=(0.001,-0.000,0.001) 最终目标=(0.056,1.599,-0.245) 指令位置=(0.056,1.599,nan) 指令速度=(0.000,0.000,0.000) 指令加速度=(0.000,0.000,nan) 滚转角=0.04度 俯仰角=-0.01度
10:05:31.979348 [轨迹] 序号=1041 单调时间=4746.759256 时间=4746.759 模式=OFFBOARD 起飞状态=未执行起飞 水平控制=位置保持 类型掩码=3520 实际位置NED=(0.051,1.625,-0.244) 实际速度=(0.001,-0.000,0.001) 最终目标=(0.056,1.599,-0.245) 指令位置=(0.056,1.599,nan) 指令速度=(0.000,0.000,0.000) 指令加速度=(0.000,0.000,nan) 滚转角=0.04度 俯仰角=-0.02度
10:05:32.083051 [轨迹] 序号=1042 单调时间=4746.863085 时间=4746.863 模式=OFFBOARD 起飞状态=未执行起飞 水平控制=位置保持 类型掩码=3520 实际位置NED=(0.051,1.625,-0.244) 实际速度=(0.001,-0.001,0.001) 最终目标=(0.056,1.599,-0.245) 指令位置=(0.056,1.599,nan) 指令速度=(0.000,0.000,0.000) 指令加速度=(0.000,0.000,nan) 滚转角=0.04度 俯仰角=-0.02度
10:05:32.185883 [轨迹] 序号=1043 单调时间=4746.965967 时间=4746.966 模式=OFFBOARD 起飞状态=未执行起飞 水平控制=位置保持 类型掩码=3520 实际位置NED=(0.051,1.625,-0.244) 实际速度=(0.001,-0.001,0.001) 最终目标=(0.056,1.599,-0.245) 指令位置=(0.056,1.599,nan) 指令速度=(0.000,0.000,0.000) 指令加速度=(0.000,0.000,nan) 滚转角=0.04度 俯仰角=-0.02度
10:05:32.289660 [轨迹] 序号=1044 单调时间=4747.069430 时间=4747.069 模式=OFFBOARD 起飞状态=未执行起飞 水平控制=位置保持 类型掩码=3520 实际位置NED=(0.051,1.625,-0.244) 实际速度=(0.001,-0.001,0.001) 最终目标=(0.056,1.599,-0.245) 指令位置=(0.056,1.599,nan) 指令速度=(0.000,0.000,0.000) 指令加速度=(0.000,0.000,nan) 滚转角=0.04度 俯仰角=-0.02度
10:05:32.393849 [轨迹] 序号=1045 单调时间=4747.173785 时间=4747.174 模式=OFFBOARD 起飞状态=未执行起飞 水平控制=位置保持 类型掩码=3520 实际位置NED=(0.051,1.625,-0.244) 实际速度=(0.001,-0.001,0.001) 最终目标=(0.056,1.599,-0.245) 指令位置=(0.056,1.599,nan) 指令速度=(0.000,0.000,0.000) 指令加速度=(0.000,0.000,nan) 滚转角=0.04度 俯仰角=-0.02度
10:05:32.497554 [轨迹] 序号=1046 单调时间=4747.277398 时间=4747.277 模式=OFFBOARD 起飞状态=未执行起飞 水平控制=位置保持 类型掩码=3520 实际位置NED=(0.051,1.625,-0.244) 实际速度=(0.001,-0.001,0.001) 最终目标=(0.056,1.599,-0.245) 指令位置=(0.056,1.599,nan) 指令速度=(0.000,0.000,0.000) 指令加速度=(0.000,0.000,nan) 滚转角=0.04度 俯仰角=-0.02度
10:05:32.601363 [轨迹] 序号=1047 单调时间=4747.381212 时间=4747.381 模式=OFFBOARD 起飞状态=未执行起飞 水平控制=位置保持 类型掩码=3520 实际位置NED=(0.051,1.625,-0.244) 实际速度=(0.001,-0.001,0.001) 最终目标=(0.056,1.599,-0.245) 指令位置=(0.056,1.599,nan) 指令速度=(0.000,0.000,0.000) 指令加速度=(0.000,0.000,nan) 滚转角=0.04度 俯仰角=-0.02度
10:05:32.704606 [轨迹] 序号=1048 单调时间=4747.484738 时间=4747.485 模式=OFFBOARD 起飞状态=未执行起飞 水平控制=位置保持 类型掩码=3520 实际位置NED=(0.051,1.625,-0.244) 实际速度=(0.001,-0.000,0.001) 最终目标=(0.056,1.599,-0.245) 指令位置=(0.056,1.599,nan) 指令速度=(0.000,0.000,0.000) 指令加速度=(0.000,0.000,nan) 滚转角=0.04度 俯仰角=-0.02度
10:05:32.807619 [轨迹] 序号=1049 单调时间=4747.587539 时间=4747.588 模式=OFFBOARD 起飞状态=未执行起飞 水平控制=位置保持 类型掩码=3520 实际位置NED=(0.051,1.625,-0.244) 实际速度=(0.001,-0.000,0.001) 最终目标=(0.056,1.599,-0.245) 指令位置=(0.056,1.599,nan) 指令速度=(0.000,0.000,0.000) 指令加速度=(0.000,0.000,nan) 滚转角=0.04度 俯仰角=-0.02度
10:05:32.911668 [轨迹] 序号=1050 单调时间=4747.691597 时间=4747.692 模式=OFFBOARD 起飞状态=未执行起飞 水平控制=位置保持 类型掩码=3520 实际位置NED=(0.051,1.625,-0.244) 实际速度=(0.001,-0.000,0.001) 最终目标=(0.056,1.599,-0.245) 指令位置=(0.056,1.599,nan) 指令速度=(0.000,0.000,0.000) 指令加速度=(0.000,0.000,nan) 滚转角=0.04度 俯仰角=-0.02度
10:05:33.014871 [轨迹] 序号=1051 单调时间=4747.794796 时间=4747.795 模式=OFFBOARD 起飞状态=未执行起飞 水平控制=位置保持 类型掩码=3520 实际位置NED=(0.051,1.625,-0.244) 实际速度=(0.000,-0.000,0.001) 最终目标=(0.056,1.599,-0.245) 指令位置=(0.056,1.599,nan) 指令速度=(0.000,0.000,0.000) 指令加速度=(0.000,0.000,nan) 滚转角=0.04度 俯仰角=-0.02度
10:05:33.118028 [轨迹] 序号=1052 单调时间=4747.897932 时间=4747.898 模式=OFFBOARD 起飞状态=未执行起飞 水平控制=位置保持 类型掩码=3520 实际位置NED=(0.051,1.625,-0.244) 实际速度=(0.000,-0.000,0.001) 最终目标=(0.056,1.599,-0.245) 指令位置=(0.056,1.599,nan) 指令速度=(0.000,0.000,0.000) 指令加速度=(0.000,0.000,nan) 滚转角=0.04度 俯仰角=-0.02度
10:05:33.221276 [轨迹] 序号=1053 单调时间=4748.001192 时间=4748.001 模式=OFFBOARD 起飞状态=未执行起飞 水平控制=位置保持 类型掩码=3520 实际位置NED=(0.051,1.625,-0.244) 实际速度=(0.000,-0.000,0.001) 最终目标=(0.056,1.599,-0.245) 指令位置=(0.056,1.599,nan) 指令速度=(0.000,0.000,0.000) 指令加速度=(0.000,0.000,nan) 滚转角=0.04度 俯仰角=-0.02度
10:05:33.324168 [轨迹] 序号=1054 单调时间=4748.104125 时间=4748.104 模式=OFFBOARD 起飞状态=未执行起飞 水平控制=位置保持 类型掩码=3520 实际位置NED=(0.051,1.625,-0.244) 实际速度=(0.000,-0.000,0.001) 最终目标=(0.056,1.599,-0.245) 指令位置=(0.056,1.599,nan) 指令速度=(0.000,0.000,0.000) 指令加速度=(0.000,0.000,nan) 滚转角=0.04度 俯仰角=-0.02度
10:05:33.428441 [轨迹] 序号=1055 单调时间=4748.208180 时间=4748.208 模式=OFFBOARD 起飞状态=未执行起飞 水平控制=位置保持 类型掩码=3520 实际位置NED=(0.051,1.625,-0.244) 实际速度=(0.000,-0.000,0.001) 最终目标=(0.056,1.599,-0.245) 指令位置=(0.056,1.599,nan) 指令速度=(0.000,0.000,0.000) 指令加速度=(0.000,0.000,nan) 滚转角=0.04度 俯仰角=-0.02度
10:05:33.531979 [轨迹] 序号=1056 单调时间=4748.311770 时间=4748.312 模式=OFFBOARD 起飞状态=未执行起飞 水平控制=位置保持 类型掩码=3520 实际位置NED=(0.051,1.625,-0.244) 实际速度=(0.000,-0.000,0.001) 最终目标=(0.056,1.599,-0.245) 指令位置=(0.056,1.599,nan) 指令速度=(0.000,0.000,0.000) 指令加速度=(0.000,0.000,nan) 滚转角=0.04度 俯仰角=-0.02度
10:05:33.634941 [轨迹] 序号=1057 单调时间=4748.415026 时间=4748.415 模式=OFFBOARD 起飞状态=未执行起飞 水平控制=位置保持 类型掩码=3520 实际位置NED=(0.051,1.625,-0.244) 实际速度=(0.000,0.000,0.001) 最终目标=(0.056,1.599,-0.245) 指令位置=(0.056,1.599,nan) 指令速度=(0.000,0.000,0.000) 指令加速度=(0.000,0.000,nan) 滚转角=0.04度 俯仰角=-0.02度
10:05:33.737349 [轨迹] 序号=1058 单调时间=4748.517255 时间=4748.517 模式=OFFBOARD 起飞状态=未执行起飞 水平控制=位置保持 类型掩码=3520 实际位置NED=(0.051,1.625,-0.244) 实际速度=(0.000,-0.000,0.001) 最终目标=(0.056,1.599,-0.245) 指令位置=(0.056,1.599,nan) 指令速度=(0.000,0.000,0.000) 指令加速度=(0.000,0.000,nan) 滚转角=0.04度 俯仰角=-0.02度
10:05:33.840651 [轨迹] 序号=1059 单调时间=4748.620578 时间=4748.621 模式=OFFBOARD 起飞状态=未执行起飞 水平控制=位置保持 类型掩码=3520 实际位置NED=(0.051,1.626,-0.244) 实际速度=(0.000,0.000,0.001) 最终目标=(0.056,1.599,-0.245) 指令位置=(0.056,1.599,nan) 指令速度=(0.000,0.000,0.000) 指令加速度=(0.000,0.000,nan) 滚转角=0.04度 俯仰角=-0.02度
10:05:33.943492 [轨迹] 序号=1060 单调时间=4748.723565 时间=4748.724 模式=OFFBOARD 起飞状态=未执行起飞 水平控制=位置保持 类型掩码=3520 实际位置NED=(0.051,1.626,-0.244) 实际速度=(0.000,0.000,0.001) 最终目标=(0.056,1.599,-0.245) 指令位置=(0.056,1.599,nan) 指令速度=(0.000,0.000,0.000) 指令加速度=(0.000,0.000,nan) 滚转角=0.04度 俯仰角=-0.02度
10:05:34.046631 [轨迹] 序号=1061 单调时间=4748.826532 时间=4748.827 模式=OFFBOARD 起飞状态=未执行起飞 水平控制=位置保持 类型掩码=3520 实际位置NED=(0.051,1.626,-0.244) 实际速度=(0.000,0.000,0.001) 最终目标=(0.056,1.599,-0.245) 指令位置=(0.056,1.599,nan) 指令速度=(0.000,0.000,0.000) 指令加速度=(0.000,0.000,nan) 滚转角=0.04度 俯仰角=-0.02度
10:05:34.150016 [轨迹] 序号=1062 单调时间=4748.929941 时间=4748.930 模式=OFFBOARD 起飞状态=未执行起飞 水平控制=位置保持 类型掩码=3520 实际位置NED=(0.051,1.626,-0.244) 实际速度=(0.000,0.000,0.001) 最终目标=(0.056,1.599,-0.245) 指令位置=(0.056,1.599,nan) 指令速度=(0.000,0.000,0.000) 指令加速度=(0.000,0.000,nan) 滚转角=0.04度 俯仰角=-0.02度
10:05:34.253267 [轨迹] 序号=1063 单调时间=4749.033079 时间=4749.033 模式=OFFBOARD 起飞状态=未执行起飞 水平控制=位置保持 类型掩码=3520 实际位置NED=(0.051,1.626,-0.244) 实际速度=(0.000,0.000,0.001) 最终目标=(0.056,1.599,-0.245) 指令位置=(0.056,1.599,nan) 指令速度=(0.000,0.000,0.000) 指令加速度=(0.000,0.000,nan) 滚转角=0.04度 俯仰角=-0.02度
10:05:34.356895 [轨迹] 序号=1064 单调时间=4749.136917 时间=4749.137 模式=OFFBOARD 起飞状态=未执行起飞 水平控制=位置保持 类型掩码=3520 实际位置NED=(0.051,1.626,-0.244) 实际速度=(0.000,0.000,0.001) 最终目标=(0.056,1.599,-0.245) 指令位置=(0.056,1.599,nan) 指令速度=(0.000,0.000,0.000) 指令加速度=(0.000,0.000,nan) 滚转角=0.04度 俯仰角=-0.02度
10:05:34.460775 [轨迹] 序号=1065 单调时间=4749.240716 时间=4749.241 模式=OFFBOARD 起飞状态=未执行起飞 水平控制=位置保持 类型掩码=3520 实际位置NED=(0.051,1.626,-0.244) 实际速度=(0.000,0.000,0.001) 最终目标=(0.056,1.599,-0.245) 指令位置=(0.056,1.599,nan) 指令速度=(0.000,0.000,0.000) 指令加速度=(0.000,0.000,nan) 滚转角=0.04度 俯仰角=-0.02度
10:05:34.563856 [轨迹] 序号=1066 单调时间=4749.343752 时间=4749.344 模式=OFFBOARD 起飞状态=未执行起飞 水平控制=位置保持 类型掩码=3520 实际位置NED=(0.052,1.626,-0.244) 实际速度=(0.000,0.000,0.001) 最终目标=(0.056,1.599,-0.245) 指令位置=(0.056,1.599,nan) 指令速度=(0.000,0.000,0.000) 指令加速度=(0.000,0.000,nan) 滚转角=0.04度 俯仰角=-0.02度
10:05:34.667185 [轨迹] 序号=1067 单调时间=4749.447124 时间=4749.447 模式=OFFBOARD 起飞状态=未执行起飞 水平控制=位置保持 类型掩码=3520 实际位置NED=(0.052,1.626,-0.244) 实际速度=(0.000,0.000,0.001) 最终目标=(0.056,1.599,-0.245) 指令位置=(0.056,1.599,nan) 指令速度=(0.000,0.000,0.000) 指令加速度=(0.000,0.000,nan) 滚转角=0.04度 俯仰角=-0.02度
10:05:34.770564 [轨迹] 序号=1068 单调时间=4749.550469 时间=4749.550 模式=OFFBOARD 起飞状态=未执行起飞 水平控制=位置保持 类型掩码=3520 实际位置NED=(0.052,1.626,-0.244) 实际速度=(0.000,0.000,0.001) 最终目标=(0.056,1.599,-0.245) 指令位置=(0.056,1.599,nan) 指令速度=(0.000,0.000,0.000) 指令加速度=(0.000,0.000,nan) 滚转角=0.04度 俯仰角=-0.02度
10:05:34.873787 [轨迹] 序号=1069 单调时间=4749.653778 时间=4749.654 模式=OFFBOARD 起飞状态=未执行起飞 水平控制=位置保持 类型掩码=3520 实际位置NED=(0.052,1.626,-0.244) 实际速度=(0.000,0.000,0.001) 最终目标=(0.056,1.599,-0.245) 指令位置=(0.056,1.599,nan) 指令速度=(0.000,0.000,0.000) 指令加速度=(0.000,0.000,nan) 滚转角=0.04度 俯仰角=-0.02度
10:05:34.977409 [轨迹] 序号=1070 单调时间=4749.756804 时间=4749.757 模式=OFFBOARD 起飞状态=未执行起飞 水平控制=位置保持 类型掩码=3520 实际位置NED=(0.052,1.626,-0.244) 实际速度=(0.000,0.000,0.001) 最终目标=(0.056,1.599,-0.245) 指令位置=(0.056,1.599,nan) 指令速度=(0.000,0.000,0.000) 指令加速度=(0.000,0.000,nan) 滚转角=0.04度 俯仰角=-0.02度
10:05:35.078684 [轨迹] 序号=1071 单调时间=4749.858631 时间=4749.859 模式=OFFBOARD 起飞状态=未执行起飞 水平控制=位置保持 类型掩码=3520 实际位置NED=(0.052,1.626,-0.244) 实际速度=(0.000,-0.000,0.001) 最终目标=(0.056,1.599,-0.245) 指令位置=(0.056,1.599,nan) 指令速度=(0.000,0.000,0.000) 指令加速度=(0.000,0.000,nan) 滚转角=0.04度 俯仰角=-0.02度
10:05:35.182397 [轨迹] 序号=1072 单调时间=4749.962287 时间=4749.962 模式=OFFBOARD 起飞状态=未执行起飞 水平控制=位置保持 类型掩码=3520 实际位置NED=(0.052,1.626,-0.244) 实际速度=(0.000,-0.000,0.001) 最终目标=(0.056,1.599,-0.245) 指令位置=(0.056,1.599,nan) 指令速度=(0.000,0.000,0.000) 指令加速度=(0.000,0.000,nan) 滚转角=0.04度 俯仰角=-0.02度
10:05:35.285238 [轨迹] 序号=1073 单调时间=4750.065192 时间=4750.065 模式=OFFBOARD 起飞状态=未执行起飞 水平控制=位置保持 类型掩码=3520 实际位置NED=(0.052,1.626,-0.244) 实际速度=(0.000,0.000,0.001) 最终目标=(0.056,1.599,-0.245) 指令位置=(0.056,1.599,nan) 指令速度=(0.000,0.000,0.000) 指令加速度=(0.000,0.000,nan) 滚转角=0.04度 俯仰角=-0.02度
10:05:35.389006 [轨迹] 序号=1074 单调时间=4750.168728 时间=4750.169 模式=OFFBOARD 起飞状态=未执行起飞 水平控制=位置保持 类型掩码=3520 实际位置NED=(0.052,1.626,-0.244) 实际速度=(0.000,0.000,0.001) 最终目标=(0.056,1.599,-0.245) 指令位置=(0.056,1.599,nan) 指令速度=(0.000,0.000,0.000) 指令加速度=(0.000,0.000,nan) 滚转角=0.04度 俯仰角=-0.02度
10:05:35.489244 [轨迹] 序号=1075 单调时间=4750.269085 时间=4750.269 模式=OFFBOARD 起飞状态=未执行起飞 水平控制=位置保持 类型掩码=3520 实际位置NED=(0.052,1.626,-0.244) 实际速度=(0.000,0.000,0.001) 最终目标=(0.056,1.599,-0.245) 指令位置=(0.056,1.599,nan) 指令速度=(0.000,0.000,0.000) 指令加速度=(0.000,0.000,nan) 滚转角=0.04度 俯仰角=-0.02度
10:05:35.592920 [轨迹] 序号=1076 单调时间=4750.372797 时间=4750.373 模式=OFFBOARD 起飞状态=未执行起飞 水平控制=位置保持 类型掩码=3520 实际位置NED=(0.052,1.626,-0.244) 实际速度=(0.000,-0.000,0.001) 最终目标=(0.056,1.599,-0.245) 指令位置=(0.056,1.599,nan) 指令速度=(0.000,0.000,0.000) 指令加速度=(0.000,0.000,nan) 滚转角=0.04度 俯仰角=-0.02度
10:05:35.696491 [轨迹] 序号=1077 单调时间=4750.475950 时间=4750.476 模式=OFFBOARD 起飞状态=未执行起飞 水平控制=位置保持 类型掩码=3520 实际位置NED=(0.052,1.626,-0.244) 实际速度=(0.000,-0.000,0.001) 最终目标=(0.056,1.599,-0.245) 指令位置=(0.056,1.599,nan) 指令速度=(0.000,0.000,0.000) 指令加速度=(0.000,0.000,nan) 滚转角=0.04度 俯仰角=-0.02度
10:05:35.800207 [轨迹] 序号=1078 单调时间=4750.580135 时间=4750.580 模式=OFFBOARD 起飞状态=未执行起飞 水平控制=位置保持 类型掩码=3520 实际位置NED=(0.052,1.626,-0.244) 实际速度=(0.000,-0.000,0.001) 最终目标=(0.056,1.599,-0.245) 指令位置=(0.056,1.599,nan) 指令速度=(0.000,0.000,0.000) 指令加速度=(0.000,0.000,nan) 滚转角=0.04度 俯仰角=-0.02度
10:05:35.903807 [轨迹] 序号=1079 单调时间=4750.683613 时间=4750.684 模式=OFFBOARD 起飞状态=未执行起飞 水平控制=位置保持 类型掩码=3520 实际位置NED=(0.052,1.626,-0.244) 实际速度=(0.000,-0.000,0.001) 最终目标=(0.056,1.599,-0.245) 指令位置=(0.056,1.599,nan) 指令速度=(0.000,0.000,0.000) 指令加速度=(0.000,0.000,nan) 滚转角=0.04度 俯仰角=-0.02度
10:05:36.006683 [轨迹] 序号=1080 单调时间=4750.786631 时间=4750.787 模式=OFFBOARD 起飞状态=未执行起飞 水平控制=位置保持 类型掩码=3520 实际位置NED=(0.052,1.626,-0.244) 实际速度=(0.000,-0.000,0.001) 最终目标=(0.056,1.599,-0.245) 指令位置=(0.056,1.599,nan) 指令速度=(0.000,0.000,0.000) 指令加速度=(0.000,0.000,nan) 滚转角=0.04度 俯仰角=-0.02度
10:05:36.109684 [轨迹] 序号=1081 单调时间=4750.889572 时间=4750.890 模式=OFFBOARD 起飞状态=未执行起飞 水平控制=位置保持 类型掩码=3520 实际位置NED=(0.052,1.626,-0.244) 实际速度=(0.000,-0.000,0.001) 最终目标=(0.056,1.599,-0.245) 指令位置=(0.056,1.599,nan) 指令速度=(0.000,0.000,0.000) 指令加速度=(0.000,0.000,nan) 滚转角=0.04度 俯仰角=-0.02度
10:05:36.212655 [轨迹] 序号=1082 单调时间=4750.992580 时间=4750.993 模式=OFFBOARD 起飞状态=未执行起飞 水平控制=位置保持 类型掩码=3520 实际位置NED=(0.052,1.626,-0.244) 实际速度=(0.001,-0.000,0.001) 最终目标=(0.056,1.599,-0.245) 指令位置=(0.056,1.599,nan) 指令速度=(0.000,0.000,0.000) 指令加速度=(0.000,0.000,nan) 滚转角=0.04度 俯仰角=-0.02度
10:05:36.315684 [轨迹] 序号=1083 单调时间=4751.095622 时间=4751.096 模式=OFFBOARD 起飞状态=未执行起飞 水平控制=位置保持 类型掩码=3520 实际位置NED=(0.052,1.626,-0.244) 实际速度=(0.001,-0.000,0.001) 最终目标=(0.056,1.599,-0.245) 指令位置=(0.056,1.599,nan) 指令速度=(0.000,0.000,0.000) 指令加速度=(0.000,0.000,nan) 滚转角=0.04度 俯仰角=-0.02度
10:05:36.419109 [轨迹] 序号=1084 单调时间=4751.198905 时间=4751.199 模式=OFFBOARD 起飞状态=未执行起飞 水平控制=位置保持 类型掩码=3520 实际位置NED=(0.052,1.626,-0.244) 实际速度=(0.001,-0.000,0.001) 最终目标=(0.056,1.599,-0.245) 指令位置=(0.056,1.599,nan) 指令速度=(0.000,0.000,0.000) 指令加速度=(0.000,0.000,nan) 滚转角=0.04度 俯仰角=-0.02度
10:05:36.522447 [轨迹] 序号=1085 单调时间=4751.302347 时间=4751.302 模式=OFFBOARD 起飞状态=未执行起飞 水平控制=位置保持 类型掩码=3520 实际位置NED=(0.052,1.626,-0.244) 实际速度=(0.000,0.000,0.001) 最终目标=(0.056,1.599,-0.245) 指令位置=(0.056,1.599,nan) 指令速度=(0.000,0.000,0.000) 指令加速度=(0.000,0.000,nan) 滚转角=0.04度 俯仰角=-0.02度
10:05:36.625539 [轨迹] 序号=1086 单调时间=4751.405535 时间=4751.406 模式=OFFBOARD 起飞状态=未执行起飞 水平控制=位置保持 类型掩码=3520 实际位置NED=(0.052,1.626,-0.244) 实际速度=(0.000,0.000,0.001) 最终目标=(0.056,1.599,-0.245) 指令位置=(0.056,1.599,nan) 指令速度=(0.000,0.000,0.000) 指令加速度=(0.000,0.000,nan) 滚转角=0.04度 俯仰角=-0.02度
10:05:36.728475 [轨迹] 序号=1087 单调时间=4751.508387 时间=4751.508 模式=OFFBOARD 起飞状态=未执行起飞 水平控制=位置保持 类型掩码=3520 实际位置NED=(0.052,1.626,-0.244) 实际速度=(0.000,-0.000,0.001) 最终目标=(0.056,1.599,-0.245) 指令位置=(0.056,1.599,nan) 指令速度=(0.000,0.000,0.000) 指令加速度=(0.000,0.000,nan) 滚转角=0.04度 俯仰角=-0.02度
10:05:36.831373 [轨迹] 序号=1088 单调时间=4751.611431 时间=4751.611 模式=OFFBOARD 起飞状态=未执行起飞 水平控制=位置保持 类型掩码=3520 实际位置NED=(0.052,1.626,-0.244) 实际速度=(0.001,0.000,0.001) 最终目标=(0.056,1.599,-0.245) 指令位置=(0.056,1.599,nan) 指令速度=(0.000,0.000,0.000) 指令加速度=(0.000,0.000,nan) 滚转角=0.04度 俯仰角=-0.02度
10:05:36.934319 [轨迹] 序号=1089 单调时间=4751.714274 时间=4751.714 模式=OFFBOARD 起飞状态=未执行起飞 水平控制=位置保持 类型掩码=3520 实际位置NED=(0.052,1.626,-0.244) 实际速度=(0.000,-0.000,0.001) 最终目标=(0.056,1.599,-0.245) 指令位置=(0.056,1.599,nan) 指令速度=(0.000,0.000,0.000) 指令加速度=(0.000,0.000,nan) 滚转角=0.04度 俯仰角=-0.02度
10:05:37.037615 [轨迹] 序号=1090 单调时间=4751.817323 时间=4751.817 模式=OFFBOARD 起飞状态=未执行起飞 水平控制=位置保持 类型掩码=3520 实际位置NED=(0.052,1.626,-0.244) 实际速度=(0.000,0.000,0.001) 最终目标=(0.056,1.599,-0.245) 指令位置=(0.056,1.599,nan) 指令速度=(0.000,0.000,0.000) 指令加速度=(0.000,0.000,nan) 滚转角=0.04度 俯仰角=-0.02度
10:05:37.140709 [轨迹] 序号=1091 单调时间=4751.920397 时间=4751.920 模式=OFFBOARD 起飞状态=未执行起飞 水平控制=位置保持 类型掩码=3520 实际位置NED=(0.052,1.626,-0.244) 实际速度=(-0.000,0.000,0.001) 最终目标=(0.056,1.599,-0.245) 指令位置=(0.056,1.599,nan) 指令速度=(0.000,0.000,0.000) 指令加速度=(0.000,0.000,nan) 滚转角=0.04度 俯仰角=-0.02度
10:05:37.244211 [轨迹] 序号=1092 单调时间=4752.024051 时间=4752.024 模式=OFFBOARD 起飞状态=未执行起飞 水平控制=位置保持 类型掩码=3520 实际位置NED=(0.052,1.626,-0.244) 实际速度=(0.000,0.000,0.001) 最终目标=(0.056,1.599,-0.245) 指令位置=(0.056,1.599,nan) 指令速度=(0.000,0.000,0.000) 指令加速度=(0.000,0.000,nan) 滚转角=0.04度 俯仰角=-0.02度
10:05:37.347115 [轨迹] 序号=1093 单调时间=4752.127001 时间=4752.127 模式=OFFBOARD 起飞状态=未执行起飞 水平控制=位置保持 类型掩码=3520 实际位置NED=(0.052,1.626,-0.244) 实际速度=(-0.000,0.000,0.001) 最终目标=(0.056,1.599,-0.245) 指令位置=(0.056,1.599,nan) 指令速度=(0.000,0.000,0.000) 指令加速度=(0.000,0.000,nan) 滚转角=0.04度 俯仰角=-0.02度
10:05:37.450595 [轨迹] 序号=1094 单调时间=4752.230560 时间=4752.231 模式=OFFBOARD 起飞状态=未执行起飞 水平控制=位置保持 类型掩码=3520 实际位置NED=(0.052,1.626,-0.244) 实际速度=(0.000,0.000,0.001) 最终目标=(0.056,1.599,-0.245) 指令位置=(0.056,1.599,nan) 指令速度=(0.000,0.000,0.000) 指令加速度=(0.000,0.000,nan) 滚转角=0.04度 俯仰角=-0.02度
10:05:37.554418 [轨迹] 序号=1095 单调时间=4752.333974 时间=4752.334 模式=OFFBOARD 起飞状态=未执行起飞 水平控制=位置保持 类型掩码=3520 实际位置NED=(0.052,1.626,-0.244) 实际速度=(0.000,0.000,0.001) 最终目标=(0.056,1.599,-0.245) 指令位置=(0.056,1.599,nan) 指令速度=(0.000,0.000,0.000) 指令加速度=(0.000,0.000,nan) 滚转角=0.04度 俯仰角=-0.02度
10:05:37.657780 [轨迹] 序号=1096 单调时间=4752.437737 时间=4752.438 模式=OFFBOARD 起飞状态=未执行起飞 水平控制=位置保持 类型掩码=3520 实际位置NED=(0.052,1.626,-0.244) 实际速度=(0.000,0.000,0.001) 最终目标=(0.056,1.599,-0.245) 指令位置=(0.056,1.599,nan) 指令速度=(0.000,0.000,0.000) 指令加速度=(0.000,0.000,nan) 滚转角=0.04度 俯仰角=-0.02度
10:05:37.760693 [轨迹] 序号=1097 单调时间=4752.540709 时间=4752.541 模式=OFFBOARD 起飞状态=未执行起飞 水平控制=位置保持 类型掩码=3520 实际位置NED=(0.052,1.626,-0.244) 实际速度=(0.000,0.000,0.001) 最终目标=(0.056,1.599,-0.245) 指令位置=(0.056,1.599,nan) 指令速度=(0.000,0.000,0.000) 指令加速度=(0.000,0.000,nan) 滚转角=0.04度 俯仰角=-0.02度
10:05:37.863770 [轨迹] 序号=1098 单调时间=4752.643697 时间=4752.644 模式=OFFBOARD 起飞状态=未执行起飞 水平控制=位置保持 类型掩码=3520 实际位置NED=(0.052,1.626,-0.244) 实际速度=(0.000,0.000,0.001) 最终目标=(0.056,1.599,-0.245) 指令位置=(0.056,1.599,nan) 指令速度=(0.000,0.000,0.000) 指令加速度=(0.000,0.000,nan) 滚转角=0.04度 俯仰角=-0.02度
10:05:37.968694 [轨迹] 序号=1099 单调时间=4752.748703 时间=4752.749 模式=OFFBOARD 起飞状态=未执行起飞 水平控制=位置保持 类型掩码=3520 实际位置NED=(0.052,1.626,-0.244) 实际速度=(0.000,0.000,0.001) 最终目标=(0.056,1.599,-0.245) 指令位置=(0.056,1.599,nan) 指令速度=(0.000,0.000,0.000) 指令加速度=(0.000,0.000,nan) 滚转角=0.04度 俯仰角=-0.02度
10:05:38.072171 [轨迹] 序号=1100 单调时间=4752.852224 时间=4752.852 模式=OFFBOARD 起飞状态=未执行起飞 水平控制=位置保持 类型掩码=3520 实际位置NED=(0.052,1.626,-0.244) 实际速度=(0.000,0.000,0.001) 最终目标=(0.056,1.599,-0.245) 指令位置=(0.056,1.599,nan) 指令速度=(0.000,0.000,0.000) 指令加速度=(0.000,0.000,nan) 滚转角=0.04度 俯仰角=-0.02度
10:05:38.175120 [轨迹] 序号=1101 单调时间=4752.955056 时间=4752.955 模式=OFFBOARD 起飞状态=未执行起飞 水平控制=位置保持 类型掩码=3520 实际位置NED=(0.052,1.626,-0.244) 实际速度=(0.000,-0.000,0.001) 最终目标=(0.056,1.599,-0.245) 指令位置=(0.056,1.599,nan) 指令速度=(0.000,0.000,0.000) 指令加速度=(0.000,0.000,nan) 滚转角=0.04度 俯仰角=-0.02度
10:05:38.279126 [轨迹] 序号=1102 单调时间=4753.059020 时间=4753.059 模式=OFFBOARD 起飞状态=未执行起飞 水平控制=位置保持 类型掩码=3520 实际位置NED=(0.052,1.626,-0.244) 实际速度=(0.001,-0.000,0.001) 最终目标=(0.056,1.599,-0.245) 指令位置=(0.056,1.599,nan) 指令速度=(0.000,0.000,0.000) 指令加速度=(0.000,0.000,nan) 滚转角=0.04度 俯仰角=-0.02度
10:05:38.381995 [轨迹] 序号=1103 单调时间=4753.161936 时间=4753.162 模式=OFFBOARD 起飞状态=未执行起飞 水平控制=位置保持 类型掩码=3520 实际位置NED=(0.052,1.626,-0.244) 实际速度=(0.001,-0.000,0.001) 最终目标=(0.056,1.599,-0.245) 指令位置=(0.056,1.599,nan) 指令速度=(0.000,0.000,0.000) 指令加速度=(0.000,0.000,nan) 滚转角=0.04度 俯仰角=-0.02度
10:05:38.485092 [轨迹] 序号=1104 单调时间=4753.265134 时间=4753.265 模式=OFFBOARD 起飞状态=未执行起飞 水平控制=位置保持 类型掩码=3520 实际位置NED=(0.052,1.626,-0.244) 实际速度=(0.001,-0.000,0.001) 最终目标=(0.056,1.599,-0.245) 指令位置=(0.056,1.599,nan) 指令速度=(0.000,0.000,0.000) 指令加速度=(0.000,0.000,nan) 滚转角=0.04度 俯仰角=-0.02度
10:05:38.588262 [轨迹] 序号=1105 单调时间=4753.368312 时间=4753.368 模式=OFFBOARD 起飞状态=未执行起飞 水平控制=位置保持 类型掩码=3520 实际位置NED=(0.052,1.626,-0.244) 实际速度=(0.001,-0.000,0.001) 最终目标=(0.056,1.599,-0.245) 指令位置=(0.056,1.599,nan) 指令速度=(0.000,0.000,0.000) 指令加速度=(0.000,0.000,nan) 滚转角=0.04度 俯仰角=-0.02度
10:05:38.692490 [轨迹] 序号=1106 单调时间=4753.472341 时间=4753.472 模式=OFFBOARD 起飞状态=未执行起飞 水平控制=位置保持 类型掩码=3520 实际位置NED=(0.052,1.626,-0.244) 实际速度=(0.001,-0.000,0.001) 最终目标=(0.056,1.599,-0.245) 指令位置=(0.056,1.599,nan) 指令速度=(0.000,0.000,0.000) 指令加速度=(0.000,0.000,nan) 滚转角=0.04度 俯仰角=-0.02度
10:05:38.795518 [轨迹] 序号=1107 单调时间=4753.575426 时间=4753.575 模式=OFFBOARD 起飞状态=未执行起飞 水平控制=位置保持 类型掩码=3520 实际位置NED=(0.052,1.626,-0.244) 实际速度=(0.001,-0.000,0.001) 最终目标=(0.056,1.599,-0.245) 指令位置=(0.056,1.599,nan) 指令速度=(0.000,0.000,0.000) 指令加速度=(0.000,0.000,nan) 滚转角=0.04度 俯仰角=-0.02度
10:05:38.898850 [轨迹] 序号=1108 单调时间=4753.678832 时间=4753.679 模式=OFFBOARD 起飞状态=未执行起飞 水平控制=位置保持 类型掩码=3520 实际位置NED=(0.052,1.626,-0.244) 实际速度=(0.001,-0.000,0.001) 最终目标=(0.056,1.599,-0.245) 指令位置=(0.056,1.599,nan) 指令速度=(0.000,0.000,0.000) 指令加速度=(0.000,0.000,nan) 滚转角=0.04度 俯仰角=-0.02度
10:05:39.001837 [轨迹] 序号=1109 单调时间=4753.781595 时间=4753.782 模式=OFFBOARD 起飞状态=未执行起飞 水平控制=位置保持 类型掩码=3520 实际位置NED=(0.052,1.626,-0.244) 实际速度=(0.001,-0.000,0.001) 最终目标=(0.056,1.599,-0.245) 指令位置=(0.056,1.599,nan) 指令速度=(0.000,0.000,0.000) 指令加速度=(0.000,0.000,nan) 滚转角=0.04度 俯仰角=-0.02度
10:05:39.102906 [轨迹] 序号=1110 单调时间=4753.882849 时间=4753.883 模式=OFFBOARD 起飞状态=未执行起飞 水平控制=位置保持 类型掩码=3520 实际位置NED=(0.052,1.626,-0.244) 实际速度=(0.001,-0.000,0.001) 最终目标=(0.056,1.599,-0.245) 指令位置=(0.056,1.599,nan) 指令速度=(0.000,0.000,0.000) 指令加速度=(0.000,0.000,nan) 滚转角=0.04度 俯仰角=-0.02度
10:05:39.205920 [轨迹] 序号=1111 单调时间=4753.985931 时间=4753.986 模式=OFFBOARD 起飞状态=未执行起飞 水平控制=位置保持 类型掩码=3520 实际位置NED=(0.052,1.626,-0.244) 实际速度=(0.001,-0.000,0.001) 最终目标=(0.056,1.599,-0.245) 指令位置=(0.056,1.599,nan) 指令速度=(0.000,0.000,0.000) 指令加速度=(0.000,0.000,nan) 滚转角=0.04度 俯仰角=-0.02度
10:05:39.308562 [轨迹] 序号=1112 单调时间=4754.088680 时间=4754.089 模式=OFFBOARD 起飞状态=未执行起飞 水平控制=位置保持 类型掩码=3520 实际位置NED=(0.052,1.626,-0.244) 实际速度=(0.001,-0.000,0.001) 最终目标=(0.056,1.599,-0.245) 指令位置=(0.056,1.599,nan) 指令速度=(0.000,0.000,0.000) 指令加速度=(0.000,0.000,nan) 滚转角=0.04度 俯仰角=-0.02度
10:05:39.410860 [轨迹] 序号=1113 单调时间=4754.190843 时间=4754.191 模式=OFFBOARD 起飞状态=未执行起飞 水平控制=位置保持 类型掩码=3520 实际位置NED=(0.052,1.626,-0.244) 实际速度=(0.001,-0.000,0.001) 最终目标=(0.056,1.599,-0.245) 指令位置=(0.056,1.599,nan) 指令速度=(0.000,0.000,0.000) 指令加速度=(0.000,0.000,nan) 滚转角=0.04度 俯仰角=-0.02度
10:05:39.514572 [轨迹] 序号=1114 单调时间=4754.294482 时间=4754.294 模式=OFFBOARD 起飞状态=未执行起飞 水平控制=位置保持 类型掩码=3520 实际位置NED=(0.052,1.626,-0.244) 实际速度=(0.001,0.000,0.000) 最终目标=(0.056,1.599,-0.245) 指令位置=(0.056,1.599,nan) 指令速度=(0.000,0.000,0.000) 指令加速度=(0.000,0.000,nan) 滚转角=0.04度 俯仰角=-0.02度
10:05:39.617947 [轨迹] 序号=1115 单调时间=4754.397810 时间=4754.398 模式=OFFBOARD 起飞状态=未执行起飞 水平控制=位置保持 类型掩码=3520 实际位置NED=(0.052,1.626,-0.244) 实际速度=(0.001,0.000,0.000) 最终目标=(0.056,1.599,-0.245) 指令位置=(0.056,1.599,nan) 指令速度=(0.000,0.000,0.000) 指令加速度=(0.000,0.000,nan) 滚转角=0.04度 俯仰角=-0.02度
10:05:39.721621 [轨迹] 序号=1116 单调时间=4754.501428 时间=4754.501 模式=OFFBOARD 起飞状态=未执行起飞 水平控制=位置保持 类型掩码=3520 实际位置NED=(0.052,1.626,-0.244) 实际速度=(0.001,0.000,0.000) 最终目标=(0.056,1.599,-0.245) 指令位置=(0.056,1.599,nan) 指令速度=(0.000,0.000,0.000) 指令加速度=(0.000,0.000,nan) 滚转角=0.04度 俯仰角=-0.02度
10:05:39.825541 [轨迹] 序号=1117 单调时间=4754.605420 时间=4754.605 模式=OFFBOARD 起飞状态=未执行起飞 水平控制=位置保持 类型掩码=3520 实际位置NED=(0.052,1.626,-0.245) 实际速度=(0.000,0.000,0.000) 最终目标=(0.056,1.599,-0.245) 指令位置=(0.056,1.599,nan) 指令速度=(0.000,0.000,0.000) 指令加速度=(0.000,0.000,nan) 滚转角=0.04度 俯仰角=-0.02度
10:05:39.929107 [轨迹] 序号=1118 单调时间=4754.709197 时间=4754.709 模式=OFFBOARD 起飞状态=未执行起飞 水平控制=位置保持 类型掩码=3520 实际位置NED=(0.052,1.626,-0.245) 实际速度=(0.001,0.000,0.000) 最终目标=(0.056,1.599,-0.245) 指令位置=(0.056,1.599,nan) 指令速度=(0.000,0.000,0.000) 指令加速度=(0.000,0.000,nan) 滚转角=0.04度 俯仰角=-0.02度
10:05:40.032696 [轨迹] 序号=1119 单调时间=4754.812645 时间=4754.813 模式=OFFBOARD 起飞状态=未执行起飞 水平控制=位置保持 类型掩码=3520 实际位置NED=(0.052,1.626,-0.245) 实际速度=(0.000,0.000,0.000) 最终目标=(0.056,1.599,-0.245) 指令位置=(0.056,1.599,nan) 指令速度=(0.000,0.000,0.000) 指令加速度=(0.000,0.000,nan) 滚转角=0.04度 俯仰角=-0.02度
10:05:40.135926 [轨迹] 序号=1120 单调时间=4754.915754 时间=4754.916 模式=OFFBOARD 起飞状态=未执行起飞 水平控制=位置保持 类型掩码=3520 实际位置NED=(0.052,1.626,-0.245) 实际速度=(0.000,0.000,0.000) 最终目标=(0.056,1.599,-0.245) 指令位置=(0.056,1.599,nan) 指令速度=(0.000,0.000,0.000) 指令加速度=(0.000,0.000,nan) 滚转角=0.04度 俯仰角=-0.02度
10:05:40.239212 [轨迹] 序号=1121 单调时间=4755.018807 时间=4755.019 模式=OFFBOARD 起飞状态=未执行起飞 水平控制=位置保持 类型掩码=3520 实际位置NED=(0.052,1.626,-0.245) 实际速度=(0.001,0.000,0.000) 最终目标=(0.056,1.599,-0.245) 指令位置=(0.056,1.599,nan) 指令速度=(0.000,0.000,0.000) 指令加速度=(0.000,0.000,nan) 滚转角=0.04度 俯仰角=-0.02度
10:05:40.342573 [轨迹] 序号=1122 单调时间=4755.122246 时间=4755.122 模式=OFFBOARD 起飞状态=未执行起飞 水平控制=位置保持 类型掩码=3520 实际位置NED=(0.052,1.626,-0.245) 实际速度=(0.001,0.000,0.000) 最终目标=(0.056,1.599,-0.245) 指令位置=(0.056,1.599,nan) 指令速度=(0.000,0.000,0.000) 指令加速度=(0.000,0.000,nan) 滚转角=0.04度 俯仰角=-0.02度
10:05:40.446349 [轨迹] 序号=1123 单调时间=4755.226300 时间=4755.226 模式=OFFBOARD 起飞状态=未执行起飞 水平控制=位置保持 类型掩码=3520 实际位置NED=(0.052,1.626,-0.245) 实际速度=(0.001,0.000,0.000) 最终目标=(0.056,1.599,-0.245) 指令位置=(0.056,1.599,nan) 指令速度=(0.000,0.000,0.000) 指令加速度=(0.000,0.000,nan) 滚转角=0.04度 俯仰角=-0.02度
10:05:40.549647 [轨迹] 序号=1124 单调时间=4755.329411 时间=4755.329 模式=OFFBOARD 起飞状态=未执行起飞 水平控制=位置保持 类型掩码=3520 实际位置NED=(0.052,1.626,-0.245) 实际速度=(0.001,-0.000,-0.000) 最终目标=(0.056,1.599,-0.245) 指令位置=(0.056,1.599,nan) 指令速度=(0.000,0.000,0.000) 指令加速度=(0.000,0.000,nan) 滚转角=0.04度 俯仰角=-0.02度
10:05:40.653156 [轨迹] 序号=1125 单调时间=4755.432908 时间=4755.433 模式=OFFBOARD 起飞状态=未执行起飞 水平控制=位置保持 类型掩码=3520 实际位置NED=(0.052,1.626,-0.245) 实际速度=(0.000,0.000,-0.000) 最终目标=(0.056,1.599,-0.245) 指令位置=(0.056,1.599,nan) 指令速度=(0.000,0.000,0.000) 指令加速度=(0.000,0.000,nan) 滚转角=0.04度 俯仰角=-0.02度
10:05:40.756231 [轨迹] 序号=1126 单调时间=4755.536072 时间=4755.536 模式=OFFBOARD 起飞状态=未执行起飞 水平控制=位置保持 类型掩码=3520 实际位置NED=(0.052,1.626,-0.245) 实际速度=(0.000,0.000,-0.000) 最终目标=(0.056,1.599,-0.245) 指令位置=(0.056,1.599,nan) 指令速度=(0.000,0.000,0.000) 指令加速度=(0.000,0.000,nan) 滚转角=0.04度 俯仰角=-0.02度
10:05:40.859348 [轨迹] 序号=1127 单调时间=4755.639215 时间=4755.639 模式=OFFBOARD 起飞状态=未执行起飞 水平控制=位置保持 类型掩码=3520 实际位置NED=(0.052,1.627,-0.245) 实际速度=(0.000,-0.000,-0.000) 最终目标=(0.056,1.599,-0.245) 指令位置=(0.056,1.599,nan) 指令速度=(0.000,0.000,0.000) 指令加速度=(0.000,0.000,nan) 滚转角=0.04度 俯仰角=-0.02度
10:05:40.963053 [轨迹] 序号=1128 单调时间=4755.742834 时间=4755.743 模式=OFFBOARD 起飞状态=未执行起飞 水平控制=位置保持 类型掩码=3520 实际位置NED=(0.052,1.627,-0.245) 实际速度=(0.001,-0.000,0.000) 最终目标=(0.056,1.599,-0.245) 指令位置=(0.056,1.599,nan) 指令速度=(0.000,0.000,0.000) 指令加速度=(0.000,0.000,nan) 滚转角=0.04度 俯仰角=-0.02度
10:05:41.066484 [轨迹] 序号=1129 单调时间=4755.846243 时间=4755.846 模式=OFFBOARD 起飞状态=未执行起飞 水平控制=位置保持 类型掩码=3520 实际位置NED=(0.052,1.627,-0.245) 实际速度=(0.001,-0.000,0.000) 最终目标=(0.056,1.599,-0.245) 指令位置=(0.056,1.599,nan) 指令速度=(0.000,0.000,0.000) 指令加速度=(0.000,0.000,nan) 滚转角=0.04度 俯仰角=-0.02度
10:05:41.170406 [轨迹] 序号=1130 单调时间=4755.950341 时间=4755.950 模式=OFFBOARD 起飞状态=未执行起飞 水平控制=位置保持 类型掩码=3520 实际位置NED=(0.052,1.627,-0.245) 实际速度=(0.000,-0.000,0.000) 最终目标=(0.056,1.599,-0.245) 指令位置=(0.056,1.599,nan) 指令速度=(0.000,0.000,0.000) 指令加速度=(0.000,0.000,nan) 滚转角=0.04度 俯仰角=-0.02度
10:05:41.273690 [轨迹] 序号=1131 单调时间=4756.053572 时间=4756.054 模式=OFFBOARD 起飞状态=未执行起飞 水平控制=位置保持 类型掩码=3520 实际位置NED=(0.052,1.627,-0.245) 实际速度=(0.000,-0.000,0.000) 最终目标=(0.056,1.599,-0.245) 指令位置=(0.056,1.599,nan) 指令速度=(0.000,0.000,0.000) 指令加速度=(0.000,0.000,nan) 滚转角=0.04度 俯仰角=-0.02度
10:05:41.377066 [轨迹] 序号=1132 单调时间=4756.156903 时间=4756.157 模式=OFFBOARD 起飞状态=未执行起飞 水平控制=位置保持 类型掩码=3520 实际位置NED=(0.052,1.627,-0.245) 实际速度=(0.000,-0.000,0.000) 最终目标=(0.056,1.599,-0.245) 指令位置=(0.056,1.599,nan) 指令速度=(0.000,0.000,0.000) 指令加速度=(0.000,0.000,nan) 滚转角=0.04度 俯仰角=-0.02度
10:05:41.480637 [轨迹] 序号=1133 单调时间=4756.260547 时间=4756.261 模式=OFFBOARD 起飞状态=未执行起飞 水平控制=位置保持 类型掩码=3520 实际位置NED=(0.052,1.627,-0.245) 实际速度=(0.000,-0.000,0.000) 最终目标=(0.056,1.599,-0.245) 指令位置=(0.056,1.599,nan) 指令速度=(0.000,0.000,0.000) 指令加速度=(0.000,0.000,nan) 滚转角=0.04度 俯仰角=-0.02度
10:05:41.583529 [轨迹] 序号=1134 单调时间=4756.363471 时间=4756.363 模式=OFFBOARD 起飞状态=未执行起飞 水平控制=位置保持 类型掩码=3520 实际位置NED=(0.052,1.627,-0.245) 实际速度=(0.000,-0.000,0.001) 最终目标=(0.056,1.599,-0.245) 指令位置=(0.056,1.599,nan) 指令速度=(0.000,0.000,0.000) 指令加速度=(0.000,0.000,nan) 滚转角=0.04度 俯仰角=-0.02度
10:05:41.687271 [轨迹] 序号=1135 单调时间=4756.466439 时间=4756.466 模式=OFFBOARD 起飞状态=未执行起飞 水平控制=位置保持 类型掩码=3520 实际位置NED=(0.052,1.627,-0.245) 实际速度=(0.000,-0.000,0.001) 最终目标=(0.056,1.599,-0.245) 指令位置=(0.056,1.599,nan) 指令速度=(0.000,0.000,0.000) 指令加速度=(0.000,0.000,nan) 滚转角=0.04度 俯仰角=-0.02度
10:05:41.790322 [轨迹] 序号=1136 单调时间=4756.570352 时间=4756.570 模式=OFFBOARD 起飞状态=未执行起飞 水平控制=位置保持 类型掩码=3520 实际位置NED=(0.052,1.627,-0.245) 实际速度=(-0.000,-0.000,0.001) 最终目标=(0.056,1.599,-0.245) 指令位置=(0.056,1.599,nan) 指令速度=(0.000,0.000,0.000) 指令加速度=(0.000,0.000,nan) 滚转角=0.04度 俯仰角=-0.02度
10:05:41.893317 [轨迹] 序号=1137 单调时间=4756.673162 时间=4756.673 模式=OFFBOARD 起飞状态=未执行起飞 水平控制=位置保持 类型掩码=3520 实际位置NED=(0.052,1.627,-0.245) 实际速度=(-0.000,-0.000,0.001) 最终目标=(0.056,1.599,-0.245) 指令位置=(0.056,1.599,nan) 指令速度=(0.000,0.000,0.000) 指令加速度=(0.000,0.000,nan) 滚转角=0.04度 俯仰角=-0.02度
10:05:41.996183 [轨迹] 序号=1138 单调时间=4756.776113 时间=4756.776 模式=OFFBOARD 起飞状态=未执行起飞 水平控制=位置保持 类型掩码=3520 实际位置NED=(0.052,1.627,-0.245) 实际速度=(-0.000,-0.000,0.001) 最终目标=(0.056,1.599,-0.245) 指令位置=(0.056,1.599,nan) 指令速度=(0.000,0.000,0.000) 指令加速度=(0.000,0.000,nan) 滚转角=0.04度 俯仰角=-0.02度
10:05:42.099662 [轨迹] 序号=1139 单调时间=4756.879567 时间=4756.880 模式=OFFBOARD 起飞状态=未执行起飞 水平控制=位置保持 类型掩码=3520 实际位置NED=(0.052,1.627,-0.244) 实际速度=(-0.000,-0.000,0.001) 最终目标=(0.056,1.599,-0.245) 指令位置=(0.056,1.599,nan) 指令速度=(0.000,0.000,0.000) 指令加速度=(0.000,0.000,nan) 滚转角=0.04度 俯仰角=-0.02度
10:05:42.202975 [轨迹] 序号=1140 单调时间=4756.982921 时间=4756.983 模式=OFFBOARD 起飞状态=未执行起飞 水平控制=位置保持 类型掩码=3520 实际位置NED=(0.052,1.627,-0.244) 实际速度=(-0.000,-0.000,0.001) 最终目标=(0.056,1.599,-0.245) 指令位置=(0.056,1.599,nan) 指令速度=(0.000,0.000,0.000) 指令加速度=(0.000,0.000,nan) 滚转角=0.04度 俯仰角=-0.02度
10:05:42.303446 [轨迹] 序号=1141 单调时间=4757.083438 时间=4757.083 模式=OFFBOARD 起飞状态=未执行起飞 水平控制=位置保持 类型掩码=3520 实际位置NED=(0.052,1.627,-0.244) 实际速度=(-0.000,-0.000,0.001) 最终目标=(0.056,1.599,-0.245) 指令位置=(0.056,1.599,nan) 指令速度=(0.000,0.000,0.000) 指令加速度=(0.000,0.000,nan) 滚转角=0.04度 俯仰角=-0.02度
10:05:42.406578 [轨迹] 序号=1142 单调时间=4757.186279 时间=4757.186 模式=OFFBOARD 起飞状态=未执行起飞 水平控制=位置保持 类型掩码=3520 实际位置NED=(0.052,1.627,-0.244) 实际速度=(-0.000,0.000,0.001) 最终目标=(0.056,1.599,-0.245) 指令位置=(0.056,1.599,nan) 指令速度=(0.000,0.000,0.000) 指令加速度=(0.000,0.000,nan) 滚转角=0.04度 俯仰角=-0.02度
10:05:42.507200 [轨迹] 序号=1143 单调时间=4757.287094 时间=4757.287 模式=OFFBOARD 起飞状态=未执行起飞 水平控制=位置保持 类型掩码=3520 实际位置NED=(0.052,1.627,-0.244) 实际速度=(-0.000,0.000,0.000) 最终目标=(0.056,1.599,-0.245) 指令位置=(0.056,1.599,nan) 指令速度=(0.000,0.000,0.000) 指令加速度=(0.000,0.000,nan) 滚转角=0.04度 俯仰角=-0.02度
10:05:42.610002 [轨迹] 序号=1144 单调时间=4757.390061 时间=4757.390 模式=OFFBOARD 起飞状态=未执行起飞 水平控制=位置保持 类型掩码=3520 实际位置NED=(0.052,1.627,-0.244) 实际速度=(-0.000,0.000,0.000) 最终目标=(0.056,1.599,-0.245) 指令位置=(0.056,1.599,nan) 指令速度=(0.000,0.000,0.000) 指令加速度=(0.000,0.000,nan) 滚转角=0.04度 俯仰角=-0.02度
10:05:42.712784 [轨迹] 序号=1145 单调时间=4757.492673 时间=4757.493 模式=OFFBOARD 起飞状态=未执行起飞 水平控制=位置保持 类型掩码=3520 实际位置NED=(0.052,1.627,-0.244) 实际速度=(-0.000,0.000,0.000) 最终目标=(0.056,1.599,-0.245) 指令位置=(0.056,1.599,nan) 指令速度=(0.000,0.000,0.000) 指令加速度=(0.000,0.000,nan) 滚转角=0.04度 俯仰角=-0.02度
10:05:42.815993 [轨迹] 序号=1146 单调时间=4757.595844 时间=4757.596 模式=OFFBOARD 起飞状态=未执行起飞 水平控制=位置保持 类型掩码=3520 实际位置NED=(0.052,1.627,-0.244) 实际速度=(-0.000,0.000,0.000) 最终目标=(0.056,1.599,-0.245) 指令位置=(0.056,1.599,nan) 指令速度=(0.000,0.000,0.000) 指令加速度=(0.000,0.000,nan) 滚转角=0.04度 俯仰角=-0.02度
10:05:42.919631 [轨迹] 序号=1147 单调时间=4757.699511 时间=4757.700 模式=OFFBOARD 起飞状态=未执行起飞 水平控制=位置保持 类型掩码=3520 实际位置NED=(0.052,1.627,-0.244) 实际速度=(-0.000,0.000,0.000) 最终目标=(0.056,1.599,-0.245) 指令位置=(0.056,1.599,nan) 指令速度=(0.000,0.000,0.000) 指令加速度=(0.000,0.000,nan) 滚转角=0.04度 俯仰角=-0.02度
10:05:43.032774 [轨迹] 序号=1148 单调时间=4757.805148 时间=4757.805 模式=OFFBOARD 起飞状态=未执行起飞 水平控制=位置保持 类型掩码=3520 实际位置NED=(0.052,1.627,-0.244) 实际速度=(-0.000,0.000,0.000) 最终目标=(0.056,1.599,-0.245) 指令位置=(0.056,1.599,nan) 指令速度=(0.000,0.000,0.000) 指令加速度=(0.000,0.000,nan) 滚转角=0.04度 俯仰角=-0.02度
10:05:43.126468 [轨迹] 序号=1149 单调时间=4757.906395 时间=4757.906 模式=OFFBOARD 起飞状态=未执行起飞 水平控制=位置保持 类型掩码=3520 实际位置NED=(0.052,1.627,-0.244) 实际速度=(-0.000,0.000,-0.000) 最终目标=(0.056,1.599,-0.245) 指令位置=(0.056,1.599,nan) 指令速度=(0.000,0.000,0.000) 指令加速度=(0.000,0.000,nan) 滚转角=0.04度 俯仰角=-0.02度
10:05:43.229613 [轨迹] 序号=1150 单调时间=4758.009485 时间=4758.009 模式=OFFBOARD 起飞状态=未执行起飞 水平控制=位置保持 类型掩码=3520 实际位置NED=(0.052,1.627,-0.244) 实际速度=(0.000,0.000,-0.000) 最终目标=(0.056,1.599,-0.245) 指令位置=(0.056,1.599,nan) 指令速度=(0.000,0.000,0.000) 指令加速度=(0.000,0.000,nan) 滚转角=0.04度 俯仰角=-0.02度
10:05:43.332709 [轨迹] 序号=1151 单调时间=4758.112605 时间=4758.113 模式=OFFBOARD 起飞状态=未执行起飞 水平控制=位置保持 类型掩码=3520 实际位置NED=(0.052,1.627,-0.244) 实际速度=(-0.000,0.001,-0.000) 最终目标=(0.056,1.599,-0.245) 指令位置=(0.056,1.599,nan) 指令速度=(0.000,0.000,0.000) 指令加速度=(0.000,0.000,nan) 滚转角=0.04度 俯仰角=-0.02度
10:05:43.436122 [轨迹] 序号=1152 单调时间=4758.216216 时间=4758.216 模式=OFFBOARD 起飞状态=未执行起飞 水平控制=位置保持 类型掩码=3520 实际位置NED=(0.052,1.627,-0.244) 实际速度=(-0.000,0.001,-0.000) 最终目标=(0.056,1.599,-0.245) 指令位置=(0.056,1.599,nan) 指令速度=(0.000,0.000,0.000) 指令加速度=(0.000,0.000,nan) 滚转角=0.04度 俯仰角=-0.02度
10:05:43.539193 [轨迹] 序号=1153 单调时间=4758.319010 时间=4758.319 模式=OFFBOARD 起飞状态=未执行起飞 水平控制=位置保持 类型掩码=3520 实际位置NED=(0.052,1.627,-0.244) 实际速度=(-0.000,0.001,0.000) 最终目标=(0.056,1.599,-0.245) 指令位置=(0.056,1.599,nan) 指令速度=(0.000,0.000,0.000) 指令加速度=(0.000,0.000,nan) 滚转角=0.05度 俯仰角=-0.02度
10:05:43.639960 [轨迹] 序号=1154 单调时间=4758.420040 时间=4758.420 模式=OFFBOARD 起飞状态=未执行起飞 水平控制=位置保持 类型掩码=3520 实际位置NED=(0.052,1.627,-0.244) 实际速度=(-0.000,0.001,0.000) 最终目标=(0.056,1.599,-0.245) 指令位置=(0.056,1.599,nan) 指令速度=(0.000,0.000,0.000) 指令加速度=(0.000,0.000,nan) 滚转角=0.05度 俯仰角=-0.02度
10:05:43.743417 [轨迹] 序号=1155 单调时间=4758.523242 时间=4758.523 模式=OFFBOARD 起飞状态=未执行起飞 水平控制=位置保持 类型掩码=3520 实际位置NED=(0.052,1.628,-0.244) 实际速度=(-0.000,0.001,0.000) 最终目标=(0.056,1.599,-0.245) 指令位置=(0.056,1.599,nan) 指令速度=(0.000,0.000,0.000) 指令加速度=(0.000,0.000,nan) 滚转角=0.04度 俯仰角=-0.02度
10:05:43.847314 [轨迹] 序号=1156 单调时间=4758.626708 时间=4758.627 模式=OFFBOARD 起飞状态=未执行起飞 水平控制=位置保持 类型掩码=3520 实际位置NED=(0.052,1.628,-0.244) 实际速度=(-0.001,0.001,0.000) 最终目标=(0.056,1.599,-0.245) 指令位置=(0.056,1.599,nan) 指令速度=(0.000,0.000,0.000) 指令加速度=(0.000,0.000,nan) 滚转角=0.05度 俯仰角=-0.02度
10:05:43.950247 [轨迹] 序号=1157 单调时间=4758.730169 时间=4758.730 模式=OFFBOARD 起飞状态=未执行起飞 水平控制=位置保持 类型掩码=3520 实际位置NED=(0.052,1.628,-0.244) 实际速度=(-0.000,0.001,0.000) 最终目标=(0.056,1.599,-0.245) 指令位置=(0.056,1.599,nan) 指令速度=(0.000,0.000,0.000) 指令加速度=(0.000,0.000,nan) 滚转角=0.05度 俯仰角=-0.03度
10:05:44.053370 [轨迹] 序号=1158 单调时间=4758.833270 时间=4758.833 模式=OFFBOARD 起飞状态=未执行起飞 水平控制=位置保持 类型掩码=3520 实际位置NED=(0.052,1.628,-0.244) 实际速度=(-0.000,0.001,0.000) 最终目标=(0.056,1.599,-0.245) 指令位置=(0.056,1.599,nan) 指令速度=(0.000,0.000,0.000) 指令加速度=(0.000,0.000,nan) 滚转角=0.05度 俯仰角=-0.03度
10:05:44.155671 [轨迹] 序号=1159 单调时间=4758.935537 时间=4758.936 模式=OFFBOARD 起飞状态=未执行起飞 水平控制=位置保持 类型掩码=3520 实际位置NED=(0.052,1.628,-0.244) 实际速度=(-0.000,0.001,0.000) 最终目标=(0.056,1.599,-0.245) 指令位置=(0.056,1.599,nan) 指令速度=(0.000,0.000,0.000) 指令加速度=(0.000,0.000,nan) 滚转角=0.05度 俯仰角=-0.03度
10:05:44.259045 [轨迹] 序号=1160 单调时间=4759.038857 时间=4759.039 模式=OFFBOARD 起飞状态=未执行起飞 水平控制=位置保持 类型掩码=3520 实际位置NED=(0.052,1.628,-0.244) 实际速度=(-0.000,0.001,0.000) 最终目标=(0.056,1.599,-0.245) 指令位置=(0.056,1.599,nan) 指令速度=(0.000,0.000,0.000) 指令加速度=(0.000,0.000,nan) 滚转角=0.05度 俯仰角=-0.03度
10:05:44.362368 [轨迹] 序号=1161 单调时间=4759.142144 时间=4759.142 模式=OFFBOARD 起飞状态=未执行起飞 水平控制=位置保持 类型掩码=3520 实际位置NED=(0.052,1.628,-0.244) 实际速度=(-0.000,0.001,0.000) 最终目标=(0.056,1.599,-0.245) 指令位置=(0.056,1.599,nan) 指令速度=(0.000,0.000,0.000) 指令加速度=(0.000,0.000,nan) 滚转角=0.05度 俯仰角=-0.03度
10:05:44.465867 [轨迹] 序号=1162 单调时间=4759.245946 时间=4759.246 模式=OFFBOARD 起飞状态=未执行起飞 水平控制=位置保持 类型掩码=3520 实际位置NED=(0.052,1.628,-0.244) 实际速度=(-0.000,0.001,0.000) 最终目标=(0.056,1.599,-0.245) 指令位置=(0.056,1.599,nan) 指令速度=(0.000,0.000,0.000) 指令加速度=(0.000,0.000,nan) 滚转角=0.05度 俯仰角=-0.03度
10:05:44.568646 [轨迹] 序号=1163 单调时间=4759.348670 时间=4759.349 模式=OFFBOARD 起飞状态=未执行起飞 水平控制=位置保持 类型掩码=3520 实际位置NED=(0.053,1.628,-0.244) 实际速度=(-0.000,0.001,0.000) 最终目标=(0.056,1.599,-0.245) 指令位置=(0.056,1.599,nan) 指令速度=(0.000,0.000,0.000) 指令加速度=(0.000,0.000,nan) 滚转角=0.05度 俯仰角=-0.03度
10:05:44.671722 [轨迹] 序号=1164 单调时间=4759.451719 时间=4759.452 模式=OFFBOARD 起飞状态=未执行起飞 水平控制=位置保持 类型掩码=3520 实际位置NED=(0.053,1.628,-0.244) 实际速度=(-0.000,0.001,0.000) 最终目标=(0.056,1.599,-0.245) 指令位置=(0.056,1.599,nan) 指令速度=(0.000,0.000,0.000) 指令加速度=(0.000,0.000,nan) 滚转角=0.05度 俯仰角=-0.03度
10:05:44.775068 [轨迹] 序号=1165 单调时间=4759.554914 时间=4759.555 模式=OFFBOARD 起飞状态=未执行起飞 水平控制=位置保持 类型掩码=3520 实际位置NED=(0.053,1.628,-0.244) 实际速度=(-0.000,0.001,0.000) 最终目标=(0.056,1.599,-0.245) 指令位置=(0.056,1.599,nan) 指令速度=(0.000,0.000,0.000) 指令加速度=(0.000,0.000,nan) 滚转角=0.05度 俯仰角=-0.03度
10:05:44.876065 [轨迹] 序号=1166 单调时间=4759.655889 时间=4759.656 模式=OFFBOARD 起飞状态=未执行起飞 水平控制=位置保持 类型掩码=3520 实际位置NED=(0.053,1.628,-0.244) 实际速度=(-0.000,0.001,0.000) 最终目标=(0.056,1.599,-0.245) 指令位置=(0.056,1.599,nan) 指令速度=(0.000,0.000,0.000) 指令加速度=(0.000,0.000,nan) 滚转角=0.05度 俯仰角=-0.02度
10:05:44.979064 [轨迹] 序号=1167 单调时间=4759.759052 时间=4759.759 模式=OFFBOARD 起飞状态=未执行起飞 水平控制=位置保持 类型掩码=3520 实际位置NED=(0.053,1.628,-0.244) 实际速度=(-0.000,0.001,0.000) 最终目标=(0.056,1.599,-0.245) 指令位置=(0.056,1.599,nan) 指令速度=(0.000,0.000,0.000) 指令加速度=(0.000,0.000,nan) 滚转角=0.04度 俯仰角=-0.02度
10:05:45.082830 [轨迹] 序号=1168 单调时间=4759.862754 时间=4759.863 模式=OFFBOARD 起飞状态=未执行起飞 水平控制=位置保持 类型掩码=3520 实际位置NED=(0.053,1.628,-0.244) 实际速度=(-0.000,0.001,0.000) 最终目标=(0.056,1.599,-0.245) 指令位置=(0.056,1.599,nan) 指令速度=(0.000,0.000,0.000) 指令加速度=(0.000,0.000,nan) 滚转角=0.04度 俯仰角=-0.02度
10:05:45.185935 [轨迹] 序号=1169 单调时间=4759.965816 时间=4759.966 模式=OFFBOARD 起飞状态=未执行起飞 水平控制=位置保持 类型掩码=3520 实际位置NED=(0.053,1.628,-0.244) 实际速度=(-0.000,0.001,-0.000) 最终目标=(0.056,1.599,-0.245) 指令位置=(0.056,1.599,nan) 指令速度=(0.000,0.000,0.000) 指令加速度=(0.000,0.000,nan) 滚转角=0.04度 俯仰角=-0.02度
10:05:45.289073 [轨迹] 序号=1170 单调时间=4760.068985 时间=4760.069 模式=OFFBOARD 起飞状态=未执行起飞 水平控制=位置保持 类型掩码=3520 实际位置NED=(0.053,1.628,-0.245) 实际速度=(-0.000,0.001,-0.000) 最终目标=(0.056,1.599,-0.245) 指令位置=(0.056,1.599,nan) 指令速度=(0.000,0.000,0.000) 指令加速度=(0.000,0.000,nan) 滚转角=0.05度 俯仰角=-0.02度
10:05:45.399407 [轨迹] 序号=1171 单调时间=4760.177690 时间=4760.178 模式=OFFBOARD 起飞状态=未执行起飞 水平控制=位置保持 类型掩码=3520 实际位置NED=(0.053,1.628,-0.245) 实际速度=(-0.000,0.001,-0.000) 最终目标=(0.056,1.599,-0.245) 指令位置=(0.056,1.599,nan) 指令速度=(0.000,0.000,0.000) 指令加速度=(0.000,0.000,nan) 滚转角=0.04度 俯仰角=-0.02度
10:05:45.497813 [轨迹] 序号=1172 单调时间=4760.277849 时间=4760.278 模式=OFFBOARD 起飞状态=未执行起飞 水平控制=位置保持 类型掩码=3520 实际位置NED=(0.053,1.628,-0.245) 实际速度=(-0.000,0.000,-0.000) 最终目标=(0.056,1.599,-0.245) 指令位置=(0.056,1.599,nan) 指令速度=(0.000,0.000,0.000) 指令加速度=(0.000,0.000,nan) 滚转角=0.04度 俯仰角=-0.02度
10:05:45.600717 [轨迹] 序号=1173 单调时间=4760.380626 时间=4760.381 模式=OFFBOARD 起飞状态=未执行起飞 水平控制=位置保持 类型掩码=3520 实际位置NED=(0.053,1.628,-0.245) 实际速度=(-0.000,0.000,-0.001) 最终目标=(0.056,1.599,-0.245) 指令位置=(0.056,1.599,nan) 指令速度=(0.000,0.000,0.000) 指令加速度=(0.000,0.000,nan) 滚转角=0.04度 俯仰角=-0.02度
10:05:45.704191 [轨迹] 序号=1174 单调时间=4760.484283 时间=4760.484 模式=OFFBOARD 起飞状态=未执行起飞 水平控制=位置保持 类型掩码=3520 实际位置NED=(0.053,1.628,-0.245) 实际速度=(-0.000,0.000,-0.000) 最终目标=(0.056,1.599,-0.245) 指令位置=(0.056,1.599,nan) 指令速度=(0.000,0.000,0.000) 指令加速度=(0.000,0.000,nan) 滚转角=0.05度 俯仰角=-0.02度
10:05:45.807171 [轨迹] 序号=1175 单调时间=4760.587006 时间=4760.587 模式=OFFBOARD 起飞状态=未执行起飞 水平控制=位置保持 类型掩码=3520 实际位置NED=(0.053,1.628,-0.245) 实际速度=(-0.000,0.000,-0.001) 最终目标=(0.056,1.599,-0.245) 指令位置=(0.056,1.599,nan) 指令速度=(0.000,0.000,0.000) 指令加速度=(0.000,0.000,nan) 滚转角=0.05度 俯仰角=-0.02度
10:05:45.907795 [轨迹] 序号=1176 单调时间=4760.687566 时间=4760.688 模式=OFFBOARD 起飞状态=未执行起飞 水平控制=位置保持 类型掩码=3520 实际位置NED=(0.053,1.628,-0.245) 实际速度=(-0.000,0.000,-0.001) 最终目标=(0.056,1.599,-0.245) 指令位置=(0.056,1.599,nan) 指令速度=(0.000,0.000,0.000) 指令加速度=(0.000,0.000,nan) 滚转角=0.05度 俯仰角=-0.02度
10:05:46.011280 [轨迹] 序号=1177 单调时间=4760.791149 时间=4760.791 模式=OFFBOARD 起飞状态=未执行起飞 水平控制=位置保持 类型掩码=3520 实际位置NED=(0.053,1.628,-0.245) 实际速度=(-0.000,0.000,-0.001) 最终目标=(0.056,1.599,-0.245) 指令位置=(0.056,1.599,nan) 指令速度=(0.000,0.000,0.000) 指令加速度=(0.000,0.000,nan) 滚转角=0.05度 俯仰角=-0.02度
10:05:46.114601 [轨迹] 序号=1178 单调时间=4760.894518 时间=4760.895 模式=OFFBOARD 起飞状态=未执行起飞 水平控制=位置保持 类型掩码=3520 实际位置NED=(0.053,1.628,-0.245) 实际速度=(-0.000,0.000,-0.001) 最终目标=(0.056,1.599,-0.245) 指令位置=(0.056,1.599,nan) 指令速度=(0.000,0.000,0.000) 指令加速度=(0.000,0.000,nan) 滚转角=0.05度 俯仰角=-0.02度
10:05:46.217635 [轨迹] 序号=1179 单调时间=4760.997524 时间=4760.998 模式=OFFBOARD 起飞状态=未执行起飞 水平控制=位置保持 类型掩码=3520 实际位置NED=(0.053,1.628,-0.245) 实际速度=(-0.001,0.000,-0.001) 最终目标=(0.056,1.599,-0.245) 指令位置=(0.056,1.599,nan) 指令速度=(0.000,0.000,0.000) 指令加速度=(0.000,0.000,nan) 滚转角=0.05度 俯仰角=-0.02度
10:05:46.320751 [轨迹] 序号=1180 单调时间=4761.100823 时间=4761.101 模式=OFFBOARD 起飞状态=未执行起飞 水平控制=位置保持 类型掩码=3520 实际位置NED=(0.053,1.628,-0.245) 实际速度=(-0.001,0.000,-0.001) 最终目标=(0.056,1.599,-0.245) 指令位置=(0.056,1.599,nan) 指令速度=(0.000,0.000,0.000) 指令加速度=(0.000,0.000,nan) 滚转角=0.05度 俯仰角=-0.02度
10:05:46.424328 [轨迹] 序号=1181 单调时间=4761.203519 时间=4761.204 模式=OFFBOARD 起飞状态=未执行起飞 水平控制=位置保持 类型掩码=3520 实际位置NED=(0.053,1.628,-0.245) 实际速度=(-0.000,0.000,-0.001) 最终目标=(0.056,1.599,-0.245) 指令位置=(0.056,1.599,nan) 指令速度=(0.000,0.000,0.000) 指令加速度=(0.000,0.000,nan) 滚转角=0.05度 俯仰角=-0.02度
10:05:46.527701 [轨迹] 序号=1182 单调时间=4761.307494 时间=4761.307 模式=OFFBOARD 起飞状态=未执行起飞 水平控制=位置保持 类型掩码=3520 实际位置NED=(0.053,1.628,-0.245) 实际速度=(-0.000,0.000,-0.001) 最终目标=(0.056,1.599,-0.245) 指令位置=(0.056,1.599,nan) 指令速度=(0.000,0.000,0.000) 指令加速度=(0.000,0.000,nan) 滚转角=0.05度 俯仰角=-0.02度
10:05:46.630410 [轨迹] 序号=1183 单调时间=4761.410301 时间=4761.410 模式=OFFBOARD 起飞状态=未执行起飞 水平控制=位置保持 类型掩码=3520 实际位置NED=(0.053,1.628,-0.245) 实际速度=(-0.000,0.000,-0.000) 最终目标=(0.056,1.599,-0.245) 指令位置=(0.056,1.599,nan) 指令速度=(0.000,0.000,0.000) 指令加速度=(0.000,0.000,nan) 滚转角=0.05度 俯仰角=-0.02度
10:05:46.733809 [轨迹] 序号=1184 单调时间=4761.513740 时间=4761.514 模式=OFFBOARD 起飞状态=未执行起飞 水平控制=位置保持 类型掩码=3520 实际位置NED=(0.053,1.628,-0.245) 实际速度=(-0.000,0.000,-0.000) 最终目标=(0.056,1.599,-0.245) 指令位置=(0.056,1.599,nan) 指令速度=(0.000,0.000,0.000) 指令加速度=(0.000,0.000,nan) 滚转角=0.05度 俯仰角=-0.02度
10:05:46.837401 [轨迹] 序号=1185 单调时间=4761.617337 时间=4761.617 模式=OFFBOARD 起飞状态=未执行起飞 水平控制=位置保持 类型掩码=3520 实际位置NED=(0.053,1.628,-0.245) 实际速度=(-0.000,0.000,-0.000) 最终目标=(0.056,1.599,-0.245) 指令位置=(0.056,1.599,nan) 指令速度=(0.000,0.000,0.000) 指令加速度=(0.000,0.000,nan) 滚转角=0.05度 俯仰角=-0.02度
10:05:46.940492 [轨迹] 序号=1186 单调时间=4761.720564 时间=4761.721 模式=OFFBOARD 起飞状态=未执行起飞 水平控制=位置保持 类型掩码=3520 实际位置NED=(0.053,1.628,-0.245) 实际速度=(-0.000,0.000,0.000) 最终目标=(0.056,1.599,-0.245) 指令位置=(0.056,1.599,nan) 指令速度=(0.000,0.000,0.000) 指令加速度=(0.000,0.000,nan) 滚转角=0.05度 俯仰角=-0.02度
10:05:47.042010 [轨迹] 序号=1187 单调时间=4761.821856 时间=4761.822 模式=OFFBOARD 起飞状态=未执行起飞 水平控制=位置保持 类型掩码=3520 实际位置NED=(0.053,1.628,-0.245) 实际速度=(-0.000,0.000,0.000) 最终目标=(0.056,1.599,-0.245) 指令位置=(0.056,1.599,nan) 指令速度=(0.000,0.000,0.000) 指令加速度=(0.000,0.000,nan) 滚转角=0.05度 俯仰角=-0.02度
10:05:47.145288 [轨迹] 序号=1188 单调时间=4761.925166 时间=4761.925 模式=OFFBOARD 起飞状态=未执行起飞 水平控制=位置保持 类型掩码=3520 实际位置NED=(0.053,1.628,-0.245) 实际速度=(-0.000,0.000,0.000) 最终目标=(0.056,1.599,-0.245) 指令位置=(0.056,1.599,nan) 指令速度=(0.000,0.000,0.000) 指令加速度=(0.000,0.000,nan) 滚转角=0.05度 俯仰角=-0.02度
10:05:47.248284 [轨迹] 序号=1189 单调时间=4762.028147 时间=4762.028 模式=OFFBOARD 起飞状态=未执行起飞 水平控制=位置保持 类型掩码=3520 实际位置NED=(0.053,1.628,-0.245) 实际速度=(-0.000,0.000,0.000) 最终目标=(0.056,1.599,-0.245) 指令位置=(0.056,1.599,nan) 指令速度=(0.000,0.000,0.000) 指令加速度=(0.000,0.000,nan) 滚转角=0.05度 俯仰角=-0.02度
10:05:47.350956 [轨迹] 序号=1190 单调时间=4762.130924 时间=4762.131 模式=OFFBOARD 起飞状态=未执行起飞 水平控制=位置保持 类型掩码=3520 实际位置NED=(0.053,1.628,-0.245) 实际速度=(-0.000,0.000,0.000) 最终目标=(0.056,1.599,-0.245) 指令位置=(0.056,1.599,nan) 指令速度=(0.000,0.000,0.000) 指令加速度=(0.000,0.000,nan) 滚转角=0.05度 俯仰角=-0.02度
10:05:47.454118 [轨迹] 序号=1191 单调时间=4762.233945 时间=4762.234 模式=OFFBOARD 起飞状态=未执行起飞 水平控制=位置保持 类型掩码=3520 实际位置NED=(0.053,1.628,-0.245) 实际速度=(-0.000,0.000,0.000) 最终目标=(0.056,1.599,-0.245) 指令位置=(0.056,1.599,nan) 指令速度=(0.000,0.000,0.000) 指令加速度=(0.000,0.000,nan) 滚转角=0.05度 俯仰角=-0.02度
10:05:47.557457 [轨迹] 序号=1192 单调时间=4762.337085 时间=4762.337 模式=OFFBOARD 起飞状态=未执行起飞 水平控制=位置保持 类型掩码=3520 实际位置NED=(0.053,1.628,-0.245) 实际速度=(-0.001,0.000,0.000) 最终目标=(0.056,1.599,-0.245) 指令位置=(0.056,1.599,nan) 指令速度=(0.000,0.000,0.000) 指令加速度=(0.000,0.000,nan) 滚转角=0.05度 俯仰角=-0.02度
10:05:47.660385 [轨迹] 序号=1193 单调时间=4762.440442 时间=4762.440 模式=OFFBOARD 起飞状态=未执行起飞 水平控制=位置保持 类型掩码=3520 实际位置NED=(0.053,1.628,-0.245) 实际速度=(-0.001,0.000,0.000) 最终目标=(0.056,1.599,-0.245) 指令位置=(0.056,1.599,nan) 指令速度=(0.000,0.000,0.000) 指令加速度=(0.000,0.000,nan) 滚转角=0.05度 俯仰角=-0.02度
10:05:47.761318 [轨迹] 序号=1194 单调时间=4762.541178 时间=4762.541 模式=OFFBOARD 起飞状态=未执行起飞 水平控制=位置保持 类型掩码=3520 实际位置NED=(0.053,1.628,-0.245) 实际速度=(-0.001,-0.000,0.000) 最终目标=(0.056,1.599,-0.245) 指令位置=(0.056,1.599,nan) 指令速度=(0.000,0.000,0.000) 指令加速度=(0.000,0.000,nan) 滚转角=0.05度 俯仰角=-0.02度
10:05:47.864461 [轨迹] 序号=1195 单调时间=4762.644458 时间=4762.644 模式=OFFBOARD 起飞状态=未执行起飞 水平控制=位置保持 类型掩码=3520 实际位置NED=(0.053,1.628,-0.245) 实际速度=(-0.001,0.000,0.000) 最终目标=(0.056,1.599,-0.245) 指令位置=(0.056,1.599,nan) 指令速度=(0.000,0.000,0.000) 指令加速度=(0.000,0.000,nan) 滚转角=0.05度 俯仰角=-0.02度
10:05:47.967336 [轨迹] 序号=1196 单调时间=4762.747230 时间=4762.747 模式=OFFBOARD 起飞状态=未执行起飞 水平控制=位置保持 类型掩码=3520 实际位置NED=(0.053,1.628,-0.245) 实际速度=(-0.001,-0.000,0.000) 最终目标=(0.056,1.599,-0.245) 指令位置=(0.056,1.599,nan) 指令速度=(0.000,0.000,0.000) 指令加速度=(0.000,0.000,nan) 滚转角=0.05度 俯仰角=-0.02度
10:05:48.070984 [轨迹] 序号=1197 单调时间=4762.850881 时间=4762.851 模式=OFFBOARD 起飞状态=未执行起飞 水平控制=位置保持 类型掩码=3520 实际位置NED=(0.053,1.628,-0.245) 实际速度=(-0.001,0.000,0.000) 最终目标=(0.056,1.599,-0.245) 指令位置=(0.056,1.599,nan) 指令速度=(0.000,0.000,0.000) 指令加速度=(0.000,0.000,nan) 滚转角=0.05度 俯仰角=-0.02度
10:05:48.176020 [轨迹] 序号=1198 单调时间=4762.955882 时间=4762.956 模式=OFFBOARD 起飞状态=未执行起飞 水平控制=位置保持 类型掩码=3520 实际位置NED=(0.053,1.628,-0.245) 实际速度=(-0.001,-0.000,0.000) 最终目标=(0.056,1.599,-0.245) 指令位置=(0.056,1.599,nan) 指令速度=(0.000,0.000,0.000) 指令加速度=(0.000,0.000,nan) 滚转角=0.05度 俯仰角=-0.02度
10:05:48.279300 [轨迹] 序号=1199 单调时间=4763.059100 时间=4763.059 模式=OFFBOARD 起飞状态=未执行起飞 水平控制=位置保持 类型掩码=3520 实际位置NED=(0.053,1.628,-0.245) 实际速度=(-0.001,-0.000,0.000) 最终目标=(0.056,1.599,-0.245) 指令位置=(0.056,1.599,nan) 指令速度=(0.000,0.000,0.000) 指令加速度=(0.000,0.000,nan) 滚转角=0.05度 俯仰角=-0.02度
10:05:48.383252 [轨迹] 序号=1200 单调时间=4763.163147 时间=4763.163 模式=OFFBOARD 起飞状态=未执行起飞 水平控制=位置保持 类型掩码=3520 实际位置NED=(0.053,1.628,-0.245) 实际速度=(-0.001,-0.000,0.000) 最终目标=(0.056,1.599,-0.245) 指令位置=(0.056,1.599,nan) 指令速度=(0.000,0.000,0.000) 指令加速度=(0.000,0.000,nan) 滚转角=0.05度 俯仰角=-0.02度
10:05:48.487688 [轨迹] 序号=1201 单调时间=4763.267389 时间=4763.267 模式=OFFBOARD 起飞状态=未执行起飞 水平控制=位置保持 类型掩码=3520 实际位置NED=(0.052,1.628,-0.245) 实际速度=(-0.001,-0.000,0.000) 最终目标=(0.056,1.599,-0.245) 指令位置=(0.056,1.599,nan) 指令速度=(0.000,0.000,0.000) 指令加速度=(0.000,0.000,nan) 滚转角=0.05度 俯仰角=-0.02度
10:05:48.590748 [轨迹] 序号=1202 单调时间=4763.370563 时间=4763.371 模式=OFFBOARD 起飞状态=未执行起飞 水平控制=位置保持 类型掩码=3520 实际位置NED=(0.052,1.628,-0.245) 实际速度=(-0.001,-0.000,-0.000) 最终目标=(0.056,1.599,-0.245) 指令位置=(0.056,1.599,nan) 指令速度=(0.000,0.000,0.000) 指令加速度=(0.000,0.000,nan) 滚转角=0.05度 俯仰角=-0.02度
10:05:48.693694 [轨迹] 序号=1203 单调时间=4763.473659 时间=4763.474 模式=OFFBOARD 起飞状态=未执行起飞 水平控制=位置保持 类型掩码=3520 实际位置NED=(0.052,1.629,-0.245) 实际速度=(-0.001,-0.000,-0.000) 最终目标=(0.056,1.599,-0.245) 指令位置=(0.056,1.599,nan) 指令速度=(0.000,0.000,0.000) 指令加速度=(0.000,0.000,nan) 滚转角=0.05度 俯仰角=-0.02度
10:05:48.796905 [轨迹] 序号=1204 单调时间=4763.576896 时间=4763.577 模式=OFFBOARD 起飞状态=未执行起飞 水平控制=位置保持 类型掩码=3520 实际位置NED=(0.052,1.629,-0.245) 实际速度=(-0.001,-0.000,-0.000) 最终目标=(0.056,1.599,-0.245) 指令位置=(0.056,1.599,nan) 指令速度=(0.000,0.000,0.000) 指令加速度=(0.000,0.000,nan) 滚转角=0.05度 俯仰角=-0.02度
10:05:48.900709 [轨迹] 序号=1205 单调时间=4763.680570 时间=4763.681 模式=OFFBOARD 起飞状态=未执行起飞 水平控制=位置保持 类型掩码=3520 实际位置NED=(0.052,1.629,-0.245) 实际速度=(-0.001,-0.000,-0.000) 最终目标=(0.056,1.599,-0.245) 指令位置=(0.056,1.599,nan) 指令速度=(0.000,0.000,0.000) 指令加速度=(0.000,0.000,nan) 滚转角=0.05度 俯仰角=-0.02度
10:05:49.005109 [轨迹] 序号=1206 单调时间=4763.785006 时间=4763.785 模式=OFFBOARD 起飞状态=未执行起飞 水平控制=位置保持 类型掩码=3520 实际位置NED=(0.052,1.629,-0.245) 实际速度=(-0.001,-0.000,-0.000) 最终目标=(0.056,1.599,-0.245) 指令位置=(0.056,1.599,nan) 指令速度=(0.000,0.000,0.000) 指令加速度=(0.000,0.000,nan) 滚转角=0.05度 俯仰角=-0.02度
10:05:49.108402 [轨迹] 序号=1207 单调时间=4763.888296 时间=4763.888 模式=OFFBOARD 起飞状态=未执行起飞 水平控制=位置保持 类型掩码=3520 实际位置NED=(0.052,1.629,-0.245) 实际速度=(-0.001,0.000,-0.000) 最终目标=(0.056,1.599,-0.245) 指令位置=(0.056,1.599,nan) 指令速度=(0.000,0.000,0.000) 指令加速度=(0.000,0.000,nan) 滚转角=0.05度 俯仰角=-0.02度
10:05:49.212152 [轨迹] 序号=1208 单调时间=4763.992168 时间=4763.992 模式=OFFBOARD 起飞状态=未执行起飞 水平控制=位置保持 类型掩码=3520 实际位置NED=(0.052,1.629,-0.245) 实际速度=(-0.001,0.000,-0.000) 最终目标=(0.056,1.599,-0.245) 指令位置=(0.056,1.599,nan) 指令速度=(0.000,0.000,0.000) 指令加速度=(0.000,0.000,nan) 滚转角=0.05度 俯仰角=-0.02度
10:05:49.315155 [轨迹] 序号=1209 单调时间=4764.095232 时间=4764.095 模式=OFFBOARD 起飞状态=未执行起飞 水平控制=位置保持 类型掩码=3520 实际位置NED=(0.052,1.629,-0.245) 实际速度=(-0.001,0.000,-0.000) 最终目标=(0.056,1.599,-0.245) 指令位置=(0.056,1.599,nan) 指令速度=(0.000,0.000,0.000) 指令加速度=(0.000,0.000,nan) 滚转角=0.05度 俯仰角=-0.02度
10:05:49.417923 [轨迹] 序号=1210 单调时间=4764.197870 时间=4764.198 模式=OFFBOARD 起飞状态=未执行起飞 水平控制=位置保持 类型掩码=3520 实际位置NED=(0.052,1.629,-0.245) 实际速度=(-0.001,-0.000,-0.000) 最终目标=(0.056,1.599,-0.245) 指令位置=(0.056,1.599,nan) 指令速度=(0.000,0.000,0.000) 指令加速度=(0.000,0.000,nan) 滚转角=0.05度 俯仰角=-0.02度
10:05:49.521892 [轨迹] 序号=1211 单调时间=4764.301810 时间=4764.302 模式=OFFBOARD 起飞状态=未执行起飞 水平控制=位置保持 类型掩码=3520 实际位置NED=(0.052,1.629,-0.245) 实际速度=(-0.001,-0.000,-0.000) 最终目标=(0.056,1.599,-0.245) 指令位置=(0.056,1.599,nan) 指令速度=(0.000,0.000,0.000) 指令加速度=(0.000,0.000,nan) 滚转角=0.05度 俯仰角=-0.02度
10:05:49.625967 [轨迹] 序号=1212 单调时间=4764.405945 时间=4764.406 模式=OFFBOARD 起飞状态=未执行起飞 水平控制=位置保持 类型掩码=3520 实际位置NED=(0.052,1.629,-0.245) 实际速度=(-0.001,-0.000,-0.000) 最终目标=(0.056,1.599,-0.245) 指令位置=(0.056,1.599,nan) 指令速度=(0.000,0.000,0.000) 指令加速度=(0.000,0.000,nan) 滚转角=0.05度 俯仰角=-0.02度
10:05:49.729458 [轨迹] 序号=1213 单调时间=4764.509406 时间=4764.509 模式=OFFBOARD 起飞状态=未执行起飞 水平控制=位置保持 类型掩码=3520 实际位置NED=(0.052,1.629,-0.245) 实际速度=(-0.000,-0.000,-0.000) 最终目标=(0.056,1.599,-0.245) 指令位置=(0.056,1.599,nan) 指令速度=(0.000,0.000,0.000) 指令加速度=(0.000,0.000,nan) 滚转角=0.05度 俯仰角=-0.02度
10:05:49.833233 [轨迹] 序号=1214 单调时间=4764.613166 时间=4764.613 模式=OFFBOARD 起飞状态=未执行起飞 水平控制=位置保持 类型掩码=3520 实际位置NED=(0.052,1.629,-0.245) 实际速度=(-0.000,-0.000,-0.000) 最终目标=(0.056,1.599,-0.245) 指令位置=(0.056,1.599,nan) 指令速度=(0.000,0.000,0.000) 指令加速度=(0.000,0.000,nan) 滚转角=0.05度 俯仰角=-0.02度
10:05:49.937020 [轨迹] 序号=1215 单调时间=4764.716951 时间=4764.717 模式=OFFBOARD 起飞状态=未执行起飞 水平控制=位置保持 类型掩码=3520 实际位置NED=(0.052,1.629,-0.245) 实际速度=(0.000,-0.000,-0.000) 最终目标=(0.056,1.599,-0.245) 指令位置=(0.056,1.599,nan) 指令速度=(0.000,0.000,0.000) 指令加速度=(0.000,0.000,nan) 滚转角=0.05度 俯仰角=-0.02度
10:05:50.040010 [轨迹] 序号=1216 单调时间=4764.819897 时间=4764.820 模式=OFFBOARD 起飞状态=未执行起飞 水平控制=位置保持 类型掩码=3520 实际位置NED=(0.052,1.629,-0.245) 实际速度=(-0.000,-0.000,-0.000) 最终目标=(0.056,1.599,-0.245) 指令位置=(0.056,1.599,nan) 指令速度=(0.000,0.000,0.000) 指令加速度=(0.000,0.000,nan) 滚转角=0.05度 俯仰角=-0.02度
10:05:50.142979 [轨迹] 序号=1217 单调时间=4764.923061 时间=4764.923 模式=OFFBOARD 起飞状态=未执行起飞 水平控制=位置保持 类型掩码=3520 实际位置NED=(0.052,1.629,-0.245) 实际速度=(0.000,-0.000,-0.000) 最终目标=(0.056,1.599,-0.245) 指令位置=(0.056,1.599,nan) 指令速度=(0.000,0.000,0.000) 指令加速度=(0.000,0.000,nan) 滚转角=0.05度 俯仰角=-0.02度
10:05:50.247249 [轨迹] 序号=1218 单调时间=4765.027174 时间=4765.027 模式=OFFBOARD 起飞状态=未执行起飞 水平控制=位置保持 类型掩码=3520 实际位置NED=(0.052,1.629,-0.245) 实际速度=(-0.000,-0.000,-0.000) 最终目标=(0.056,1.599,-0.245) 指令位置=(0.056,1.599,nan) 指令速度=(0.000,0.000,0.000) 指令加速度=(0.000,0.000,nan) 滚转角=0.05度 俯仰角=-0.02度
10:05:50.350290 [轨迹] 序号=1219 单调时间=4765.130247 时间=4765.130 模式=OFFBOARD 起飞状态=未执行起飞 水平控制=位置保持 类型掩码=3520 实际位置NED=(0.053,1.629,-0.245) 实际速度=(-0.000,-0.000,-0.000) 最终目标=(0.056,1.599,-0.245) 指令位置=(0.056,1.599,nan) 指令速度=(0.000,0.000,0.000) 指令加速度=(0.000,0.000,nan) 滚转角=0.05度 俯仰角=-0.02度
10:05:50.453422 [轨迹] 序号=1220 单调时间=4765.233272 时间=4765.233 模式=OFFBOARD 起飞状态=未执行起飞 水平控制=位置保持 类型掩码=3520 实际位置NED=(0.053,1.629,-0.245) 实际速度=(-0.000,-0.000,-0.000) 最终目标=(0.056,1.599,-0.245) 指令位置=(0.056,1.599,nan) 指令速度=(0.000,0.000,0.000) 指令加速度=(0.000,0.000,nan) 滚转角=0.05度 俯仰角=-0.02度
10:05:50.556729 [轨迹] 序号=1221 单调时间=4765.336736 时间=4765.337 模式=OFFBOARD 起飞状态=未执行起飞 水平控制=位置保持 类型掩码=3520 实际位置NED=(0.053,1.629,-0.245) 实际速度=(-0.000,-0.000,-0.000) 最终目标=(0.056,1.599,-0.245) 指令位置=(0.056,1.599,nan) 指令速度=(0.000,0.000,0.000) 指令加速度=(0.000,0.000,nan) 滚转角=0.05度 俯仰角=-0.02度
10:05:50.659746 [轨迹] 序号=1222 单调时间=4765.439719 时间=4765.440 模式=OFFBOARD 起飞状态=未执行起飞 水平控制=位置保持 类型掩码=3520 实际位置NED=(0.053,1.629,-0.245) 实际速度=(-0.000,-0.000,-0.000) 最终目标=(0.056,1.599,-0.245) 指令位置=(0.056,1.599,nan) 指令速度=(0.000,0.000,0.000) 指令加速度=(0.000,0.000,nan) 滚转角=0.05度 俯仰角=-0.02度
10:05:50.763544 [轨迹] 序号=1223 单调时间=4765.543698 时间=4765.544 模式=OFFBOARD 起飞状态=未执行起飞 水平控制=位置保持 类型掩码=3520 实际位置NED=(0.053,1.629,-0.245) 实际速度=(-0.000,-0.000,-0.000) 最终目标=(0.056,1.599,-0.245) 指令位置=(0.056,1.599,nan) 指令速度=(0.000,0.000,0.000) 指令加速度=(0.000,0.000,nan) 滚转角=0.05度 俯仰角=-0.01度
10:05:50.867417 [轨迹] 序号=1224 单调时间=4765.647444 时间=4765.647 模式=OFFBOARD 起飞状态=未执行起飞 水平控制=位置保持 类型掩码=3520 实际位置NED=(0.053,1.629,-0.245) 实际速度=(-0.000,-0.000,-0.000) 最终目标=(0.056,1.599,-0.245) 指令位置=(0.056,1.599,nan) 指令速度=(0.000,0.000,0.000) 指令加速度=(0.000,0.000,nan) 滚转角=0.05度 俯仰角=-0.01度
10:05:50.970304 [轨迹] 序号=1225 单调时间=4765.750259 时间=4765.750 模式=OFFBOARD 起飞状态=未执行起飞 水平控制=位置保持 类型掩码=3520 实际位置NED=(0.053,1.629,-0.245) 实际速度=(-0.000,-0.000,-0.001) 最终目标=(0.056,1.599,-0.245) 指令位置=(0.056,1.599,nan) 指令速度=(0.000,0.000,0.000) 指令加速度=(0.000,0.000,nan) 滚转角=0.05度 俯仰角=-0.01度
10:05:51.072995 [轨迹] 序号=1226 单调时间=4765.852937 时间=4765.853 模式=OFFBOARD 起飞状态=未执行起飞 水平控制=位置保持 类型掩码=3520 实际位置NED=(0.053,1.629,-0.245) 实际速度=(-0.000,-0.000,-0.000) 最终目标=(0.056,1.599,-0.245) 指令位置=(0.056,1.599,nan) 指令速度=(0.000,0.000,0.000) 指令加速度=(0.000,0.000,nan) 滚转角=0.05度 俯仰角=-0.01度
10:05:51.175966 [轨迹] 序号=1227 单调时间=4765.955833 时间=4765.956 模式=OFFBOARD 起飞状态=未执行起飞 水平控制=位置保持 类型掩码=3520 实际位置NED=(0.053,1.629,-0.245) 实际速度=(-0.000,-0.000,-0.000) 最终目标=(0.056,1.599,-0.245) 指令位置=(0.056,1.599,nan) 指令速度=(0.000,0.000,0.000) 指令加速度=(0.000,0.000,nan) 滚转角=0.05度 俯仰角=-0.01度
10:05:51.279402 [轨迹] 序号=1228 单调时间=4766.059229 时间=4766.059 模式=OFFBOARD 起飞状态=未执行起飞 水平控制=位置保持 类型掩码=3520 实际位置NED=(0.053,1.629,-0.245) 实际速度=(-0.000,-0.000,-0.000) 最终目标=(0.056,1.599,-0.245) 指令位置=(0.056,1.599,nan) 指令速度=(0.000,0.000,0.000) 指令加速度=(0.000,0.000,nan) 滚转角=0.05度 俯仰角=-0.01度
10:05:51.382198 [轨迹] 序号=1229 单调时间=4766.162165 时间=4766.162 模式=OFFBOARD 起飞状态=未执行起飞 水平控制=位置保持 类型掩码=3520 实际位置NED=(0.053,1.629,-0.245) 实际速度=(-0.000,-0.001,-0.000) 最终目标=(0.056,1.599,-0.245) 指令位置=(0.056,1.599,nan) 指令速度=(0.000,0.000,0.000) 指令加速度=(0.000,0.000,nan) 滚转角=0.05度 俯仰角=-0.01度
10:05:51.485463 [轨迹] 序号=1230 单调时间=4766.265326 时间=4766.265 模式=OFFBOARD 起飞状态=未执行起飞 水平控制=位置保持 类型掩码=3520 实际位置NED=(0.053,1.629,-0.245) 实际速度=(-0.000,-0.001,0.000) 最终目标=(0.056,1.599,-0.245) 指令位置=(0.056,1.599,nan) 指令速度=(0.000,0.000,0.000) 指令加速度=(0.000,0.000,nan) 滚转角=0.05度 俯仰角=-0.02度
10:05:51.589816 [轨迹] 序号=1231 单调时间=4766.369890 时间=4766.370 模式=OFFBOARD 起飞状态=未执行起飞 水平控制=位置保持 类型掩码=3520 实际位置NED=(0.053,1.630,-0.245) 实际速度=(-0.000,-0.001,0.000) 最终目标=(0.056,1.599,-0.245) 指令位置=(0.056,1.599,nan) 指令速度=(0.000,0.000,0.000) 指令加速度=(0.000,0.000,nan) 滚转角=0.05度 俯仰角=-0.01度
10:05:51.692941 [轨迹] 序号=1232 单调时间=4766.472777 时间=4766.473 模式=OFFBOARD 起飞状态=未执行起飞 水平控制=位置保持 类型掩码=3520 实际位置NED=(0.053,1.630,-0.245) 实际速度=(-0.000,-0.001,0.000) 最终目标=(0.056,1.599,-0.245) 指令位置=(0.056,1.599,nan) 指令速度=(0.000,0.000,0.000) 指令加速度=(0.000,0.000,nan) 滚转角=0.05度 俯仰角=-0.01度
10:05:51.796173 [轨迹] 序号=1233 单调时间=4766.575955 时间=4766.576 模式=OFFBOARD 起飞状态=未执行起飞 水平控制=位置保持 类型掩码=3520 实际位置NED=(0.053,1.630,-0.245) 实际速度=(-0.000,-0.001,0.000) 最终目标=(0.056,1.599,-0.245) 指令位置=(0.056,1.599,nan) 指令速度=(0.000,0.000,0.000) 指令加速度=(0.000,0.000,nan) 滚转角=0.05度 俯仰角=-0.02度
10:05:51.899089 [轨迹] 序号=1234 单调时间=4766.678976 时间=4766.679 模式=OFFBOARD 起飞状态=未执行起飞 水平控制=位置保持 类型掩码=3520 实际位置NED=(0.053,1.630,-0.245) 实际速度=(-0.000,-0.001,0.000) 最终目标=(0.056,1.599,-0.245) 指令位置=(0.056,1.599,nan) 指令速度=(0.000,0.000,0.000) 指令加速度=(0.000,0.000,nan) 滚转角=0.06度 俯仰角=-0.02度
10:05:52.002512 [轨迹] 序号=1235 单调时间=4766.782432 时间=4766.782 模式=OFFBOARD 起飞状态=未执行起飞 水平控制=位置保持 类型掩码=3520 实际位置NED=(0.053,1.630,-0.245) 实际速度=(-0.000,-0.001,0.001) 最终目标=(0.056,1.599,-0.245) 指令位置=(0.056,1.599,nan) 指令速度=(0.000,0.000,0.000) 指令加速度=(0.000,0.000,nan) 滚转角=0.06度 俯仰角=-0.02度
10:05:52.106424 [轨迹] 序号=1236 单调时间=4766.886246 时间=4766.886 模式=OFFBOARD 起飞状态=未执行起飞 水平控制=位置保持 类型掩码=3520 实际位置NED=(0.053,1.630,-0.245) 实际速度=(-0.001,-0.001,0.001) 最终目标=(0.056,1.599,-0.245) 指令位置=(0.056,1.599,nan) 指令速度=(0.000,0.000,0.000) 指令加速度=(0.000,0.000,nan) 滚转角=0.05度 俯仰角=-0.02度
10:05:52.210390 [轨迹] 序号=1237 单调时间=4766.990138 时间=4766.990 模式=OFFBOARD 起飞状态=未执行起飞 水平控制=位置保持 类型掩码=3520 实际位置NED=(0.053,1.630,-0.245) 实际速度=(-0.000,-0.001,0.001) 最终目标=(0.056,1.599,-0.245) 指令位置=(0.056,1.599,nan) 指令速度=(0.000,0.000,0.000) 指令加速度=(0.000,0.000,nan) 滚转角=0.05度 俯仰角=-0.02度
10:05:52.314209 [轨迹] 序号=1238 单调时间=4767.094246 时间=4767.094 模式=OFFBOARD 起飞状态=未执行起飞 水平控制=位置保持 类型掩码=3520 实际位置NED=(0.053,1.630,-0.245) 实际速度=(-0.001,-0.001,0.001) 最终目标=(0.056,1.599,-0.245) 指令位置=(0.056,1.599,nan) 指令速度=(0.000,0.000,0.000) 指令加速度=(0.000,0.000,nan) 滚转角=0.05度 俯仰角=-0.02度
10:05:52.418159 [轨迹] 序号=1239 单调时间=4767.198044 时间=4767.198 模式=OFFBOARD 起飞状态=未执行起飞 水平控制=位置保持 类型掩码=3520 实际位置NED=(0.053,1.630,-0.245) 实际速度=(-0.000,-0.001,0.001) 最终目标=(0.056,1.599,-0.245) 指令位置=(0.056,1.599,nan) 指令速度=(0.000,0.000,0.000) 指令加速度=(0.000,0.000,nan) 滚转角=0.06度 俯仰角=-0.02度
10:05:52.522373 [轨迹] 序号=1240 单调时间=4767.302230 时间=4767.302 模式=OFFBOARD 起飞状态=未执行起飞 水平控制=位置保持 类型掩码=3520 实际位置NED=(0.053,1.630,-0.245) 实际速度=(-0.000,-0.001,0.001) 最终目标=(0.056,1.599,-0.245) 指令位置=(0.056,1.599,nan) 指令速度=(0.000,0.000,0.000) 指令加速度=(0.000,0.000,nan) 滚转角=0.06度 俯仰角=-0.02度
10:05:52.626575 [轨迹] 序号=1241 单调时间=4767.406408 时间=4767.406 模式=OFFBOARD 起飞状态=未执行起飞 水平控制=位置保持 类型掩码=3520 实际位置NED=(0.053,1.630,-0.244) 实际速度=(-0.001,-0.001,0.001) 最终目标=(0.056,1.599,-0.245) 指令位置=(0.056,1.599,nan) 指令速度=(0.000,0.000,0.000) 指令加速度=(0.000,0.000,nan) 滚转角=0.06度 俯仰角=-0.02度
10:05:52.730698 [轨迹] 序号=1242 单调时间=4767.510514 时间=4767.511 模式=OFFBOARD 起飞状态=未执行起飞 水平控制=位置保持 类型掩码=3520 实际位置NED=(0.053,1.630,-0.244) 实际速度=(-0.001,-0.001,0.001) 最终目标=(0.056,1.599,-0.245) 指令位置=(0.056,1.599,nan) 指令速度=(0.000,0.000,0.000) 指令加速度=(0.000,0.000,nan) 滚转角=0.06度 俯仰角=-0.02度
10:05:52.836100 [轨迹] 序号=1243 单调时间=4767.615031 时间=4767.615 模式=OFFBOARD 起飞状态=未执行起飞 水平控制=位置保持 类型掩码=3520 实际位置NED=(0.053,1.630,-0.244) 实际速度=(-0.001,-0.001,0.001) 最终目标=(0.056,1.599,-0.245) 指令位置=(0.056,1.599,nan) 指令速度=(0.000,0.000,0.000) 指令加速度=(0.000,0.000,nan) 滚转角=0.06度 俯仰角=-0.02度
10:05:52.935603 [轨迹] 序号=1244 单调时间=4767.715359 时间=4767.715 模式=OFFBOARD 起飞状态=未执行起飞 水平控制=位置保持 类型掩码=3520 实际位置NED=(0.053,1.630,-0.244) 实际速度=(-0.001,-0.001,0.001) 最终目标=(0.056,1.599,-0.245) 指令位置=(0.056,1.599,nan) 指令速度=(0.000,0.000,0.000) 指令加速度=(0.000,0.000,nan) 滚转角=0.06度 俯仰角=-0.02度
10:05:53.039855 [轨迹] 序号=1245 单调时间=4767.819639 时间=4767.820 模式=OFFBOARD 起飞状态=未执行起飞 水平控制=位置保持 类型掩码=3520 实际位置NED=(0.053,1.630,-0.244) 实际速度=(-0.001,-0.001,0.001) 最终目标=(0.056,1.599,-0.245) 指令位置=(0.056,1.599,nan) 指令速度=(0.000,0.000,0.000) 指令加速度=(0.000,0.000,nan) 滚转角=0.06度 俯仰角=-0.02度
10:05:53.144040 [轨迹] 序号=1246 单调时间=4767.923973 时间=4767.924 模式=OFFBOARD 起飞状态=未执行起飞 水平控制=位置保持 类型掩码=3520 实际位置NED=(0.053,1.630,-0.244) 实际速度=(-0.001,-0.001,0.001) 最终目标=(0.056,1.599,-0.245) 指令位置=(0.056,1.599,nan) 指令速度=(0.000,0.000,0.000) 指令加速度=(0.000,0.000,nan) 滚转角=0.06度 俯仰角=-0.02度
10:05:53.247957 [轨迹] 序号=1247 单调时间=4768.027843 时间=4768.028 模式=OFFBOARD 起飞状态=未执行起飞 水平控制=位置保持 类型掩码=3520 实际位置NED=(0.053,1.630,-0.244) 实际速度=(-0.001,-0.001,0.001) 最终目标=(0.056,1.599,-0.245) 指令位置=(0.056,1.599,nan) 指令速度=(0.000,0.000,0.000) 指令加速度=(0.000,0.000,nan) 滚转角=0.06度 俯仰角=-0.02度
10:05:53.351975 [轨迹] 序号=1248 单调时间=4768.131853 时间=4768.132 模式=OFFBOARD 起飞状态=未执行起飞 水平控制=位置保持 类型掩码=3520 实际位置NED=(0.053,1.630,-0.244) 实际速度=(-0.001,-0.001,0.001) 最终目标=(0.056,1.599,-0.245) 指令位置=(0.056,1.599,nan) 指令速度=(0.000,0.000,0.000) 指令加速度=(0.000,0.000,nan) 滚转角=0.06度 俯仰角=-0.02度
10:05:53.455926 [轨迹] 序号=1249 单调时间=4768.235748 时间=4768.236 模式=OFFBOARD 起飞状态=未执行起飞 水平控制=位置保持 类型掩码=3520 实际位置NED=(0.053,1.630,-0.244) 实际速度=(-0.001,-0.001,0.001) 最终目标=(0.056,1.599,-0.245) 指令位置=(0.056,1.599,nan) 指令速度=(0.000,0.000,0.000) 指令加速度=(0.000,0.000,nan) 滚转角=0.06度 俯仰角=-0.02度
10:05:53.560443 [轨迹] 序号=1250 单调时间=4768.340404 时间=4768.340 模式=OFFBOARD 起飞状态=未执行起飞 水平控制=位置保持 类型掩码=3520 实际位置NED=(0.053,1.630,-0.244) 实际速度=(-0.001,-0.000,0.001) 最终目标=(0.056,1.599,-0.245) 指令位置=(0.056,1.599,nan) 指令速度=(0.000,0.000,0.000) 指令加速度=(0.000,0.000,nan) 滚转角=0.06度 俯仰角=-0.02度
10:05:53.664190 [轨迹] 序号=1251 单调时间=4768.444132 时间=4768.444 模式=OFFBOARD 起飞状态=未执行起飞 水平控制=位置保持 类型掩码=3520 实际位置NED=(0.053,1.630,-0.244) 实际速度=(-0.001,-0.000,0.001) 最终目标=(0.056,1.599,-0.245) 指令位置=(0.056,1.599,nan) 指令速度=(0.000,0.000,0.000) 指令加速度=(0.000,0.000,nan) 滚转角=0.06度 俯仰角=-0.02度
10:05:53.768643 [轨迹] 序号=1252 单调时间=4768.548101 时间=4768.548 模式=OFFBOARD 起飞状态=未执行起飞 水平控制=位置保持 类型掩码=3520 实际位置NED=(0.053,1.630,-0.244) 实际速度=(-0.001,-0.000,0.001) 最终目标=(0.056,1.599,-0.245) 指令位置=(0.056,1.599,nan) 指令速度=(0.000,0.000,0.000) 指令加速度=(0.000,0.000,nan) 滚转角=0.06度 俯仰角=-0.02度
10:05:53.872885 [轨迹] 序号=1253 单调时间=4768.652836 时间=4768.653 模式=OFFBOARD 起飞状态=未执行起飞 水平控制=位置保持 类型掩码=3520 实际位置NED=(0.053,1.630,-0.244) 实际速度=(-0.001,0.000,0.001) 最终目标=(0.056,1.599,-0.245) 指令位置=(0.056,1.599,nan) 指令速度=(0.000,0.000,0.000) 指令加速度=(0.000,0.000,nan) 滚转角=0.06度 俯仰角=-0.02度
10:05:53.976684 [轨迹] 序号=1254 单调时间=4768.756606 时间=4768.757 模式=OFFBOARD 起飞状态=未执行起飞 水平控制=位置保持 类型掩码=3520 实际位置NED=(0.053,1.630,-0.244) 实际速度=(-0.001,0.000,0.001) 最终目标=(0.056,1.599,-0.245) 指令位置=(0.056,1.599,nan) 指令速度=(0.000,0.000,0.000) 指令加速度=(0.000,0.000,nan) 滚转角=0.06度 俯仰角=-0.02度
10:05:54.080364 [轨迹] 序号=1255 单调时间=4768.860260 时间=4768.860 模式=OFFBOARD 起飞状态=未执行起飞 水平控制=位置保持 类型掩码=3520 实际位置NED=(0.053,1.630,-0.244) 实际速度=(-0.001,0.000,0.001) 最终目标=(0.056,1.599,-0.245) 指令位置=(0.056,1.599,nan) 指令速度=(0.000,0.000,0.000) 指令加速度=(0.000,0.000,nan) 滚转角=0.06度 俯仰角=-0.02度
10:05:54.180497 [轨迹] 序号=1256 单调时间=4768.960471 时间=4768.960 模式=OFFBOARD 起飞状态=未执行起飞 水平控制=位置保持 类型掩码=3520 实际位置NED=(0.053,1.630,-0.244) 实际速度=(-0.001,0.000,0.001) 最终目标=(0.056,1.599,-0.245) 指令位置=(0.056,1.599,nan) 指令速度=(0.000,0.000,0.000) 指令加速度=(0.000,0.000,nan) 滚转角=0.06度 俯仰角=-0.02度
10:05:54.284191 [轨迹] 序号=1257 单调时间=4769.064150 时间=4769.064 模式=OFFBOARD 起飞状态=未执行起飞 水平控制=位置保持 类型掩码=3520 实际位置NED=(0.053,1.630,-0.244) 实际速度=(-0.001,0.000,0.001) 最终目标=(0.056,1.599,-0.245) 指令位置=(0.056,1.599,nan) 指令速度=(0.000,0.000,0.000) 指令加速度=(0.000,0.000,nan) 滚转角=0.05度 俯仰角=-0.03度
10:05:54.388633 [轨迹] 序号=1258 单调时间=4769.168276 时间=4769.168 模式=OFFBOARD 起飞状态=未执行起飞 水平控制=位置保持 类型掩码=3520 实际位置NED=(0.053,1.630,-0.244) 实际速度=(-0.001,0.000,0.001) 最终目标=(0.056,1.599,-0.245) 指令位置=(0.056,1.599,nan) 指令速度=(0.000,0.000,0.000) 指令加速度=(0.000,0.000,nan) 滚转角=0.05度 俯仰角=-0.03度
10:05:54.492834 [轨迹] 序号=1259 单调时间=4769.272626 时间=4769.273 模式=OFFBOARD 起飞状态=未执行起飞 水平控制=位置保持 类型掩码=3520 实际位置NED=(0.053,1.630,-0.244) 实际速度=(-0.001,0.000,0.001) 最终目标=(0.056,1.599,-0.245) 指令位置=(0.056,1.599,nan) 指令速度=(0.000,0.000,0.000) 指令加速度=(0.000,0.000,nan) 滚转角=0.05度 俯仰角=-0.03度
10:05:54.596902 [轨迹] 序号=1260 单调时间=4769.376790 时间=4769.377 模式=OFFBOARD 起飞状态=未执行起飞 水平控制=位置保持 类型掩码=3520 实际位置NED=(0.053,1.630,-0.244) 实际速度=(-0.001,0.000,0.001) 最终目标=(0.056,1.599,-0.245) 指令位置=(0.056,1.599,nan) 指令速度=(0.000,0.000,0.000) 指令加速度=(0.000,0.000,nan) 滚转角=0.05度 俯仰角=-0.02度
10:05:54.700848 [轨迹] 序号=1261 单调时间=4769.480747 时间=4769.481 模式=OFFBOARD 起飞状态=未执行起飞 水平控制=位置保持 类型掩码=3520 实际位置NED=(0.053,1.630,-0.244) 实际速度=(-0.001,0.000,0.001) 最终目标=(0.056,1.599,-0.245) 指令位置=(0.056,1.599,nan) 指令速度=(0.000,0.000,0.000) 指令加速度=(0.000,0.000,nan) 滚转角=0.05度 俯仰角=-0.02度
10:05:54.804897 [轨迹] 序号=1262 单调时间=4769.584821 时间=4769.585 模式=OFFBOARD 起飞状态=未执行起飞 水平控制=位置保持 类型掩码=3520 实际位置NED=(0.053,1.630,-0.244) 实际速度=(-0.001,0.000,0.001) 最终目标=(0.056,1.599,-0.245) 指令位置=(0.056,1.599,nan) 指令速度=(0.000,0.000,0.000) 指令加速度=(0.000,0.000,nan) 滚转角=0.05度 俯仰角=-0.03度
10:05:54.908882 [轨迹] 序号=1263 单调时间=4769.688670 时间=4769.689 模式=OFFBOARD 起飞状态=未执行起飞 水平控制=位置保持 类型掩码=3520 实际位置NED=(0.053,1.630,-0.244) 实际速度=(-0.000,0.000,0.001) 最终目标=(0.056,1.599,-0.245) 指令位置=(0.056,1.599,nan) 指令速度=(0.000,0.000,0.000) 指令加速度=(0.000,0.000,nan) 滚转角=0.05度 俯仰角=-0.02度
10:05:55.013783 [轨迹] 序号=1264 单调时间=4769.793588 时间=4769.794 模式=OFFBOARD 起飞状态=未执行起飞 水平控制=位置保持 类型掩码=3520 实际位置NED=(0.053,1.630,-0.244) 实际速度=(-0.001,0.000,0.001) 最终目标=(0.056,1.599,-0.245) 指令位置=(0.056,1.599,nan) 指令速度=(0.000,0.000,0.000) 指令加速度=(0.000,0.000,nan) 滚转角=0.05度 俯仰角=-0.02度
10:05:55.113908 [轨迹] 序号=1265 单调时间=4769.893812 时间=4769.894 模式=OFFBOARD 起飞状态=未执行起飞 水平控制=位置保持 类型掩码=3520 实际位置NED=(0.053,1.630,-0.244) 实际速度=(-0.000,0.000,0.001) 最终目标=(0.056,1.599,-0.245) 指令位置=(0.056,1.599,nan) 指令速度=(0.000,0.000,0.000) 指令加速度=(0.000,0.000,nan) 滚转角=0.05度 俯仰角=-0.02度
10:05:55.217952 [轨迹] 序号=1266 单调时间=4769.997881 时间=4769.998 模式=OFFBOARD 起飞状态=未执行起飞 水平控制=位置保持 类型掩码=3520 实际位置NED=(0.053,1.630,-0.244) 实际速度=(-0.000,0.000,0.001) 最终目标=(0.056,1.599,-0.245) 指令位置=(0.056,1.599,nan) 指令速度=(0.000,0.000,0.000) 指令加速度=(0.000,0.000,nan) 滚转角=0.05度 俯仰角=-0.02度
10:05:55.322198 [轨迹] 序号=1267 单调时间=4770.102037 时间=4770.102 模式=OFFBOARD 起飞状态=未执行起飞 水平控制=位置保持 类型掩码=3520 实际位置NED=(0.053,1.630,-0.244) 实际速度=(-0.001,0.000,0.001) 最终目标=(0.056,1.599,-0.245) 指令位置=(0.056,1.599,nan) 指令速度=(0.000,0.000,0.000) 指令加速度=(0.000,0.000,nan) 滚转角=0.05度 俯仰角=-0.02度
10:05:55.426155 [轨迹] 序号=1268 单调时间=4770.206069 时间=4770.206 模式=OFFBOARD 起飞状态=未执行起飞 水平控制=位置保持 类型掩码=3520 实际位置NED=(0.053,1.630,-0.244) 实际速度=(-0.001,0.000,0.001) 最终目标=(0.056,1.599,-0.245) 指令位置=(0.056,1.599,nan) 指令速度=(0.000,0.000,0.000) 指令加速度=(0.000,0.000,nan) 滚转角=0.05度 俯仰角=-0.02度
10:05:55.530992 [轨迹] 序号=1269 单调时间=4770.310806 时间=4770.311 模式=OFFBOARD 起飞状态=未执行起飞 水平控制=位置保持 类型掩码=3520 实际位置NED=(0.053,1.630,-0.244) 实际速度=(-0.001,0.000,0.001) 最终目标=(0.056,1.599,-0.245) 指令位置=(0.056,1.599,nan) 指令速度=(0.000,0.000,0.000) 指令加速度=(0.000,0.000,nan) 滚转角=0.05度 俯仰角=-0.02度
10:05:55.634829 [轨迹] 序号=1270 单调时间=4770.414626 时间=4770.415 模式=OFFBOARD 起飞状态=未执行起飞 水平控制=位置保持 类型掩码=3520 实际位置NED=(0.053,1.630,-0.244) 实际速度=(-0.001,0.000,0.001) 最终目标=(0.056,1.599,-0.245) 指令位置=(0.056,1.599,nan) 指令速度=(0.000,0.000,0.000) 指令加速度=(0.000,0.000,nan) 滚转角=0.05度 俯仰角=-0.02度
10:05:55.738815 [轨迹] 序号=1271 单调时间=4770.518795 时间=4770.519 模式=OFFBOARD 起飞状态=未执行起飞 水平控制=位置保持 类型掩码=3520 实际位置NED=(0.053,1.630,-0.244) 实际速度=(-0.001,0.000,0.001) 最终目标=(0.056,1.599,-0.245) 指令位置=(0.056,1.599,nan) 指令速度=(0.000,0.000,0.000) 指令加速度=(0.000,0.000,nan) 滚转角=0.05度 俯仰角=-0.02度
10:05:55.842935 [轨迹] 序号=1272 单调时间=4770.622766 时间=4770.623 模式=OFFBOARD 起飞状态=未执行起飞 水平控制=位置保持 类型掩码=3520 实际位置NED=(0.053,1.630,-0.244) 实际速度=(-0.001,0.000,0.001) 最终目标=(0.056,1.599,-0.245) 指令位置=(0.056,1.599,nan) 指令速度=(0.000,0.000,0.000) 指令加速度=(0.000,0.000,nan) 滚转角=0.05度 俯仰角=-0.02度
10:05:55.943014 [轨迹] 序号=1273 单调时间=4770.722942 时间=4770.723 模式=OFFBOARD 起飞状态=未执行起飞 水平控制=位置保持 类型掩码=3520 实际位置NED=(0.053,1.630,-0.244) 实际速度=(-0.001,0.000,0.001) 最终目标=(0.056,1.599,-0.245) 指令位置=(0.056,1.599,nan) 指令速度=(0.000,0.000,0.000) 指令加速度=(0.000,0.000,nan) 滚转角=0.05度 俯仰角=-0.02度
10:05:56.047095 [轨迹] 序号=1274 单调时间=4770.827176 时间=4770.827 模式=OFFBOARD 起飞状态=未执行起飞 水平控制=位置保持 类型掩码=3520 实际位置NED=(0.053,1.630,-0.244) 实际速度=(-0.001,0.000,0.001) 最终目标=(0.056,1.599,-0.245) 指令位置=(0.056,1.599,nan) 指令速度=(0.000,0.000,0.000) 指令加速度=(0.000,0.000,nan) 滚转角=0.05度 俯仰角=-0.02度
10:05:56.151288 [轨迹] 序号=1275 单调时间=4770.931066 时间=4770.931 模式=OFFBOARD 起飞状态=未执行起飞 水平控制=位置保持 类型掩码=3520 实际位置NED=(0.053,1.630,-0.244) 实际速度=(-0.001,0.000,0.001) 最终目标=(0.056,1.599,-0.245) 指令位置=(0.056,1.599,nan) 指令速度=(0.000,0.000,0.000) 指令加速度=(0.000,0.000,nan) 滚转角=0.05度 俯仰角=-0.02度
10:05:56.255120 [轨迹] 序号=1276 单调时间=4771.034970 时间=4771.035 模式=OFFBOARD 起飞状态=未执行起飞 水平控制=位置保持 类型掩码=3520 实际位置NED=(0.053,1.630,-0.244) 实际速度=(-0.000,0.000,0.001) 最终目标=(0.056,1.599,-0.245) 指令位置=(0.056,1.599,nan) 指令速度=(0.000,0.000,0.000) 指令加速度=(0.000,0.000,nan) 滚转角=0.05度 俯仰角=-0.02度
10:05:56.359162 [轨迹] 序号=1277 单调时间=4771.139076 时间=4771.139 模式=OFFBOARD 起飞状态=未执行起飞 水平控制=位置保持 类型掩码=3520 实际位置NED=(0.053,1.630,-0.244) 实际速度=(-0.000,0.000,0.001) 最终目标=(0.056,1.599,-0.245) 指令位置=(0.056,1.599,nan) 指令速度=(0.000,0.000,0.000) 指令加速度=(0.000,0.000,nan) 滚转角=0.05度 俯仰角=-0.02度
10:05:56.462655 [轨迹] 序号=1278 单调时间=4771.242523 时间=4771.243 模式=OFFBOARD 起飞状态=未执行起飞 水平控制=位置保持 类型掩码=3520 实际位置NED=(0.053,1.630,-0.244) 实际速度=(-0.000,0.000,0.001) 最终目标=(0.056,1.599,-0.245) 指令位置=(0.056,1.599,nan) 指令速度=(0.000,0.000,0.000) 指令加速度=(0.000,0.000,nan) 滚转角=0.05度 俯仰角=-0.02度
10:05:56.566900 [轨迹] 序号=1279 单调时间=4771.346635 时间=4771.347 模式=OFFBOARD 起飞状态=未执行起飞 水平控制=位置保持 类型掩码=3520 实际位置NED=(0.053,1.630,-0.244) 实际速度=(-0.000,0.000,0.001) 最终目标=(0.056,1.599,-0.245) 指令位置=(0.056,1.599,nan) 指令速度=(0.000,0.000,0.000) 指令加速度=(0.000,0.000,nan) 滚转角=0.05度 俯仰角=-0.02度
10:05:56.669684 [轨迹] 序号=1280 单调时间=4771.449660 时间=4771.450 模式=OFFBOARD 起飞状态=未执行起飞 水平控制=位置保持 类型掩码=3520 实际位置NED=(0.053,1.630,-0.244) 实际速度=(-0.000,0.000,0.002) 最终目标=(0.056,1.599,-0.245) 指令位置=(0.056,1.599,nan) 指令速度=(0.000,0.000,0.000) 指令加速度=(0.000,0.000,nan) 滚转角=0.05度 俯仰角=-0.02度
10:05:56.771372 [轨迹] 序号=1281 单调时间=4771.551364 时间=4771.551 模式=OFFBOARD 起飞状态=未执行起飞 水平控制=位置保持 类型掩码=3520 实际位置NED=(0.053,1.630,-0.244) 实际速度=(-0.000,0.000,0.002) 最终目标=(0.056,1.599,-0.245) 指令位置=(0.056,1.599,nan) 指令速度=(0.000,0.000,0.000) 指令加速度=(0.000,0.000,nan) 滚转角=0.05度 俯仰角=-0.02度
10:05:56.874924 [轨迹] 序号=1282 单调时间=4771.654802 时间=4771.655 模式=OFFBOARD 起飞状态=未执行起飞 水平控制=位置保持 类型掩码=3520 实际位置NED=(0.053,1.630,-0.244) 实际速度=(-0.000,-0.000,0.001) 最终目标=(0.056,1.599,-0.245) 指令位置=(0.056,1.599,nan) 指令速度=(0.000,0.000,0.000) 指令加速度=(0.000,0.000,nan) 滚转角=0.05度 俯仰角=-0.02度
10:05:56.978782 [轨迹] 序号=1283 单调时间=4771.758535 时间=4771.759 模式=OFFBOARD 起飞状态=未执行起飞 水平控制=位置保持 类型掩码=3520 实际位置NED=(0.053,1.630,-0.244) 实际速度=(-0.000,-0.000,0.001) 最终目标=(0.056,1.599,-0.245) 指令位置=(0.056,1.599,nan) 指令速度=(0.000,0.000,0.000) 指令加速度=(0.000,0.000,nan) 滚转角=0.05度 俯仰角=-0.02度
10:05:57.080147 [轨迹] 序号=1284 单调时间=4771.859995 时间=4771.860 模式=OFFBOARD 起飞状态=未执行起飞 水平控制=位置保持 类型掩码=3520 实际位置NED=(0.053,1.630,-0.244) 实际速度=(-0.000,-0.000,0.001) 最终目标=(0.056,1.599,-0.245) 指令位置=(0.056,1.599,nan) 指令速度=(0.000,0.000,0.000) 指令加速度=(0.000,0.000,nan) 滚转角=0.05度 俯仰角=-0.02度
10:05:57.183896 [轨迹] 序号=1285 单调时间=4771.963661 时间=4771.964 模式=OFFBOARD 起飞状态=未执行起飞 水平控制=位置保持 类型掩码=3520 实际位置NED=(0.053,1.630,-0.244) 实际速度=(-0.000,-0.000,0.001) 最终目标=(0.056,1.599,-0.245) 指令位置=(0.056,1.599,nan) 指令速度=(0.000,0.000,0.000) 指令加速度=(0.000,0.000,nan) 滚转角=0.05度 俯仰角=-0.02度
10:05:57.288379 [轨迹] 序号=1286 单调时间=4772.067968 时间=4772.068 模式=OFFBOARD 起飞状态=未执行起飞 水平控制=位置保持 类型掩码=3520 实际位置NED=(0.053,1.630,-0.244) 实际速度=(-0.000,-0.000,0.001) 最终目标=(0.056,1.599,-0.245) 指令位置=(0.056,1.599,nan) 指令速度=(0.000,0.000,0.000) 指令加速度=(0.000,0.000,nan) 滚转角=0.05度 俯仰角=-0.01度
10:05:57.392265 [轨迹] 序号=1287 单调时间=4772.172125 时间=4772.172 模式=OFFBOARD 起飞状态=未执行起飞 水平控制=位置保持 类型掩码=3520 实际位置NED=(0.053,1.630,-0.244) 实际速度=(-0.000,-0.000,0.001) 最终目标=(0.056,1.599,-0.245) 指令位置=(0.056,1.599,nan) 指令速度=(0.000,0.000,0.000) 指令加速度=(0.000,0.000,nan) 滚转角=0.05度 俯仰角=-0.01度
10:05:57.496175 [轨迹] 序号=1288 单调时间=4772.275978 时间=4772.276 模式=OFFBOARD 起飞状态=未执行起飞 水平控制=位置保持 类型掩码=3520 实际位置NED=(0.053,1.630,-0.244) 实际速度=(-0.000,-0.000,0.001) 最终目标=(0.056,1.599,-0.245) 指令位置=(0.056,1.599,nan) 指令速度=(0.000,0.000,0.000) 指令加速度=(0.000,0.000,nan) 滚转角=0.05度 俯仰角=-0.01度
10:05:57.600641 [轨迹] 序号=1289 单调时间=4772.380430 时间=4772.380 模式=OFFBOARD 起飞状态=未执行起飞 水平控制=位置保持 类型掩码=3520 实际位置NED=(0.053,1.630,-0.244) 实际速度=(-0.000,-0.001,0.001) 最终目标=(0.056,1.599,-0.245) 指令位置=(0.056,1.599,nan) 指令速度=(0.000,0.000,0.000) 指令加速度=(0.000,0.000,nan) 滚转角=0.05度 俯仰角=-0.01度
10:05:57.704275 [轨迹] 序号=1290 单调时间=4772.484285 时间=4772.484 模式=OFFBOARD 起飞状态=未执行起飞 水平控制=位置保持 类型掩码=3520 实际位置NED=(0.053,1.630,-0.244) 实际速度=(-0.000,-0.001,0.001) 最终目标=(0.056,1.599,-0.245) 指令位置=(0.056,1.599,nan) 指令速度=(0.000,0.000,0.000) 指令加速度=(0.000,0.000,nan) 滚转角=0.05度 俯仰角=-0.01度
10:05:57.808158 [轨迹] 序号=1291 单调时间=4772.588152 时间=4772.588 模式=OFFBOARD 起飞状态=未执行起飞 水平控制=位置保持 类型掩码=3520 实际位置NED=(0.053,1.630,-0.244) 实际速度=(-0.000,-0.001,0.001) 最终目标=(0.056,1.599,-0.245) 指令位置=(0.056,1.599,nan) 指令速度=(0.000,0.000,0.000) 指令加速度=(0.000,0.000,nan) 滚转角=0.05度 俯仰角=-0.02度
10:05:57.912142 [轨迹] 序号=1292 单调时间=4772.692069 时间=4772.692 模式=OFFBOARD 起飞状态=未执行起飞 水平控制=位置保持 类型掩码=3520 实际位置NED=(0.053,1.630,-0.244) 实际速度=(-0.000,-0.001,0.001) 最终目标=(0.056,1.599,-0.245) 指令位置=(0.056,1.599,nan) 指令速度=(0.000,0.000,0.000) 指令加速度=(0.000,0.000,nan) 滚转角=0.05度 俯仰角=-0.02度
10:05:58.015724 [轨迹] 序号=1293 单调时间=4772.795574 时间=4772.796 模式=OFFBOARD 起飞状态=未执行起飞 水平控制=位置保持 类型掩码=3520 实际位置NED=(0.053,1.630,-0.244) 实际速度=(-0.000,-0.001,0.001) 最终目标=(0.056,1.599,-0.245) 指令位置=(0.056,1.599,nan) 指令速度=(0.000,0.000,0.000) 指令加速度=(0.000,0.000,nan) 滚转角=0.05度 俯仰角=-0.02度
10:05:58.119237 [轨迹] 序号=1294 单调时间=4772.899090 时间=4772.899 模式=OFFBOARD 起飞状态=未执行起飞 水平控制=位置保持 类型掩码=3520 实际位置NED=(0.053,1.630,-0.244) 实际速度=(-0.000,-0.000,0.001) 最终目标=(0.056,1.599,-0.245) 指令位置=(0.056,1.599,nan) 指令速度=(0.000,0.000,0.000) 指令加速度=(0.000,0.000,nan) 滚转角=0.05度 俯仰角=-0.02度
10:05:58.222464 [轨迹] 序号=1295 单调时间=4773.002471 时间=4773.002 模式=OFFBOARD 起飞状态=未执行起飞 水平控制=位置保持 类型掩码=3520 实际位置NED=(0.053,1.630,-0.244) 实际速度=(-0.000,-0.000,0.001) 最终目标=(0.056,1.599,-0.245) 指令位置=(0.056,1.599,nan) 指令速度=(0.000,0.000,0.000) 指令加速度=(0.000,0.000,nan) 滚转角=0.05度 俯仰角=-0.02度
10:05:58.324171 [轨迹] 序号=1296 单调时间=4773.104104 时间=4773.104 模式=OFFBOARD 起飞状态=未执行起飞 水平控制=位置保持 类型掩码=3520 实际位置NED=(0.053,1.630,-0.244) 实际速度=(-0.000,-0.000,0.001) 最终目标=(0.056,1.599,-0.245) 指令位置=(0.056,1.599,nan) 指令速度=(0.000,0.000,0.000) 指令加速度=(0.000,0.000,nan) 滚转角=0.05度 俯仰角=-0.02度
10:05:58.426543 [轨迹] 序号=1297 单调时间=4773.206444 时间=4773.206 模式=OFFBOARD 起飞状态=未执行起飞 水平控制=位置保持 类型掩码=3520 实际位置NED=(0.053,1.630,-0.244) 实际速度=(-0.000,-0.000,0.001) 最终目标=(0.056,1.599,-0.245) 指令位置=(0.056,1.599,nan) 指令速度=(0.000,0.000,0.000) 指令加速度=(0.000,0.000,nan) 滚转角=0.05度 俯仰角=-0.02度
10:05:58.530121 [轨迹] 序号=1298 单调时间=4773.310078 时间=4773.310 模式=OFFBOARD 起飞状态=未执行起飞 水平控制=位置保持 类型掩码=3520 实际位置NED=(0.053,1.630,-0.244) 实际速度=(-0.000,-0.000,0.001) 最终目标=(0.056,1.599,-0.245) 指令位置=(0.056,1.599,nan) 指令速度=(0.000,0.000,0.000) 指令加速度=(0.000,0.000,nan) 滚转角=0.05度 俯仰角=-0.02度
10:05:58.633554 [轨迹] 序号=1299 单调时间=4773.413487 时间=4773.413 模式=OFFBOARD 起飞状态=未执行起飞 水平控制=位置保持 类型掩码=3520 实际位置NED=(0.053,1.630,-0.244) 实际速度=(-0.000,-0.000,0.001) 最终目标=(0.056,1.599,-0.245) 指令位置=(0.056,1.599,nan) 指令速度=(0.000,0.000,0.000) 指令加速度=(0.000,0.000,nan) 滚转角=0.05度 俯仰角=-0.02度
10:05:58.737480 [轨迹] 序号=1300 单调时间=4773.517303 时间=4773.517 模式=OFFBOARD 起飞状态=未执行起飞 水平控制=位置保持 类型掩码=3520 实际位置NED=(0.053,1.630,-0.244) 实际速度=(-0.000,-0.000,0.001) 最终目标=(0.056,1.599,-0.245) 指令位置=(0.056,1.599,nan) 指令速度=(0.000,0.000,0.000) 指令加速度=(0.000,0.000,nan) 滚转角=0.05度 俯仰角=-0.02度
10:05:58.840967 [轨迹] 序号=1301 单调时间=4773.620727 时间=4773.621 模式=OFFBOARD 起飞状态=未执行起飞 水平控制=位置保持 类型掩码=3520 实际位置NED=(0.053,1.630,-0.244) 实际速度=(-0.000,-0.000,0.001) 最终目标=(0.056,1.599,-0.245) 指令位置=(0.056,1.599,nan) 指令速度=(0.000,0.000,0.000) 指令加速度=(0.000,0.000,nan) 滚转角=0.05度 俯仰角=-0.02度
10:05:58.945400 [轨迹] 序号=1302 单调时间=4773.725138 时间=4773.725 模式=OFFBOARD 起飞状态=未执行起飞 水平控制=位置保持 类型掩码=3520 实际位置NED=(0.053,1.630,-0.244) 实际速度=(-0.000,-0.000,0.001) 最终目标=(0.056,1.599,-0.245) 指令位置=(0.056,1.599,nan) 指令速度=(0.000,0.000,0.000) 指令加速度=(0.000,0.000,nan) 滚转角=0.05度 俯仰角=-0.02度
10:05:59.048661 [轨迹] 序号=1303 单调时间=4773.828431 时间=4773.828 模式=OFFBOARD 起飞状态=未执行起飞 水平控制=位置保持 类型掩码=3520 实际位置NED=(0.053,1.630,-0.244) 实际速度=(-0.000,-0.000,0.001) 最终目标=(0.056,1.599,-0.245) 指令位置=(0.056,1.599,nan) 指令速度=(0.000,0.000,0.000) 指令加速度=(0.000,0.000,nan) 滚转角=0.05度 俯仰角=-0.02度
10:05:59.152973 [轨迹] 序号=1304 单调时间=4773.932700 时间=4773.933 模式=OFFBOARD 起飞状态=未执行起飞 水平控制=位置保持 类型掩码=3520 实际位置NED=(0.053,1.630,-0.244) 实际速度=(-0.000,-0.000,0.001) 最终目标=(0.056,1.599,-0.245) 指令位置=(0.056,1.599,nan) 指令速度=(0.000,0.000,0.000) 指令加速度=(0.000,0.000,nan) 滚转角=0.05度 俯仰角=-0.02度
10:05:59.256888 [轨迹] 序号=1305 单调时间=4774.036675 时间=4774.037 模式=OFFBOARD 起飞状态=未执行起飞 水平控制=位置保持 类型掩码=3520 实际位置NED=(0.053,1.630,-0.244) 实际速度=(-0.000,-0.000,0.001) 最终目标=(0.056,1.599,-0.245) 指令位置=(0.056,1.599,nan) 指令速度=(0.000,0.000,0.000) 指令加速度=(0.000,0.000,nan) 滚转角=0.05度 俯仰角=-0.02度
10:05:59.361647 [轨迹] 序号=1306 单调时间=4774.141473 时间=4774.141 模式=OFFBOARD 起飞状态=未执行起飞 水平控制=位置保持 类型掩码=3520 实际位置NED=(0.053,1.630,-0.244) 实际速度=(-0.000,-0.000,0.001) 最终目标=(0.056,1.599,-0.245) 指令位置=(0.056,1.599,nan) 指令速度=(0.000,0.000,0.000) 指令加速度=(0.000,0.000,nan) 滚转角=0.05度 俯仰角=-0.02度
10:05:59.463832 [轨迹] 序号=1307 单调时间=4774.243518 时间=4774.244 模式=OFFBOARD 起飞状态=未执行起飞 水平控制=位置保持 类型掩码=3520 实际位置NED=(0.053,1.630,-0.244) 实际速度=(-0.000,-0.000,0.001) 最终目标=(0.056,1.599,-0.245) 指令位置=(0.056,1.599,nan) 指令速度=(0.000,0.000,0.000) 指令加速度=(0.000,0.000,nan) 滚转角=0.05度 俯仰角=-0.02度
10:05:59.566203 [轨迹] 序号=1308 单调时间=4774.346126 时间=4774.346 模式=OFFBOARD 起飞状态=未执行起飞 水平控制=位置保持 类型掩码=3520 实际位置NED=(0.053,1.630,-0.244) 实际速度=(-0.000,-0.000,0.001) 最终目标=(0.056,1.599,-0.245) 指令位置=(0.056,1.599,nan) 指令速度=(0.000,0.000,0.000) 指令加速度=(0.000,0.000,nan) 滚转角=0.05度 俯仰角=-0.02度
10:05:59.669539 [轨迹] 序号=1309 单调时间=4774.449476 时间=4774.449 模式=OFFBOARD 起飞状态=未执行起飞 水平控制=位置保持 类型掩码=3520 实际位置NED=(0.053,1.631,-0.244) 实际速度=(-0.000,-0.000,0.001) 最终目标=(0.056,1.599,-0.245) 指令位置=(0.056,1.599,nan) 指令速度=(0.000,0.000,0.000) 指令加速度=(0.000,0.000,nan) 滚转角=0.05度 俯仰角=-0.02度
10:05:59.772737 [轨迹] 序号=1310 单调时间=4774.552719 时间=4774.553 模式=OFFBOARD 起飞状态=未执行起飞 水平控制=位置保持 类型掩码=3520 实际位置NED=(0.053,1.631,-0.244) 实际速度=(-0.000,-0.000,0.001) 最终目标=(0.056,1.599,-0.245) 指令位置=(0.056,1.599,nan) 指令速度=(0.000,0.000,0.000) 指令加速度=(0.000,0.000,nan) 滚转角=0.05度 俯仰角=-0.02度
10:05:59.874985 [轨迹] 序号=1311 单调时间=4774.654996 时间=4774.655 模式=OFFBOARD 起飞状态=未执行起飞 水平控制=位置保持 类型掩码=3520 实际位置NED=(0.053,1.631,-0.244) 实际速度=(0.000,-0.000,0.001) 最终目标=(0.056,1.599,-0.245) 指令位置=(0.056,1.599,nan) 指令速度=(0.000,0.000,0.000) 指令加速度=(0.000,0.000,nan) 滚转角=0.05度 俯仰角=-0.02度
10:05:59.979671 [轨迹] 序号=1312 单调时间=4774.759605 时间=4774.760 模式=OFFBOARD 起飞状态=未执行起飞 水平控制=位置保持 类型掩码=3520 实际位置NED=(0.053,1.631,-0.244) 实际速度=(-0.000,-0.000,0.001) 最终目标=(0.056,1.599,-0.245) 指令位置=(0.056,1.599,nan) 指令速度=(0.000,0.000,0.000) 指令加速度=(0.000,0.000,nan) 滚转角=0.05度 俯仰角=-0.02度
10:06:00.083371 [轨迹] 序号=1313 单调时间=4774.863212 时间=4774.863 模式=OFFBOARD 起飞状态=未执行起飞 水平控制=位置保持 类型掩码=3520 实际位置NED=(0.053,1.631,-0.244) 实际速度=(-0.000,-0.000,0.001) 最终目标=(0.056,1.599,-0.245) 指令位置=(0.056,1.599,nan) 指令速度=(0.000,0.000,0.000) 指令加速度=(0.000,0.000,nan) 滚转角=0.05度 俯仰角=-0.02度
10:06:00.187141 [轨迹] 序号=1314 单调时间=4774.967249 时间=4774.967 模式=OFFBOARD 起飞状态=未执行起飞 水平控制=位置保持 类型掩码=3520 实际位置NED=(0.053,1.631,-0.244) 实际速度=(0.000,-0.000,0.001) 最终目标=(0.056,1.599,-0.245) 指令位置=(0.056,1.599,nan) 指令速度=(0.000,0.000,0.000) 指令加速度=(0.000,0.000,nan) 滚转角=0.05度 俯仰角=-0.02度
10:06:00.290939 [轨迹] 序号=1315 单调时间=4775.070818 时间=4775.071 模式=OFFBOARD 起飞状态=未执行起飞 水平控制=位置保持 类型掩码=3520 实际位置NED=(0.053,1.631,-0.244) 实际速度=(-0.000,-0.000,0.001) 最终目标=(0.056,1.599,-0.245) 指令位置=(0.056,1.599,nan) 指令速度=(0.000,0.000,0.000) 指令加速度=(0.000,0.000,nan) 滚转角=0.05度 俯仰角=-0.02度
10:06:00.394154 [轨迹] 序号=1316 单调时间=4775.174081 时间=4775.174 模式=OFFBOARD 起飞状态=未执行起飞 水平控制=位置保持 类型掩码=3520 实际位置NED=(0.053,1.631,-0.244) 实际速度=(-0.000,0.000,0.001) 最终目标=(0.056,1.599,-0.245) 指令位置=(0.056,1.599,nan) 指令速度=(0.000,0.000,0.000) 指令加速度=(0.000,0.000,nan) 滚转角=0.05度 俯仰角=-0.02度
10:06:00.497793 [轨迹] 序号=1317 单调时间=4775.277662 时间=4775.278 模式=OFFBOARD 起飞状态=未执行起飞 水平控制=位置保持 类型掩码=3520 实际位置NED=(0.053,1.631,-0.244) 实际速度=(-0.000,0.000,0.001) 最终目标=(0.056,1.599,-0.245) 指令位置=(0.056,1.599,nan) 指令速度=(0.000,0.000,0.000) 指令加速度=(0.000,0.000,nan) 滚转角=0.05度 俯仰角=-0.02度
10:06:00.601333 [轨迹] 序号=1318 单调时间=4775.381466 时间=4775.381 模式=OFFBOARD 起飞状态=未执行起飞 水平控制=位置保持 类型掩码=3520 实际位置NED=(0.053,1.631,-0.244) 实际速度=(-0.000,0.000,0.001) 最终目标=(0.056,1.599,-0.245) 指令位置=(0.056,1.599,nan) 指令速度=(0.000,0.000,0.000) 指令加速度=(0.000,0.000,nan) 滚转角=0.05度 俯仰角=-0.02度
10:06:00.705135 [轨迹] 序号=1319 单调时间=4775.485039 时间=4775.485 模式=OFFBOARD 起飞状态=未执行起飞 水平控制=位置保持 类型掩码=3520 实际位置NED=(0.053,1.631,-0.244) 实际速度=(-0.000,0.000,0.001) 最终目标=(0.056,1.599,-0.245) 指令位置=(0.056,1.599,nan) 指令速度=(0.000,0.000,0.000) 指令加速度=(0.000,0.000,nan) 滚转角=0.05度 俯仰角=-0.02度
10:06:00.808728 [轨迹] 序号=1320 单调时间=4775.588648 时间=4775.589 模式=OFFBOARD 起飞状态=未执行起飞 水平控制=位置保持 类型掩码=3520 实际位置NED=(0.053,1.631,-0.244) 实际速度=(-0.000,0.000,0.001) 最终目标=(0.056,1.599,-0.245) 指令位置=(0.056,1.599,nan) 指令速度=(0.000,0.000,0.000) 指令加速度=(0.000,0.000,nan) 滚转角=0.05度 俯仰角=-0.02度
10:06:00.912137 [轨迹] 序号=1321 单调时间=4775.692084 时间=4775.692 模式=OFFBOARD 起飞状态=未执行起飞 水平控制=位置保持 类型掩码=3520 实际位置NED=(0.053,1.631,-0.244) 实际速度=(-0.000,0.000,0.001) 最终目标=(0.056,1.599,-0.245) 指令位置=(0.056,1.599,nan) 指令速度=(0.000,0.000,0.000) 指令加速度=(0.000,0.000,nan) 滚转角=0.05度 俯仰角=-0.02度
10:06:01.016068 [轨迹] 序号=1322 单调时间=4775.795515 时间=4775.796 模式=OFFBOARD 起飞状态=未执行起飞 水平控制=位置保持 类型掩码=3520 实际位置NED=(0.053,1.631,-0.244) 实际速度=(-0.000,0.000,0.001) 最终目标=(0.056,1.599,-0.245) 指令位置=(0.056,1.599,nan) 指令速度=(0.000,0.000,0.000) 指令加速度=(0.000,0.000,nan) 滚转角=0.05度 俯仰角=-0.02度
10:06:01.119669 [轨迹] 序号=1323 单调时间=4775.899548 时间=4775.900 模式=OFFBOARD 起飞状态=未执行起飞 水平控制=位置保持 类型掩码=3520 实际位置NED=(0.053,1.631,-0.244) 实际速度=(-0.000,0.000,0.001) 最终目标=(0.056,1.599,-0.245) 指令位置=(0.056,1.599,nan) 指令速度=(0.000,0.000,0.000) 指令加速度=(0.000,0.000,nan) 滚转角=0.05度 俯仰角=-0.02度
10:06:01.222780 [轨迹] 序号=1324 单调时间=4776.002659 时间=4776.003 模式=OFFBOARD 起飞状态=未执行起飞 水平控制=位置保持 类型掩码=3520 实际位置NED=(0.053,1.631,-0.244) 实际速度=(-0.001,0.000,0.001) 最终目标=(0.056,1.599,-0.245) 指令位置=(0.056,1.599,nan) 指令速度=(0.000,0.000,0.000) 指令加速度=(0.000,0.000,nan) 滚转角=0.05度 俯仰角=-0.02度
10:06:01.326728 [轨迹] 序号=1325 单调时间=4776.106479 时间=4776.106 模式=OFFBOARD 起飞状态=未执行起飞 水平控制=位置保持 类型掩码=3520 实际位置NED=(0.053,1.631,-0.244) 实际速度=(-0.001,0.000,0.001) 最终目标=(0.056,1.599,-0.245) 指令位置=(0.056,1.599,nan) 指令速度=(0.000,0.000,0.000) 指令加速度=(0.000,0.000,nan) 滚转角=0.05度 俯仰角=-0.02度
10:06:01.430058 [轨迹] 序号=1326 单调时间=4776.209985 时间=4776.210 模式=OFFBOARD 起飞状态=未执行起飞 水平控制=位置保持 类型掩码=3520 实际位置NED=(0.053,1.631,-0.244) 实际速度=(-0.001,0.000,0.001) 最终目标=(0.056,1.599,-0.245) 指令位置=(0.056,1.599,nan) 指令速度=(0.000,0.000,0.000) 指令加速度=(0.000,0.000,nan) 滚转角=0.05度 俯仰角=-0.02度
10:06:01.533977 [轨迹] 序号=1327 单调时间=4776.313776 时间=4776.314 模式=OFFBOARD 起飞状态=未执行起飞 水平控制=位置保持 类型掩码=3520 实际位置NED=(0.053,1.631,-0.244) 实际速度=(-0.000,0.000,0.001) 最终目标=(0.056,1.599,-0.245) 指令位置=(0.056,1.599,nan) 指令速度=(0.000,0.000,0.000) 指令加速度=(0.000,0.000,nan) 滚转角=0.05度 俯仰角=-0.02度
10:06:01.638455 [轨迹] 序号=1328 单调时间=4776.418333 时间=4776.418 模式=OFFBOARD 起飞状态=未执行起飞 水平控制=位置保持 类型掩码=3520 实际位置NED=(0.053,1.631,-0.244) 实际速度=(-0.000,0.000,0.002) 最终目标=(0.056,1.599,-0.245) 指令位置=(0.056,1.599,nan) 指令速度=(0.000,0.000,0.000) 指令加速度=(0.000,0.000,nan) 滚转角=0.05度 俯仰角=-0.02度
10:06:01.742263 [轨迹] 序号=1329 单调时间=4776.522123 时间=4776.522 模式=OFFBOARD 起飞状态=未执行起飞 水平控制=位置保持 类型掩码=3520 实际位置NED=(0.053,1.631,-0.244) 实际速度=(-0.000,0.000,0.002) 最终目标=(0.056,1.599,-0.245) 指令位置=(0.056,1.599,nan) 指令速度=(0.000,0.000,0.000) 指令加速度=(0.000,0.000,nan) 滚转角=0.05度 俯仰角=-0.02度
10:06:01.845719 [轨迹] 序号=1330 单调时间=4776.625756 时间=4776.626 模式=OFFBOARD 起飞状态=未执行起飞 水平控制=位置保持 类型掩码=3520 实际位置NED=(0.053,1.631,-0.244) 实际速度=(-0.000,0.000,0.001) 最终目标=(0.056,1.599,-0.245) 指令位置=(0.056,1.599,nan) 指令速度=(0.000,0.000,0.000) 指令加速度=(0.000,0.000,nan) 滚转角=0.05度 俯仰角=-0.02度
10:06:01.948857 [轨迹] 序号=1331 单调时间=4776.728940 时间=4776.729 模式=OFFBOARD 起飞状态=未执行起飞 水平控制=位置保持 类型掩码=3520 实际位置NED=(0.053,1.631,-0.244) 实际速度=(-0.000,0.000,0.001) 最终目标=(0.056,1.599,-0.245) 指令位置=(0.056,1.599,nan) 指令速度=(0.000,0.000,0.000) 指令加速度=(0.000,0.000,nan) 滚转角=0.05度 俯仰角=-0.02度
10:06:02.052416 [轨迹] 序号=1332 单调时间=4776.832322 时间=4776.832 模式=OFFBOARD 起飞状态=未执行起飞 水平控制=位置保持 类型掩码=3520 实际位置NED=(0.053,1.631,-0.244) 实际速度=(-0.000,0.000,0.001) 最终目标=(0.056,1.599,-0.245) 指令位置=(0.056,1.599,nan) 指令速度=(0.000,0.000,0.000) 指令加速度=(0.000,0.000,nan) 滚转角=0.05度 俯仰角=-0.02度
10:06:02.156073 [轨迹] 序号=1333 单调时间=4776.935915 时间=4776.936 模式=OFFBOARD 起飞状态=未执行起飞 水平控制=位置保持 类型掩码=3520 实际位置NED=(0.053,1.631,-0.244) 实际速度=(-0.000,-0.000,0.001) 最终目标=(0.056,1.599,-0.245) 指令位置=(0.056,1.599,nan) 指令速度=(0.000,0.000,0.000) 指令加速度=(0.000,0.000,nan) 滚转角=0.05度 俯仰角=-0.02度
10:06:02.259722 [轨迹] 序号=1334 单调时间=4777.039599 时间=4777.040 模式=OFFBOARD 起飞状态=未执行起飞 水平控制=位置保持 类型掩码=3520 实际位置NED=(0.053,1.631,-0.244) 实际速度=(-0.000,0.000,0.001) 最终目标=(0.056,1.599,-0.245) 指令位置=(0.056,1.599,nan) 指令速度=(0.000,0.000,0.000) 指令加速度=(0.000,0.000,nan) 滚转角=0.05度 俯仰角=-0.02度
10:06:02.360225 [轨迹] 序号=1335 单调时间=4777.140120 时间=4777.140 模式=OFFBOARD 起飞状态=未执行起飞 水平控制=位置保持 类型掩码=3520 实际位置NED=(0.053,1.631,-0.244) 实际速度=(-0.000,0.000,0.001) 最终目标=(0.056,1.599,-0.245) 指令位置=(0.056,1.599,nan) 指令速度=(0.000,0.000,0.000) 指令加速度=(0.000,0.000,nan) 滚转角=0.05度 俯仰角=-0.02度
10:06:02.460216 [轨迹] 序号=1336 单调时间=4777.240157 时间=4777.240 模式=OFFBOARD 起飞状态=未执行起飞 水平控制=位置保持 类型掩码=3520 实际位置NED=(0.053,1.631,-0.244) 实际速度=(-0.000,0.000,0.001) 最终目标=(0.056,1.599,-0.245) 指令位置=(0.056,1.599,nan) 指令速度=(0.000,0.000,0.000) 指令加速度=(0.000,0.000,nan) 滚转角=0.05度 俯仰角=-0.02度
10:06:02.563983 [轨迹] 序号=1337 单调时间=4777.343860 时间=4777.344 模式=OFFBOARD 起飞状态=未执行起飞 水平控制=位置保持 类型掩码=3520 实际位置NED=(0.053,1.631,-0.244) 实际速度=(-0.000,0.000,0.001) 最终目标=(0.056,1.599,-0.245) 指令位置=(0.056,1.599,nan) 指令速度=(0.000,0.000,0.000) 指令加速度=(0.000,0.000,nan) 滚转角=0.05度 俯仰角=-0.02度
10:06:02.667380 [轨迹] 序号=1338 单调时间=4777.447240 时间=4777.447 模式=OFFBOARD 起飞状态=未执行起飞 水平控制=位置保持 类型掩码=3520 实际位置NED=(0.053,1.631,-0.244) 实际速度=(-0.000,0.000,0.001) 最终目标=(0.056,1.599,-0.245) 指令位置=(0.056,1.599,nan) 指令速度=(0.000,0.000,0.000) 指令加速度=(0.000,0.000,nan) 滚转角=0.05度 俯仰角=-0.02度
10:06:02.770680 [轨迹] 序号=1339 单调时间=4777.550664 时间=4777.551 模式=OFFBOARD 起飞状态=未执行起飞 水平控制=位置保持 类型掩码=3520 实际位置NED=(0.053,1.631,-0.244) 实际速度=(-0.000,0.000,0.001) 最终目标=(0.056,1.599,-0.245) 指令位置=(0.056,1.599,nan) 指令速度=(0.000,0.000,0.000) 指令加速度=(0.000,0.000,nan) 滚转角=0.05度 俯仰角=-0.02度
10:06:02.874219 [轨迹] 序号=1340 单调时间=4777.654319 时间=4777.654 模式=OFFBOARD 起飞状态=未执行起飞 水平控制=位置保持 类型掩码=3520 实际位置NED=(0.053,1.631,-0.244) 实际速度=(-0.000,0.000,0.001) 最终目标=(0.056,1.599,-0.245) 指令位置=(0.056,1.599,nan) 指令速度=(0.000,0.000,0.000) 指令加速度=(0.000,0.000,nan) 滚转角=0.05度 俯仰角=-0.02度
10:06:02.977285 [轨迹] 序号=1341 单调时间=4777.757208 时间=4777.757 模式=OFFBOARD 起飞状态=未执行起飞 水平控制=位置保持 类型掩码=3520 实际位置NED=(0.053,1.631,-0.244) 实际速度=(-0.000,0.000,0.001) 最终目标=(0.056,1.599,-0.245) 指令位置=(0.056,1.599,nan) 指令速度=(0.000,0.000,0.000) 指令加速度=(0.000,0.000,nan) 滚转角=0.05度 俯仰角=-0.02度
10:06:03.080156 [轨迹] 序号=1342 单调时间=4777.860097 时间=4777.860 模式=OFFBOARD 起飞状态=未执行起飞 水平控制=位置保持 类型掩码=3520 实际位置NED=(0.053,1.631,-0.244) 实际速度=(-0.000,0.000,0.001) 最终目标=(0.056,1.599,-0.245) 指令位置=(0.056,1.599,nan) 指令速度=(0.000,0.000,0.000) 指令加速度=(0.000,0.000,nan) 滚转角=0.05度 俯仰角=-0.02度
10:06:03.183855 [轨迹] 序号=1343 单调时间=4777.963581 时间=4777.964 模式=OFFBOARD 起飞状态=未执行起飞 水平控制=位置保持 类型掩码=3520 实际位置NED=(0.053,1.631,-0.244) 实际速度=(-0.000,0.000,0.001) 最终目标=(0.056,1.599,-0.245) 指令位置=(0.056,1.599,nan) 指令速度=(0.000,0.000,0.000) 指令加速度=(0.000,0.000,nan) 滚转角=0.05度 俯仰角=-0.02度
10:06:03.287442 [轨迹] 序号=1344 单调时间=4778.067204 时间=4778.067 模式=OFFBOARD 起飞状态=未执行起飞 水平控制=位置保持 类型掩码=3520 实际位置NED=(0.053,1.631,-0.244) 实际速度=(-0.000,0.000,0.001) 最终目标=(0.056,1.599,-0.245) 指令位置=(0.056,1.599,nan) 指令速度=(0.000,0.000,0.000) 指令加速度=(0.000,0.000,nan) 滚转角=0.05度 俯仰角=-0.02度
10:06:03.396325 [轨迹] 序号=1345 单调时间=4778.176275 时间=4778.176 模式=OFFBOARD 起飞状态=未执行起飞 水平控制=位置保持 类型掩码=3520 实际位置NED=(0.053,1.631,-0.244) 实际速度=(-0.000,0.000,0.001) 最终目标=(0.056,1.599,-0.245) 指令位置=(0.056,1.599,nan) 指令速度=(0.000,0.000,0.000) 指令加速度=(0.000,0.000,nan) 滚转角=0.05度 俯仰角=-0.02度
10:06:03.498833 [轨迹] 序号=1346 单调时间=4778.278767 时间=4778.279 模式=OFFBOARD 起飞状态=未执行起飞 水平控制=位置保持 类型掩码=3520 实际位置NED=(0.053,1.631,-0.244) 实际速度=(-0.001,0.000,0.001) 最终目标=(0.056,1.599,-0.245) 指令位置=(0.056,1.599,nan) 指令速度=(0.000,0.000,0.000) 指令加速度=(0.000,0.000,nan) 滚转角=0.05度 俯仰角=-0.02度
10:06:03.601776 [轨迹] 序号=1347 单调时间=4778.381773 时间=4778.382 模式=OFFBOARD 起飞状态=未执行起飞 水平控制=位置保持 类型掩码=3520 实际位置NED=(0.053,1.631,-0.244) 实际速度=(-0.001,0.000,0.001) 最终目标=(0.056,1.599,-0.245) 指令位置=(0.056,1.599,nan) 指令速度=(0.000,0.000,0.000) 指令加速度=(0.000,0.000,nan) 滚转角=0.05度 俯仰角=-0.02度
10:06:03.706558 [轨迹] 序号=1348 单调时间=4778.486610 时间=4778.487 模式=OFFBOARD 起飞状态=未执行起飞 水平控制=位置保持 类型掩码=3520 实际位置NED=(0.053,1.631,-0.244) 实际速度=(-0.001,0.000,0.001) 最终目标=(0.056,1.599,-0.245) 指令位置=(0.056,1.599,nan) 指令速度=(0.000,0.000,0.000) 指令加速度=(0.000,0.000,nan) 滚转角=0.05度 俯仰角=-0.02度
10:06:03.809782 [轨迹] 序号=1349 单调时间=4778.589779 时间=4778.590 模式=OFFBOARD 起飞状态=未执行起飞 水平控制=位置保持 类型掩码=3520 实际位置NED=(0.053,1.632,-0.244) 实际速度=(-0.001,0.000,0.001) 最终目标=(0.056,1.599,-0.245) 指令位置=(0.056,1.599,nan) 指令速度=(0.000,0.000,0.000) 指令加速度=(0.000,0.000,nan) 滚转角=0.05度 俯仰角=-0.02度
10:06:03.912883 [轨迹] 序号=1350 单调时间=4778.692774 时间=4778.693 模式=OFFBOARD 起飞状态=未执行起飞 水平控制=位置保持 类型掩码=3520 实际位置NED=(0.053,1.632,-0.244) 实际速度=(-0.001,0.000,0.001) 最终目标=(0.056,1.599,-0.245) 指令位置=(0.056,1.599,nan) 指令速度=(0.000,0.000,0.000) 指令加速度=(0.000,0.000,nan) 滚转角=0.05度 俯仰角=-0.02度
10:06:04.017354 [轨迹] 序号=1351 单调时间=4778.797347 时间=4778.797 模式=OFFBOARD 起飞状态=未执行起飞 水平控制=位置保持 类型掩码=3520 实际位置NED=(0.053,1.632,-0.244) 实际速度=(-0.001,0.000,0.001) 最终目标=(0.056,1.599,-0.245) 指令位置=(0.056,1.599,nan) 指令速度=(0.000,0.000,0.000) 指令加速度=(0.000,0.000,nan) 滚转角=0.05度 俯仰角=-0.02度
10:06:04.119217 [轨迹] 序号=1352 单调时间=4778.899164 时间=4778.899 模式=OFFBOARD 起飞状态=未执行起飞 水平控制=位置保持 类型掩码=3520 实际位置NED=(0.053,1.632,-0.244) 实际速度=(-0.000,0.000,0.001) 最终目标=(0.056,1.599,-0.245) 指令位置=(0.056,1.599,nan) 指令速度=(0.000,0.000,0.000) 指令加速度=(0.000,0.000,nan) 滚转角=0.05度 俯仰角=-0.02度
10:06:04.222572 [轨迹] 序号=1353 单调时间=4779.002027 时间=4779.002 模式=OFFBOARD 起飞状态=未执行起飞 水平控制=位置保持 类型掩码=3520 实际位置NED=(0.053,1.632,-0.244) 实际速度=(-0.000,0.000,0.001) 最终目标=(0.056,1.599,-0.245) 指令位置=(0.056,1.599,nan) 指令速度=(0.000,0.000,0.000) 指令加速度=(0.000,0.000,nan) 滚转角=0.05度 俯仰角=-0.02度
10:06:04.325894 [轨迹] 序号=1354 单调时间=4779.105656 时间=4779.106 模式=OFFBOARD 起飞状态=未执行起飞 水平控制=位置保持 类型掩码=3520 实际位置NED=(0.053,1.632,-0.244) 实际速度=(-0.000,0.000,0.001) 最终目标=(0.056,1.599,-0.245) 指令位置=(0.056,1.599,nan) 指令速度=(0.000,0.000,0.000) 指令加速度=(0.000,0.000,nan) 滚转角=0.05度 俯仰角=-0.02度
10:06:04.441852 [轨迹] 序号=1355 单调时间=4779.221807 时间=4779.222 模式=OFFBOARD 起飞状态=未执行起飞 水平控制=位置保持 类型掩码=3520 实际位置NED=(0.053,1.632,-0.244) 实际速度=(-0.000,0.000,0.001) 最终目标=(0.056,1.599,-0.245) 指令位置=(0.056,1.599,nan) 指令速度=(0.000,0.000,0.000) 指令加速度=(0.000,0.000,nan) 滚转角=0.04度 俯仰角=-0.02度
10:06:04.545607 [轨迹] 序号=1356 单调时间=4779.325304 时间=4779.325 模式=OFFBOARD 起飞状态=未执行起飞 水平控制=位置保持 类型掩码=3520 实际位置NED=(0.053,1.632,-0.244) 实际速度=(-0.000,0.000,0.001) 最终目标=(0.056,1.599,-0.245) 指令位置=(0.056,1.599,nan) 指令速度=(0.000,0.000,0.000) 指令加速度=(0.000,0.000,nan) 滚转角=0.05度 俯仰角=-0.02度
10:06:04.648891 [轨迹] 序号=1357 单调时间=4779.428694 时间=4779.429 模式=OFFBOARD 起飞状态=未执行起飞 水平控制=位置保持 类型掩码=3520 实际位置NED=(0.053,1.632,-0.244) 实际速度=(-0.000,0.000,0.001) 最终目标=(0.056,1.599,-0.245) 指令位置=(0.056,1.599,nan) 指令速度=(0.000,0.000,0.000) 指令加速度=(0.000,0.000,nan) 滚转角=0.04度 俯仰角=-0.02度
10:06:04.752812 [轨迹] 序号=1358 单调时间=4779.532578 时间=4779.533 模式=OFFBOARD 起飞状态=未执行起飞 水平控制=位置保持 类型掩码=3520 实际位置NED=(0.053,1.632,-0.244) 实际速度=(-0.000,0.000,0.001) 最终目标=(0.056,1.599,-0.245) 指令位置=(0.056,1.599,nan) 指令速度=(0.000,0.000,0.000) 指令加速度=(0.000,0.000,nan) 滚转角=0.04度 俯仰角=-0.02度
10:06:04.856087 [轨迹] 序号=1359 单调时间=4779.635992 时间=4779.636 模式=OFFBOARD 起飞状态=未执行起飞 水平控制=位置保持 类型掩码=3520 实际位置NED=(0.053,1.632,-0.244) 实际速度=(-0.000,0.000,0.001) 最终目标=(0.056,1.599,-0.245) 指令位置=(0.056,1.599,nan) 指令速度=(0.000,0.000,0.000) 指令加速度=(0.000,0.000,nan) 滚转角=0.04度 俯仰角=-0.02度
10:06:04.960125 [轨迹] 序号=1360 单调时间=4779.740069 时间=4779.740 模式=OFFBOARD 起飞状态=未执行起飞 水平控制=位置保持 类型掩码=3520 实际位置NED=(0.053,1.632,-0.244) 实际速度=(-0.000,0.000,0.001) 最终目标=(0.056,1.599,-0.245) 指令位置=(0.056,1.599,nan) 指令速度=(0.000,0.000,0.000) 指令加速度=(0.000,0.000,nan) 滚转角=0.04度 俯仰角=-0.02度
10:06:05.064196 [轨迹] 序号=1361 单调时间=4779.843809 时间=4779.844 模式=OFFBOARD 起飞状态=未执行起飞 水平控制=位置保持 类型掩码=3520 实际位置NED=(0.052,1.632,-0.244) 实际速度=(0.000,0.000,0.001) 最终目标=(0.056,1.599,-0.245) 指令位置=(0.056,1.599,nan) 指令速度=(0.000,0.000,0.000) 指令加速度=(0.000,0.000,nan) 滚转角=0.04度 俯仰角=-0.02度
10:06:05.167445 [轨迹] 序号=1362 单调时间=4779.947288 时间=4779.947 模式=OFFBOARD 起飞状态=未执行起飞 水平控制=位置保持 类型掩码=3520 实际位置NED=(0.052,1.632,-0.244) 实际速度=(0.000,0.000,0.001) 最终目标=(0.056,1.599,-0.245) 指令位置=(0.056,1.599,nan) 指令速度=(0.000,0.000,0.000) 指令加速度=(0.000,0.000,nan) 滚转角=0.04度 俯仰角=-0.02度
10:06:05.271675 [轨迹] 序号=1363 单调时间=4780.051529 时间=4780.052 模式=OFFBOARD 起飞状态=未执行起飞 水平控制=位置保持 类型掩码=3520 实际位置NED=(0.052,1.632,-0.244) 实际速度=(-0.000,0.000,0.001) 最终目标=(0.056,1.599,-0.245) 指令位置=(0.056,1.599,nan) 指令速度=(0.000,0.000,0.000) 指令加速度=(0.000,0.000,nan) 滚转角=0.04度 俯仰角=-0.02度
10:06:05.372737 [轨迹] 序号=1364 单调时间=4780.152617 时间=4780.153 模式=OFFBOARD 起飞状态=未执行起飞 水平控制=位置保持 类型掩码=3520 实际位置NED=(0.052,1.632,-0.244) 实际速度=(-0.000,0.001,0.001) 最终目标=(0.056,1.599,-0.245) 指令位置=(0.056,1.599,nan) 指令速度=(0.000,0.000,0.000) 指令加速度=(0.000,0.000,nan) 滚转角=0.04度 俯仰角=-0.02度
10:06:05.476201 [轨迹] 序号=1365 单调时间=4780.256096 时间=4780.256 模式=OFFBOARD 起飞状态=未执行起飞 水平控制=位置保持 类型掩码=3520 实际位置NED=(0.052,1.632,-0.244) 实际速度=(-0.000,0.001,0.001) 最终目标=(0.056,1.599,-0.245) 指令位置=(0.056,1.599,nan) 指令速度=(0.000,0.000,0.000) 指令加速度=(0.000,0.000,nan) 滚转角=0.04度 俯仰角=-0.02度
10:06:05.580160 [轨迹] 序号=1366 单调时间=4780.359985 时间=4780.360 模式=OFFBOARD 起飞状态=未执行起飞 水平控制=位置保持 类型掩码=3520 实际位置NED=(0.052,1.632,-0.244) 实际速度=(-0.000,0.001,0.001) 最终目标=(0.056,1.599,-0.245) 指令位置=(0.056,1.599,nan) 指令速度=(0.000,0.000,0.000) 指令加速度=(0.000,0.000,nan) 滚转角=0.04度 俯仰角=-0.02度
10:06:05.683462 [轨迹] 序号=1367 单调时间=4780.463394 时间=4780.463 模式=OFFBOARD 起飞状态=未执行起飞 水平控制=位置保持 类型掩码=3520 实际位置NED=(0.052,1.632,-0.244) 实际速度=(-0.000,0.001,0.001) 最终目标=(0.056,1.599,-0.245) 指令位置=(0.056,1.599,nan) 指令速度=(0.000,0.000,0.000) 指令加速度=(0.000,0.000,nan) 滚转角=0.04度 俯仰角=-0.02度
10:06:05.786871 [轨迹] 序号=1368 单调时间=4780.566751 时间=4780.567 模式=OFFBOARD 起飞状态=未执行起飞 水平控制=位置保持 类型掩码=3520 实际位置NED=(0.052,1.632,-0.244) 实际速度=(-0.000,0.001,0.001) 最终目标=(0.056,1.599,-0.245) 指令位置=(0.056,1.599,nan) 指令速度=(0.000,0.000,0.000) 指令加速度=(0.000,0.000,nan) 滚转角=0.04度 俯仰角=-0.02度
10:06:05.890732 [轨迹] 序号=1369 单调时间=4780.670572 时间=4780.671 模式=OFFBOARD 起飞状态=未执行起飞 水平控制=位置保持 类型掩码=3520 实际位置NED=(0.052,1.632,-0.244) 实际速度=(0.000,0.001,0.001) 最终目标=(0.056,1.599,-0.245) 指令位置=(0.056,1.599,nan) 指令速度=(0.000,0.000,0.000) 指令加速度=(0.000,0.000,nan) 滚转角=0.04度 俯仰角=-0.02度
10:06:05.994336 [轨迹] 序号=1370 单调时间=4780.774265 时间=4780.774 模式=OFFBOARD 起飞状态=未执行起飞 水平控制=位置保持 类型掩码=3520 实际位置NED=(0.052,1.632,-0.244) 实际速度=(0.000,0.001,0.001) 最终目标=(0.056,1.599,-0.245) 指令位置=(0.056,1.599,nan) 指令速度=(0.000,0.000,0.000) 指令加速度=(0.000,0.000,nan) 滚转角=0.04度 俯仰角=-0.02度
10:06:06.097558 [轨迹] 序号=1371 单调时间=4780.877369 时间=4780.877 模式=OFFBOARD 起飞状态=未执行起飞 水平控制=位置保持 类型掩码=3520 实际位置NED=(0.052,1.632,-0.244) 实际速度=(0.000,0.001,0.001) 最终目标=(0.056,1.599,-0.245) 指令位置=(0.056,1.599,nan) 指令速度=(0.000,0.000,0.000) 指令加速度=(0.000,0.000,nan) 滚转角=0.04度 俯仰角=-0.02度
10:06:06.200749 [轨迹] 序号=1372 单调时间=4780.980650 时间=4780.981 模式=OFFBOARD 起飞状态=未执行起飞 水平控制=位置保持 类型掩码=3520 实际位置NED=(0.052,1.632,-0.244) 实际速度=(0.000,0.001,0.001) 最终目标=(0.056,1.599,-0.245) 指令位置=(0.056,1.599,nan) 指令速度=(0.000,0.000,0.000) 指令加速度=(0.000,0.000,nan) 滚转角=0.04度 俯仰角=-0.02度
10:06:06.304129 [轨迹] 序号=1373 单调时间=4781.084077 时间=4781.084 模式=OFFBOARD 起飞状态=未执行起飞 水平控制=位置保持 类型掩码=3520 实际位置NED=(0.052,1.632,-0.244) 实际速度=(0.000,0.001,0.001) 最终目标=(0.056,1.599,-0.245) 指令位置=(0.056,1.599,nan) 指令速度=(0.000,0.000,0.000) 指令加速度=(0.000,0.000,nan) 滚转角=0.04度 俯仰角=-0.02度
10:06:06.407895 [轨迹] 序号=1374 单调时间=4781.187773 时间=4781.188 模式=OFFBOARD 起飞状态=未执行起飞 水平控制=位置保持 类型掩码=3520 实际位置NED=(0.052,1.632,-0.244) 实际速度=(0.000,0.001,0.001) 最终目标=(0.056,1.599,-0.245) 指令位置=(0.056,1.599,nan) 指令速度=(0.000,0.000,0.000) 指令加速度=(0.000,0.000,nan) 滚转角=0.04度 俯仰角=-0.02度
10:06:06.507867 [轨迹] 序号=1375 单调时间=4781.287804 时间=4781.288 模式=OFFBOARD 起飞状态=未执行起飞 水平控制=位置保持 类型掩码=3520 实际位置NED=(0.052,1.632,-0.244) 实际速度=(0.000,0.000,0.001) 最终目标=(0.056,1.599,-0.245) 指令位置=(0.056,1.599,nan) 指令速度=(0.000,0.000,0.000) 指令加速度=(0.000,0.000,nan) 滚转角=0.04度 俯仰角=-0.02度
10:06:06.611009 [轨迹] 序号=1376 单调时间=4781.390449 时间=4781.390 模式=OFFBOARD 起飞状态=未执行起飞 水平控制=位置保持 类型掩码=3520 实际位置NED=(0.052,1.632,-0.244) 实际速度=(0.000,0.000,0.001) 最终目标=(0.056,1.599,-0.245) 指令位置=(0.056,1.599,nan) 指令速度=(0.000,0.000,0.000) 指令加速度=(0.000,0.000,nan) 滚转角=0.04度 俯仰角=-0.02度
10:06:06.714590 [轨迹] 序号=1377 单调时间=4781.494542 时间=4781.495 模式=OFFBOARD 起飞状态=未执行起飞 水平控制=位置保持 类型掩码=3520 实际位置NED=(0.052,1.632,-0.244) 实际速度=(-0.000,0.000,0.001) 最终目标=(0.056,1.599,-0.245) 指令位置=(0.056,1.599,nan) 指令速度=(0.000,0.000,0.000) 指令加速度=(0.000,0.000,nan) 滚转角=0.04度 俯仰角=-0.02度
10:06:06.818015 [轨迹] 序号=1378 单调时间=4781.598016 时间=4781.598 模式=OFFBOARD 起飞状态=未执行起飞 水平控制=位置保持 类型掩码=3520 实际位置NED=(0.052,1.632,-0.244) 实际速度=(-0.000,0.000,0.001) 最终目标=(0.056,1.599,-0.245) 指令位置=(0.056,1.599,nan) 指令速度=(0.000,0.000,0.000) 指令加速度=(0.000,0.000,nan) 滚转角=0.04度 俯仰角=-0.02度
10:06:06.920980 [轨迹] 序号=1379 单调时间=4781.701050 时间=4781.701 模式=OFFBOARD 起飞状态=未执行起飞 水平控制=位置保持 类型掩码=3520 实际位置NED=(0.052,1.632,-0.244) 实际速度=(-0.000,0.001,0.001) 最终目标=(0.056,1.599,-0.245) 指令位置=(0.056,1.599,nan) 指令速度=(0.000,0.000,0.000) 指令加速度=(0.000,0.000,nan) 滚转角=0.04度 俯仰角=-0.02度
10:06:07.024217 [轨迹] 序号=1380 单调时间=4781.804047 时间=4781.804 模式=OFFBOARD 起飞状态=未执行起飞 水平控制=位置保持 类型掩码=3520 实际位置NED=(0.052,1.632,-0.244) 实际速度=(-0.000,0.000,0.001) 最终目标=(0.056,1.599,-0.245) 指令位置=(0.056,1.599,nan) 指令速度=(0.000,0.000,0.000) 指令加速度=(0.000,0.000,nan) 滚转角=0.05度 俯仰角=-0.02度
10:06:07.128117 [轨迹] 序号=1381 单调时间=4781.907695 时间=4781.908 模式=OFFBOARD 起飞状态=未执行起飞 水平控制=位置保持 类型掩码=3520 实际位置NED=(0.052,1.632,-0.244) 实际速度=(-0.000,0.000,0.001) 最终目标=(0.056,1.599,-0.245) 指令位置=(0.056,1.599,nan) 指令速度=(0.000,0.000,0.000) 指令加速度=(0.000,0.000,nan) 滚转角=0.05度 俯仰角=-0.02度
10:06:07.231451 [轨迹] 序号=1382 单调时间=4782.011398 时间=4782.011 模式=OFFBOARD 起飞状态=未执行起飞 水平控制=位置保持 类型掩码=3520 实际位置NED=(0.052,1.632,-0.244) 实际速度=(-0.000,0.000,0.000) 最终目标=(0.056,1.599,-0.245) 指令位置=(0.056,1.599,nan) 指令速度=(0.000,0.000,0.000) 指令加速度=(0.000,0.000,nan) 滚转角=0.05度 俯仰角=-0.02度
10:06:07.334483 [轨迹] 序号=1383 单调时间=4782.114603 时间=4782.115 模式=OFFBOARD 起飞状态=未执行起飞 水平控制=位置保持 类型掩码=3520 实际位置NED=(0.052,1.632,-0.244) 实际速度=(-0.000,0.000,0.000) 最终目标=(0.056,1.599,-0.245) 指令位置=(0.056,1.599,nan) 指令速度=(0.000,0.000,0.000) 指令加速度=(0.000,0.000,nan) 滚转角=0.05度 俯仰角=-0.02度
10:06:07.436928 [轨迹] 序号=1384 单调时间=4782.216892 时间=4782.217 模式=OFFBOARD 起飞状态=未执行起飞 水平控制=位置保持 类型掩码=3520 实际位置NED=(0.052,1.632,-0.244) 实际速度=(0.000,0.000,0.000) 最终目标=(0.056,1.599,-0.245) 指令位置=(0.056,1.599,nan) 指令速度=(0.000,0.000,0.000) 指令加速度=(0.000,0.000,nan) 滚转角=0.04度 俯仰角=-0.02度
10:06:07.541683 [轨迹] 序号=1385 单调时间=4782.321530 时间=4782.322 模式=OFFBOARD 起飞状态=未执行起飞 水平控制=位置保持 类型掩码=3520 实际位置NED=(0.052,1.632,-0.244) 实际速度=(0.000,0.000,0.000) 最终目标=(0.056,1.599,-0.245) 指令位置=(0.056,1.599,nan) 指令速度=(0.000,0.000,0.000) 指令加速度=(0.000,0.000,nan) 滚转角=0.04度 俯仰角=-0.02度
10:06:07.642954 [轨迹] 序号=1386 单调时间=4782.422763 时间=4782.423 模式=OFFBOARD 起飞状态=未执行起飞 水平控制=位置保持 类型掩码=3520 实际位置NED=(0.051,1.632,-0.244) 实际速度=(0.000,-0.000,0.000) 最终目标=(0.056,1.599,-0.245) 指令位置=(0.056,1.599,nan) 指令速度=(0.000,0.000,0.000) 指令加速度=(0.000,0.000,nan) 滚转角=0.05度 俯仰角=-0.02度
10:06:07.746317 [轨迹] 序号=1387 单调时间=4782.526183 时间=4782.526 模式=OFFBOARD 起飞状态=未执行起飞 水平控制=位置保持 类型掩码=3520 实际位置NED=(0.051,1.632,-0.244) 实际速度=(0.000,-0.000,0.000) 最终目标=(0.056,1.599,-0.245) 指令位置=(0.056,1.599,nan) 指令速度=(0.000,0.000,0.000) 指令加速度=(0.000,0.000,nan) 滚转角=0.05度 俯仰角=-0.02度
10:06:07.849403 [轨迹] 序号=1388 单调时间=4782.629396 时间=4782.629 模式=OFFBOARD 起飞状态=未执行起飞 水平控制=位置保持 类型掩码=3520 实际位置NED=(0.051,1.632,-0.244) 实际速度=(0.000,-0.000,0.000) 最终目标=(0.056,1.599,-0.245) 指令位置=(0.056,1.599,nan) 指令速度=(0.000,0.000,0.000) 指令加速度=(0.000,0.000,nan) 滚转角=0.05度 俯仰角=-0.02度
10:06:07.952549 [轨迹] 序号=1389 单调时间=4782.732493 时间=4782.732 模式=OFFBOARD 起飞状态=未执行起飞 水平控制=位置保持 类型掩码=3520 实际位置NED=(0.051,1.632,-0.244) 实际速度=(0.000,0.000,0.000) 最终目标=(0.056,1.599,-0.245) 指令位置=(0.056,1.599,nan) 指令速度=(0.000,0.000,0.000) 指令加速度=(0.000,0.000,nan) 滚转角=0.05度 俯仰角=-0.02度
10:06:08.055523 [轨迹] 序号=1390 单调时间=4782.835514 时间=4782.836 模式=OFFBOARD 起飞状态=未执行起飞 水平控制=位置保持 类型掩码=3520 实际位置NED=(0.051,1.632,-0.244) 实际速度=(0.000,0.000,0.000) 最终目标=(0.056,1.599,-0.245) 指令位置=(0.056,1.599,nan) 指令速度=(0.000,0.000,0.000) 指令加速度=(0.000,0.000,nan) 滚转角=0.05度 俯仰角=-0.02度
10:06:08.158708 [轨迹] 序号=1391 单调时间=4782.938625 时间=4782.939 模式=OFFBOARD 起飞状态=未执行起飞 水平控制=位置保持 类型掩码=3520 实际位置NED=(0.051,1.632,-0.244) 实际速度=(0.000,0.000,0.000) 最终目标=(0.056,1.599,-0.245) 指令位置=(0.056,1.599,nan) 指令速度=(0.000,0.000,0.000) 指令加速度=(0.000,0.000,nan) 滚转角=0.05度 俯仰角=-0.02度
10:06:08.262361 [轨迹] 序号=1392 单调时间=4783.042270 时间=4783.042 模式=OFFBOARD 起飞状态=未执行起飞 水平控制=位置保持 类型掩码=3520 实际位置NED=(0.051,1.632,-0.244) 实际速度=(0.000,-0.000,0.000) 最终目标=(0.056,1.599,-0.245) 指令位置=(0.056,1.599,nan) 指令速度=(0.000,0.000,0.000) 指令加速度=(0.000,0.000,nan) 滚转角=0.05度 俯仰角=-0.02度
10:06:08.365255 [轨迹] 序号=1393 单调时间=4783.145146 时间=4783.145 模式=OFFBOARD 起飞状态=未执行起飞 水平控制=位置保持 类型掩码=3520 实际位置NED=(0.051,1.632,-0.244) 实际速度=(-0.000,-0.000,0.000) 最终目标=(0.056,1.599,-0.245) 指令位置=(0.056,1.599,nan) 指令速度=(0.000,0.000,0.000) 指令加速度=(0.000,0.000,nan) 滚转角=0.05度 俯仰角=-0.02度
10:06:08.468270 [轨迹] 序号=1394 单调时间=4783.248154 时间=4783.248 模式=OFFBOARD 起飞状态=未执行起飞 水平控制=位置保持 类型掩码=3520 实际位置NED=(0.051,1.632,-0.244) 实际速度=(-0.000,-0.000,0.000) 最终目标=(0.056,1.599,-0.245) 指令位置=(0.056,1.599,nan) 指令速度=(0.000,0.000,0.000) 指令加速度=(0.000,0.000,nan) 滚转角=0.05度 俯仰角=-0.02度
10:06:08.571653 [轨迹] 序号=1395 单调时间=4783.351662 时间=4783.352 模式=OFFBOARD 起飞状态=未执行起飞 水平控制=位置保持 类型掩码=3520 实际位置NED=(0.051,1.632,-0.244) 实际速度=(-0.000,-0.000,0.000) 最终目标=(0.056,1.599,-0.245) 指令位置=(0.056,1.599,nan) 指令速度=(0.000,0.000,0.000) 指令加速度=(0.000,0.000,nan) 滚转角=0.05度 俯仰角=-0.02度
10:06:08.675099 [轨迹] 序号=1396 单调时间=4783.454840 时间=4783.455 模式=OFFBOARD 起飞状态=未执行起飞 水平控制=位置保持 类型掩码=3520 实际位置NED=(0.051,1.632,-0.244) 实际速度=(-0.000,-0.000,0.000) 最终目标=(0.056,1.599,-0.245) 指令位置=(0.056,1.599,nan) 指令速度=(0.000,0.000,0.000) 指令加速度=(0.000,0.000,nan) 滚转角=0.05度 俯仰角=-0.02度
10:06:08.778274 [轨迹] 序号=1397 单调时间=4783.558103 时间=4783.558 模式=OFFBOARD 起飞状态=未执行起飞 水平控制=位置保持 类型掩码=3520 实际位置NED=(0.051,1.632,-0.244) 实际速度=(-0.001,0.000,0.000) 最终目标=(0.056,1.599,-0.245) 指令位置=(0.056,1.599,nan) 指令速度=(0.000,0.000,0.000) 指令加速度=(0.000,0.000,nan) 滚转角=0.05度 俯仰角=-0.02度
10:06:08.881408 [轨迹] 序号=1398 单调时间=4783.661427 时间=4783.661 模式=OFFBOARD 起飞状态=未执行起飞 水平控制=位置保持 类型掩码=3520 实际位置NED=(0.051,1.632,-0.244) 实际速度=(-0.001,0.000,0.000) 最终目标=(0.056,1.599,-0.245) 指令位置=(0.056,1.599,nan) 指令速度=(0.000,0.000,0.000) 指令加速度=(0.000,0.000,nan) 滚转角=0.05度 俯仰角=-0.02度
10:06:08.984363 [轨迹] 序号=1399 单调时间=4783.764287 时间=4783.764 模式=OFFBOARD 起飞状态=未执行起飞 水平控制=位置保持 类型掩码=3520 实际位置NED=(0.051,1.632,-0.244) 实际速度=(-0.001,0.000,0.000) 最终目标=(0.056,1.599,-0.245) 指令位置=(0.056,1.599,nan) 指令速度=(0.000,0.000,0.000) 指令加速度=(0.000,0.000,nan) 滚转角=0.05度 俯仰角=-0.02度
10:06:09.088505 [轨迹] 序号=1400 单调时间=4783.868388 时间=4783.868 模式=OFFBOARD 起飞状态=未执行起飞 水平控制=位置保持 类型掩码=3520 实际位置NED=(0.051,1.632,-0.244) 实际速度=(-0.001,0.000,0.000) 最终目标=(0.056,1.599,-0.245) 指令位置=(0.056,1.599,nan) 指令速度=(0.000,0.000,0.000) 指令加速度=(0.000,0.000,nan) 滚转角=0.05度 俯仰角=-0.02度
10:06:09.189327 [轨迹] 序号=1401 单调时间=4783.969204 时间=4783.969 模式=OFFBOARD 起飞状态=未执行起飞 水平控制=位置保持 类型掩码=3520 实际位置NED=(0.051,1.632,-0.244) 实际速度=(-0.001,0.000,0.000) 最终目标=(0.056,1.599,-0.245) 指令位置=(0.056,1.599,nan) 指令速度=(0.000,0.000,0.000) 指令加速度=(0.000,0.000,nan) 滚转角=0.05度 俯仰角=-0.02度
10:06:09.292279 [轨迹] 序号=1402 单调时间=4784.072087 时间=4784.072 模式=OFFBOARD 起飞状态=未执行起飞 水平控制=位置保持 类型掩码=3520 实际位置NED=(0.051,1.632,-0.244) 实际速度=(-0.001,-0.000,0.000) 最终目标=(0.056,1.599,-0.245) 指令位置=(0.056,1.599,nan) 指令速度=(0.000,0.000,0.000) 指令加速度=(0.000,0.000,nan) 滚转角=0.05度 俯仰角=-0.02度
10:06:09.396577 [轨迹] 序号=1403 单调时间=4784.175843 时间=4784.176 模式=OFFBOARD 起飞状态=未执行起飞 水平控制=位置保持 类型掩码=3520 实际位置NED=(0.051,1.632,-0.244) 实际速度=(-0.001,0.000,0.000) 最终目标=(0.056,1.599,-0.245) 指令位置=(0.056,1.599,nan) 指令速度=(0.000,0.000,0.000) 指令加速度=(0.000,0.000,nan) 滚转角=0.04度 俯仰角=-0.02度
10:06:09.499802 [轨迹] 序号=1404 单调时间=4784.279871 时间=4784.280 模式=OFFBOARD 起飞状态=未执行起飞 水平控制=位置保持 类型掩码=3520 实际位置NED=(0.051,1.632,-0.245) 实际速度=(-0.000,0.000,0.000) 最终目标=(0.056,1.599,-0.245) 指令位置=(0.056,1.599,nan) 指令速度=(0.000,0.000,0.000) 指令加速度=(0.000,0.000,nan) 滚转角=0.04度 俯仰角=-0.02度
10:06:09.602988 [轨迹] 序号=1405 单调时间=4784.382813 时间=4784.383 模式=OFFBOARD 起飞状态=未执行起飞 水平控制=位置保持 类型掩码=3520 实际位置NED=(0.051,1.632,-0.245) 实际速度=(-0.000,0.000,0.000) 最终目标=(0.056,1.599,-0.245) 指令位置=(0.056,1.599,nan) 指令速度=(0.000,0.000,0.000) 指令加速度=(0.000,0.000,nan) 滚转角=0.04度 俯仰角=-0.02度
10:06:09.706143 [轨迹] 序号=1406 单调时间=4784.485886 时间=4784.486 模式=OFFBOARD 起飞状态=未执行起飞 水平控制=位置保持 类型掩码=3520 实际位置NED=(0.051,1.632,-0.245) 实际速度=(-0.000,0.000,0.000) 最终目标=(0.056,1.599,-0.245) 指令位置=(0.056,1.599,nan) 指令速度=(0.000,0.000,0.000) 指令加速度=(0.000,0.000,nan) 滚转角=0.04度 俯仰角=-0.02度
10:06:09.809078 [轨迹] 序号=1407 单调时间=4784.588974 时间=4784.589 模式=OFFBOARD 起飞状态=未执行起飞 水平控制=位置保持 类型掩码=3520 实际位置NED=(0.051,1.632,-0.245) 实际速度=(-0.000,0.000,0.001) 最终目标=(0.056,1.599,-0.245) 指令位置=(0.056,1.599,nan) 指令速度=(0.000,0.000,0.000) 指令加速度=(0.000,0.000,nan) 滚转角=0.04度 俯仰角=-0.02度
10:06:09.912375 [轨迹] 序号=1408 单调时间=4784.692274 时间=4784.692 模式=OFFBOARD 起飞状态=未执行起飞 水平控制=位置保持 类型掩码=3520 实际位置NED=(0.051,1.632,-0.245) 实际速度=(-0.000,0.000,0.000) 最终目标=(0.056,1.599,-0.245) 指令位置=(0.056,1.599,nan) 指令速度=(0.000,0.000,0.000) 指令加速度=(0.000,0.000,nan) 滚转角=0.04度 俯仰角=-0.02度
10:06:10.016382 [轨迹] 序号=1409 单调时间=4784.796479 时间=4784.796 模式=OFFBOARD 起飞状态=未执行起飞 水平控制=位置保持 类型掩码=3520 实际位置NED=(0.051,1.632,-0.245) 实际速度=(-0.000,0.000,0.000) 最终目标=(0.056,1.599,-0.245) 指令位置=(0.056,1.599,nan) 指令速度=(0.000,0.000,0.000) 指令加速度=(0.000,0.000,nan) 滚转角=0.04度 俯仰角=-0.02度
10:06:10.119522 [轨迹] 序号=1410 单调时间=4784.899547 时间=4784.900 模式=OFFBOARD 起飞状态=未执行起飞 水平控制=位置保持 类型掩码=3520 实际位置NED=(0.051,1.632,-0.245) 实际速度=(-0.000,0.000,0.000) 最终目标=(0.056,1.599,-0.245) 指令位置=(0.056,1.599,nan) 指令速度=(0.000,0.000,0.000) 指令加速度=(0.000,0.000,nan) 滚转角=0.04度 俯仰角=-0.02度
10:06:10.223332 [轨迹] 序号=1411 单调时间=4785.003178 时间=4785.003 模式=OFFBOARD 起飞状态=未执行起飞 水平控制=位置保持 类型掩码=3520 实际位置NED=(0.051,1.632,-0.244) 实际速度=(-0.000,0.000,0.000) 最终目标=(0.056,1.599,-0.245) 指令位置=(0.056,1.599,nan) 指令速度=(0.000,0.000,0.000) 指令加速度=(0.000,0.000,nan) 滚转角=0.04度 俯仰角=-0.02度
10:06:10.327236 [轨迹] 序号=1412 单调时间=4785.107213 时间=4785.107 模式=OFFBOARD 起飞状态=未执行起飞 水平控制=位置保持 类型掩码=3520 实际位置NED=(0.051,1.632,-0.244) 实际速度=(-0.000,-0.000,0.001) 最终目标=(0.056,1.599,-0.245) 指令位置=(0.056,1.599,nan) 指令速度=(0.000,0.000,0.000) 指令加速度=(0.000,0.000,nan) 滚转角=0.04度 俯仰角=-0.02度
10:06:10.430086 [轨迹] 序号=1413 单调时间=4785.210031 时间=4785.210 模式=OFFBOARD 起飞状态=未执行起飞 水平控制=位置保持 类型掩码=3520 实际位置NED=(0.051,1.632,-0.244) 实际速度=(0.000,-0.000,0.001) 最终目标=(0.056,1.599,-0.245) 指令位置=(0.056,1.599,nan) 指令速度=(0.000,0.000,0.000) 指令加速度=(0.000,0.000,nan) 滚转角=0.04度 俯仰角=-0.02度
10:06:10.533307 [轨迹] 序号=1414 单调时间=4785.313227 时间=4785.313 模式=OFFBOARD 起飞状态=未执行起飞 水平控制=位置保持 类型掩码=3520 实际位置NED=(0.051,1.632,-0.244) 实际速度=(0.000,-0.000,0.001) 最终目标=(0.056,1.599,-0.245) 指令位置=(0.056,1.599,nan) 指令速度=(0.000,0.000,0.000) 指令加速度=(0.000,0.000,nan) 滚转角=0.04度 俯仰角=-0.02度
10:06:10.636241 [轨迹] 序号=1415 单调时间=4785.416198 时间=4785.416 模式=OFFBOARD 起飞状态=未执行起飞 水平控制=位置保持 类型掩码=3520 实际位置NED=(0.051,1.632,-0.244) 实际速度=(0.000,-0.000,0.001) 最终目标=(0.056,1.599,-0.245) 指令位置=(0.056,1.599,nan) 指令速度=(0.000,0.000,0.000) 指令加速度=(0.000,0.000,nan) 滚转角=0.04度 俯仰角=-0.02度
10:06:10.739938 [轨迹] 序号=1416 单调时间=4785.519826 时间=4785.520 模式=OFFBOARD 起飞状态=未执行起飞 水平控制=位置保持 类型掩码=3520 实际位置NED=(0.051,1.632,-0.244) 实际速度=(0.000,-0.000,0.001) 最终目标=(0.056,1.599,-0.245) 指令位置=(0.056,1.599,nan) 指令速度=(0.000,0.000,0.000) 指令加速度=(0.000,0.000,nan) 滚转角=0.04度 俯仰角=-0.02度
10:06:10.843356 [轨迹] 序号=1417 单调时间=4785.623282 时间=4785.623 模式=OFFBOARD 起飞状态=未执行起飞 水平控制=位置保持 类型掩码=3520 实际位置NED=(0.051,1.632,-0.244) 实际速度=(0.001,-0.000,0.001) 最终目标=(0.056,1.599,-0.245) 指令位置=(0.056,1.599,nan) 指令速度=(0.000,0.000,0.000) 指令加速度=(0.000,0.000,nan) 滚转角=0.04度 俯仰角=-0.02度
10:06:10.946237 [轨迹] 序号=1418 单调时间=4785.726253 时间=4785.726 模式=OFFBOARD 起飞状态=未执行起飞 水平控制=位置保持 类型掩码=3520 实际位置NED=(0.051,1.632,-0.244) 实际速度=(0.001,-0.000,0.001) 最终目标=(0.056,1.599,-0.245) 指令位置=(0.056,1.599,nan) 指令速度=(0.000,0.000,0.000) 指令加速度=(0.000,0.000,nan) 滚转角=0.04度 俯仰角=-0.02度
10:06:11.050209 [轨迹] 序号=1419 单调时间=4785.830122 时间=4785.830 模式=OFFBOARD 起飞状态=未执行起飞 水平控制=位置保持 类型掩码=3520 实际位置NED=(0.051,1.632,-0.244) 实际速度=(0.001,-0.000,0.001) 最终目标=(0.056,1.599,-0.245) 指令位置=(0.056,1.599,nan) 指令速度=(0.000,0.000,0.000) 指令加速度=(0.000,0.000,nan) 滚转角=0.04度 俯仰角=-0.02度
10:06:11.153192 [轨迹] 序号=1420 单调时间=4785.933158 时间=4785.933 模式=OFFBOARD 起飞状态=未执行起飞 水平控制=位置保持 类型掩码=3520 实际位置NED=(0.052,1.632,-0.244) 实际速度=(0.001,-0.000,0.001) 最终目标=(0.056,1.599,-0.245) 指令位置=(0.056,1.599,nan) 指令速度=(0.000,0.000,0.000) 指令加速度=(0.000,0.000,nan) 滚转角=0.04度 俯仰角=-0.02度
10:06:11.256380 [轨迹] 序号=1421 单调时间=4786.036200 时间=4786.036 模式=OFFBOARD 起飞状态=未执行起飞 水平控制=位置保持 类型掩码=3520 实际位置NED=(0.052,1.632,-0.244) 实际速度=(0.001,-0.000,0.001) 最终目标=(0.056,1.599,-0.245) 指令位置=(0.056,1.599,nan) 指令速度=(0.000,0.000,0.000) 指令加速度=(0.000,0.000,nan) 滚转角=0.04度 俯仰角=-0.02度
10:06:11.359495 [轨迹] 序号=1422 单调时间=4786.139522 时间=4786.140 模式=OFFBOARD 起飞状态=未执行起飞 水平控制=位置保持 类型掩码=3520 实际位置NED=(0.052,1.632,-0.244) 实际速度=(0.001,-0.000,0.001) 最终目标=(0.056,1.599,-0.245) 指令位置=(0.056,1.599,nan) 指令速度=(0.000,0.000,0.000) 指令加速度=(0.000,0.000,nan) 滚转角=0.04度 俯仰角=-0.02度
10:06:11.461323 [轨迹] 序号=1423 单调时间=4786.241196 时间=4786.241 模式=OFFBOARD 起飞状态=未执行起飞 水平控制=位置保持 类型掩码=3520 实际位置NED=(0.052,1.632,-0.244) 实际速度=(0.001,-0.000,0.001) 最终目标=(0.056,1.599,-0.245) 指令位置=(0.056,1.599,nan) 指令速度=(0.000,0.000,0.000) 指令加速度=(0.000,0.000,nan) 滚转角=0.04度 俯仰角=-0.02度
10:06:11.564990 [轨迹] 序号=1424 单调时间=4786.344971 时间=4786.345 模式=OFFBOARD 起飞状态=未执行起飞 水平控制=位置保持 类型掩码=3520 实际位置NED=(0.052,1.632,-0.244) 实际速度=(0.001,-0.000,0.001) 最终目标=(0.056,1.599,-0.245) 指令位置=(0.056,1.599,nan) 指令速度=(0.000,0.000,0.000) 指令加速度=(0.000,0.000,nan) 滚转角=0.04度 俯仰角=-0.02度
10:06:11.668720 [轨迹] 序号=1425 单调时间=4786.448670 时间=4786.449 模式=OFFBOARD 起飞状态=未执行起飞 水平控制=位置保持 类型掩码=3520 实际位置NED=(0.052,1.632,-0.244) 实际速度=(0.001,-0.000,0.002) 最终目标=(0.056,1.599,-0.245) 指令位置=(0.056,1.599,nan) 指令速度=(0.000,0.000,0.000) 指令加速度=(0.000,0.000,nan) 滚转角=0.04度 俯仰角=-0.02度
10:06:11.772381 [轨迹] 序号=1426 单调时间=4786.552326 时间=4786.552 模式=OFFBOARD 起飞状态=未执行起飞 水平控制=位置保持 类型掩码=3520 实际位置NED=(0.052,1.632,-0.243) 实际速度=(0.001,-0.000,0.002) 最终目标=(0.056,1.599,-0.245) 指令位置=(0.056,1.599,nan) 指令速度=(0.000,0.000,0.000) 指令加速度=(0.000,0.000,nan) 滚转角=0.04度 俯仰角=-0.02度
10:06:11.875388 [轨迹] 序号=1427 单调时间=4786.655261 时间=4786.655 模式=OFFBOARD 起飞状态=未执行起飞 水平控制=位置保持 类型掩码=3520 实际位置NED=(0.052,1.632,-0.243) 实际速度=(0.001,-0.000,0.002) 最终目标=(0.056,1.599,-0.245) 指令位置=(0.056,1.599,nan) 指令速度=(0.000,0.000,0.000) 指令加速度=(0.000,0.000,nan) 滚转角=0.04度 俯仰角=-0.02度
10:06:11.978609 [轨迹] 序号=1428 单调时间=4786.758523 时间=4786.759 模式=OFFBOARD 起飞状态=未执行起飞 水平控制=位置保持 类型掩码=3520 实际位置NED=(0.052,1.632,-0.243) 实际速度=(0.001,-0.000,0.002) 最终目标=(0.056,1.599,-0.245) 指令位置=(0.056,1.599,nan) 指令速度=(0.000,0.000,0.000) 指令加速度=(0.000,0.000,nan) 滚转角=0.04度 俯仰角=-0.02度
10:06:12.081840 [轨迹] 序号=1429 单调时间=4786.861768 时间=4786.862 模式=OFFBOARD 起飞状态=未执行起飞 水平控制=位置保持 类型掩码=3520 实际位置NED=(0.052,1.632,-0.243) 实际速度=(0.001,0.000,0.002) 最终目标=(0.056,1.599,-0.245) 指令位置=(0.056,1.599,nan) 指令速度=(0.000,0.000,0.000) 指令加速度=(0.000,0.000,nan) 滚转角=0.04度 俯仰角=-0.02度
10:06:12.185546 [轨迹] 序号=1430 单调时间=4786.964988 时间=4786.965 模式=OFFBOARD 起飞状态=未执行起飞 水平控制=位置保持 类型掩码=3520 实际位置NED=(0.052,1.632,-0.243) 实际速度=(0.001,0.000,0.002) 最终目标=(0.056,1.599,-0.245) 指令位置=(0.056,1.599,nan) 指令速度=(0.000,0.000,0.000) 指令加速度=(0.000,0.000,nan) 滚转角=0.04度 俯仰角=-0.02度
10:06:12.289211 [轨迹] 序号=1431 单调时间=4787.068976 时间=4787.069 模式=OFFBOARD 起飞状态=未执行起飞 水平控制=位置保持 类型掩码=3520 实际位置NED=(0.052,1.632,-0.243) 实际速度=(0.001,0.000,0.002) 最终目标=(0.056,1.599,-0.245) 指令位置=(0.056,1.599,nan) 指令速度=(0.000,0.000,0.000) 指令加速度=(0.000,0.000,nan) 滚转角=0.04度 俯仰角=-0.02度
10:06:12.394031 [轨迹] 序号=1432 单调时间=4787.174030 时间=4787.174 模式=OFFBOARD 起飞状态=未执行起飞 水平控制=位置保持 类型掩码=3520 实际位置NED=(0.052,1.632,-0.243) 实际速度=(0.001,0.000,0.002) 最终目标=(0.056,1.599,-0.245) 指令位置=(0.056,1.599,nan) 指令速度=(0.000,0.000,0.000) 指令加速度=(0.000,0.000,nan) 滚转角=0.04度 俯仰角=-0.02度
10:06:12.497304 [轨迹] 序号=1433 单调时间=4787.277211 时间=4787.277 模式=OFFBOARD 起飞状态=未执行起飞 水平控制=位置保持 类型掩码=3520 实际位置NED=(0.052,1.632,-0.243) 实际速度=(0.001,0.000,0.002) 最终目标=(0.056,1.599,-0.245) 指令位置=(0.056,1.599,nan) 指令速度=(0.000,0.000,0.000) 指令加速度=(0.000,0.000,nan) 滚转角=0.04度 俯仰角=-0.02度
10:06:12.601255 [轨迹] 序号=1434 单调时间=4787.380578 时间=4787.381 模式=OFFBOARD 起飞状态=未执行起飞 水平控制=位置保持 类型掩码=3520 实际位置NED=(0.052,1.632,-0.243) 实际速度=(0.001,0.000,0.002) 最终目标=(0.056,1.599,-0.245) 指令位置=(0.056,1.599,nan) 指令速度=(0.000,0.000,0.000) 指令加速度=(0.000,0.000,nan) 滚转角=0.04度 俯仰角=-0.02度
10:06:12.700796 [轨迹] 序号=1435 单调时间=4787.480838 时间=4787.481 模式=OFFBOARD 起飞状态=未执行起飞 水平控制=位置保持 类型掩码=3520 实际位置NED=(0.052,1.632,-0.243) 实际速度=(0.000,0.000,0.002) 最终目标=(0.056,1.599,-0.245) 指令位置=(0.056,1.599,nan) 指令速度=(0.000,0.000,0.000) 指令加速度=(0.000,0.000,nan) 滚转角=0.04度 俯仰角=-0.02度
10:06:12.803674 [轨迹] 序号=1436 单调时间=4787.583667 时间=4787.584 模式=OFFBOARD 起飞状态=未执行起飞 水平控制=位置保持 类型掩码=3520 实际位置NED=(0.052,1.632,-0.243) 实际速度=(0.001,0.000,0.002) 最终目标=(0.056,1.599,-0.245) 指令位置=(0.056,1.599,nan) 指令速度=(0.000,0.000,0.000) 指令加速度=(0.000,0.000,nan) 滚转角=0.04度 俯仰角=-0.02度
10:06:12.906742 [轨迹] 序号=1437 单调时间=4787.686575 时间=4787.687 模式=OFFBOARD 起飞状态=未执行起飞 水平控制=位置保持 类型掩码=3520 实际位置NED=(0.052,1.632,-0.243) 实际速度=(0.000,0.000,0.002) 最终目标=(0.056,1.599,-0.245) 指令位置=(0.056,1.599,nan) 指令速度=(0.000,0.000,0.000) 指令加速度=(0.000,0.000,nan) 滚转角=0.04度 俯仰角=-0.02度
10:06:13.009886 [轨迹] 序号=1438 单调时间=4787.789824 时间=4787.790 模式=OFFBOARD 起飞状态=未执行起飞 水平控制=位置保持 类型掩码=3520 实际位置NED=(0.052,1.632,-0.243) 实际速度=(0.000,0.000,0.002) 最终目标=(0.056,1.599,-0.245) 指令位置=(0.056,1.599,nan) 指令速度=(0.000,0.000,0.000) 指令加速度=(0.000,0.000,nan) 滚转角=0.04度 俯仰角=-0.01度
10:06:13.113119 [轨迹] 序号=1439 单调时间=4787.893034 时间=4787.893 模式=OFFBOARD 起飞状态=未执行起飞 水平控制=位置保持 类型掩码=3520 实际位置NED=(0.052,1.632,-0.242) 实际速度=(0.000,0.000,0.002) 最终目标=(0.056,1.599,-0.245) 指令位置=(0.056,1.599,nan) 指令速度=(0.000,0.000,0.000) 指令加速度=(0.000,0.000,nan) 滚转角=0.04度 俯仰角=-0.01度
10:06:13.216040 [轨迹] 序号=1440 单调时间=4787.995870 时间=4787.996 模式=OFFBOARD 起飞状态=未执行起飞 水平控制=位置保持 类型掩码=3520 实际位置NED=(0.052,1.632,-0.242) 实际速度=(0.000,0.000,0.002) 最终目标=(0.056,1.599,-0.245) 指令位置=(0.056,1.599,nan) 指令速度=(0.000,0.000,0.000) 指令加速度=(0.000,0.000,nan) 滚转角=0.04度 俯仰角=-0.01度
10:06:13.319431 [轨迹] 序号=1441 单调时间=4788.099081 时间=4788.099 模式=OFFBOARD 起飞状态=未执行起飞 水平控制=位置保持 类型掩码=3520 实际位置NED=(0.052,1.632,-0.242) 实际速度=(0.000,-0.000,0.002) 最终目标=(0.056,1.599,-0.245) 指令位置=(0.056,1.599,nan) 指令速度=(0.000,0.000,0.000) 指令加速度=(0.000,0.000,nan) 滚转角=0.04度 俯仰角=-0.01度
10:06:13.423068 [轨迹] 序号=1442 单调时间=4788.203125 时间=4788.203 模式=OFFBOARD 起飞状态=未执行起飞 水平控制=位置保持 类型掩码=3520 实际位置NED=(0.052,1.632,-0.242) 实际速度=(0.000,-0.000,0.002) 最终目标=(0.056,1.599,-0.245) 指令位置=(0.056,1.599,nan) 指令速度=(0.000,0.000,0.000) 指令加速度=(0.000,0.000,nan) 滚转角=0.04度 俯仰角=-0.02度
10:06:13.526751 [轨迹] 序号=1443 单调时间=4788.306788 时间=4788.307 模式=OFFBOARD 起飞状态=未执行起飞 水平控制=位置保持 类型掩码=3520 实际位置NED=(0.052,1.632,-0.242) 实际速度=(0.000,-0.000,0.002) 最终目标=(0.056,1.599,-0.245) 指令位置=(0.056,1.599,nan) 指令速度=(0.000,0.000,0.000) 指令加速度=(0.000,0.000,nan) 滚转角=0.05度 俯仰角=-0.02度
10:06:13.628726 [轨迹] 序号=1444 单调时间=4788.408598 时间=4788.409 模式=OFFBOARD 起飞状态=未执行起飞 水平控制=位置保持 类型掩码=3520 实际位置NED=(0.052,1.632,-0.243) 实际速度=(0.000,-0.000,0.002) 最终目标=(0.056,1.599,-0.245) 指令位置=(0.056,1.599,nan) 指令速度=(0.000,0.000,0.000) 指令加速度=(0.000,0.000,nan) 滚转角=0.05度 俯仰角=-0.02度
10:06:13.730767 [轨迹] 序号=1445 单调时间=4788.510468 时间=4788.510 模式=OFFBOARD 起飞状态=未执行起飞 水平控制=位置保持 类型掩码=3520 实际位置NED=(0.052,1.632,-0.243) 实际速度=(0.000,-0.000,0.002) 最终目标=(0.056,1.599,-0.245) 指令位置=(0.056,1.599,nan) 指令速度=(0.000,0.000,0.000) 指令加速度=(0.000,0.000,nan) 滚转角=0.04度 俯仰角=-0.02度
10:06:13.834244 [轨迹] 序号=1446 单调时间=4788.614209 时间=4788.614 模式=OFFBOARD 起飞状态=未执行起飞 水平控制=位置保持 类型掩码=3520 实际位置NED=(0.052,1.632,-0.243) 实际速度=(0.000,0.000,0.002) 最终目标=(0.056,1.599,-0.245) 指令位置=(0.056,1.599,nan) 指令速度=(0.000,0.000,0.000) 指令加速度=(0.000,0.000,nan) 滚转角=0.04度 俯仰角=-0.02度
10:06:13.939369 [轨迹] 序号=1447 单调时间=4788.719267 时间=4788.719 模式=OFFBOARD 起飞状态=未执行起飞 水平控制=位置保持 类型掩码=3520 实际位置NED=(0.052,1.632,-0.243) 实际速度=(0.000,0.000,0.002) 最终目标=(0.056,1.599,-0.245) 指令位置=(0.056,1.599,nan) 指令速度=(0.000,0.000,0.000) 指令加速度=(0.000,0.000,nan) 滚转角=0.04度 俯仰角=-0.02度
10:06:14.043054 [轨迹] 序号=1448 单调时间=4788.822930 时间=4788.823 模式=OFFBOARD 起飞状态=未执行起飞 水平控制=位置保持 类型掩码=3520 实际位置NED=(0.052,1.632,-0.243) 实际速度=(0.000,0.000,0.002) 最终目标=(0.056,1.599,-0.245) 指令位置=(0.056,1.599,nan) 指令速度=(0.000,0.000,0.000) 指令加速度=(0.000,0.000,nan) 滚转角=0.04度 俯仰角=-0.02度
10:06:14.146101 [轨迹] 序号=1449 单调时间=4788.926018 时间=4788.926 模式=OFFBOARD 起飞状态=未执行起飞 水平控制=位置保持 类型掩码=3520 实际位置NED=(0.052,1.632,-0.243) 实际速度=(0.000,0.000,0.001) 最终目标=(0.056,1.599,-0.245) 指令位置=(0.056,1.599,nan) 指令速度=(0.000,0.000,0.000) 指令加速度=(0.000,0.000,nan) 滚转角=0.04度 俯仰角=-0.02度
10:06:14.249962 [轨迹] 序号=1450 单调时间=4789.029717 时间=4789.030 模式=OFFBOARD 起飞状态=未执行起飞 水平控制=位置保持 类型掩码=3520 实际位置NED=(0.052,1.632,-0.243) 实际速度=(0.000,0.000,0.001) 最终目标=(0.056,1.599,-0.245) 指令位置=(0.056,1.599,nan) 指令速度=(0.000,0.000,0.000) 指令加速度=(0.000,0.000,nan) 滚转角=0.04度 俯仰角=-0.02度
10:06:14.353180 [轨迹] 序号=1451 单调时间=4789.133025 时间=4789.133 模式=OFFBOARD 起飞状态=未执行起飞 水平控制=位置保持 类型掩码=3520 实际位置NED=(0.052,1.632,-0.243) 实际速度=(0.000,0.000,0.001) 最终目标=(0.056,1.599,-0.245) 指令位置=(0.056,1.599,nan) 指令速度=(0.000,0.000,0.000) 指令加速度=(0.000,0.000,nan) 滚转角=0.04度 俯仰角=-0.01度
10:06:14.456199 [轨迹] 序号=1452 单调时间=4789.236032 时间=4789.236 模式=OFFBOARD 起飞状态=未执行起飞 水平控制=位置保持 类型掩码=3520 实际位置NED=(0.052,1.632,-0.243) 实际速度=(0.000,0.000,0.001) 最终目标=(0.056,1.599,-0.245) 指令位置=(0.056,1.599,nan) 指令速度=(0.000,0.000,0.000) 指令加速度=(0.000,0.000,nan) 滚转角=0.04度 俯仰角=-0.02度
10:06:14.559837 [轨迹] 序号=1453 单调时间=4789.339732 时间=4789.340 模式=OFFBOARD 起飞状态=未执行起飞 水平控制=位置保持 类型掩码=3520 实际位置NED=(0.052,1.632,-0.243) 实际速度=(0.000,-0.000,0.001) 最终目标=(0.056,1.599,-0.245) 指令位置=(0.056,1.599,nan) 指令速度=(0.000,0.000,0.000) 指令加速度=(0.000,0.000,nan) 滚转角=0.04度 俯仰角=-0.02度
10:06:14.662653 [轨迹] 序号=1454 单调时间=4789.442607 时间=4789.443 模式=OFFBOARD 起飞状态=未执行起飞 水平控制=位置保持 类型掩码=3520 实际位置NED=(0.052,1.632,-0.243) 实际速度=(0.000,-0.000,0.001) 最终目标=(0.056,1.599,-0.245) 指令位置=(0.056,1.599,nan) 指令速度=(0.000,0.000,0.000) 指令加速度=(0.000,0.000,nan) 滚转角=0.04度 俯仰角=-0.02度
10:06:14.765832 [轨迹] 序号=1455 单调时间=4789.545743 时间=4789.546 模式=OFFBOARD 起飞状态=未执行起飞 水平控制=位置保持 类型掩码=3520 实际位置NED=(0.052,1.632,-0.244) 实际速度=(0.000,-0.000,0.001) 最终目标=(0.056,1.599,-0.245) 指令位置=(0.056,1.599,nan) 指令速度=(0.000,0.000,0.000) 指令加速度=(0.000,0.000,nan) 滚转角=0.04度 俯仰角=-0.01度
10:06:14.868922 [轨迹] 序号=1456 单调时间=4789.648845 时间=4789.649 模式=OFFBOARD 起飞状态=未执行起飞 水平控制=位置保持 类型掩码=3520 实际位置NED=(0.052,1.632,-0.244) 实际速度=(0.000,-0.000,0.000) 最终目标=(0.056,1.599,-0.245) 指令位置=(0.056,1.599,nan) 指令速度=(0.000,0.000,0.000) 指令加速度=(0.000,0.000,nan) 滚转角=0.04度 俯仰角=-0.01度
10:06:14.972660 [轨迹] 序号=1457 单调时间=4789.752545 时间=4789.753 模式=OFFBOARD 起飞状态=未执行起飞 水平控制=位置保持 类型掩码=3520 实际位置NED=(0.052,1.632,-0.244) 实际速度=(0.000,-0.000,0.000) 最终目标=(0.056,1.599,-0.245) 指令位置=(0.056,1.599,nan) 指令速度=(0.000,0.000,0.000) 指令加速度=(0.000,0.000,nan) 滚转角=0.04度 俯仰角=-0.01度
10:06:15.077067 [轨迹] 序号=1458 单调时间=4789.856997 时间=4789.857 模式=OFFBOARD 起飞状态=未执行起飞 水平控制=位置保持 类型掩码=3520 实际位置NED=(0.052,1.632,-0.244) 实际速度=(-0.000,-0.000,0.000) 最终目标=(0.056,1.599,-0.245) 指令位置=(0.056,1.599,nan) 指令速度=(0.000,0.000,0.000) 指令加速度=(0.000,0.000,nan) 滚转角=0.04度 俯仰角=-0.01度
10:06:15.180124 [轨迹] 序号=1459 单调时间=4789.959806 时间=4789.960 模式=OFFBOARD 起飞状态=未执行起飞 水平控制=位置保持 类型掩码=3520 实际位置NED=(0.052,1.632,-0.244) 实际速度=(0.000,-0.000,0.000) 最终目标=(0.056,1.599,-0.245) 指令位置=(0.056,1.599,nan) 指令速度=(0.000,0.000,0.000) 指令加速度=(0.000,0.000,nan) 滚转角=0.04度 俯仰角=-0.01度
10:06:15.283009 [轨迹] 序号=1460 单调时间=4790.062967 时间=4790.063 模式=OFFBOARD 起飞状态=未执行起飞 水平控制=位置保持 类型掩码=3520 实际位置NED=(0.052,1.632,-0.244) 实际速度=(0.000,-0.000,0.000) 最终目标=(0.056,1.599,-0.245) 指令位置=(0.056,1.599,nan) 指令速度=(0.000,0.000,0.000) 指令加速度=(0.000,0.000,nan) 滚转角=0.04度 俯仰角=-0.01度
10:06:15.386116 [轨迹] 序号=1461 单调时间=4790.165934 时间=4790.166 模式=OFFBOARD 起飞状态=未执行起飞 水平控制=位置保持 类型掩码=3520 实际位置NED=(0.052,1.632,-0.244) 实际速度=(0.000,-0.000,0.000) 最终目标=(0.056,1.599,-0.245) 指令位置=(0.056,1.599,nan) 指令速度=(0.000,0.000,0.000) 指令加速度=(0.000,0.000,nan) 滚转角=0.04度 俯仰角=-0.01度
10:06:15.489076 [轨迹] 序号=1462 单调时间=4790.268845 时间=4790.269 模式=OFFBOARD 起飞状态=未执行起飞 水平控制=位置保持 类型掩码=3520 实际位置NED=(0.052,1.632,-0.244) 实际速度=(0.000,-0.000,0.000) 最终目标=(0.056,1.599,-0.245) 指令位置=(0.056,1.599,nan) 指令速度=(0.000,0.000,0.000) 指令加速度=(0.000,0.000,nan) 滚转角=0.04度 俯仰角=-0.01度
10:06:15.592746 [轨迹] 序号=1463 单调时间=4790.372619 时间=4790.373 模式=OFFBOARD 起飞状态=未执行起飞 水平控制=位置保持 类型掩码=3520 实际位置NED=(0.052,1.632,-0.244) 实际速度=(-0.000,-0.000,0.000) 最终目标=(0.056,1.599,-0.245) 指令位置=(0.056,1.599,nan) 指令速度=(0.000,0.000,0.000) 指令加速度=(0.000,0.000,nan) 滚转角=0.04度 俯仰角=-0.01度
10:06:15.697163 [轨迹] 序号=1464 单调时间=4790.477133 时间=4790.477 模式=OFFBOARD 起飞状态=未执行起飞 水平控制=位置保持 类型掩码=3520 实际位置NED=(0.052,1.632,-0.244) 实际速度=(-0.000,0.000,0.000) 最终目标=(0.056,1.599,-0.245) 指令位置=(0.056,1.599,nan) 指令速度=(0.000,0.000,0.000) 指令加速度=(0.000,0.000,nan) 滚转角=0.04度 俯仰角=-0.01度
10:06:15.800334 [轨迹] 序号=1465 单调时间=4790.580192 时间=4790.580 模式=OFFBOARD 起飞状态=未执行起飞 水平控制=位置保持 类型掩码=3520 实际位置NED=(0.052,1.632,-0.244) 实际速度=(-0.000,0.000,-0.000) 最终目标=(0.056,1.599,-0.245) 指令位置=(0.056,1.599,nan) 指令速度=(0.000,0.000,0.000) 指令加速度=(0.000,0.000,nan) 滚转角=0.04度 俯仰角=-0.01度
10:06:15.903639 [轨迹] 序号=1466 单调时间=4790.683484 时间=4790.683 模式=OFFBOARD 起飞状态=未执行起飞 水平控制=位置保持 类型掩码=3520 实际位置NED=(0.052,1.632,-0.245) 实际速度=(0.000,0.000,-0.000) 最终目标=(0.056,1.599,-0.245) 指令位置=(0.056,1.599,nan) 指令速度=(0.000,0.000,0.000) 指令加速度=(0.000,0.000,nan) 滚转角=0.04度 俯仰角=-0.01度
10:06:16.006966 [轨迹] 序号=1467 单调时间=4790.786717 时间=4790.787 模式=OFFBOARD 起飞状态=未执行起飞 水平控制=位置保持 类型掩码=3520 实际位置NED=(0.052,1.632,-0.245) 实际速度=(0.000,-0.000,-0.000) 最终目标=(0.056,1.599,-0.245) 指令位置=(0.056,1.599,nan) 指令速度=(0.000,0.000,0.000) 指令加速度=(0.000,0.000,nan) 滚转角=0.04度 俯仰角=-0.01度
10:06:16.109863 [轨迹] 序号=1468 单调时间=4790.889874 时间=4790.890 模式=OFFBOARD 起飞状态=未执行起飞 水平控制=位置保持 类型掩码=3520 实际位置NED=(0.052,1.632,-0.245) 实际速度=(0.000,-0.000,-0.001) 最终目标=(0.056,1.599,-0.245) 指令位置=(0.056,1.599,nan) 指令速度=(0.000,0.000,0.000) 指令加速度=(0.000,0.000,nan) 滚转角=0.04度 俯仰角=-0.01度
10:06:16.213280 [轨迹] 序号=1469 单调时间=4790.993039 时间=4790.993 模式=OFFBOARD 起飞状态=未执行起飞 水平控制=位置保持 类型掩码=3520 实际位置NED=(0.052,1.632,-0.245) 实际速度=(0.000,-0.000,-0.001) 最终目标=(0.056,1.599,-0.245) 指令位置=(0.056,1.599,nan) 指令速度=(0.000,0.000,0.000) 指令加速度=(0.000,0.000,nan) 滚转角=0.04度 俯仰角=-0.01度
10:06:16.316075 [轨迹] 序号=1470 单调时间=4791.095971 时间=4791.096 模式=OFFBOARD 起飞状态=未执行起飞 水平控制=位置保持 类型掩码=3520 实际位置NED=(0.052,1.632,-0.245) 实际速度=(0.000,0.000,-0.001) 最终目标=(0.056,1.599,-0.245) 指令位置=(0.056,1.599,nan) 指令速度=(0.000,0.000,0.000) 指令加速度=(0.000,0.000,nan) 滚转角=0.04度 俯仰角=-0.01度
10:06:16.419012 [轨迹] 序号=1471 单调时间=4791.198980 时间=4791.199 模式=OFFBOARD 起飞状态=未执行起飞 水平控制=位置保持 类型掩码=3520 实际位置NED=(0.052,1.632,-0.245) 实际速度=(0.000,-0.000,-0.001) 最终目标=(0.056,1.599,-0.245) 指令位置=(0.056,1.599,nan) 指令速度=(0.000,0.000,0.000) 指令加速度=(0.000,0.000,nan) 滚转角=0.04度 俯仰角=-0.02度
10:06:16.520784 [轨迹] 序号=1472 单调时间=4791.300739 时间=4791.301 模式=OFFBOARD 起飞状态=未执行起飞 水平控制=位置保持 类型掩码=3520 实际位置NED=(0.053,1.632,-0.245) 实际速度=(-0.000,-0.000,-0.001) 最终目标=(0.056,1.599,-0.245) 指令位置=(0.056,1.599,nan) 指令速度=(0.000,0.000,0.000) 指令加速度=(0.000,0.000,nan) 滚转角=0.04度 俯仰角=-0.02度
10:06:16.624283 [轨迹] 序号=1473 单调时间=4791.404191 时间=4791.404 模式=OFFBOARD 起飞状态=未执行起飞 水平控制=位置保持 类型掩码=3520 实际位置NED=(0.053,1.632,-0.245) 实际速度=(0.000,-0.000,-0.001) 最终目标=(0.056,1.599,-0.245) 指令位置=(0.056,1.599,nan) 指令速度=(0.000,0.000,0.000) 指令加速度=(0.000,0.000,nan) 滚转角=0.04度 俯仰角=-0.02度
10:06:16.727663 [轨迹] 序号=1474 单调时间=4791.507686 时间=4791.508 模式=OFFBOARD 起飞状态=未执行起飞 水平控制=位置保持 类型掩码=3520 实际位置NED=(0.053,1.632,-0.245) 实际速度=(0.000,-0.000,-0.001) 最终目标=(0.056,1.599,-0.245) 指令位置=(0.056,1.599,nan) 指令速度=(0.000,0.000,0.000) 指令加速度=(0.000,0.000,nan) 滚转角=0.04度 俯仰角=-0.01度
10:06:16.831051 [轨迹] 序号=1475 单调时间=4791.610924 时间=4791.611 模式=OFFBOARD 起飞状态=未执行起飞 水平控制=位置保持 类型掩码=3520 实际位置NED=(0.053,1.632,-0.245) 实际速度=(0.000,-0.000,-0.001) 最终目标=(0.056,1.599,-0.245) 指令位置=(0.056,1.599,nan) 指令速度=(0.000,0.000,0.000) 指令加速度=(0.000,0.000,nan) 滚转角=0.04度 俯仰角=-0.02度
10:06:16.934376 [轨迹] 序号=1476 单调时间=4791.714244 时间=4791.714 模式=OFFBOARD 起飞状态=未执行起飞 水平控制=位置保持 类型掩码=3520 实际位置NED=(0.053,1.632,-0.245) 实际速度=(0.000,-0.000,-0.001) 最终目标=(0.056,1.599,-0.245) 指令位置=(0.056,1.599,nan) 指令速度=(0.000,0.000,0.000) 指令加速度=(0.000,0.000,nan) 滚转角=0.04度 俯仰角=-0.02度
10:06:17.036440 [轨迹] 序号=1477 单调时间=4791.816539 时间=4791.817 模式=OFFBOARD 起飞状态=未执行起飞 水平控制=位置保持 类型掩码=3520 实际位置NED=(0.053,1.632,-0.245) 实际速度=(0.000,-0.000,-0.001) 最终目标=(0.056,1.599,-0.245) 指令位置=(0.056,1.599,nan) 指令速度=(0.000,0.000,0.000) 指令加速度=(0.000,0.000,nan) 滚转角=0.04度 俯仰角=-0.02度
10:06:17.139672 [轨迹] 序号=1478 单调时间=4791.919254 时间=4791.919 模式=OFFBOARD 起飞状态=未执行起飞 水平控制=位置保持 类型掩码=3520 实际位置NED=(0.053,1.632,-0.245) 实际速度=(0.000,-0.000,-0.001) 最终目标=(0.056,1.599,-0.245) 指令位置=(0.056,1.599,nan) 指令速度=(0.000,0.000,0.000) 指令加速度=(0.000,0.000,nan) 滚转角=0.04度 俯仰角=-0.02度
10:06:17.243193 [轨迹] 序号=1479 单调时间=4792.023115 时间=4792.023 模式=OFFBOARD 起飞状态=未执行起飞 水平控制=位置保持 类型掩码=3520 实际位置NED=(0.053,1.632,-0.245) 实际速度=(0.000,-0.000,-0.001) 最终目标=(0.056,1.599,-0.245) 指令位置=(0.056,1.599,nan) 指令速度=(0.000,0.000,0.000) 指令加速度=(0.000,0.000,nan) 滚转角=0.04度 俯仰角=-0.02度
10:06:17.346077 [轨迹] 序号=1480 单调时间=4792.126038 时间=4792.126 模式=OFFBOARD 起飞状态=未执行起飞 水平控制=位置保持 类型掩码=3520 实际位置NED=(0.053,1.632,-0.245) 实际速度=(0.000,-0.000,-0.001) 最终目标=(0.056,1.599,-0.245) 指令位置=(0.056,1.599,nan) 指令速度=(0.000,0.000,0.000) 指令加速度=(0.000,0.000,nan) 滚转角=0.04度 俯仰角=-0.02度
10:06:17.450129 [轨迹] 序号=1481 单调时间=4792.230017 时间=4792.230 模式=OFFBOARD 起飞状态=未执行起飞 水平控制=位置保持 类型掩码=3520 实际位置NED=(0.053,1.632,-0.245) 实际速度=(0.000,-0.000,-0.001) 最终目标=(0.056,1.599,-0.245) 指令位置=(0.056,1.599,nan) 指令速度=(0.000,0.000,0.000) 指令加速度=(0.000,0.000,nan) 滚转角=0.04度 俯仰角=-0.02度
10:06:17.553544 [轨迹] 序号=1482 单调时间=4792.333623 时间=4792.334 模式=OFFBOARD 起飞状态=未执行起飞 水平控制=位置保持 类型掩码=3520 实际位置NED=(0.053,1.632,-0.245) 实际速度=(0.000,-0.000,-0.001) 最终目标=(0.056,1.599,-0.245) 指令位置=(0.056,1.599,nan) 指令速度=(0.000,0.000,0.000) 指令加速度=(0.000,0.000,nan) 滚转角=0.04度 俯仰角=-0.01度
10:06:17.657205 [轨迹] 序号=1483 单调时间=4792.437086 时间=4792.437 模式=OFFBOARD 起飞状态=未执行起飞 水平控制=位置保持 类型掩码=3520 实际位置NED=(0.053,1.632,-0.245) 实际速度=(0.000,-0.000,-0.001) 最终目标=(0.056,1.599,-0.245) 指令位置=(0.056,1.599,nan) 指令速度=(0.000,0.000,0.000) 指令加速度=(0.000,0.000,nan) 滚转角=0.04度 俯仰角=-0.01度
10:06:17.760504 [轨迹] 序号=1484 单调时间=4792.540381 时间=4792.540 模式=OFFBOARD 起飞状态=未执行起飞 水平控制=位置保持 类型掩码=3520 实际位置NED=(0.053,1.632,-0.245) 实际速度=(0.000,-0.000,-0.001) 最终目标=(0.056,1.599,-0.245) 指令位置=(0.056,1.599,nan) 指令速度=(0.000,0.000,0.000) 指令加速度=(0.000,0.000,nan) 滚转角=0.04度 俯仰角=-0.01度
10:06:17.863904 [轨迹] 序号=1485 单调时间=4792.643419 时间=4792.643 模式=OFFBOARD 起飞状态=未执行起飞 水平控制=位置保持 类型掩码=3520 实际位置NED=(0.053,1.632,-0.245) 实际速度=(0.000,-0.000,-0.001) 最终目标=(0.056,1.599,-0.245) 指令位置=(0.056,1.599,nan) 指令速度=(0.000,0.000,0.000) 指令加速度=(0.000,0.000,nan) 滚转角=0.04度 俯仰角=-0.02度
10:06:17.967869 [轨迹] 序号=1486 单调时间=4792.747446 时间=4792.747 模式=OFFBOARD 起飞状态=未执行起飞 水平控制=位置保持 类型掩码=3520 实际位置NED=(0.053,1.632,-0.245) 实际速度=(0.000,-0.000,-0.001) 最终目标=(0.056,1.599,-0.245) 指令位置=(0.056,1.599,nan) 指令速度=(0.000,0.000,0.000) 指令加速度=(0.000,0.000,nan) 滚转角=0.04度 俯仰角=-0.01度
10:06:18.072322 [轨迹] 序号=1487 单调时间=4792.852306 时间=4792.852 模式=OFFBOARD 起飞状态=未执行起飞 水平控制=位置保持 类型掩码=3520 实际位置NED=(0.053,1.632,-0.245) 实际速度=(0.000,-0.000,-0.001) 最终目标=(0.056,1.599,-0.245) 指令位置=(0.056,1.599,nan) 指令速度=(0.000,0.000,0.000) 指令加速度=(0.000,0.000,nan) 滚转角=0.04度 俯仰角=-0.01度
10:06:18.175990 [轨迹] 序号=1488 单调时间=4792.955767 时间=4792.956 模式=OFFBOARD 起飞状态=未执行起飞 水平控制=位置保持 类型掩码=3520 实际位置NED=(0.053,1.632,-0.245) 实际速度=(0.001,-0.000,-0.001) 最终目标=(0.056,1.599,-0.245) 指令位置=(0.056,1.599,nan) 指令速度=(0.000,0.000,0.000) 指令加速度=(0.000,0.000,nan) 滚转角=0.04度 俯仰角=-0.01度
10:06:18.279490 [轨迹] 序号=1489 单调时间=4793.059026 时间=4793.059 模式=OFFBOARD 起飞状态=未执行起飞 水平控制=位置保持 类型掩码=3520 实际位置NED=(0.053,1.632,-0.245) 实际速度=(0.001,-0.000,-0.001) 最终目标=(0.056,1.599,-0.245) 指令位置=(0.056,1.599,nan) 指令速度=(0.000,0.000,0.000) 指令加速度=(0.000,0.000,nan) 滚转角=0.04度 俯仰角=-0.01度
10:06:18.383374 [轨迹] 序号=1490 单调时间=4793.163341 时间=4793.163 模式=OFFBOARD 起飞状态=未执行起飞 水平控制=位置保持 类型掩码=3520 实际位置NED=(0.053,1.632,-0.245) 实际速度=(0.001,-0.000,-0.001) 最终目标=(0.056,1.599,-0.245) 指令位置=(0.056,1.599,nan) 指令速度=(0.000,0.000,0.000) 指令加速度=(0.000,0.000,nan) 滚转角=0.04度 俯仰角=-0.01度
10:06:18.486625 [轨迹] 序号=1491 单调时间=4793.266520 时间=4793.267 模式=OFFBOARD 起飞状态=未执行起飞 水平控制=位置保持 类型掩码=3520 实际位置NED=(0.053,1.632,-0.245) 实际速度=(0.001,-0.000,-0.001) 最终目标=(0.056,1.599,-0.245) 指令位置=(0.056,1.599,nan) 指令速度=(0.000,0.000,0.000) 指令加速度=(0.000,0.000,nan) 滚转角=0.04度 俯仰角=-0.01度
10:06:18.589723 [轨迹] 序号=1492 单调时间=4793.369496 时间=4793.369 模式=OFFBOARD 起飞状态=未执行起飞 水平控制=位置保持 类型掩码=3520 实际位置NED=(0.053,1.633,-0.245) 实际速度=(0.001,-0.000,-0.001) 最终目标=(0.056,1.599,-0.245) 指令位置=(0.056,1.599,nan) 指令速度=(0.000,0.000,0.000) 指令加速度=(0.000,0.000,nan) 滚转角=0.04度 俯仰角=-0.01度
10:06:18.693160 [轨迹] 序号=1493 单调时间=4793.473142 时间=4793.473 模式=OFFBOARD 起飞状态=未执行起飞 水平控制=位置保持 类型掩码=3520 实际位置NED=(0.053,1.633,-0.245) 实际速度=(0.001,-0.000,-0.001) 最终目标=(0.056,1.599,-0.245) 指令位置=(0.056,1.599,nan) 指令速度=(0.000,0.000,0.000) 指令加速度=(0.000,0.000,nan) 滚转角=0.04度 俯仰角=-0.02度
10:06:18.796103 [轨迹] 序号=1494 单调时间=4793.576051 时间=4793.576 模式=OFFBOARD 起飞状态=未执行起飞 水平控制=位置保持 类型掩码=3520 实际位置NED=(0.053,1.633,-0.245) 实际速度=(0.001,-0.000,-0.001) 最终目标=(0.056,1.599,-0.245) 指令位置=(0.056,1.599,nan) 指令速度=(0.000,0.000,0.000) 指令加速度=(0.000,0.000,nan) 滚转角=0.04度 俯仰角=-0.02度
10:06:18.899139 [轨迹] 序号=1495 单调时间=4793.679064 时间=4793.679 模式=OFFBOARD 起飞状态=未执行起飞 水平控制=位置保持 类型掩码=3520 实际位置NED=(0.053,1.633,-0.245) 实际速度=(0.001,-0.000,-0.001) 最终目标=(0.056,1.599,-0.245) 指令位置=(0.056,1.599,nan) 指令速度=(0.000,0.000,0.000) 指令加速度=(0.000,0.000,nan) 滚转角=0.04度 俯仰角=-0.01度
10:06:19.002611 [轨迹] 序号=1496 单调时间=4793.782657 时间=4793.783 模式=OFFBOARD 起飞状态=未执行起飞 水平控制=位置保持 类型掩码=3520 实际位置NED=(0.052,1.633,-0.245) 实际速度=(0.001,-0.000,-0.001) 最终目标=(0.056,1.599,-0.245) 指令位置=(0.056,1.599,nan) 指令速度=(0.000,0.000,0.000) 指令加速度=(0.000,0.000,nan) 滚转角=0.04度 俯仰角=-0.01度
10:06:19.106773 [轨迹] 序号=1497 单调时间=4793.886432 时间=4793.886 模式=OFFBOARD 起飞状态=未执行起飞 水平控制=位置保持 类型掩码=3520 实际位置NED=(0.052,1.633,-0.245) 实际速度=(0.001,-0.000,-0.000) 最终目标=(0.056,1.599,-0.245) 指令位置=(0.056,1.599,nan) 指令速度=(0.000,0.000,0.000) 指令加速度=(0.000,0.000,nan) 滚转角=0.04度 俯仰角=-0.01度
10:06:19.209978 [轨迹] 序号=1498 单调时间=4793.989876 时间=4793.990 模式=OFFBOARD 起飞状态=未执行起飞 水平控制=位置保持 类型掩码=3520 实际位置NED=(0.052,1.633,-0.245) 实际速度=(0.001,-0.000,-0.000) 最终目标=(0.056,1.599,-0.245) 指令位置=(0.056,1.599,nan) 指令速度=(0.000,0.000,0.000) 指令加速度=(0.000,0.000,nan) 滚转角=0.04度 俯仰角=-0.02度
10:06:19.314588 [轨迹] 序号=1499 单调时间=4794.094481 时间=4794.094 模式=OFFBOARD 起飞状态=未执行起飞 水平控制=位置保持 类型掩码=3520 实际位置NED=(0.052,1.633,-0.245) 实际速度=(0.001,-0.000,-0.000) 最终目标=(0.056,1.599,-0.245) 指令位置=(0.056,1.599,nan) 指令速度=(0.000,0.000,0.000) 指令加速度=(0.000,0.000,nan) 滚转角=0.04度 俯仰角=-0.02度
10:06:19.417490 [轨迹] 序号=1500 单调时间=4794.197459 时间=4794.197 模式=OFFBOARD 起飞状态=未执行起飞 水平控制=位置保持 类型掩码=3520 实际位置NED=(0.052,1.633,-0.245) 实际速度=(0.001,-0.000,-0.000) 最终目标=(0.056,1.599,-0.245) 指令位置=(0.056,1.599,nan) 指令速度=(0.000,0.000,0.000) 指令加速度=(0.000,0.000,nan) 滚转角=0.05度 俯仰角=-0.02度
10:06:19.521245 [轨迹] 序号=1501 单调时间=4794.301218 时间=4794.301 模式=OFFBOARD 起飞状态=未执行起飞 水平控制=位置保持 类型掩码=3520 实际位置NED=(0.052,1.633,-0.245) 实际速度=(0.000,-0.000,-0.000) 最终目标=(0.056,1.599,-0.245) 指令位置=(0.056,1.599,nan) 指令速度=(0.000,0.000,0.000) 指令加速度=(0.000,0.000,nan) 滚转角=0.04度 俯仰角=-0.02度
10:06:19.624238 [轨迹] 序号=1502 单调时间=4794.404388 时间=4794.404 模式=OFFBOARD 起飞状态=未执行起飞 水平控制=位置保持 类型掩码=3520 实际位置NED=(0.052,1.633,-0.245) 实际速度=(0.001,-0.000,-0.000) 最终目标=(0.056,1.599,-0.245) 指令位置=(0.056,1.599,nan) 指令速度=(0.000,0.000,0.000) 指令加速度=(0.000,0.000,nan) 滚转角=0.05度 俯仰角=-0.02度
10:06:19.727345 [轨迹] 序号=1503 单调时间=4794.507209 时间=4794.507 模式=OFFBOARD 起飞状态=未执行起飞 水平控制=位置保持 类型掩码=3520 实际位置NED=(0.052,1.633,-0.245) 实际速度=(0.001,-0.000,-0.000) 最终目标=(0.056,1.599,-0.245) 指令位置=(0.056,1.599,nan) 指令速度=(0.000,0.000,0.000) 指令加速度=(0.000,0.000,nan) 滚转角=0.05度 俯仰角=-0.02度
10:06:19.830185 [轨迹] 序号=1504 单调时间=4794.610104 时间=4794.610 模式=OFFBOARD 起飞状态=未执行起飞 水平控制=位置保持 类型掩码=3520 实际位置NED=(0.052,1.633,-0.245) 实际速度=(0.001,-0.000,-0.000) 最终目标=(0.056,1.599,-0.245) 指令位置=(0.056,1.599,nan) 指令速度=(0.000,0.000,0.000) 指令加速度=(0.000,0.000,nan) 滚转角=0.05度 俯仰角=-0.02度
10:06:19.933400 [轨迹] 序号=1505 单调时间=4794.713353 时间=4794.713 模式=OFFBOARD 起飞状态=未执行起飞 水平控制=位置保持 类型掩码=3520 实际位置NED=(0.052,1.633,-0.245) 实际速度=(0.001,-0.000,-0.000) 最终目标=(0.056,1.599,-0.245) 指令位置=(0.056,1.599,nan) 指令速度=(0.000,0.000,0.000) 指令加速度=(0.000,0.000,nan) 滚转角=0.05度 俯仰角=-0.02度
10:06:20.036278 [轨迹] 序号=1506 单调时间=4794.816340 时间=4794.816 模式=OFFBOARD 起飞状态=未执行起飞 水平控制=位置保持 类型掩码=3520 实际位置NED=(0.052,1.633,-0.245) 实际速度=(0.001,-0.000,0.000) 最终目标=(0.056,1.599,-0.245) 指令位置=(0.056,1.599,nan) 指令速度=(0.000,0.000,0.000) 指令加速度=(0.000,0.000,nan) 滚转角=0.04度 俯仰角=-0.02度
10:06:20.139132 [轨迹] 序号=1507 单调时间=4794.919058 时间=4794.919 模式=OFFBOARD 起飞状态=未执行起飞 水平控制=位置保持 类型掩码=3520 实际位置NED=(0.052,1.633,-0.245) 实际速度=(0.001,0.000,0.000) 最终目标=(0.056,1.599,-0.245) 指令位置=(0.056,1.599,nan) 指令速度=(0.000,0.000,0.000) 指令加速度=(0.000,0.000,nan) 滚转角=0.04度 俯仰角=-0.02度
10:06:20.243086 [轨迹] 序号=1508 单调时间=4795.022493 时间=4795.022 模式=OFFBOARD 起飞状态=未执行起飞 水平控制=位置保持 类型掩码=3520 实际位置NED=(0.052,1.633,-0.245) 实际速度=(0.001,-0.000,0.000) 最终目标=(0.056,1.599,-0.245) 指令位置=(0.056,1.599,nan) 指令速度=(0.000,0.000,0.000) 指令加速度=(0.000,0.000,nan) 滚转角=0.04度 俯仰角=-0.02度
10:06:20.343913 [轨迹] 序号=1509 单调时间=4795.123849 时间=4795.124 模式=OFFBOARD 起飞状态=未执行起飞 水平控制=位置保持 类型掩码=3520 实际位置NED=(0.052,1.633,-0.245) 实际速度=(0.001,0.000,0.000) 最终目标=(0.056,1.599,-0.245) 指令位置=(0.056,1.599,nan) 指令速度=(0.000,0.000,0.000) 指令加速度=(0.000,0.000,nan) 滚转角=0.05度 俯仰角=-0.02度
10:06:20.446820 [轨迹] 序号=1510 单调时间=4795.226770 时间=4795.227 模式=OFFBOARD 起飞状态=未执行起飞 水平控制=位置保持 类型掩码=3520 实际位置NED=(0.052,1.633,-0.245) 实际速度=(0.001,-0.000,0.000) 最终目标=(0.056,1.599,-0.245) 指令位置=(0.056,1.599,nan) 指令速度=(0.000,0.000,0.000) 指令加速度=(0.000,0.000,nan) 滚转角=0.04度 俯仰角=-0.02度
10:06:20.550035 [轨迹] 序号=1511 单调时间=4795.329906 时间=4795.330 模式=OFFBOARD 起飞状态=未执行起飞 水平控制=位置保持 类型掩码=3520 实际位置NED=(0.052,1.633,-0.245) 实际速度=(0.000,-0.000,0.000) 最终目标=(0.056,1.599,-0.245) 指令位置=(0.056,1.599,nan) 指令速度=(0.000,0.000,0.000) 指令加速度=(0.000,0.000,nan) 滚转角=0.04度 俯仰角=-0.02度
10:06:20.652500 [轨迹] 序号=1512 单调时间=4795.432402 时间=4795.432 模式=OFFBOARD 起飞状态=未执行起飞 水平控制=位置保持 类型掩码=3520 实际位置NED=(0.052,1.633,-0.245) 实际速度=(0.001,-0.000,0.000) 最终目标=(0.056,1.599,-0.245) 指令位置=(0.056,1.599,nan) 指令速度=(0.000,0.000,0.000) 指令加速度=(0.000,0.000,nan) 滚转角=0.04度 俯仰角=-0.02度
10:06:20.756010 [轨迹] 序号=1513 单调时间=4795.535811 时间=4795.536 模式=OFFBOARD 起飞状态=未执行起飞 水平控制=位置保持 类型掩码=3520 实际位置NED=(0.052,1.633,-0.245) 实际速度=(0.001,-0.000,0.000) 最终目标=(0.056,1.599,-0.245) 指令位置=(0.056,1.599,nan) 指令速度=(0.000,0.000,0.000) 指令加速度=(0.000,0.000,nan) 滚转角=0.04度 俯仰角=-0.02度
10:06:20.858839 [轨迹] 序号=1514 单调时间=4795.638805 时间=4795.639 模式=OFFBOARD 起飞状态=未执行起飞 水平控制=位置保持 类型掩码=3520 实际位置NED=(0.052,1.633,-0.245) 实际速度=(0.000,-0.000,0.000) 最终目标=(0.056,1.599,-0.245) 指令位置=(0.056,1.599,nan) 指令速度=(0.000,0.000,0.000) 指令加速度=(0.000,0.000,nan) 滚转角=0.04度 俯仰角=-0.02度
10:06:20.962045 [轨迹] 序号=1515 单调时间=4795.741685 时间=4795.742 模式=OFFBOARD 起飞状态=未执行起飞 水平控制=位置保持 类型掩码=3520 实际位置NED=(0.052,1.633,-0.245) 实际速度=(0.000,-0.000,0.000) 最终目标=(0.056,1.599,-0.245) 指令位置=(0.056,1.599,nan) 指令速度=(0.000,0.000,0.000) 指令加速度=(0.000,0.000,nan) 滚转角=0.04度 俯仰角=-0.02度
10:06:21.062677 [轨迹] 序号=1516 单调时间=4795.842518 时间=4795.843 模式=OFFBOARD 起飞状态=未执行起飞 水平控制=位置保持 类型掩码=3520 实际位置NED=(0.052,1.633,-0.245) 实际速度=(0.000,-0.000,0.000) 最终目标=(0.056,1.599,-0.245) 指令位置=(0.056,1.599,nan) 指令速度=(0.000,0.000,0.000) 指令加速度=(0.000,0.000,nan) 滚转角=0.04度 俯仰角=-0.02度
10:06:21.166009 [轨迹] 序号=1517 单调时间=4795.945908 时间=4795.946 模式=OFFBOARD 起飞状态=未执行起飞 水平控制=位置保持 类型掩码=3520 实际位置NED=(0.052,1.633,-0.245) 实际速度=(0.000,0.000,0.000) 最终目标=(0.056,1.599,-0.245) 指令位置=(0.056,1.599,nan) 指令速度=(0.000,0.000,0.000) 指令加速度=(0.000,0.000,nan) 滚转角=0.04度 俯仰角=-0.02度
10:06:21.268846 [轨迹] 序号=1518 单调时间=4796.048942 时间=4796.049 模式=OFFBOARD 起飞状态=未执行起飞 水平控制=位置保持 类型掩码=3520 实际位置NED=(0.052,1.633,-0.245) 实际速度=(0.000,0.000,0.000) 最终目标=(0.056,1.599,-0.245) 指令位置=(0.056,1.599,nan) 指令速度=(0.000,0.000,0.000) 指令加速度=(0.000,0.000,nan) 滚转角=0.04度 俯仰角=-0.02度
10:06:21.371861 [轨迹] 序号=1519 单调时间=4796.151789 时间=4796.152 模式=OFFBOARD 起飞状态=未执行起飞 水平控制=位置保持 类型掩码=3520 实际位置NED=(0.052,1.633,-0.245) 实际速度=(0.000,0.000,0.000) 最终目标=(0.056,1.599,-0.245) 指令位置=(0.056,1.599,nan) 指令速度=(0.000,0.000,0.000) 指令加速度=(0.000,0.000,nan) 滚转角=0.05度 俯仰角=-0.02度
10:06:21.472302 [轨迹] 序号=1520 单调时间=4796.252118 时间=4796.252 模式=OFFBOARD 起飞状态=未执行起飞 水平控制=位置保持 类型掩码=3520 实际位置NED=(0.052,1.633,-0.244) 实际速度=(0.000,0.000,0.001) 最终目标=(0.056,1.599,-0.245) 指令位置=(0.056,1.599,nan) 指令速度=(0.000,0.000,0.000) 指令加速度=(0.000,0.000,nan) 滚转角=0.05度 俯仰角=-0.02度
10:06:21.577423 [轨迹] 序号=1521 单调时间=4796.356216 时间=4796.356 模式=OFFBOARD 起飞状态=未执行起飞 水平控制=位置保持 类型掩码=3520 实际位置NED=(0.052,1.633,-0.244) 实际速度=(0.000,0.000,0.001) 最终目标=(0.056,1.599,-0.245) 指令位置=(0.056,1.599,nan) 指令速度=(0.000,0.000,0.000) 指令加速度=(0.000,0.000,nan) 滚转角=0.05度 俯仰角=-0.02度
10:06:21.681463 [轨迹] 序号=1522 单调时间=4796.461435 时间=4796.461 模式=OFFBOARD 起飞状态=未执行起飞 水平控制=位置保持 类型掩码=3520 实际位置NED=(0.051,1.633,-0.244) 实际速度=(0.000,0.000,0.001) 最终目标=(0.056,1.599,-0.245) 指令位置=(0.056,1.599,nan) 指令速度=(0.000,0.000,0.000) 指令加速度=(0.000,0.000,nan) 滚转角=0.05度 俯仰角=-0.02度
10:06:21.785023 [轨迹] 序号=1523 单调时间=4796.564957 时间=4796.565 模式=OFFBOARD 起飞状态=未执行起飞 水平控制=位置保持 类型掩码=3520 实际位置NED=(0.051,1.633,-0.244) 实际速度=(0.000,0.000,0.001) 最终目标=(0.056,1.599,-0.245) 指令位置=(0.056,1.599,nan) 指令速度=(0.000,0.000,0.000) 指令加速度=(0.000,0.000,nan) 滚转角=0.05度 俯仰角=-0.02度
10:06:21.888171 [轨迹] 序号=1524 单调时间=4796.667958 时间=4796.668 模式=OFFBOARD 起飞状态=未执行起飞 水平控制=位置保持 类型掩码=3520 实际位置NED=(0.051,1.633,-0.244) 实际速度=(0.000,0.000,0.001) 最终目标=(0.056,1.599,-0.245) 指令位置=(0.056,1.599,nan) 指令速度=(0.000,0.000,0.000) 指令加速度=(0.000,0.000,nan) 滚转角=0.05度 俯仰角=-0.02度
10:06:21.992033 [轨迹] 序号=1525 单调时间=4796.771796 时间=4796.772 模式=OFFBOARD 起飞状态=未执行起飞 水平控制=位置保持 类型掩码=3520 实际位置NED=(0.051,1.633,-0.244) 实际速度=(0.000,0.000,0.001) 最终目标=(0.056,1.599,-0.245) 指令位置=(0.056,1.599,nan) 指令速度=(0.000,0.000,0.000) 指令加速度=(0.000,0.000,nan) 滚转角=0.05度 俯仰角=-0.02度
10:06:22.094821 [轨迹] 序号=1526 单调时间=4796.874868 时间=4796.875 模式=OFFBOARD 起飞状态=未执行起飞 水平控制=位置保持 类型掩码=3520 实际位置NED=(0.051,1.633,-0.244) 实际速度=(-0.000,0.000,0.001) 最终目标=(0.056,1.599,-0.245) 指令位置=(0.056,1.599,nan) 指令速度=(0.000,0.000,0.000) 指令加速度=(0.000,0.000,nan) 滚转角=0.05度 俯仰角=-0.02度
10:06:22.197703 [轨迹] 序号=1527 单调时间=4796.977782 时间=4796.978 模式=OFFBOARD 起飞状态=未执行起飞 水平控制=位置保持 类型掩码=3520 实际位置NED=(0.051,1.633,-0.244) 实际速度=(-0.000,0.000,0.001) 最终目标=(0.056,1.599,-0.245) 指令位置=(0.056,1.599,nan) 指令速度=(0.000,0.000,0.000) 指令加速度=(0.000,0.000,nan) 滚转角=0.05度 俯仰角=-0.02度
10:06:22.300543 [轨迹] 序号=1528 单调时间=4797.080491 时间=4797.080 模式=OFFBOARD 起飞状态=未执行起飞 水平控制=位置保持 类型掩码=3520 实际位置NED=(0.051,1.633,-0.244) 实际速度=(-0.000,0.000,0.001) 最终目标=(0.056,1.599,-0.245) 指令位置=(0.056,1.599,nan) 指令速度=(0.000,0.000,0.000) 指令加速度=(0.000,0.000,nan) 滚转角=0.05度 俯仰角=-0.02度
10:06:22.404898 [轨迹] 序号=1529 单调时间=4797.180749 时间=4797.181 模式=OFFBOARD 起飞状态=未执行起飞 水平控制=位置保持 类型掩码=3520 实际位置NED=(0.051,1.633,-0.244) 实际速度=(-0.000,0.000,0.001) 最终目标=(0.056,1.599,-0.245) 指令位置=(0.056,1.599,nan) 指令速度=(0.000,0.000,0.000) 指令加速度=(0.000,0.000,nan) 滚转角=0.05度 俯仰角=-0.02度
10:06:22.502014 [轨迹] 序号=1530 单调时间=4797.281885 时间=4797.282 模式=OFFBOARD 起飞状态=未执行起飞 水平控制=位置保持 类型掩码=3520 实际位置NED=(0.051,1.633,-0.244) 实际速度=(-0.000,0.000,0.001) 最终目标=(0.056,1.599,-0.245) 指令位置=(0.056,1.599,nan) 指令速度=(0.000,0.000,0.000) 指令加速度=(0.000,0.000,nan) 滚转角=0.05度 俯仰角=-0.02度
10:06:22.605059 [轨迹] 序号=1531 单调时间=4797.384989 时间=4797.385 模式=OFFBOARD 起飞状态=未执行起飞 水平控制=位置保持 类型掩码=3520 实际位置NED=(0.051,1.633,-0.244) 实际速度=(-0.000,0.000,0.001) 最终目标=(0.056,1.599,-0.245) 指令位置=(0.056,1.599,nan) 指令速度=(0.000,0.000,0.000) 指令加速度=(0.000,0.000,nan) 滚转角=0.05度 俯仰角=-0.02度
10:06:22.708305 [轨迹] 序号=1532 单调时间=4797.488324 时间=4797.488 模式=OFFBOARD 起飞状态=未执行起飞 水平控制=位置保持 类型掩码=3520 实际位置NED=(0.051,1.633,-0.244) 实际速度=(-0.000,0.000,0.001) 最终目标=(0.056,1.599,-0.245) 指令位置=(0.056,1.599,nan) 指令速度=(0.000,0.000,0.000) 指令加速度=(0.000,0.000,nan) 滚转角=0.05度 俯仰角=-0.02度
10:06:22.811405 [轨迹] 序号=1533 单调时间=4797.591262 时间=4797.591 模式=OFFBOARD 起飞状态=未执行起飞 水平控制=位置保持 类型掩码=3520 实际位置NED=(0.051,1.633,-0.244) 实际速度=(-0.000,0.000,0.001) 最终目标=(0.056,1.599,-0.245) 指令位置=(0.056,1.599,nan) 指令速度=(0.000,0.000,0.000) 指令加速度=(0.000,0.000,nan) 滚转角=0.05度 俯仰角=-0.02度
10:06:22.914692 [轨迹] 序号=1534 单调时间=4797.694519 时间=4797.695 模式=OFFBOARD 起飞状态=未执行起飞 水平控制=位置保持 类型掩码=3520 实际位置NED=(0.051,1.634,-0.244) 实际速度=(-0.000,0.000,0.001) 最终目标=(0.056,1.599,-0.245) 指令位置=(0.056,1.599,nan) 指令速度=(0.000,0.000,0.000) 指令加速度=(0.000,0.000,nan) 滚转角=0.05度 俯仰角=-0.02度
10:06:23.018107 [轨迹] 序号=1535 单调时间=4797.797935 时间=4797.798 模式=OFFBOARD 起飞状态=未执行起飞 水平控制=位置保持 类型掩码=3520 实际位置NED=(0.051,1.634,-0.244) 实际速度=(-0.000,-0.000,0.001) 最终目标=(0.056,1.599,-0.245) 指令位置=(0.056,1.599,nan) 指令速度=(0.000,0.000,0.000) 指令加速度=(0.000,0.000,nan) 滚转角=0.05度 俯仰角=-0.02度
10:06:23.121372 [轨迹] 序号=1536 单调时间=4797.901272 时间=4797.901 模式=OFFBOARD 起飞状态=未执行起飞 水平控制=位置保持 类型掩码=3520 实际位置NED=(0.051,1.634,-0.244) 实际速度=(-0.000,-0.000,0.001) 最终目标=(0.056,1.599,-0.245) 指令位置=(0.056,1.599,nan) 指令速度=(0.000,0.000,0.000) 指令加速度=(0.000,0.000,nan) 滚转角=0.05度 俯仰角=-0.02度
10:06:23.225277 [轨迹] 序号=1537 单调时间=4798.004452 时间=4798.004 模式=OFFBOARD 起飞状态=未执行起飞 水平控制=位置保持 类型掩码=3520 实际位置NED=(0.051,1.634,-0.244) 实际速度=(-0.000,-0.000,0.001) 最终目标=(0.056,1.599,-0.245) 指令位置=(0.056,1.599,nan) 指令速度=(0.000,0.000,0.000) 指令加速度=(0.000,0.000,nan) 滚转角=0.05度 俯仰角=-0.02度
10:06:23.328864 [轨迹] 序号=1538 单调时间=4798.108751 时间=4798.109 模式=OFFBOARD 起飞状态=未执行起飞 水平控制=位置保持 类型掩码=3520 实际位置NED=(0.051,1.634,-0.244) 实际速度=(-0.000,-0.000,0.001) 最终目标=(0.056,1.599,-0.245) 指令位置=(0.056,1.599,nan) 指令速度=(0.000,0.000,0.000) 指令加速度=(0.000,0.000,nan) 滚转角=0.05度 俯仰角=-0.02度
10:06:23.431849 [轨迹] 序号=1539 单调时间=4798.211761 时间=4798.212 模式=OFFBOARD 起飞状态=未执行起飞 水平控制=位置保持 类型掩码=3520 实际位置NED=(0.051,1.633,-0.244) 实际速度=(-0.000,-0.000,0.001) 最终目标=(0.056,1.599,-0.245) 指令位置=(0.056,1.599,nan) 指令速度=(0.000,0.000,0.000) 指令加速度=(0.000,0.000,nan) 滚转角=0.05度 俯仰角=-0.02度
10:06:23.535839 [轨迹] 序号=1540 单调时间=4798.315158 时间=4798.315 模式=OFFBOARD 起飞状态=未执行起飞 水平控制=位置保持 类型掩码=3520 实际位置NED=(0.051,1.633,-0.244) 实际速度=(-0.001,-0.000,0.001) 最终目标=(0.056,1.599,-0.245) 指令位置=(0.056,1.599,nan) 指令速度=(0.000,0.000,0.000) 指令加速度=(0.000,0.000,nan) 滚转角=0.05度 俯仰角=-0.02度
10:06:23.639517 [轨迹] 序号=1541 单调时间=4798.419333 时间=4798.419 模式=OFFBOARD 起飞状态=未执行起飞 水平控制=位置保持 类型掩码=3520 实际位置NED=(0.051,1.633,-0.244) 实际速度=(-0.000,-0.000,0.001) 最终目标=(0.056,1.599,-0.245) 指令位置=(0.056,1.599,nan) 指令速度=(0.000,0.000,0.000) 指令加速度=(0.000,0.000,nan) 滚转角=0.05度 俯仰角=-0.02度
10:06:23.742548 [轨迹] 序号=1542 单调时间=4798.522580 时间=4798.523 模式=OFFBOARD 起飞状态=未执行起飞 水平控制=位置保持 类型掩码=3520 实际位置NED=(0.051,1.633,-0.244) 实际速度=(-0.001,-0.000,0.001) 最终目标=(0.056,1.599,-0.245) 指令位置=(0.056,1.599,nan) 指令速度=(0.000,0.000,0.000) 指令加速度=(0.000,0.000,nan) 滚转角=0.05度 俯仰角=-0.02度
10:06:23.845449 [轨迹] 序号=1543 单调时间=4798.625448 时间=4798.625 模式=OFFBOARD 起飞状态=未执行起飞 水平控制=位置保持 类型掩码=3520 实际位置NED=(0.051,1.633,-0.244) 实际速度=(-0.001,-0.000,0.001) 最终目标=(0.056,1.599,-0.245) 指令位置=(0.056,1.599,nan) 指令速度=(0.000,0.000,0.000) 指令加速度=(0.000,0.000,nan) 滚转角=0.05度 俯仰角=-0.02度
10:06:23.949027 [轨迹] 序号=1544 单调时间=4798.728861 时间=4798.729 模式=OFFBOARD 起飞状态=未执行起飞 水平控制=位置保持 类型掩码=3520 实际位置NED=(0.051,1.633,-0.244) 实际速度=(-0.001,-0.000,0.001) 最终目标=(0.056,1.599,-0.245) 指令位置=(0.056,1.599,nan) 指令速度=(0.000,0.000,0.000) 指令加速度=(0.000,0.000,nan) 滚转角=0.05度 俯仰角=-0.02度
10:06:24.052609 [轨迹] 序号=1545 单调时间=4798.832614 时间=4798.833 模式=OFFBOARD 起飞状态=未执行起飞 水平控制=位置保持 类型掩码=3520 实际位置NED=(0.051,1.633,-0.244) 实际速度=(-0.001,-0.000,0.001) 最终目标=(0.056,1.599,-0.245) 指令位置=(0.056,1.599,nan) 指令速度=(0.000,0.000,0.000) 指令加速度=(0.000,0.000,nan) 滚转角=0.05度 俯仰角=-0.02度
10:06:24.156951 [轨迹] 序号=1546 单调时间=4798.936832 时间=4798.937 模式=OFFBOARD 起飞状态=未执行起飞 水平控制=位置保持 类型掩码=3520 实际位置NED=(0.051,1.633,-0.244) 实际速度=(-0.001,-0.000,0.001) 最终目标=(0.056,1.599,-0.245) 指令位置=(0.056,1.599,nan) 指令速度=(0.000,0.000,0.000) 指令加速度=(0.000,0.000,nan) 滚转角=0.05度 俯仰角=-0.02度
10:06:24.261636 [轨迹] 序号=1547 单调时间=4799.041507 时间=4799.042 模式=OFFBOARD 起飞状态=未执行起飞 水平控制=位置保持 类型掩码=3520 实际位置NED=(0.051,1.633,-0.244) 实际速度=(-0.001,-0.000,0.001) 最终目标=(0.056,1.599,-0.245) 指令位置=(0.056,1.599,nan) 指令速度=(0.000,0.000,0.000) 指令加速度=(0.000,0.000,nan) 滚转角=0.05度 俯仰角=-0.02度
10:06:24.366483 [轨迹] 序号=1548 单调时间=4799.146537 时间=4799.147 模式=OFFBOARD 起飞状态=未执行起飞 水平控制=位置保持 类型掩码=3520 实际位置NED=(0.050,1.633,-0.244) 实际速度=(-0.001,0.000,0.001) 最终目标=(0.056,1.599,-0.245) 指令位置=(0.056,1.599,nan) 指令速度=(0.000,0.000,0.000) 指令加速度=(0.000,0.000,nan) 滚转角=0.05度 俯仰角=-0.02度
10:06:24.470750 [轨迹] 序号=1549 单调时间=4799.250579 时间=4799.251 模式=OFFBOARD 起飞状态=未执行起飞 水平控制=位置保持 类型掩码=3520 实际位置NED=(0.050,1.634,-0.244) 实际速度=(-0.001,-0.000,0.001) 最终目标=(0.056,1.599,-0.245) 指令位置=(0.056,1.599,nan) 指令速度=(0.000,0.000,0.000) 指令加速度=(0.000,0.000,nan) 滚转角=0.05度 俯仰角=-0.02度
10:06:24.571099 [轨迹] 序号=1550 单调时间=4799.350927 时间=4799.351 模式=OFFBOARD 起飞状态=未执行起飞 水平控制=位置保持 类型掩码=3520 实际位置NED=(0.050,1.634,-0.244) 实际速度=(-0.001,0.000,0.001) 最终目标=(0.056,1.599,-0.245) 指令位置=(0.056,1.599,nan) 指令速度=(0.000,0.000,0.000) 指令加速度=(0.000,0.000,nan) 滚转角=0.05度 俯仰角=-0.02度
10:06:24.675643 [轨迹] 序号=1551 单调时间=4799.455565 时间=4799.456 模式=OFFBOARD 起飞状态=未执行起飞 水平控制=位置保持 类型掩码=3520 实际位置NED=(0.050,1.634,-0.244) 实际速度=(-0.001,0.000,0.001) 最终目标=(0.056,1.599,-0.245) 指令位置=(0.056,1.599,nan) 指令速度=(0.000,0.000,0.000) 指令加速度=(0.000,0.000,nan) 滚转角=0.05度 俯仰角=-0.02度
10:06:24.780304 [轨迹] 序号=1552 单调时间=4799.560198 时间=4799.560 模式=OFFBOARD 起飞状态=未执行起飞 水平控制=位置保持 类型掩码=3520 实际位置NED=(0.050,1.634,-0.244) 实际速度=(-0.001,0.000,0.001) 最终目标=(0.056,1.599,-0.245) 指令位置=(0.056,1.599,nan) 指令速度=(0.000,0.000,0.000) 指令加速度=(0.000,0.000,nan) 滚转角=0.05度 俯仰角=-0.02度
10:06:24.884627 [轨迹] 序号=1553 单调时间=4799.664507 时间=4799.665 模式=OFFBOARD 起飞状态=未执行起飞 水平控制=位置保持 类型掩码=3520 实际位置NED=(0.050,1.634,-0.244) 实际速度=(-0.001,0.000,0.001) 最终目标=(0.056,1.599,-0.245) 指令位置=(0.056,1.599,nan) 指令速度=(0.000,0.000,0.000) 指令加速度=(0.000,0.000,nan) 滚转角=0.05度 俯仰角=-0.02度
10:06:24.989153 [轨迹] 序号=1554 单调时间=4799.769010 时间=4799.769 模式=OFFBOARD 起飞状态=未执行起飞 水平控制=位置保持 类型掩码=3520 实际位置NED=(0.050,1.634,-0.244) 实际速度=(-0.001,0.000,0.000) 最终目标=(0.056,1.599,-0.245) 指令位置=(0.056,1.599,nan) 指令速度=(0.000,0.000,0.000) 指令加速度=(0.000,0.000,nan) 滚转角=0.05度 俯仰角=-0.02度
10:06:25.094121 [轨迹] 序号=1555 单调时间=4799.874001 时间=4799.874 模式=OFFBOARD 起飞状态=未执行起飞 水平控制=位置保持 类型掩码=3520 实际位置NED=(0.050,1.634,-0.244) 实际速度=(-0.001,0.000,0.000) 最终目标=(0.056,1.599,-0.245) 指令位置=(0.056,1.599,nan) 指令速度=(0.000,0.000,0.000) 指令加速度=(0.000,0.000,nan) 滚转角=0.05度 俯仰角=-0.02度
10:06:25.198615 [轨迹] 序号=1556 单调时间=4799.978536 时间=4799.979 模式=OFFBOARD 起飞状态=未执行起飞 水平控制=位置保持 类型掩码=3520 实际位置NED=(0.050,1.634,-0.244) 实际速度=(-0.001,0.000,0.000) 最终目标=(0.056,1.599,-0.245) 指令位置=(0.056,1.599,nan) 指令速度=(0.000,0.000,0.000) 指令加速度=(0.000,0.000,nan) 滚转角=0.04度 俯仰角=-0.02度
10:06:25.302808 [轨迹] 序号=1557 单调时间=4800.082673 时间=4800.083 模式=OFFBOARD 起飞状态=未执行起飞 水平控制=位置保持 类型掩码=3520 实际位置NED=(0.050,1.634,-0.244) 实际速度=(-0.001,0.000,0.000) 最终目标=(0.056,1.599,-0.245) 指令位置=(0.056,1.599,nan) 指令速度=(0.000,0.000,0.000) 指令加速度=(0.000,0.000,nan) 滚转角=0.05度 俯仰角=-0.02度
10:06:25.406865 [轨迹] 序号=1558 单调时间=4800.186725 时间=4800.187 模式=OFFBOARD 起飞状态=未执行起飞 水平控制=位置保持 类型掩码=3520 实际位置NED=(0.050,1.634,-0.244) 实际速度=(-0.001,0.000,0.000) 最终目标=(0.056,1.599,-0.245) 指令位置=(0.056,1.599,nan) 指令速度=(0.000,0.000,0.000) 指令加速度=(0.000,0.000,nan) 滚转角=0.05度 俯仰角=-0.02度
10:06:25.510721 [轨迹] 序号=1559 单调时间=4800.290662 时间=4800.291 模式=OFFBOARD 起飞状态=未执行起飞 水平控制=位置保持 类型掩码=3520 实际位置NED=(0.050,1.634,-0.244) 实际速度=(-0.001,0.000,0.000) 最终目标=(0.056,1.599,-0.245) 指令位置=(0.056,1.599,nan) 指令速度=(0.000,0.000,0.000) 指令加速度=(0.000,0.000,nan) 滚转角=0.04度 俯仰角=-0.02度
10:06:25.615213 [轨迹] 序号=1560 单调时间=4800.395081 时间=4800.395 模式=OFFBOARD 起飞状态=未执行起飞 水平控制=位置保持 类型掩码=3520 实际位置NED=(0.050,1.634,-0.244) 实际速度=(-0.001,0.000,0.000) 最终目标=(0.056,1.599,-0.245) 指令位置=(0.056,1.599,nan) 指令速度=(0.000,0.000,0.000) 指令加速度=(0.000,0.000,nan) 滚转角=0.04度 俯仰角=-0.02度
10:06:25.719248 [轨迹] 序号=1561 单调时间=4800.498935 时间=4800.499 模式=OFFBOARD 起飞状态=未执行起飞 水平控制=位置保持 类型掩码=3520 实际位置NED=(0.051,1.634,-0.244) 实际速度=(-0.001,0.000,0.000) 最终目标=(0.056,1.599,-0.245) 指令位置=(0.056,1.599,nan) 指令速度=(0.000,0.000,0.000) 指令加速度=(0.000,0.000,nan) 滚转角=0.04度 俯仰角=-0.02度
10:06:25.823479 [轨迹] 序号=1562 单调时间=4800.603406 时间=4800.603 模式=OFFBOARD 起飞状态=未执行起飞 水平控制=位置保持 类型掩码=3520 实际位置NED=(0.051,1.634,-0.245) 实际速度=(-0.000,0.000,-0.000) 最终目标=(0.056,1.599,-0.245) 指令位置=(0.056,1.599,nan) 指令速度=(0.000,0.000,0.000) 指令加速度=(0.000,0.000,nan) 滚转角=0.04度 俯仰角=-0.02度
10:06:25.927281 [轨迹] 序号=1563 单调时间=4800.707141 时间=4800.707 模式=OFFBOARD 起飞状态=未执行起飞 水平控制=位置保持 类型掩码=3520 实际位置NED=(0.051,1.634,-0.245) 实际速度=(-0.000,0.000,-0.000) 最终目标=(0.056,1.599,-0.245) 指令位置=(0.056,1.599,nan) 指令速度=(0.000,0.000,0.000) 指令加速度=(0.000,0.000,nan) 滚转角=0.04度 俯仰角=-0.02度
10:06:26.029556 [轨迹] 序号=1564 单调时间=4800.809479 时间=4800.809 模式=OFFBOARD 起飞状态=未执行起飞 水平控制=位置保持 类型掩码=3520 实际位置NED=(0.051,1.634,-0.245) 实际速度=(-0.000,0.000,-0.000) 最终目标=(0.056,1.599,-0.245) 指令位置=(0.056,1.599,nan) 指令速度=(0.000,0.000,0.000) 指令加速度=(0.000,0.000,nan) 滚转角=0.04度 俯仰角=-0.02度
10:06:26.133678 [轨迹] 序号=1565 单调时间=4800.913518 时间=4800.914 模式=OFFBOARD 起飞状态=未执行起飞 水平控制=位置保持 类型掩码=3520 实际位置NED=(0.051,1.634,-0.245) 实际速度=(0.000,0.000,-0.001) 最终目标=(0.056,1.599,-0.245) 指令位置=(0.056,1.599,nan) 指令速度=(0.000,0.000,0.000) 指令加速度=(0.000,0.000,nan) 滚转角=0.04度 俯仰角=-0.02度
10:06:26.238432 [轨迹] 序号=1566 单调时间=4801.018215 时间=4801.018 模式=OFFBOARD 起飞状态=未执行起飞 水平控制=位置保持 类型掩码=3520 实际位置NED=(0.051,1.634,-0.245) 实际速度=(-0.000,0.000,-0.001) 最终目标=(0.056,1.599,-0.245) 指令位置=(0.056,1.599,nan) 指令速度=(0.000,0.000,0.000) 指令加速度=(0.000,0.000,nan) 滚转角=0.05度 俯仰角=-0.02度
10:06:26.342047 [轨迹] 序号=1567 单调时间=4801.122015 时间=4801.122 模式=OFFBOARD 起飞状态=未执行起飞 水平控制=位置保持 类型掩码=3520 实际位置NED=(0.051,1.634,-0.245) 实际速度=(-0.000,0.000,-0.001) 最终目标=(0.056,1.599,-0.245) 指令位置=(0.056,1.599,nan) 指令速度=(0.000,0.000,0.000) 指令加速度=(0.000,0.000,nan) 滚转角=0.05度 俯仰角=-0.02度
10:06:26.446042 [轨迹] 序号=1568 单调时间=4801.225981 时间=4801.226 模式=OFFBOARD 起飞状态=未执行起飞 水平控制=位置保持 类型掩码=3520 实际位置NED=(0.051,1.634,-0.245) 实际速度=(0.000,0.000,-0.001) 最终目标=(0.056,1.599,-0.245) 指令位置=(0.056,1.599,nan) 指令速度=(0.000,0.000,0.000) 指令加速度=(0.000,0.000,nan) 滚转角=0.05度 俯仰角=-0.02度
10:06:26.546138 [轨迹] 序号=1569 单调时间=4801.326058 时间=4801.326 模式=OFFBOARD 起飞状态=未执行起飞 水平控制=位置保持 类型掩码=3520 实际位置NED=(0.051,1.634,-0.245) 实际速度=(-0.000,0.000,-0.001) 最终目标=(0.056,1.599,-0.245) 指令位置=(0.056,1.599,nan) 指令速度=(0.000,0.000,0.000) 指令加速度=(0.000,0.000,nan) 滚转角=0.04度 俯仰角=-0.02度
10:06:26.650346 [轨迹] 序号=1570 单调时间=4801.430376 时间=4801.430 模式=OFFBOARD 起飞状态=未执行起飞 水平控制=位置保持 类型掩码=3520 实际位置NED=(0.051,1.634,-0.245) 实际速度=(-0.000,0.000,-0.001) 最终目标=(0.056,1.599,-0.245) 指令位置=(0.056,1.599,nan) 指令速度=(0.000,0.000,0.000) 指令加速度=(0.000,0.000,nan) 滚转角=0.05度 俯仰角=-0.02度
10:06:26.753919 [轨迹] 序号=1571 单调时间=4801.533924 时间=4801.534 模式=OFFBOARD 起飞状态=未执行起飞 水平控制=位置保持 类型掩码=3520 实际位置NED=(0.051,1.634,-0.245) 实际速度=(-0.000,0.000,-0.001) 最终目标=(0.056,1.599,-0.245) 指令位置=(0.056,1.599,nan) 指令速度=(0.000,0.000,0.000) 指令加速度=(0.000,0.000,nan) 滚转角=0.05度 俯仰角=-0.02度
10:06:26.857752 [轨迹] 序号=1572 单调时间=4801.637719 时间=4801.638 模式=OFFBOARD 起飞状态=未执行起飞 水平控制=位置保持 类型掩码=3520 实际位置NED=(0.051,1.634,-0.246) 实际速度=(-0.000,0.000,-0.002) 最终目标=(0.056,1.599,-0.245) 指令位置=(0.056,1.599,nan) 指令速度=(0.000,0.000,0.000) 指令加速度=(0.000,0.000,nan) 滚转角=0.04度 俯仰角=-0.02度
10:06:26.962121 [轨迹] 序号=1573 单调时间=4801.741963 时间=4801.742 模式=OFFBOARD 起飞状态=未执行起飞 水平控制=位置保持 类型掩码=3520 实际位置NED=(0.051,1.634,-0.246) 实际速度=(-0.000,0.000,-0.002) 最终目标=(0.056,1.599,-0.245) 指令位置=(0.056,1.599,nan) 指令速度=(0.000,0.000,0.000) 指令加速度=(0.000,0.000,nan) 滚转角=0.04度 俯仰角=-0.02度
10:06:27.066505 [轨迹] 序号=1574 单调时间=4801.846262 时间=4801.846 模式=OFFBOARD 起飞状态=未执行起飞 水平控制=位置保持 类型掩码=3520 实际位置NED=(0.051,1.634,-0.246) 实际速度=(-0.000,0.000,-0.002) 最终目标=(0.056,1.599,-0.245) 指令位置=(0.056,1.599,nan) 指令速度=(0.000,0.000,0.000) 指令加速度=(0.000,0.000,nan) 滚转角=0.05度 俯仰角=-0.02度
10:06:27.170431 [轨迹] 序号=1575 单调时间=4801.950335 时间=4801.950 模式=OFFBOARD 起飞状态=未执行起飞 水平控制=位置保持 类型掩码=3520 实际位置NED=(0.051,1.634,-0.246) 实际速度=(-0.000,0.000,-0.002) 最终目标=(0.056,1.599,-0.245) 指令位置=(0.056,1.599,nan) 指令速度=(0.000,0.000,0.000) 指令加速度=(0.000,0.000,nan) 滚转角=0.04度 俯仰角=-0.01度
10:06:27.274344 [轨迹] 序号=1576 单调时间=4802.054375 时间=4802.054 模式=OFFBOARD 起飞状态=未执行起飞 水平控制=位置保持 类型掩码=3520 实际位置NED=(0.051,1.634,-0.246) 实际速度=(-0.000,0.000,-0.002) 最终目标=(0.056,1.599,-0.245) 指令位置=(0.056,1.599,nan) 指令速度=(0.000,0.000,0.000) 指令加速度=(0.000,0.000,nan) 滚转角=0.05度 俯仰角=-0.01度
10:06:27.378614 [轨迹] 序号=1577 单调时间=4802.158354 时间=4802.158 模式=OFFBOARD 起飞状态=未执行起飞 水平控制=位置保持 类型掩码=3520 实际位置NED=(0.051,1.634,-0.246) 实际速度=(-0.000,0.001,-0.002) 最终目标=(0.056,1.599,-0.245) 指令位置=(0.056,1.599,nan) 指令速度=(0.000,0.000,0.000) 指令加速度=(0.000,0.000,nan) 滚转角=0.05度 俯仰角=-0.01度
10:06:27.482612 [轨迹] 序号=1578 单调时间=4802.262436 时间=4802.262 模式=OFFBOARD 起飞状态=未执行起飞 水平控制=位置保持 类型掩码=3520 实际位置NED=(0.051,1.634,-0.246) 实际速度=(-0.000,0.000,-0.002) 最终目标=(0.056,1.599,-0.245) 指令位置=(0.056,1.599,nan) 指令速度=(0.000,0.000,0.000) 指令加速度=(0.000,0.000,nan) 滚转角=0.04度 俯仰角=-0.01度
10:06:27.587216 [轨迹] 序号=1579 单调时间=4802.367037 时间=4802.367 模式=OFFBOARD 起飞状态=未执行起飞 水平控制=位置保持 类型掩码=3520 实际位置NED=(0.051,1.634,-0.246) 实际速度=(-0.000,0.000,-0.002) 最终目标=(0.056,1.599,-0.245) 指令位置=(0.056,1.599,nan) 指令速度=(0.000,0.000,0.000) 指令加速度=(0.000,0.000,nan) 滚转角=0.04度 俯仰角=-0.02度
10:06:27.691766 [轨迹] 序号=1580 单调时间=4802.471654 时间=4802.472 模式=OFFBOARD 起飞状态=未执行起飞 水平控制=位置保持 类型掩码=3520 实际位置NED=(0.051,1.634,-0.246) 实际速度=(-0.000,0.000,-0.002) 最终目标=(0.056,1.599,-0.245) 指令位置=(0.056,1.599,nan) 指令速度=(0.000,0.000,0.000) 指令加速度=(0.000,0.000,nan) 滚转角=0.04度 俯仰角=-0.02度
10:06:27.795348 [轨迹] 序号=1581 单调时间=4802.575331 时间=4802.575 模式=OFFBOARD 起飞状态=未执行起飞 水平控制=位置保持 类型掩码=3520 实际位置NED=(0.051,1.634,-0.246) 实际速度=(-0.000,0.000,-0.002) 最终目标=(0.056,1.599,-0.245) 指令位置=(0.056,1.599,nan) 指令速度=(0.000,0.000,0.000) 指令加速度=(0.000,0.000,nan) 滚转角=0.04度 俯仰角=-0.02度
10:06:27.899529 [轨迹] 序号=1582 单调时间=4802.679398 时间=4802.679 模式=OFFBOARD 起飞状态=未执行起飞 水平控制=位置保持 类型掩码=3520 实际位置NED=(0.051,1.634,-0.246) 实际速度=(-0.000,-0.000,-0.002) 最终目标=(0.056,1.599,-0.245) 指令位置=(0.056,1.599,nan) 指令速度=(0.000,0.000,0.000) 指令加速度=(0.000,0.000,nan) 滚转角=0.04度 俯仰角=-0.01度
10:06:28.005735 [轨迹] 序号=1583 单调时间=4802.785124 时间=4802.785 模式=OFFBOARD 起飞状态=未执行起飞 水平控制=位置保持 类型掩码=3520 实际位置NED=(0.051,1.634,-0.246) 实际速度=(-0.000,0.000,-0.002) 最终目标=(0.056,1.599,-0.245) 指令位置=(0.056,1.599,nan) 指令速度=(0.000,0.000,0.000) 指令加速度=(0.000,0.000,nan) 滚转角=0.05度 俯仰角=-0.02度
10:06:28.109772 [轨迹] 序号=1584 单调时间=4802.889510 时间=4802.890 模式=OFFBOARD 起飞状态=未执行起飞 水平控制=位置保持 类型掩码=3520 实际位置NED=(0.051,1.634,-0.246) 实际速度=(-0.000,0.000,-0.002) 最终目标=(0.056,1.599,-0.245) 指令位置=(0.056,1.599,nan) 指令速度=(0.000,0.000,0.000) 指令加速度=(0.000,0.000,nan) 滚转角=0.05度 俯仰角=-0.02度
10:06:28.214551 [轨迹] 序号=1585 单调时间=4802.993762 时间=4802.994 模式=OFFBOARD 起飞状态=未执行起飞 水平控制=位置保持 类型掩码=3520 实际位置NED=(0.051,1.634,-0.246) 实际速度=(-0.000,0.000,-0.002) 最终目标=(0.056,1.599,-0.245) 指令位置=(0.056,1.599,nan) 指令速度=(0.000,0.000,0.000) 指令加速度=(0.000,0.000,nan) 滚转角=0.05度 俯仰角=-0.02度
10:06:28.317901 [轨迹] 序号=1586 单调时间=4803.097869 时间=4803.098 模式=OFFBOARD 起飞状态=未执行起飞 水平控制=位置保持 类型掩码=3520 实际位置NED=(0.051,1.634,-0.246) 实际速度=(-0.000,0.000,-0.002) 最终目标=(0.056,1.599,-0.245) 指令位置=(0.056,1.599,nan) 指令速度=(0.000,0.000,0.000) 指令加速度=(0.000,0.000,nan) 滚转角=0.05度 俯仰角=-0.02度
10:06:28.422006 [轨迹] 序号=1587 单调时间=4803.201840 时间=4803.202 模式=OFFBOARD 起飞状态=未执行起飞 水平控制=位置保持 类型掩码=3520 实际位置NED=(0.051,1.634,-0.246) 实际速度=(-0.000,-0.000,-0.001) 最终目标=(0.056,1.599,-0.245) 指令位置=(0.056,1.599,nan) 指令速度=(0.000,0.000,0.000) 指令加速度=(0.000,0.000,nan) 滚转角=0.05度 俯仰角=-0.02度
10:06:28.524403 [轨迹] 序号=1588 单调时间=4803.304400 时间=4803.304 模式=OFFBOARD 起飞状态=未执行起飞 水平控制=位置保持 类型掩码=3520 实际位置NED=(0.051,1.634,-0.246) 实际速度=(-0.000,-0.000,-0.002) 最终目标=(0.056,1.599,-0.245) 指令位置=(0.056,1.599,nan) 指令速度=(0.000,0.000,0.000) 指令加速度=(0.000,0.000,nan) 滚转角=0.05度 俯仰角=-0.02度
10:06:28.628389 [轨迹] 序号=1589 单调时间=4803.408227 时间=4803.408 模式=OFFBOARD 起飞状态=未执行起飞 水平控制=位置保持 类型掩码=3520 实际位置NED=(0.051,1.634,-0.246) 实际速度=(-0.000,-0.000,-0.001) 最终目标=(0.056,1.599,-0.245) 指令位置=(0.056,1.599,nan) 指令速度=(0.000,0.000,0.000) 指令加速度=(0.000,0.000,nan) 滚转角=0.05度 俯仰角=-0.02度
10:06:28.732248 [轨迹] 序号=1590 单调时间=4803.512170 时间=4803.512 模式=OFFBOARD 起飞状态=未执行起飞 水平控制=位置保持 类型掩码=3520 实际位置NED=(0.051,1.634,-0.246) 实际速度=(-0.000,-0.000,-0.001) 最终目标=(0.056,1.599,-0.245) 指令位置=(0.056,1.599,nan) 指令速度=(0.000,0.000,0.000) 指令加速度=(0.000,0.000,nan) 滚转角=0.05度 俯仰角=-0.02度
10:06:28.834555 [轨迹] 序号=1591 单调时间=4803.614442 时间=4803.614 模式=OFFBOARD 起飞状态=未执行起飞 水平控制=位置保持 类型掩码=3520 实际位置NED=(0.051,1.634,-0.246) 实际速度=(0.000,-0.001,-0.002) 最终目标=(0.056,1.599,-0.245) 指令位置=(0.056,1.599,nan) 指令速度=(0.000,0.000,0.000) 指令加速度=(0.000,0.000,nan) 滚转角=0.05度 俯仰角=-0.01度
10:06:28.938632 [轨迹] 序号=1592 单调时间=4803.718453 时间=4803.718 模式=OFFBOARD 起飞状态=未执行起飞 水平控制=位置保持 类型掩码=3520 实际位置NED=(0.051,1.634,-0.246) 实际速度=(0.000,-0.001,-0.001) 最终目标=(0.056,1.599,-0.245) 指令位置=(0.056,1.599,nan) 指令速度=(0.000,0.000,0.000) 指令加速度=(0.000,0.000,nan) 滚转角=0.04度 俯仰角=-0.01度
10:06:29.043028 [轨迹] 序号=1593 单调时间=4803.822804 时间=4803.823 模式=OFFBOARD 起飞状态=未执行起飞 水平控制=位置保持 类型掩码=3520 实际位置NED=(0.051,1.634,-0.246) 实际速度=(0.000,-0.001,-0.001) 最终目标=(0.056,1.599,-0.245) 指令位置=(0.056,1.599,nan) 指令速度=(0.000,0.000,0.000) 指令加速度=(0.000,0.000,nan) 滚转角=0.04度 俯仰角=-0.01度
10:06:29.147820 [轨迹] 序号=1594 单调时间=4803.927749 时间=4803.928 模式=OFFBOARD 起飞状态=未执行起飞 水平控制=位置保持 类型掩码=3520 实际位置NED=(0.051,1.634,-0.246) 实际速度=(0.000,-0.001,-0.001) 最终目标=(0.056,1.599,-0.245) 指令位置=(0.056,1.599,nan) 指令速度=(0.000,0.000,0.000) 指令加速度=(0.000,0.000,nan) 滚转角=0.04度 俯仰角=-0.01度
10:06:29.251226 [轨迹] 序号=1595 单调时间=4804.031237 时间=4804.031 模式=OFFBOARD 起飞状态=未执行起飞 水平控制=位置保持 类型掩码=3520 实际位置NED=(0.051,1.634,-0.246) 实际速度=(0.000,-0.001,-0.001) 最终目标=(0.056,1.599,-0.245) 指令位置=(0.056,1.599,nan) 指令速度=(0.000,0.000,0.000) 指令加速度=(0.000,0.000,nan) 滚转角=0.04度 俯仰角=-0.01度
10:06:29.352490 [轨迹] 序号=1596 单调时间=4804.132492 时间=4804.132 模式=OFFBOARD 起飞状态=未执行起飞 水平控制=位置保持 类型掩码=3520 实际位置NED=(0.051,1.634,-0.246) 实际速度=(0.000,-0.001,-0.001) 最终目标=(0.056,1.599,-0.245) 指令位置=(0.056,1.599,nan) 指令速度=(0.000,0.000,0.000) 指令加速度=(0.000,0.000,nan) 滚转角=0.04度 俯仰角=-0.01度
10:06:29.456193 [轨迹] 序号=1597 单调时间=4804.236122 时间=4804.236 模式=OFFBOARD 起飞状态=未执行起飞 水平控制=位置保持 类型掩码=3520 实际位置NED=(0.051,1.634,-0.246) 实际速度=(0.001,-0.001,-0.001) 最终目标=(0.056,1.599,-0.245) 指令位置=(0.056,1.599,nan) 指令速度=(0.000,0.000,0.000) 指令加速度=(0.000,0.000,nan) 滚转角=0.04度 俯仰角=-0.01度
10:06:29.560906 [轨迹] 序号=1598 单调时间=4804.340826 时间=4804.341 模式=OFFBOARD 起飞状态=未执行起飞 水平控制=位置保持 类型掩码=3520 实际位置NED=(0.051,1.634,-0.246) 实际速度=(0.001,-0.001,-0.001) 最终目标=(0.056,1.599,-0.245) 指令位置=(0.056,1.599,nan) 指令速度=(0.000,0.000,0.000) 指令加速度=(0.000,0.000,nan) 滚转角=0.04度 俯仰角=-0.01度
10:06:29.664849 [轨迹] 序号=1599 单调时间=4804.444804 时间=4804.445 模式=OFFBOARD 起飞状态=未执行起飞 水平控制=位置保持 类型掩码=3520 实际位置NED=(0.051,1.634,-0.246) 实际速度=(0.001,-0.001,-0.001) 最终目标=(0.056,1.599,-0.245) 指令位置=(0.056,1.599,nan) 指令速度=(0.000,0.000,0.000) 指令加速度=(0.000,0.000,nan) 滚转角=0.04度 俯仰角=-0.01度
10:06:29.768784 [轨迹] 序号=1600 单调时间=4804.548663 时间=4804.549 模式=OFFBOARD 起飞状态=未执行起飞 水平控制=位置保持 类型掩码=3520 实际位置NED=(0.051,1.634,-0.246) 实际速度=(0.001,-0.001,-0.001) 最终目标=(0.056,1.599,-0.245) 指令位置=(0.056,1.599,nan) 指令速度=(0.000,0.000,0.000) 指令加速度=(0.000,0.000,nan) 滚转角=0.04度 俯仰角=-0.01度
10:06:29.872450 [轨迹] 序号=1601 单调时间=4804.652408 时间=4804.652 模式=OFFBOARD 起飞状态=未执行起飞 水平控制=位置保持 类型掩码=3520 实际位置NED=(0.051,1.634,-0.246) 实际速度=(0.001,-0.001,-0.001) 最终目标=(0.056,1.599,-0.245) 指令位置=(0.056,1.599,nan) 指令速度=(0.000,0.000,0.000) 指令加速度=(0.000,0.000,nan) 滚转角=0.05度 俯仰角=-0.01度
10:06:29.976306 [轨迹] 序号=1602 单调时间=4804.756150 时间=4804.756 模式=OFFBOARD 起飞状态=未执行起飞 水平控制=位置保持 类型掩码=3520 实际位置NED=(0.051,1.634,-0.246) 实际速度=(0.001,-0.001,-0.001) 最终目标=(0.056,1.599,-0.245) 指令位置=(0.056,1.599,nan) 指令速度=(0.000,0.000,0.000) 指令加速度=(0.000,0.000,nan) 滚转角=0.05度 俯仰角=-0.01度
10:06:30.080747 [轨迹] 序号=1603 单调时间=4804.860573 时间=4804.861 模式=OFFBOARD 起飞状态=未执行起飞 水平控制=位置保持 类型掩码=3520 实际位置NED=(0.051,1.634,-0.246) 实际速度=(0.000,-0.001,-0.001) 最终目标=(0.056,1.599,-0.245) 指令位置=(0.056,1.599,nan) 指令速度=(0.000,0.000,0.000) 指令加速度=(0.000,0.000,nan) 滚转角=0.05度 俯仰角=-0.02度
10:06:30.184747 [轨迹] 序号=1604 单调时间=4804.964602 时间=4804.965 模式=OFFBOARD 起飞状态=未执行起飞 水平控制=位置保持 类型掩码=3520 实际位置NED=(0.052,1.634,-0.246) 实际速度=(0.000,-0.001,-0.001) 最终目标=(0.056,1.599,-0.245) 指令位置=(0.056,1.599,nan) 指令速度=(0.000,0.000,0.000) 指令加速度=(0.000,0.000,nan) 滚转角=0.05度 俯仰角=-0.02度
10:06:30.289431 [轨迹] 序号=1605 单调时间=4805.068669 时间=4805.069 模式=OFFBOARD 起飞状态=未执行起飞 水平控制=位置保持 类型掩码=3520 实际位置NED=(0.052,1.634,-0.246) 实际速度=(0.000,-0.001,-0.001) 最终目标=(0.056,1.599,-0.245) 指令位置=(0.056,1.599,nan) 指令速度=(0.000,0.000,0.000) 指令加速度=(0.000,0.000,nan) 滚转角=0.05度 俯仰角=-0.02度
10:06:30.393443 [轨迹] 序号=1606 单调时间=4805.173432 时间=4805.173 模式=OFFBOARD 起飞状态=未执行起飞 水平控制=位置保持 类型掩码=3520 实际位置NED=(0.052,1.634,-0.246) 实际速度=(0.000,-0.001,-0.001) 最终目标=(0.056,1.599,-0.245) 指令位置=(0.056,1.599,nan) 指令速度=(0.000,0.000,0.000) 指令加速度=(0.000,0.000,nan) 滚转角=0.05度 俯仰角=-0.02度
10:06:30.497063 [轨迹] 序号=1607 单调时间=4805.276985 时间=4805.277 模式=OFFBOARD 起飞状态=未执行起飞 水平控制=位置保持 类型掩码=3520 实际位置NED=(0.052,1.634,-0.246) 实际速度=(0.000,-0.001,-0.001) 最终目标=(0.056,1.599,-0.245) 指令位置=(0.056,1.599,nan) 指令速度=(0.000,0.000,0.000) 指令加速度=(0.000,0.000,nan) 滚转角=0.05度 俯仰角=-0.02度
10:06:30.601519 [轨迹] 序号=1608 单调时间=4805.381399 时间=4805.381 模式=OFFBOARD 起飞状态=未执行起飞 水平控制=位置保持 类型掩码=3520 实际位置NED=(0.052,1.634,-0.246) 实际速度=(0.000,-0.001,-0.001) 最终目标=(0.056,1.599,-0.245) 指令位置=(0.056,1.599,nan) 指令速度=(0.000,0.000,0.000) 指令加速度=(0.000,0.000,nan) 滚转角=0.05度 俯仰角=-0.02度
10:06:30.705297 [轨迹] 序号=1609 单调时间=4805.485186 时间=4805.485 模式=OFFBOARD 起飞状态=未执行起飞 水平控制=位置保持 类型掩码=3520 实际位置NED=(0.052,1.634,-0.246) 实际速度=(0.000,-0.001,-0.001) 最终目标=(0.056,1.599,-0.245) 指令位置=(0.056,1.599,nan) 指令速度=(0.000,0.000,0.000) 指令加速度=(0.000,0.000,nan) 滚转角=0.05度 俯仰角=-0.02度
10:06:30.809850 [轨迹] 序号=1610 单调时间=4805.589714 时间=4805.590 模式=OFFBOARD 起飞状态=未执行起飞 水平控制=位置保持 类型掩码=3520 实际位置NED=(0.052,1.634,-0.246) 实际速度=(0.000,-0.000,-0.001) 最终目标=(0.056,1.599,-0.245) 指令位置=(0.056,1.599,nan) 指令速度=(0.000,0.000,0.000) 指令加速度=(0.000,0.000,nan) 滚转角=0.05度 俯仰角=-0.02度
10:06:30.913630 [轨迹] 序号=1611 单调时间=4805.693573 时间=4805.694 模式=OFFBOARD 起飞状态=未执行起飞 水平控制=位置保持 类型掩码=3520 实际位置NED=(0.052,1.634,-0.246) 实际速度=(0.000,-0.000,-0.001) 最终目标=(0.056,1.599,-0.245) 指令位置=(0.056,1.599,nan) 指令速度=(0.000,0.000,0.000) 指令加速度=(0.000,0.000,nan) 滚转角=0.05度 俯仰角=-0.02度
10:06:31.017615 [轨迹] 序号=1612 单调时间=4805.797505 时间=4805.798 模式=OFFBOARD 起飞状态=未执行起飞 水平控制=位置保持 类型掩码=3520 实际位置NED=(0.052,1.634,-0.246) 实际速度=(0.000,-0.000,-0.001) 最终目标=(0.056,1.599,-0.245) 指令位置=(0.056,1.599,nan) 指令速度=(0.000,0.000,0.000) 指令加速度=(0.000,0.000,nan) 滚转角=0.05度 俯仰角=-0.02度
10:06:31.121067 [轨迹] 序号=1613 单调时间=4805.900974 时间=4805.901 模式=OFFBOARD 起飞状态=未执行起飞 水平控制=位置保持 类型掩码=3520 实际位置NED=(0.052,1.634,-0.246) 实际速度=(0.000,-0.000,-0.001) 最终目标=(0.056,1.599,-0.245) 指令位置=(0.056,1.599,nan) 指令速度=(0.000,0.000,0.000) 指令加速度=(0.000,0.000,nan) 滚转角=0.05度 俯仰角=-0.02度
10:06:31.225597 [轨迹] 序号=1614 单调时间=4806.005538 时间=4806.006 模式=OFFBOARD 起飞状态=未执行起飞 水平控制=位置保持 类型掩码=3520 实际位置NED=(0.052,1.634,-0.246) 实际速度=(0.000,-0.000,-0.001) 最终目标=(0.056,1.599,-0.245) 指令位置=(0.056,1.599,nan) 指令速度=(0.000,0.000,0.000) 指令加速度=(0.000,0.000,nan) 滚转角=0.05度 俯仰角=-0.02度
10:06:31.328072 [轨迹] 序号=1615 单调时间=4806.107947 时间=4806.108 模式=OFFBOARD 起飞状态=未执行起飞 水平控制=位置保持 类型掩码=3520 实际位置NED=(0.052,1.634,-0.246) 实际速度=(0.000,-0.000,-0.001) 最终目标=(0.056,1.599,-0.245) 指令位置=(0.056,1.599,nan) 指令速度=(0.000,0.000,0.000) 指令加速度=(0.000,0.000,nan) 滚转角=0.05度 俯仰角=-0.02度
10:06:31.432256 [轨迹] 序号=1616 单调时间=4806.212201 时间=4806.212 模式=OFFBOARD 起飞状态=未执行起飞 水平控制=位置保持 类型掩码=3520 实际位置NED=(0.052,1.634,-0.246) 实际速度=(0.000,0.000,-0.001) 最终目标=(0.056,1.599,-0.245) 指令位置=(0.056,1.599,nan) 指令速度=(0.000,0.000,0.000) 指令加速度=(0.000,0.000,nan) 滚转角=0.05度 俯仰角=-0.02度
10:06:31.535797 [轨迹] 序号=1617 单调时间=4806.315533 时间=4806.316 模式=OFFBOARD 起飞状态=未执行起飞 水平控制=位置保持 类型掩码=3520 实际位置NED=(0.052,1.634,-0.246) 实际速度=(0.000,0.000,-0.001) 最终目标=(0.056,1.599,-0.245) 指令位置=(0.056,1.599,nan) 指令速度=(0.000,0.000,0.000) 指令加速度=(0.000,0.000,nan) 滚转角=0.05度 俯仰角=-0.02度
10:06:31.639884 [轨迹] 序号=1618 单调时间=4806.419370 时间=4806.419 模式=OFFBOARD 起飞状态=未执行起飞 水平控制=位置保持 类型掩码=3520 实际位置NED=(0.052,1.634,-0.246) 实际速度=(0.000,0.000,-0.001) 最终目标=(0.056,1.599,-0.245) 指令位置=(0.056,1.599,nan) 指令速度=(0.000,0.000,0.000) 指令加速度=(0.000,0.000,nan) 滚转角=0.05度 俯仰角=-0.02度
10:06:31.743471 [轨迹] 序号=1619 单调时间=4806.523305 时间=4806.523 模式=OFFBOARD 起飞状态=未执行起飞 水平控制=位置保持 类型掩码=3520 实际位置NED=(0.052,1.634,-0.245) 实际速度=(0.000,0.000,-0.001) 最终目标=(0.056,1.599,-0.245) 指令位置=(0.056,1.599,nan) 指令速度=(0.000,0.000,0.000) 指令加速度=(0.000,0.000,nan) 滚转角=0.05度 俯仰角=-0.02度
10:06:31.847625 [轨迹] 序号=1620 单调时间=4806.627212 时间=4806.627 模式=OFFBOARD 起飞状态=未执行起飞 水平控制=位置保持 类型掩码=3520 实际位置NED=(0.052,1.634,-0.245) 实际速度=(0.000,0.000,-0.001) 最终目标=(0.056,1.599,-0.245) 指令位置=(0.056,1.599,nan) 指令速度=(0.000,0.000,0.000) 指令加速度=(0.000,0.000,nan) 滚转角=0.05度 俯仰角=-0.02度
10:06:31.951638 [轨迹] 序号=1621 单调时间=4806.731582 时间=4806.732 模式=OFFBOARD 起飞状态=未执行起飞 水平控制=位置保持 类型掩码=3520 实际位置NED=(0.052,1.634,-0.245) 实际速度=(-0.000,0.000,-0.000) 最终目标=(0.056,1.599,-0.245) 指令位置=(0.056,1.599,nan) 指令速度=(0.000,0.000,0.000) 指令加速度=(0.000,0.000,nan) 滚转角=0.05度 俯仰角=-0.02度
10:06:32.055116 [轨迹] 序号=1622 单调时间=4806.835113 时间=4806.835 模式=OFFBOARD 起飞状态=未执行起飞 水平控制=位置保持 类型掩码=3520 实际位置NED=(0.052,1.634,-0.245) 实际速度=(-0.000,0.000,-0.000) 最终目标=(0.056,1.599,-0.245) 指令位置=(0.056,1.599,nan) 指令速度=(0.000,0.000,0.000) 指令加速度=(0.000,0.000,nan) 滚转角=0.05度 俯仰角=-0.02度
10:06:32.158603 [轨迹] 序号=1623 单调时间=4806.938395 时间=4806.938 模式=OFFBOARD 起飞状态=未执行起飞 水平控制=位置保持 类型掩码=3520 实际位置NED=(0.052,1.634,-0.245) 实际速度=(0.000,0.000,-0.001) 最终目标=(0.056,1.599,-0.245) 指令位置=(0.056,1.599,nan) 指令速度=(0.000,0.000,0.000) 指令加速度=(0.000,0.000,nan) 滚转角=0.05度 俯仰角=-0.02度
10:06:32.262045 [轨迹] 序号=1624 单调时间=4807.041914 时间=4807.042 模式=OFFBOARD 起飞状态=未执行起飞 水平控制=位置保持 类型掩码=3520 实际位置NED=(0.052,1.634,-0.245) 实际速度=(0.000,0.000,-0.000) 最终目标=(0.056,1.599,-0.245) 指令位置=(0.056,1.599,nan) 指令速度=(0.000,0.000,0.000) 指令加速度=(0.000,0.000,nan) 滚转角=0.05度 俯仰角=-0.02度
10:06:32.362348 [轨迹] 序号=1625 单调时间=4807.142383 时间=4807.142 模式=OFFBOARD 起飞状态=未执行起飞 水平控制=位置保持 类型掩码=3520 实际位置NED=(0.052,1.634,-0.245) 实际速度=(0.000,0.000,-0.000) 最终目标=(0.056,1.599,-0.245) 指令位置=(0.056,1.599,nan) 指令速度=(0.000,0.000,0.000) 指令加速度=(0.000,0.000,nan) 滚转角=0.05度 俯仰角=-0.02度
10:06:32.466167 [轨迹] 序号=1626 单调时间=4807.246224 时间=4807.246 模式=OFFBOARD 起飞状态=未执行起飞 水平控制=位置保持 类型掩码=3520 实际位置NED=(0.052,1.634,-0.245) 实际速度=(0.000,0.000,-0.000) 最终目标=(0.056,1.599,-0.245) 指令位置=(0.056,1.599,nan) 指令速度=(0.000,0.000,0.000) 指令加速度=(0.000,0.000,nan) 滚转角=0.05度 俯仰角=-0.02度
10:06:32.569718 [轨迹] 序号=1627 单调时间=4807.349613 时间=4807.350 模式=OFFBOARD 起飞状态=未执行起飞 水平控制=位置保持 类型掩码=3520 实际位置NED=(0.052,1.634,-0.245) 实际速度=(0.000,0.000,-0.000) 最终目标=(0.056,1.599,-0.245) 指令位置=(0.056,1.599,nan) 指令速度=(0.000,0.000,0.000) 指令加速度=(0.000,0.000,nan) 滚转角=0.05度 俯仰角=-0.02度
10:06:32.674238 [轨迹] 序号=1628 单调时间=4807.453945 时间=4807.454 模式=OFFBOARD 起飞状态=未执行起飞 水平控制=位置保持 类型掩码=3520 实际位置NED=(0.052,1.634,-0.245) 实际速度=(0.000,0.000,-0.000) 最终目标=(0.056,1.599,-0.245) 指令位置=(0.056,1.599,nan) 指令速度=(0.000,0.000,0.000) 指令加速度=(0.000,0.000,nan) 滚转角=0.05度 俯仰角=-0.02度
10:06:32.778172 [轨迹] 序号=1629 单调时间=4807.557944 时间=4807.558 模式=OFFBOARD 起飞状态=未执行起飞 水平控制=位置保持 类型掩码=3520 实际位置NED=(0.052,1.634,-0.245) 实际速度=(0.000,0.000,-0.000) 最终目标=(0.056,1.599,-0.245) 指令位置=(0.056,1.599,nan) 指令速度=(0.000,0.000,0.000) 指令加速度=(0.000,0.000,nan) 滚转角=0.05度 俯仰角=-0.02度
10:06:32.878625 [轨迹] 序号=1630 单调时间=4807.658312 时间=4807.658 模式=OFFBOARD 起飞状态=未执行起飞 水平控制=位置保持 类型掩码=3520 实际位置NED=(0.052,1.634,-0.245) 实际速度=(0.000,0.001,-0.001) 最终目标=(0.056,1.599,-0.245) 指令位置=(0.056,1.599,nan) 指令速度=(0.000,0.000,0.000) 指令加速度=(0.000,0.000,nan) 滚转角=0.05度 俯仰角=-0.02度
10:06:32.979907 [轨迹] 序号=1631 单调时间=4807.758687 时间=4807.759 模式=OFFBOARD 起飞状态=未执行起飞 水平控制=位置保持 类型掩码=3520 实际位置NED=(0.052,1.634,-0.245) 实际速度=(0.000,0.000,-0.001) 最终目标=(0.056,1.599,-0.245) 指令位置=(0.056,1.599,nan) 指令速度=(0.000,0.000,0.000) 指令加速度=(0.000,0.000,nan) 滚转角=0.05度 俯仰角=-0.02度
10:06:33.083451 [轨迹] 序号=1632 单调时间=4807.863413 时间=4807.863 模式=OFFBOARD 起飞状态=未执行起飞 水平控制=位置保持 类型掩码=3520 实际位置NED=(0.052,1.634,-0.245) 实际速度=(0.000,0.000,-0.001) 最终目标=(0.056,1.599,-0.245) 指令位置=(0.056,1.599,nan) 指令速度=(0.000,0.000,0.000) 指令加速度=(0.000,0.000,nan) 滚转角=0.05度 俯仰角=-0.02度
10:06:33.187441 [轨迹] 序号=1633 单调时间=4807.967388 时间=4807.967 模式=OFFBOARD 起飞状态=未执行起飞 水平控制=位置保持 类型掩码=3520 实际位置NED=(0.052,1.634,-0.245) 实际速度=(0.000,0.000,-0.001) 最终目标=(0.056,1.599,-0.245) 指令位置=(0.056,1.599,nan) 指令速度=(0.000,0.000,0.000) 指令加速度=(0.000,0.000,nan) 滚转角=0.05度 俯仰角=-0.02度
10:06:33.291937 [轨迹] 序号=1634 单调时间=4808.071668 时间=4808.072 模式=OFFBOARD 起飞状态=未执行起飞 水平控制=位置保持 类型掩码=3520 实际位置NED=(0.052,1.634,-0.245) 实际速度=(0.000,0.000,-0.001) 最终目标=(0.056,1.599,-0.245) 指令位置=(0.056,1.599,nan) 指令速度=(0.000,0.000,0.000) 指令加速度=(0.000,0.000,nan) 滚转角=0.05度 俯仰角=-0.02度
10:06:33.395965 [轨迹] 序号=1635 单调时间=4808.175830 时间=4808.176 模式=OFFBOARD 起飞状态=未执行起飞 水平控制=位置保持 类型掩码=3520 实际位置NED=(0.053,1.634,-0.246) 实际速度=(0.000,0.000,-0.001) 最终目标=(0.056,1.599,-0.245) 指令位置=(0.056,1.599,nan) 指令速度=(0.000,0.000,0.000) 指令加速度=(0.000,0.000,nan) 滚转角=0.04度 俯仰角=-0.02度
10:06:33.499376 [轨迹] 序号=1636 单调时间=4808.279286 时间=4808.279 模式=OFFBOARD 起飞状态=未执行起飞 水平控制=位置保持 类型掩码=3520 实际位置NED=(0.053,1.634,-0.246) 实际速度=(0.000,0.000,-0.001) 最终目标=(0.056,1.599,-0.245) 指令位置=(0.056,1.599,nan) 指令速度=(0.000,0.000,0.000) 指令加速度=(0.000,0.000,nan) 滚转角=0.04度 俯仰角=-0.02度
10:06:33.602972 [轨迹] 序号=1637 单调时间=4808.382872 时间=4808.383 模式=OFFBOARD 起飞状态=未执行起飞 水平控制=位置保持 类型掩码=3520 实际位置NED=(0.053,1.634,-0.246) 实际速度=(0.000,0.000,-0.001) 最终目标=(0.056,1.599,-0.245) 指令位置=(0.056,1.599,nan) 指令速度=(0.000,0.000,0.000) 指令加速度=(0.000,0.000,nan) 滚转角=0.04度 俯仰角=-0.02度
10:06:33.706717 [轨迹] 序号=1638 单调时间=4808.486603 时间=4808.487 模式=OFFBOARD 起飞状态=未执行起飞 水平控制=位置保持 类型掩码=3520 实际位置NED=(0.053,1.634,-0.246) 实际速度=(0.000,0.000,-0.001) 最终目标=(0.056,1.599,-0.245) 指令位置=(0.056,1.599,nan) 指令速度=(0.000,0.000,0.000) 指令加速度=(0.000,0.000,nan) 滚转角=0.04度 俯仰角=-0.02度
10:06:33.810294 [轨迹] 序号=1639 单调时间=4808.590219 时间=4808.590 模式=OFFBOARD 起飞状态=未执行起飞 水平控制=位置保持 类型掩码=3520 实际位置NED=(0.053,1.634,-0.246) 实际速度=(0.000,0.000,-0.001) 最终目标=(0.056,1.599,-0.245) 指令位置=(0.056,1.599,nan) 指令速度=(0.000,0.000,0.000) 指令加速度=(0.000,0.000,nan) 滚转角=0.05度 俯仰角=-0.02度
10:06:33.916953 [轨迹] 序号=1640 单调时间=4808.696888 时间=4808.697 模式=OFFBOARD 起飞状态=未执行起飞 水平控制=位置保持 类型掩码=3520 实际位置NED=(0.053,1.634,-0.246) 实际速度=(0.000,0.000,-0.001) 最终目标=(0.056,1.599,-0.245) 指令位置=(0.056,1.599,nan) 指令速度=(0.000,0.000,0.000) 指令加速度=(0.000,0.000,nan) 滚转角=0.05度 俯仰角=-0.02度
10:06:34.020683 [轨迹] 序号=1641 单调时间=4808.800546 时间=4808.801 模式=OFFBOARD 起飞状态=未执行起飞 水平控制=位置保持 类型掩码=3520 实际位置NED=(0.053,1.634,-0.246) 实际速度=(0.000,0.000,-0.001) 最终目标=(0.056,1.599,-0.245) 指令位置=(0.056,1.599,nan) 指令速度=(0.000,0.000,0.000) 指令加速度=(0.000,0.000,nan) 滚转角=0.05度 俯仰角=-0.02度
10:06:34.124382 [轨迹] 序号=1642 单调时间=4808.904163 时间=4808.904 模式=OFFBOARD 起飞状态=未执行起飞 水平控制=位置保持 类型掩码=3520 实际位置NED=(0.053,1.634,-0.246) 实际速度=(-0.000,0.000,-0.001) 最终目标=(0.056,1.599,-0.245) 指令位置=(0.056,1.599,nan) 指令速度=(0.000,0.000,0.000) 指令加速度=(0.000,0.000,nan) 滚转角=0.05度 俯仰角=-0.02度
10:06:34.228202 [轨迹] 序号=1643 单调时间=4809.007917 时间=4809.008 模式=OFFBOARD 起飞状态=未执行起飞 水平控制=位置保持 类型掩码=3520 实际位置NED=(0.053,1.634,-0.246) 实际速度=(0.000,0.000,-0.001) 最终目标=(0.056,1.599,-0.245) 指令位置=(0.056,1.599,nan) 指令速度=(0.000,0.000,0.000) 指令加速度=(0.000,0.000,nan) 滚转角=0.05度 俯仰角=-0.02度
10:06:34.331699 [轨迹] 序号=1644 单调时间=4809.111474 时间=4809.111 模式=OFFBOARD 起飞状态=未执行起飞 水平控制=位置保持 类型掩码=3520 实际位置NED=(0.053,1.634,-0.246) 实际速度=(-0.000,0.000,-0.001) 最终目标=(0.056,1.599,-0.245) 指令位置=(0.056,1.599,nan) 指令速度=(0.000,0.000,0.000) 指令加速度=(0.000,0.000,nan) 滚转角=0.04度 俯仰角=-0.02度
10:06:34.434951 [轨迹] 序号=1645 单调时间=4809.214883 时间=4809.215 模式=OFFBOARD 起飞状态=未执行起飞 水平控制=位置保持 类型掩码=3520 实际位置NED=(0.052,1.634,-0.246) 实际速度=(-0.000,0.000,-0.001) 最终目标=(0.056,1.599,-0.245) 指令位置=(0.056,1.599,nan) 指令速度=(0.000,0.000,0.000) 指令加速度=(0.000,0.000,nan) 滚转角=0.05度 俯仰角=-0.03度
10:06:34.538150 [轨迹] 序号=1646 单调时间=4809.318148 时间=4809.318 模式=OFFBOARD 起飞状态=未执行起飞 水平控制=位置保持 类型掩码=3520 实际位置NED=(0.052,1.634,-0.246) 实际速度=(-0.000,0.000,-0.001) 最终目标=(0.056,1.599,-0.245) 指令位置=(0.056,1.599,nan) 指令速度=(0.000,0.000,0.000) 指令加速度=(0.000,0.000,nan) 滚转角=0.05度 俯仰角=-0.03度
10:06:34.641681 [轨迹] 序号=1647 单调时间=4809.421711 时间=4809.422 模式=OFFBOARD 起飞状态=未执行起飞 水平控制=位置保持 类型掩码=3520 实际位置NED=(0.052,1.634,-0.246) 实际速度=(-0.000,-0.000,-0.001) 最终目标=(0.056,1.599,-0.245) 指令位置=(0.056,1.599,nan) 指令速度=(0.000,0.000,0.000) 指令加速度=(0.000,0.000,nan) 滚转角=0.05度 俯仰角=-0.03度
10:06:34.745451 [轨迹] 序号=1648 单调时间=4809.525323 时间=4809.525 模式=OFFBOARD 起飞状态=未执行起飞 水平控制=位置保持 类型掩码=3520 实际位置NED=(0.052,1.634,-0.246) 实际速度=(-0.000,-0.000,-0.001) 最终目标=(0.056,1.599,-0.245) 指令位置=(0.056,1.599,nan) 指令速度=(0.000,0.000,0.000) 指令加速度=(0.000,0.000,nan) 滚转角=0.04度 俯仰角=-0.03度
10:06:34.849546 [轨迹] 序号=1649 单调时间=4809.629322 时间=4809.629 模式=OFFBOARD 起飞状态=未执行起飞 水平控制=位置保持 类型掩码=3520 实际位置NED=(0.052,1.634,-0.246) 实际速度=(-0.000,-0.000,-0.000) 最终目标=(0.056,1.599,-0.245) 指令位置=(0.056,1.599,nan) 指令速度=(0.000,0.000,0.000) 指令加速度=(0.000,0.000,nan) 滚转角=0.04度 俯仰角=-0.03度
10:06:34.953682 [轨迹] 序号=1650 单调时间=4809.733564 时间=4809.734 模式=OFFBOARD 起飞状态=未执行起飞 水平控制=位置保持 类型掩码=3520 实际位置NED=(0.052,1.634,-0.246) 实际速度=(-0.000,-0.000,-0.000) 最终目标=(0.056,1.599,-0.245) 指令位置=(0.056,1.599,nan) 指令速度=(0.000,0.000,0.000) 指令加速度=(0.000,0.000,nan) 滚转角=0.04度 俯仰角=-0.03度
10:06:35.057140 [轨迹] 序号=1651 单调时间=4809.836916 时间=4809.837 模式=OFFBOARD 起飞状态=未执行起飞 水平控制=位置保持 类型掩码=3520 实际位置NED=(0.052,1.634,-0.245) 实际速度=(-0.000,-0.000,-0.001) 最终目标=(0.056,1.599,-0.245) 指令位置=(0.056,1.599,nan) 指令速度=(0.000,0.000,0.000) 指令加速度=(0.000,0.000,nan) 滚转角=0.04度 俯仰角=-0.03度
10:06:35.161198 [轨迹] 序号=1652 单调时间=4809.941019 时间=4809.941 模式=OFFBOARD 起飞状态=未执行起飞 水平控制=位置保持 类型掩码=3520 实际位置NED=(0.052,1.634,-0.245) 实际速度=(-0.000,-0.000,-0.001) 最终目标=(0.056,1.599,-0.245) 指令位置=(0.056,1.599,nan) 指令速度=(0.000,0.000,0.000) 指令加速度=(0.000,0.000,nan) 滚转角=0.04度 俯仰角=-0.03度
10:06:35.261287 [轨迹] 序号=1653 单调时间=4810.041202 时间=4810.041 模式=OFFBOARD 起飞状态=未执行起飞 水平控制=位置保持 类型掩码=3520 实际位置NED=(0.052,1.634,-0.245) 实际速度=(-0.000,-0.000,-0.001) 最终目标=(0.056,1.599,-0.245) 指令位置=(0.056,1.599,nan) 指令速度=(0.000,0.000,0.000) 指令加速度=(0.000,0.000,nan) 滚转角=0.04度 俯仰角=-0.03度
10:06:35.365023 [轨迹] 序号=1654 单调时间=4810.144934 时间=4810.145 模式=OFFBOARD 起飞状态=未执行起飞 水平控制=位置保持 类型掩码=3520 实际位置NED=(0.052,1.634,-0.245) 实际速度=(-0.000,-0.000,-0.001) 最终目标=(0.056,1.599,-0.245) 指令位置=(0.056,1.599,nan) 指令速度=(0.000,0.000,0.000) 指令加速度=(0.000,0.000,nan) 滚转角=0.04度 俯仰角=-0.03度
10:06:35.468801 [轨迹] 序号=1655 单调时间=4810.248575 时间=4810.249 模式=OFFBOARD 起飞状态=未执行起飞 水平控制=位置保持 类型掩码=3520 实际位置NED=(0.052,1.634,-0.245) 实际速度=(-0.000,-0.000,-0.001) 最终目标=(0.056,1.599,-0.245) 指令位置=(0.056,1.599,nan) 指令速度=(0.000,0.000,0.000) 指令加速度=(0.000,0.000,nan) 滚转角=0.04度 俯仰角=-0.03度
10:06:35.568823 [轨迹] 序号=1656 单调时间=4810.348901 时间=4810.349 模式=OFFBOARD 起飞状态=未执行起飞 水平控制=位置保持 类型掩码=3520 实际位置NED=(0.052,1.634,-0.245) 实际速度=(0.000,0.000,-0.000) 最终目标=(0.056,1.599,-0.245) 指令位置=(0.056,1.599,nan) 指令速度=(0.000,0.000,0.000) 指令加速度=(0.000,0.000,nan) 滚转角=0.04度 俯仰角=-0.03度
10:06:35.672748 [轨迹] 序号=1657 单调时间=4810.452650 时间=4810.453 模式=OFFBOARD 起飞状态=未执行起飞 水平控制=位置保持 类型掩码=3520 实际位置NED=(0.052,1.634,-0.245) 实际速度=(0.000,0.000,-0.000) 最终目标=(0.056,1.599,-0.245) 指令位置=(0.056,1.599,nan) 指令速度=(0.000,0.000,0.000) 指令加速度=(0.000,0.000,nan) 滚转角=0.04度 俯仰角=-0.03度
10:06:35.775987 [轨迹] 序号=1658 单调时间=4810.555980 时间=4810.556 模式=OFFBOARD 起飞状态=未执行起飞 水平控制=位置保持 类型掩码=3520 实际位置NED=(0.052,1.634,-0.245) 实际速度=(0.000,0.000,-0.000) 最终目标=(0.056,1.599,-0.245) 指令位置=(0.056,1.599,nan) 指令速度=(0.000,0.000,0.000) 指令加速度=(0.000,0.000,nan) 滚转角=0.04度 俯仰角=-0.03度
10:06:35.876624 [轨迹] 序号=1659 单调时间=4810.656199 时间=4810.656 模式=OFFBOARD 起飞状态=未执行起飞 水平控制=位置保持 类型掩码=3520 实际位置NED=(0.052,1.635,-0.245) 实际速度=(-0.000,0.000,0.000) 最终目标=(0.056,1.599,-0.245) 指令位置=(0.056,1.599,nan) 指令速度=(0.000,0.000,0.000) 指令加速度=(0.000,0.000,nan) 滚转角=0.04度 俯仰角=-0.03度
10:06:35.980420 [轨迹] 序号=1660 单调时间=4810.760174 时间=4810.760 模式=OFFBOARD 起飞状态=未执行起飞 水平控制=位置保持 类型掩码=3520 实际位置NED=(0.052,1.635,-0.245) 实际速度=(0.000,0.001,0.000) 最终目标=(0.056,1.599,-0.245) 指令位置=(0.056,1.599,nan) 指令速度=(0.000,0.000,0.000) 指令加速度=(0.000,0.000,nan) 滚转角=0.04度 俯仰角=-0.03度
10:06:36.083929 [轨迹] 序号=1661 单调时间=4810.863679 时间=4810.864 模式=OFFBOARD 起飞状态=未执行起飞 水平控制=位置保持 类型掩码=3520 实际位置NED=(0.052,1.635,-0.245) 实际速度=(0.000,0.001,0.000) 最终目标=(0.056,1.599,-0.245) 指令位置=(0.056,1.599,nan) 指令速度=(0.000,0.000,0.000) 指令加速度=(0.000,0.000,nan) 滚转角=0.04度 俯仰角=-0.03度
10:06:36.187382 [轨迹] 序号=1662 单调时间=4810.967097 时间=4810.967 模式=OFFBOARD 起飞状态=未执行起飞 水平控制=位置保持 类型掩码=3520 实际位置NED=(0.052,1.635,-0.245) 实际速度=(0.000,0.001,0.000) 最终目标=(0.056,1.599,-0.245) 指令位置=(0.056,1.599,nan) 指令速度=(0.000,0.000,0.000) 指令加速度=(0.000,0.000,nan) 滚转角=0.04度 俯仰角=-0.02度
10:06:36.291203 [轨迹] 序号=1663 单调时间=4811.071077 时间=4811.071 模式=OFFBOARD 起飞状态=未执行起飞 水平控制=位置保持 类型掩码=3520 实际位置NED=(0.052,1.635,-0.245) 实际速度=(0.000,0.001,0.000) 最终目标=(0.056,1.599,-0.245) 指令位置=(0.056,1.599,nan) 指令速度=(0.000,0.000,0.000) 指令加速度=(0.000,0.000,nan) 滚转角=0.04度 俯仰角=-0.03度
10:06:36.394530 [轨迹] 序号=1664 单调时间=4811.174368 时间=4811.174 模式=OFFBOARD 起飞状态=未执行起飞 水平控制=位置保持 类型掩码=3520 实际位置NED=(0.052,1.635,-0.245) 实际速度=(0.000,0.001,0.001) 最终目标=(0.056,1.599,-0.245) 指令位置=(0.056,1.599,nan) 指令速度=(0.000,0.000,0.000) 指令加速度=(0.000,0.000,nan) 滚转角=0.04度 俯仰角=-0.03度
10:06:36.498691 [轨迹] 序号=1665 单调时间=4811.278548 时间=4811.279 模式=OFFBOARD 起飞状态=未执行起飞 水平控制=位置保持 类型掩码=3520 实际位置NED=(0.052,1.635,-0.245) 实际速度=(0.000,0.001,0.001) 最终目标=(0.056,1.599,-0.245) 指令位置=(0.056,1.599,nan) 指令速度=(0.000,0.000,0.000) 指令加速度=(0.000,0.000,nan) 滚转角=0.04度 俯仰角=-0.03度
10:06:36.602338 [轨迹] 序号=1666 单调时间=4811.382277 时间=4811.382 模式=OFFBOARD 起飞状态=未执行起飞 水平控制=位置保持 类型掩码=3520 实际位置NED=(0.053,1.635,-0.245) 实际速度=(0.000,0.001,0.001) 最终目标=(0.056,1.599,-0.245) 指令位置=(0.056,1.599,nan) 指令速度=(0.000,0.000,0.000) 指令加速度=(0.000,0.000,nan) 滚转角=0.04度 俯仰角=-0.03度
10:06:36.705481 [轨迹] 序号=1667 单调时间=4811.485397 时间=4811.485 模式=OFFBOARD 起飞状态=未执行起飞 水平控制=位置保持 类型掩码=3520 实际位置NED=(0.053,1.635,-0.245) 实际速度=(0.000,0.001,0.001) 最终目标=(0.056,1.599,-0.245) 指令位置=(0.056,1.599,nan) 指令速度=(0.000,0.000,0.000) 指令加速度=(0.000,0.000,nan) 滚转角=0.04度 俯仰角=-0.02度
10:06:36.809698 [轨迹] 序号=1668 单调时间=4811.589268 时间=4811.589 模式=OFFBOARD 起飞状态=未执行起飞 水平控制=位置保持 类型掩码=3520 实际位置NED=(0.053,1.635,-0.244) 实际速度=(0.000,0.001,0.001) 最终目标=(0.056,1.599,-0.245) 指令位置=(0.056,1.599,nan) 指令速度=(0.000,0.000,0.000) 指令加速度=(0.000,0.000,nan) 滚转角=0.04度 俯仰角=-0.02度
10:06:36.913429 [轨迹] 序号=1669 单调时间=4811.693243 时间=4811.693 模式=OFFBOARD 起飞状态=未执行起飞 水平控制=位置保持 类型掩码=3520 实际位置NED=(0.053,1.635,-0.244) 实际速度=(0.000,0.001,0.001) 最终目标=(0.056,1.599,-0.245) 指令位置=(0.056,1.599,nan) 指令速度=(0.000,0.000,0.000) 指令加速度=(0.000,0.000,nan) 滚转角=0.04度 俯仰角=-0.02度
10:06:37.017234 [轨迹] 序号=1670 单调时间=4811.797196 时间=4811.797 模式=OFFBOARD 起飞状态=未执行起飞 水平控制=位置保持 类型掩码=3520 实际位置NED=(0.053,1.635,-0.244) 实际速度=(0.000,0.001,0.001) 最终目标=(0.056,1.599,-0.245) 指令位置=(0.056,1.599,nan) 指令速度=(0.000,0.000,0.000) 指令加速度=(0.000,0.000,nan) 滚转角=0.04度 俯仰角=-0.02度
10:06:37.121073 [轨迹] 序号=1671 单调时间=4811.900917 时间=4811.901 模式=OFFBOARD 起飞状态=未执行起飞 水平控制=位置保持 类型掩码=3520 实际位置NED=(0.053,1.635,-0.244) 实际速度=(0.000,0.001,0.001) 最终目标=(0.056,1.599,-0.245) 指令位置=(0.056,1.599,nan) 指令速度=(0.000,0.000,0.000) 指令加速度=(0.000,0.000,nan) 滚转角=0.04度 俯仰角=-0.02度
10:06:37.225703 [轨迹] 序号=1672 单调时间=4812.005578 时间=4812.006 模式=OFFBOARD 起飞状态=未执行起飞 水平控制=位置保持 类型掩码=3520 实际位置NED=(0.053,1.635,-0.244) 实际速度=(0.000,0.001,0.001) 最终目标=(0.056,1.599,-0.245) 指令位置=(0.056,1.599,nan) 指令速度=(0.000,0.000,0.000) 指令加速度=(0.000,0.000,nan) 滚转角=0.04度 俯仰角=-0.02度
10:06:37.330026 [轨迹] 序号=1673 单调时间=4812.109863 时间=4812.110 模式=OFFBOARD 起飞状态=未执行起飞 水平控制=位置保持 类型掩码=3520 实际位置NED=(0.053,1.635,-0.244) 实际速度=(0.000,0.001,0.000) 最终目标=(0.056,1.599,-0.245) 指令位置=(0.056,1.599,nan) 指令速度=(0.000,0.000,0.000) 指令加速度=(0.000,0.000,nan) 滚转角=0.04度 俯仰角=-0.02度
10:06:37.433397 [轨迹] 序号=1674 单调时间=4812.213224 时间=4812.213 模式=OFFBOARD 起飞状态=未执行起飞 水平控制=位置保持 类型掩码=3520 实际位置NED=(0.053,1.635,-0.244) 实际速度=(0.000,0.001,0.000) 最终目标=(0.056,1.599,-0.245) 指令位置=(0.056,1.599,nan) 指令速度=(0.000,0.000,0.000) 指令加速度=(0.000,0.000,nan) 滚转角=0.04度 俯仰角=-0.02度
10:06:37.537336 [轨迹] 序号=1675 单调时间=4812.317203 时间=4812.317 模式=OFFBOARD 起飞状态=未执行起飞 水平控制=位置保持 类型掩码=3520 实际位置NED=(0.053,1.635,-0.244) 实际速度=(0.000,0.001,-0.003) 最终目标=(0.056,1.599,-0.245) 指令位置=(0.056,1.599,nan) 指令速度=(0.000,0.000,0.000) 指令加速度=(0.000,0.000,nan) 滚转角=0.04度 俯仰角=-0.02度
10:06:37.641570 [轨迹] 序号=1676 单调时间=4812.421105 时间=4812.421 模式=OFFBOARD 起飞状态=未执行起飞 水平控制=位置保持 类型掩码=3520 实际位置NED=(0.053,1.635,-0.245) 实际速度=(0.000,0.000,-0.012) 最终目标=(0.056,1.599,-0.245) 指令位置=(0.056,1.599,nan) 指令速度=(0.000,0.000,0.000) 指令加速度=(0.000,0.000,nan) 滚转角=0.04度 俯仰角=-0.02度
10:06:37.743521 [轨迹] 序号=1677 单调时间=4812.523481 时间=4812.523 模式=OFFBOARD 起飞状态=未执行起飞 水平控制=位置保持 类型掩码=3520 实际位置NED=(0.053,1.635,-0.246) 实际速度=(0.000,0.000,-0.016) 最终目标=(0.056,1.599,-0.245) 指令位置=(0.056,1.599,nan) 指令速度=(0.000,0.000,0.000) 指令加速度=(0.000,0.000,nan) 滚转角=0.04度 俯仰角=-0.02度
10:06:37.846867 [轨迹] 序号=1678 单调时间=4812.626842 时间=4812.627 模式=OFFBOARD 起飞状态=未执行起飞 水平控制=位置保持 类型掩码=3520 实际位置NED=(0.053,1.635,-0.246) 实际速度=(0.000,0.000,-0.016) 最终目标=(0.056,1.599,-0.245) 指令位置=(0.056,1.599,nan) 指令速度=(0.000,0.000,0.000) 指令加速度=(0.000,0.000,nan) 滚转角=0.04度 俯仰角=-0.02度
10:06:37.950359 [轨迹] 序号=1679 单调时间=4812.730159 时间=4812.730 模式=OFFBOARD 起飞状态=未执行起飞 水平控制=位置保持 类型掩码=3520 实际位置NED=(0.053,1.635,-0.248) 实际速度=(0.000,0.001,-0.021) 最终目标=(0.056,1.599,-0.245) 指令位置=(0.056,1.599,nan) 指令速度=(0.000,0.000,0.000) 指令加速度=(0.000,0.000,nan) 滚转角=0.04度 俯仰角=-0.02度
10:06:38.053549 [轨迹] 序号=1680 单调时间=4812.833465 时间=4812.833 模式=OFFBOARD 起飞状态=未执行起飞 水平控制=位置保持 类型掩码=3520 实际位置NED=(0.053,1.635,-0.250) 实际速度=(0.000,0.000,-0.024) 最终目标=(0.056,1.599,-0.245) 指令位置=(0.056,1.599,nan) 指令速度=(0.000,0.000,0.000) 指令加速度=(0.000,0.000,nan) 滚转角=0.04度 俯仰角=-0.02度
10:06:38.157036 [轨迹] 序号=1681 单调时间=4812.936880 时间=4812.937 模式=OFFBOARD 起飞状态=未执行起飞 水平控制=位置保持 类型掩码=3520 实际位置NED=(0.053,1.635,-0.253) 实际速度=(0.000,0.000,-0.027) 最终目标=(0.056,1.599,-0.245) 指令位置=(0.056,1.599,nan) 指令速度=(0.000,0.000,0.000) 指令加速度=(0.000,0.000,nan) 滚转角=0.04度 俯仰角=-0.02度
10:06:38.260364 [轨迹] 序号=1682 单调时间=4813.040106 时间=4813.040 模式=OFFBOARD 起飞状态=未执行起飞 水平控制=位置保持 类型掩码=3520 实际位置NED=(0.053,1.635,-0.254) 实际速度=(0.000,0.000,-0.028) 最终目标=(0.056,1.599,-0.245) 指令位置=(0.056,1.599,nan) 指令速度=(0.000,0.000,0.000) 指令加速度=(0.000,0.000,nan) 滚转角=0.04度 俯仰角=-0.02度
10:06:38.364089 [轨迹] 序号=1683 单调时间=4813.143987 时间=4813.144 模式=OFFBOARD 起飞状态=未执行起飞 水平控制=位置保持 类型掩码=3520 实际位置NED=(0.053,1.635,-0.255) 实际速度=(0.000,0.000,-0.029) 最终目标=(0.056,1.599,-0.245) 指令位置=(0.056,1.599,nan) 指令速度=(0.000,0.000,0.000) 指令加速度=(0.000,0.000,nan) 滚转角=0.04度 俯仰角=-0.02度
10:06:38.467776 [轨迹] 序号=1684 单调时间=4813.247572 时间=4813.248 模式=OFFBOARD 起飞状态=未执行起飞 水平控制=位置保持 类型掩码=3520 实际位置NED=(0.053,1.635,-0.257) 实际速度=(0.000,0.000,-0.030) 最终目标=(0.056,1.599,-0.245) 指令位置=(0.056,1.599,nan) 指令速度=(0.000,0.000,0.000) 指令加速度=(0.000,0.000,nan) 滚转角=0.04度 俯仰角=-0.02度
10:06:38.572259 [轨迹] 序号=1685 单调时间=4813.352263 时间=4813.352 模式=OFFBOARD 起飞状态=未执行起飞 水平控制=位置保持 类型掩码=3520 实际位置NED=(0.053,1.635,-0.258) 实际速度=(-0.000,0.000,-0.032) 最终目标=(0.056,1.599,-0.245) 指令位置=(0.056,1.599,nan) 指令速度=(0.000,0.000,0.000) 指令加速度=(0.000,0.000,nan) 滚转角=0.04度 俯仰角=-0.02度
10:06:38.676867 [轨迹] 序号=1686 单调时间=4813.456745 时间=4813.457 模式=OFFBOARD 起飞状态=未执行起飞 水平控制=位置保持 类型掩码=3520 实际位置NED=(0.053,1.635,-0.259) 实际速度=(0.000,0.000,-0.032) 最终目标=(0.056,1.599,-0.245) 指令位置=(0.056,1.599,nan) 指令速度=(0.000,0.000,0.000) 指令加速度=(0.000,0.000,nan) 滚转角=0.04度 俯仰角=-0.02度
10:06:38.780393 [轨迹] 序号=1687 单调时间=4813.560190 时间=4813.560 模式=OFFBOARD 起飞状态=未执行起飞 水平控制=位置保持 类型掩码=3520 实际位置NED=(0.053,1.635,-0.260) 实际速度=(-0.000,0.000,-0.032) 最终目标=(0.056,1.599,-0.245) 指令位置=(0.056,1.599,nan) 指令速度=(0.000,0.000,0.000) 指令加速度=(0.000,0.000,nan) 滚转角=0.04度 俯仰角=-0.02度
10:06:38.884000 [轨迹] 序号=1688 单调时间=4813.663747 时间=4813.664 模式=OFFBOARD 起飞状态=未执行起飞 水平控制=位置保持 类型掩码=3520 实际位置NED=(0.053,1.635,-0.261) 实际速度=(-0.000,-0.000,-0.033) 最终目标=(0.056,1.599,-0.245) 指令位置=(0.056,1.599,nan) 指令速度=(0.000,0.000,0.000) 指令加速度=(0.000,0.000,nan) 滚转角=0.04度 俯仰角=-0.02度
10:06:38.987283 [轨迹] 序号=1689 单调时间=4813.767062 时间=4813.767 模式=OFFBOARD 起飞状态=未执行起飞 水平控制=位置保持 类型掩码=3520 实际位置NED=(0.053,1.635,-0.263) 实际速度=(-0.000,-0.000,-0.033) 最终目标=(0.056,1.599,-0.245) 指令位置=(0.056,1.599,nan) 指令速度=(0.000,0.000,0.000) 指令加速度=(0.000,0.000,nan) 滚转角=0.04度 俯仰角=-0.02度
10:06:39.090924 [轨迹] 序号=1690 单调时间=4813.870745 时间=4813.871 模式=OFFBOARD 起飞状态=未执行起飞 水平控制=位置保持 类型掩码=3520 实际位置NED=(0.053,1.635,-0.264) 实际速度=(-0.000,0.000,-0.033) 最终目标=(0.056,1.599,-0.245) 指令位置=(0.056,1.599,nan) 指令速度=(0.000,0.000,0.000) 指令加速度=(0.000,0.000,nan) 滚转角=0.04度 俯仰角=-0.02度
10:06:39.194825 [轨迹] 序号=1691 单调时间=4813.974411 时间=4813.974 模式=OFFBOARD 起飞状态=未执行起飞 水平控制=位置保持 类型掩码=3520 实际位置NED=(0.053,1.635,-0.265) 实际速度=(-0.000,0.000,-0.033) 最终目标=(0.056,1.599,-0.245) 指令位置=(0.056,1.599,nan) 指令速度=(0.000,0.000,0.000) 指令加速度=(0.000,0.000,nan) 滚转角=0.04度 俯仰角=-0.02度
10:06:39.298565 [轨迹] 序号=1692 单调时间=4814.078506 时间=4814.079 模式=OFFBOARD 起飞状态=未执行起飞 水平控制=位置保持 类型掩码=3520 实际位置NED=(0.053,1.635,-0.266) 实际速度=(0.000,-0.000,-0.032) 最终目标=(0.056,1.599,-0.245) 指令位置=(0.056,1.599,nan) 指令速度=(0.000,0.000,0.000) 指令加速度=(0.000,0.000,nan) 滚转角=0.04度 俯仰角=-0.02度
10:06:39.402277 [轨迹] 序号=1693 单调时间=4814.182338 时间=4814.182 模式=OFFBOARD 起飞状态=未执行起飞 水平控制=位置保持 类型掩码=3520 实际位置NED=(0.053,1.635,-0.267) 实际速度=(0.000,-0.000,-0.032) 最终目标=(0.056,1.599,-0.245) 指令位置=(0.056,1.599,nan) 指令速度=(0.000,0.000,0.000) 指令加速度=(0.000,0.000,nan) 滚转角=0.04度 俯仰角=-0.02度
10:06:39.505250 [轨迹] 序号=1694 单调时间=4814.285216 时间=4814.285 模式=OFFBOARD 起飞状态=未执行起飞 水平控制=位置保持 类型掩码=3520 实际位置NED=(0.053,1.635,-0.267) 实际速度=(0.000,-0.000,-0.031) 最终目标=(0.056,1.599,-0.245) 指令位置=(0.056,1.599,nan) 指令速度=(0.000,0.000,0.000) 指令加速度=(0.000,0.000,nan) 滚转角=0.04度 俯仰角=-0.02度
10:06:39.609026 [轨迹] 序号=1695 单调时间=4814.388827 时间=4814.389 模式=OFFBOARD 起飞状态=未执行起飞 水平控制=位置保持 类型掩码=3520 实际位置NED=(0.053,1.635,-0.267) 实际速度=(0.000,-0.000,-0.031) 最终目标=(0.056,1.599,-0.245) 指令位置=(0.056,1.599,nan) 指令速度=(0.000,0.000,0.000) 指令加速度=(0.000,0.000,nan) 滚转角=0.04度 俯仰角=-0.02度
10:06:39.712197 [轨迹] 序号=1696 单调时间=4814.492094 时间=4814.492 模式=OFFBOARD 起飞状态=未执行起飞 水平控制=位置保持 类型掩码=3520 实际位置NED=(0.053,1.635,-0.268) 实际速度=(0.000,-0.000,-0.030) 最终目标=(0.056,1.599,-0.245) 指令位置=(0.056,1.599,nan) 指令速度=(0.000,0.000,0.000) 指令加速度=(0.000,0.000,nan) 滚转角=0.04度 俯仰角=-0.02度
10:06:39.815392 [轨迹] 序号=1697 单调时间=4814.595288 时间=4814.595 模式=OFFBOARD 起飞状态=未执行起飞 水平控制=位置保持 类型掩码=3520 实际位置NED=(0.053,1.635,-0.268) 实际速度=(-0.000,-0.000,-0.029) 最终目标=(0.056,1.599,-0.245) 指令位置=(0.056,1.599,nan) 指令速度=(0.000,0.000,0.000) 指令加速度=(0.000,0.000,nan) 滚转角=0.04度 俯仰角=-0.02度
10:06:39.919249 [轨迹] 序号=1698 单调时间=4814.698994 时间=4814.699 模式=OFFBOARD 起飞状态=未执行起飞 水平控制=位置保持 类型掩码=3520 实际位置NED=(0.053,1.635,-0.268) 实际速度=(-0.000,-0.000,-0.028) 最终目标=(0.056,1.599,-0.245) 指令位置=(0.056,1.599,nan) 指令速度=(0.000,0.000,0.000) 指令加速度=(0.000,0.000,nan) 滚转角=0.04度 俯仰角=-0.02度
10:06:40.020680 [轨迹] 序号=1699 单调时间=4814.800457 时间=4814.800 模式=OFFBOARD 起飞状态=未执行起飞 水平控制=位置保持 类型掩码=3520 实际位置NED=(0.053,1.635,-0.268) 实际速度=(-0.000,0.000,-0.027) 最终目标=(0.056,1.599,-0.245) 指令位置=(0.056,1.599,nan) 指令速度=(0.000,0.000,0.000) 指令加速度=(0.000,0.000,nan) 滚转角=0.04度 俯仰角=-0.02度
10:06:40.123759 [轨迹] 序号=1700 单调时间=4814.903661 时间=4814.904 模式=OFFBOARD 起飞状态=未执行起飞 水平控制=位置保持 类型掩码=3520 实际位置NED=(0.053,1.635,-0.268) 实际速度=(-0.000,0.000,-0.026) 最终目标=(0.056,1.599,-0.245) 指令位置=(0.056,1.599,nan) 指令速度=(0.000,0.000,0.000) 指令加速度=(0.000,0.000,nan) 滚转角=0.04度 俯仰角=-0.02度
10:06:40.227090 [轨迹] 序号=1701 单调时间=4815.007006 时间=4815.007 模式=OFFBOARD 起飞状态=未执行起飞 水平控制=位置保持 类型掩码=3520 实际位置NED=(0.053,1.635,-0.268) 实际速度=(-0.000,0.000,-0.025) 最终目标=(0.056,1.599,-0.245) 指令位置=(0.056,1.599,nan) 指令速度=(0.000,0.000,0.000) 指令加速度=(0.000,0.000,nan) 滚转角=0.04度 俯仰角=-0.02度
10:06:40.330473 [轨迹] 序号=1702 单调时间=4815.110382 时间=4815.110 模式=OFFBOARD 起飞状态=未执行起飞 水平控制=位置保持 类型掩码=3520 实际位置NED=(0.053,1.635,-0.267) 实际速度=(-0.000,-0.000,-0.024) 最终目标=(0.056,1.599,-0.245) 指令位置=(0.056,1.599,nan) 指令速度=(0.000,0.000,0.000) 指令加速度=(0.000,0.000,nan) 滚转角=0.04度 俯仰角=-0.02度
10:06:40.433966 [轨迹] 序号=1703 单调时间=4815.213651 时间=4815.214 模式=OFFBOARD 起飞状态=未执行起飞 水平控制=位置保持 类型掩码=3520 实际位置NED=(0.053,1.635,-0.267) 实际速度=(-0.000,0.000,-0.024) 最终目标=(0.056,1.599,-0.245) 指令位置=(0.056,1.599,nan) 指令速度=(0.000,0.000,0.000) 指令加速度=(0.000,0.000,nan) 滚转角=0.04度 俯仰角=-0.02度
10:06:40.537470 [轨迹] 序号=1704 单调时间=4815.317428 时间=4815.317 模式=OFFBOARD 起飞状态=未执行起飞 水平控制=位置保持 类型掩码=3520 实际位置NED=(0.053,1.635,-0.266) 实际速度=(-0.000,-0.000,-0.022) 最终目标=(0.056,1.599,-0.245) 指令位置=(0.056,1.599,nan) 指令速度=(0.000,0.000,0.000) 指令加速度=(0.000,0.000,nan) 滚转角=0.04度 俯仰角=-0.02度
10:06:40.641221 [轨迹] 序号=1705 单调时间=4815.420994 时间=4815.421 模式=OFFBOARD 起飞状态=未执行起飞 水平控制=位置保持 类型掩码=3520 实际位置NED=(0.053,1.635,-0.266) 实际速度=(-0.000,-0.000,-0.021) 最终目标=(0.056,1.599,-0.245) 指令位置=(0.056,1.599,nan) 指令速度=(0.000,0.000,0.000) 指令加速度=(0.000,0.000,nan) 滚转角=0.04度 俯仰角=-0.02度
10:06:40.744516 [轨迹] 序号=1706 单调时间=4815.524409 时间=4815.524 模式=OFFBOARD 起飞状态=未执行起飞 水平控制=位置保持 类型掩码=3520 实际位置NED=(0.053,1.635,-0.265) 实际速度=(-0.000,0.000,-0.020) 最终目标=(0.056,1.599,-0.245) 指令位置=(0.056,1.599,nan) 指令速度=(0.000,0.000,0.000) 指令加速度=(0.000,0.000,nan) 滚转角=0.04度 俯仰角=-0.02度
10:06:40.848158 [轨迹] 序号=1707 单调时间=4815.627430 时间=4815.627 模式=OFFBOARD 起飞状态=未执行起飞 水平控制=位置保持 类型掩码=3520 实际位置NED=(0.053,1.635,-0.265) 实际速度=(-0.000,0.000,-0.019) 最终目标=(0.056,1.599,-0.245) 指令位置=(0.056,1.599,nan) 指令速度=(0.000,0.000,0.000) 指令加速度=(0.000,0.000,nan) 滚转角=0.04度 俯仰角=-0.02度
10:06:40.952368 [轨迹] 序号=1708 单调时间=4815.732241 时间=4815.732 模式=OFFBOARD 起飞状态=未执行起飞 水平控制=位置保持 类型掩码=3520 实际位置NED=(0.053,1.635,-0.264) 实际速度=(-0.000,0.000,-0.018) 最终目标=(0.056,1.599,-0.245) 指令位置=(0.056,1.599,nan) 指令速度=(0.000,0.000,0.000) 指令加速度=(0.000,0.000,nan) 滚转角=0.04度 俯仰角=-0.02度
10:06:41.055537 [轨迹] 序号=1709 单调时间=4815.835458 时间=4815.835 模式=OFFBOARD 起飞状态=未执行起飞 水平控制=位置保持 类型掩码=3520 实际位置NED=(0.053,1.635,-0.264) 实际速度=(0.000,0.000,-0.017) 最终目标=(0.056,1.599,-0.245) 指令位置=(0.056,1.599,nan) 指令速度=(0.000,0.000,0.000) 指令加速度=(0.000,0.000,nan) 滚转角=0.04度 俯仰角=-0.02度
10:06:41.159413 [轨迹] 序号=1710 单调时间=4815.939306 时间=4815.939 模式=OFFBOARD 起飞状态=未执行起飞 水平控制=位置保持 类型掩码=3520 实际位置NED=(0.053,1.635,-0.263) 实际速度=(0.000,0.000,-0.016) 最终目标=(0.056,1.599,-0.245) 指令位置=(0.056,1.599,nan) 指令速度=(0.000,0.000,0.000) 指令加速度=(0.000,0.000,nan) 滚转角=0.04度 俯仰角=-0.02度
10:06:41.262449 [轨迹] 序号=1711 单调时间=4816.042301 时间=4816.042 模式=OFFBOARD 起飞状态=未执行起飞 水平控制=位置保持 类型掩码=3520 实际位置NED=(0.053,1.635,-0.262) 实际速度=(-0.000,0.000,-0.016) 最终目标=(0.056,1.599,-0.245) 指令位置=(0.056,1.599,nan) 指令速度=(0.000,0.000,0.000) 指令加速度=(0.000,0.000,nan) 滚转角=0.04度 俯仰角=-0.02度
10:06:41.365644 [轨迹] 序号=1712 单调时间=4816.145495 时间=4816.145 模式=OFFBOARD 起飞状态=未执行起飞 水平控制=位置保持 类型掩码=3520 实际位置NED=(0.053,1.635,-0.261) 实际速度=(0.000,0.000,-0.014) 最终目标=(0.056,1.599,-0.245) 指令位置=(0.056,1.599,nan) 指令速度=(0.000,0.000,0.000) 指令加速度=(0.000,0.000,nan) 滚转角=0.04度 俯仰角=-0.02度
10:06:41.469178 [轨迹] 序号=1713 单调时间=4816.248782 时间=4816.249 模式=OFFBOARD 起飞状态=未执行起飞 水平控制=位置保持 类型掩码=3520 实际位置NED=(0.053,1.635,-0.261) 实际速度=(0.000,0.000,-0.014) 最终目标=(0.056,1.599,-0.245) 指令位置=(0.056,1.599,nan) 指令速度=(0.000,0.000,0.000) 指令加速度=(0.000,0.000,nan) 滚转角=0.04度 俯仰角=-0.02度
10:06:41.572762 [轨迹] 序号=1714 单调时间=4816.352747 时间=4816.353 模式=OFFBOARD 起飞状态=未执行起飞 水平控制=位置保持 类型掩码=3520 实际位置NED=(0.053,1.635,-0.260) 实际速度=(0.000,0.000,-0.012) 最终目标=(0.056,1.599,-0.245) 指令位置=(0.056,1.599,nan) 指令速度=(0.000,0.000,0.000) 指令加速度=(0.000,0.000,nan) 滚转角=0.04度 俯仰角=-0.02度
10:06:41.676686 [轨迹] 序号=1715 单调时间=4816.456669 时间=4816.457 模式=OFFBOARD 起飞状态=未执行起飞 水平控制=位置保持 类型掩码=3520 实际位置NED=(0.053,1.635,-0.259) 实际速度=(0.000,0.000,-0.011) 最终目标=(0.056,1.599,-0.245) 指令位置=(0.056,1.599,nan) 指令速度=(0.000,0.000,0.000) 指令加速度=(0.000,0.000,nan) 滚转角=0.04度 俯仰角=-0.02度
10:06:41.780061 [轨迹] 序号=1716 单调时间=4816.560043 时间=4816.560 模式=OFFBOARD 起飞状态=未执行起飞 水平控制=位置保持 类型掩码=3520 实际位置NED=(0.054,1.635,-0.258) 实际速度=(0.000,0.000,-0.011) 最终目标=(0.056,1.599,-0.245) 指令位置=(0.056,1.599,nan) 指令速度=(0.000,0.000,0.000) 指令加速度=(0.000,0.000,nan) 滚转角=0.04度 俯仰角=-0.02度
10:06:41.883547 [轨迹] 序号=1717 单调时间=4816.663393 时间=4816.663 模式=OFFBOARD 起飞状态=未执行起飞 水平控制=位置保持 类型掩码=3520 实际位置NED=(0.054,1.636,-0.258) 实际速度=(0.000,0.000,-0.010) 最终目标=(0.056,1.599,-0.245) 指令位置=(0.056,1.599,nan) 指令速度=(0.000,0.000,0.000) 指令加速度=(0.000,0.000,nan) 滚转角=0.04度 俯仰角=-0.02度
10:06:41.986786 [轨迹] 序号=1718 单调时间=4816.766661 时间=4816.767 模式=OFFBOARD 起飞状态=未执行起飞 水平控制=位置保持 类型掩码=3520 实际位置NED=(0.054,1.636,-0.257) 实际速度=(0.000,0.000,-0.009) 最终目标=(0.056,1.599,-0.245) 指令位置=(0.056,1.599,nan) 指令速度=(0.000,0.000,0.000) 指令加速度=(0.000,0.000,nan) 滚转角=0.04度 俯仰角=-0.02度
10:06:42.090248 [轨迹] 序号=1719 单调时间=4816.869981 时间=4816.870 模式=OFFBOARD 起飞状态=未执行起飞 水平控制=位置保持 类型掩码=3520 实际位置NED=(0.054,1.636,-0.256) 实际速度=(0.000,0.000,-0.008) 最终目标=(0.056,1.599,-0.245) 指令位置=(0.056,1.599,nan) 指令速度=(0.000,0.000,0.000) 指令加速度=(0.000,0.000,nan) 滚转角=0.04度 俯仰角=-0.02度
10:06:42.193457 [轨迹] 序号=1720 单调时间=4816.973345 时间=4816.973 模式=OFFBOARD 起飞状态=未执行起飞 水平控制=位置保持 类型掩码=3520 实际位置NED=(0.054,1.636,-0.256) 实际速度=(0.000,0.000,-0.008) 最终目标=(0.056,1.599,-0.245) 指令位置=(0.056,1.599,nan) 指令速度=(0.000,0.000,0.000) 指令加速度=(0.000,0.000,nan) 滚转角=0.04度 俯仰角=-0.02度
10:06:42.296601 [轨迹] 序号=1721 单调时间=4817.076549 时间=4817.077 模式=OFFBOARD 起飞状态=未执行起飞 水平控制=位置保持 类型掩码=3520 实际位置NED=(0.054,1.636,-0.255) 实际速度=(0.000,0.000,-0.007) 最终目标=(0.056,1.599,-0.245) 指令位置=(0.056,1.599,nan) 指令速度=(0.000,0.000,0.000) 指令加速度=(0.000,0.000,nan) 滚转角=0.04度 俯仰角=-0.02度
10:06:42.396825 [轨迹] 序号=1722 单调时间=4817.176713 时间=4817.177 模式=OFFBOARD 起飞状态=未执行起飞 水平控制=位置保持 类型掩码=3520 实际位置NED=(0.054,1.636,-0.255) 实际速度=(0.000,0.000,-0.006) 最终目标=(0.056,1.599,-0.245) 指令位置=(0.056,1.599,nan) 指令速度=(0.000,0.000,0.000) 指令加速度=(0.000,0.000,nan) 滚转角=0.04度 俯仰角=-0.02度
10:06:42.500121 [轨迹] 序号=1723 单调时间=4817.279871 时间=4817.280 模式=OFFBOARD 起飞状态=未执行起飞 水平控制=位置保持 类型掩码=3520 实际位置NED=(0.054,1.636,-0.254) 实际速度=(0.000,0.000,-0.006) 最终目标=(0.056,1.599,-0.245) 指令位置=(0.056,1.599,nan) 指令速度=(0.000,0.000,0.000) 指令加速度=(0.000,0.000,nan) 滚转角=0.04度 俯仰角=-0.02度
10:06:42.603529 [轨迹] 序号=1724 单调时间=4817.383449 时间=4817.383 模式=OFFBOARD 起飞状态=未执行起飞 水平控制=位置保持 类型掩码=3520 实际位置NED=(0.054,1.636,-0.254) 实际速度=(0.000,0.000,-0.005) 最终目标=(0.056,1.599,-0.245) 指令位置=(0.056,1.599,nan) 指令速度=(0.000,0.000,0.000) 指令加速度=(0.000,0.000,nan) 滚转角=0.04度 俯仰角=-0.02度
10:06:42.707056 [轨迹] 序号=1725 单调时间=4817.486872 时间=4817.487 模式=OFFBOARD 起飞状态=未执行起飞 水平控制=位置保持 类型掩码=3520 实际位置NED=(0.054,1.636,-0.253) 实际速度=(0.000,0.000,-0.005) 最终目标=(0.056,1.599,-0.245) 指令位置=(0.056,1.599,nan) 指令速度=(0.000,0.000,0.000) 指令加速度=(0.000,0.000,nan) 滚转角=0.04度 俯仰角=-0.02度
10:06:42.810714 [轨迹] 序号=1726 单调时间=4817.590632 时间=4817.591 模式=OFFBOARD 起飞状态=未执行起飞 水平控制=位置保持 类型掩码=3520 实际位置NED=(0.054,1.636,-0.252) 实际速度=(0.000,-0.000,-0.005) 最终目标=(0.056,1.599,-0.245) 指令位置=(0.056,1.599,nan) 指令速度=(0.000,0.000,0.000) 指令加速度=(0.000,0.000,nan) 滚转角=0.04度 俯仰角=-0.02度
10:06:42.913694 [轨迹] 序号=1727 单调时间=4817.693762 时间=4817.694 模式=OFFBOARD 起飞状态=未执行起飞 水平控制=位置保持 类型掩码=3520 实际位置NED=(0.054,1.636,-0.251) 实际速度=(0.000,0.000,-0.004) 最终目标=(0.056,1.599,-0.245) 指令位置=(0.056,1.599,nan) 指令速度=(0.000,0.000,0.000) 指令加速度=(0.000,0.000,nan) 滚转角=0.04度 俯仰角=-0.02度
10:06:43.016859 [轨迹] 序号=1728 单调时间=4817.796815 时间=4817.797 模式=OFFBOARD 起飞状态=未执行起飞 水平控制=位置保持 类型掩码=3520 实际位置NED=(0.054,1.636,-0.251) 实际速度=(0.000,0.000,-0.003) 最终目标=(0.056,1.599,-0.245) 指令位置=(0.056,1.599,nan) 指令速度=(0.000,0.000,0.000) 指令加速度=(0.000,0.000,nan) 滚转角=0.04度 俯仰角=-0.02度
10:06:43.120173 [轨迹] 序号=1729 单调时间=4817.900105 时间=4817.900 模式=OFFBOARD 起飞状态=未执行起飞 水平控制=位置保持 类型掩码=3520 实际位置NED=(0.054,1.636,-0.250) 实际速度=(0.000,-0.000,-0.003) 最终目标=(0.056,1.599,-0.245) 指令位置=(0.056,1.599,nan) 指令速度=(0.000,0.000,0.000) 指令加速度=(0.000,0.000,nan) 滚转角=0.04度 俯仰角=-0.02度
10:06:43.223596 [轨迹] 序号=1730 单调时间=4818.003446 时间=4818.003 模式=OFFBOARD 起飞状态=未执行起飞 水平控制=位置保持 类型掩码=3520 实际位置NED=(0.054,1.636,-0.250) 实际速度=(0.000,-0.000,-0.003) 最终目标=(0.056,1.599,-0.245) 指令位置=(0.056,1.599,nan) 指令速度=(0.000,0.000,0.000) 指令加速度=(0.000,0.000,nan) 滚转角=0.04度 俯仰角=-0.02度
10:06:43.326831 [轨迹] 序号=1731 单调时间=4818.106630 时间=4818.107 模式=OFFBOARD 起飞状态=未执行起飞 水平控制=位置保持 类型掩码=3520 实际位置NED=(0.054,1.636,-0.249) 实际速度=(0.000,-0.000,-0.002) 最终目标=(0.056,1.599,-0.245) 指令位置=(0.056,1.599,nan) 指令速度=(0.000,0.000,0.000) 指令加速度=(0.000,0.000,nan) 滚转角=0.04度 俯仰角=-0.02度
10:06:43.430208 [轨迹] 序号=1732 单调时间=4818.210171 时间=4818.210 模式=OFFBOARD 起飞状态=未执行起飞 水平控制=位置保持 类型掩码=3520 实际位置NED=(0.054,1.636,-0.249) 实际速度=(0.000,-0.000,-0.001) 最终目标=(0.056,1.599,-0.245) 指令位置=(0.056,1.599,nan) 指令速度=(0.000,0.000,0.000) 指令加速度=(0.000,0.000,nan) 滚转角=0.04度 俯仰角=-0.02度
10:06:43.535210 [轨迹] 序号=1733 单调时间=4818.315145 时间=4818.315 模式=OFFBOARD 起飞状态=未执行起飞 水平控制=位置保持 类型掩码=3520 实际位置NED=(0.054,1.636,-0.249) 实际速度=(0.000,-0.000,-0.001) 最终目标=(0.056,1.599,-0.245) 指令位置=(0.056,1.599,nan) 指令速度=(0.000,0.000,0.000) 指令加速度=(0.000,0.000,nan) 滚转角=0.04度 俯仰角=-0.02度
10:06:43.638980 [轨迹] 序号=1734 单调时间=4818.418851 时间=4818.419 模式=OFFBOARD 起飞状态=未执行起飞 水平控制=位置保持 类型掩码=3520 实际位置NED=(0.054,1.636,-0.248) 实际速度=(0.001,-0.000,-0.001) 最终目标=(0.056,1.599,-0.245) 指令位置=(0.056,1.599,nan) 指令速度=(0.000,0.000,0.000) 指令加速度=(0.000,0.000,nan) 滚转角=0.04度 俯仰角=-0.02度
10:06:43.742690 [轨迹] 序号=1735 单调时间=4818.522615 时间=4818.523 模式=OFFBOARD 起飞状态=未执行起飞 水平控制=位置保持 类型掩码=3520 实际位置NED=(0.054,1.636,-0.247) 实际速度=(0.000,-0.000,-0.000) 最终目标=(0.056,1.599,-0.245) 指令位置=(0.056,1.599,nan) 指令速度=(0.000,0.000,0.000) 指令加速度=(0.000,0.000,nan) 滚转角=0.04度 俯仰角=-0.02度
10:06:43.845929 [轨迹] 序号=1736 单调时间=4818.625768 时间=4818.626 模式=OFFBOARD 起飞状态=未执行起飞 水平控制=位置保持 类型掩码=3520 实际位置NED=(0.054,1.636,-0.247) 实际速度=(0.000,-0.000,0.000) 最终目标=(0.056,1.599,-0.245) 指令位置=(0.056,1.599,nan) 指令速度=(0.000,0.000,0.000) 指令加速度=(0.000,0.000,nan) 滚转角=0.04度 俯仰角=-0.02度
10:06:43.949073 [轨迹] 序号=1737 单调时间=4818.728942 时间=4818.729 模式=OFFBOARD 起飞状态=未执行起飞 水平控制=位置保持 类型掩码=3520 实际位置NED=(0.054,1.636,-0.247) 实际速度=(0.000,-0.000,0.000) 最终目标=(0.056,1.599,-0.245) 指令位置=(0.056,1.599,nan) 指令速度=(0.000,0.000,0.000) 指令加速度=(0.000,0.000,nan) 滚转角=0.04度 俯仰角=-0.02度
10:06:44.052555 [轨迹] 序号=1738 单调时间=4818.832348 时间=4818.832 模式=OFFBOARD 起飞状态=未执行起飞 水平控制=位置保持 类型掩码=3520 实际位置NED=(0.054,1.636,-0.246) 实际速度=(0.000,0.000,0.001) 最终目标=(0.056,1.599,-0.245) 指令位置=(0.056,1.599,nan) 指令速度=(0.000,0.000,0.000) 指令加速度=(0.000,0.000,nan) 滚转角=0.04度 俯仰角=-0.02度
10:06:44.155891 [轨迹] 序号=1739 单调时间=4818.935838 时间=4818.936 模式=OFFBOARD 起飞状态=未执行起飞 水平控制=位置保持 类型掩码=3520 实际位置NED=(0.054,1.636,-0.246) 实际速度=(0.000,0.000,0.001) 最终目标=(0.056,1.599,-0.245) 指令位置=(0.056,1.599,nan) 指令速度=(0.000,0.000,0.000) 指令加速度=(0.000,0.000,nan) 滚转角=0.04度 俯仰角=-0.02度
10:06:44.259411 [轨迹] 序号=1740 单调时间=4819.039135 时间=4819.039 模式=OFFBOARD 起飞状态=未执行起飞 水平控制=位置保持 类型掩码=3520 实际位置NED=(0.054,1.636,-0.245) 实际速度=(0.000,0.000,0.001) 最终目标=(0.056,1.599,-0.245) 指令位置=(0.056,1.599,nan) 指令速度=(0.000,0.000,0.000) 指令加速度=(0.000,0.000,nan) 滚转角=0.04度 俯仰角=-0.02度
10:06:44.362338 [轨迹] 序号=1741 单调时间=4819.142288 时间=4819.142 模式=OFFBOARD 起飞状态=未执行起飞 水平控制=位置保持 类型掩码=3520 实际位置NED=(0.054,1.636,-0.245) 实际速度=(0.000,0.000,0.002) 最终目标=(0.056,1.599,-0.245) 指令位置=(0.056,1.599,nan) 指令速度=(0.000,0.000,0.000) 指令加速度=(0.000,0.000,nan) 滚转角=0.04度 俯仰角=-0.02度
10:06:44.464826 [轨迹] 序号=1742 单调时间=4819.244511 时间=4819.245 模式=OFFBOARD 起飞状态=未执行起飞 水平控制=位置保持 类型掩码=3520 实际位置NED=(0.054,1.636,-0.244) 实际速度=(0.000,0.001,0.002) 最终目标=(0.056,1.599,-0.245) 指令位置=(0.056,1.599,nan) 指令速度=(0.000,0.000,0.000) 指令加速度=(0.000,0.000,nan) 滚转角=0.04度 俯仰角=-0.02度
10:06:44.568164 [轨迹] 序号=1743 单调时间=4819.347955 时间=4819.348 模式=OFFBOARD 起飞状态=未执行起飞 水平控制=位置保持 类型掩码=3520 实际位置NED=(0.054,1.636,-0.244) 实际速度=(0.000,0.001,0.002) 最终目标=(0.056,1.599,-0.245) 指令位置=(0.056,1.599,nan) 指令速度=(0.000,0.000,0.000) 指令加速度=(0.000,0.000,nan) 滚转角=0.04度 俯仰角=-0.02度
10:06:44.671329 [轨迹] 序号=1744 单调时间=4819.451261 时间=4819.451 模式=OFFBOARD 起飞状态=未执行起飞 水平控制=位置保持 类型掩码=3520 实际位置NED=(0.054,1.636,-0.244) 实际速度=(0.000,0.001,0.002) 最终目标=(0.056,1.599,-0.245) 指令位置=(0.056,1.599,nan) 指令速度=(0.000,0.000,0.000) 指令加速度=(0.000,0.000,nan) 滚转角=0.04度 俯仰角=-0.02度
10:06:44.776204 [轨迹] 序号=1745 单调时间=4819.556087 时间=4819.556 模式=OFFBOARD 起飞状态=未执行起飞 水平控制=位置保持 类型掩码=3520 实际位置NED=(0.054,1.636,-0.243) 实际速度=(0.000,0.001,0.002) 最终目标=(0.056,1.599,-0.245) 指令位置=(0.056,1.599,nan) 指令速度=(0.000,0.000,0.000) 指令加速度=(0.000,0.000,nan) 滚转角=0.04度 俯仰角=-0.02度
10:06:44.879781 [轨迹] 序号=1746 单调时间=4819.659492 时间=4819.659 模式=OFFBOARD 起飞状态=未执行起飞 水平控制=位置保持 类型掩码=3520 实际位置NED=(0.054,1.636,-0.243) 实际速度=(0.000,0.001,0.003) 最终目标=(0.056,1.599,-0.245) 指令位置=(0.056,1.599,nan) 指令速度=(0.000,0.000,0.000) 指令加速度=(0.000,0.000,nan) 滚转角=0.04度 俯仰角=-0.02度
10:06:44.983300 [轨迹] 序号=1747 单调时间=4819.762884 时间=4819.763 模式=OFFBOARD 起飞状态=未执行起飞 水平控制=位置保持 类型掩码=3520 实际位置NED=(0.054,1.636,-0.243) 实际速度=(0.000,0.001,0.003) 最终目标=(0.056,1.599,-0.245) 指令位置=(0.056,1.599,nan) 指令速度=(0.000,0.000,0.000) 指令加速度=(0.000,0.000,nan) 滚转角=0.04度 俯仰角=-0.02度
10:06:45.087138 [轨迹] 序号=1748 单调时间=4819.867052 时间=4819.867 模式=OFFBOARD 起飞状态=未执行起飞 水平控制=位置保持 类型掩码=3520 实际位置NED=(0.054,1.636,-0.242) 实际速度=(0.000,0.001,0.003) 最终目标=(0.056,1.599,-0.245) 指令位置=(0.056,1.599,nan) 指令速度=(0.000,0.000,0.000) 指令加速度=(0.000,0.000,nan) 滚转角=0.04度 俯仰角=-0.02度
10:06:45.190167 [轨迹] 序号=1749 单调时间=4819.970160 时间=4819.970 模式=OFFBOARD 起飞状态=未执行起飞 水平控制=位置保持 类型掩码=3520 实际位置NED=(0.054,1.636,-0.242) 实际速度=(0.000,0.001,0.003) 最终目标=(0.056,1.599,-0.245) 指令位置=(0.056,1.599,nan) 指令速度=(0.000,0.000,0.000) 指令加速度=(0.000,0.000,nan) 滚转角=0.04度 俯仰角=-0.02度
10:06:45.293559 [轨迹] 序号=1750 单调时间=4820.073421 时间=4820.073 模式=OFFBOARD 起飞状态=未执行起飞 水平控制=位置保持 类型掩码=3520 实际位置NED=(0.054,1.636,-0.242) 实际速度=(0.000,0.001,0.004) 最终目标=(0.056,1.599,-0.245) 指令位置=(0.056,1.599,nan) 指令速度=(0.000,0.000,0.000) 指令加速度=(0.000,0.000,nan) 滚转角=0.04度 俯仰角=-0.02度
10:06:45.397773 [轨迹] 序号=1751 单调时间=4820.177441 时间=4820.177 模式=OFFBOARD 起飞状态=未执行起飞 水平控制=位置保持 类型掩码=3520 实际位置NED=(0.054,1.636,-0.242) 实际速度=(0.000,0.001,0.004) 最终目标=(0.056,1.599,-0.245) 指令位置=(0.056,1.599,nan) 指令速度=(0.000,0.000,0.000) 指令加速度=(0.000,0.000,nan) 滚转角=0.04度 俯仰角=-0.02度
10:06:45.501027 [轨迹] 序号=1752 单调时间=4820.280950 时间=4820.281 模式=OFFBOARD 起飞状态=未执行起飞 水平控制=位置保持 类型掩码=3520 实际位置NED=(0.054,1.636,-0.241) 实际速度=(0.000,0.001,0.004) 最终目标=(0.056,1.599,-0.245) 指令位置=(0.056,1.599,nan) 指令速度=(0.000,0.000,0.000) 指令加速度=(0.000,0.000,nan) 滚转角=0.04度 俯仰角=-0.02度
10:06:45.604551 [轨迹] 序号=1753 单调时间=4820.384543 时间=4820.385 模式=OFFBOARD 起飞状态=未执行起飞 水平控制=位置保持 类型掩码=3520 实际位置NED=(0.054,1.636,-0.241) 实际速度=(0.000,0.001,0.004) 最终目标=(0.056,1.599,-0.245) 指令位置=(0.056,1.599,nan) 指令速度=(0.000,0.000,0.000) 指令加速度=(0.000,0.000,nan) 滚转角=0.04度 俯仰角=-0.02度
10:06:45.707808 [轨迹] 序号=1754 单调时间=4820.487667 时间=4820.488 模式=OFFBOARD 起飞状态=未执行起飞 水平控制=位置保持 类型掩码=3520 实际位置NED=(0.054,1.636,-0.241) 实际速度=(0.000,0.000,0.004) 最终目标=(0.056,1.599,-0.245) 指令位置=(0.056,1.599,nan) 指令速度=(0.000,0.000,0.000) 指令加速度=(0.000,0.000,nan) 滚转角=0.04度 俯仰角=-0.02度
10:06:45.811116 [轨迹] 序号=1755 单调时间=4820.590996 时间=4820.591 模式=OFFBOARD 起飞状态=未执行起飞 水平控制=位置保持 类型掩码=3520 实际位置NED=(0.054,1.636,-0.241) 实际速度=(0.000,0.001,0.004) 最终目标=(0.056,1.599,-0.245) 指令位置=(0.056,1.599,nan) 指令速度=(0.000,0.000,0.000) 指令加速度=(0.000,0.000,nan) 滚转角=0.04度 俯仰角=-0.02度
10:06:45.914188 [轨迹] 序号=1756 单调时间=4820.694082 时间=4820.694 模式=OFFBOARD 起飞状态=未执行起飞 水平控制=位置保持 类型掩码=3520 实际位置NED=(0.054,1.636,-0.241) 实际速度=(0.000,0.000,0.004) 最终目标=(0.056,1.599,-0.245) 指令位置=(0.056,1.599,nan) 指令速度=(0.000,0.000,0.000) 指令加速度=(0.000,0.000,nan) 滚转角=0.04度 俯仰角=-0.02度
10:06:46.017322 [轨迹] 序号=1757 单调时间=4820.797172 时间=4820.797 模式=OFFBOARD 起飞状态=未执行起飞 水平控制=位置保持 类型掩码=3520 实际位置NED=(0.054,1.636,-0.241) 实际速度=(0.000,0.000,0.004) 最终目标=(0.056,1.599,-0.245) 指令位置=(0.056,1.599,nan) 指令速度=(0.000,0.000,0.000) 指令加速度=(0.000,0.000,nan) 滚转角=0.04度 俯仰角=-0.02度
10:06:46.120898 [轨迹] 序号=1758 单调时间=4820.900798 时间=4820.901 模式=OFFBOARD 起飞状态=未执行起飞 水平控制=位置保持 类型掩码=3520 实际位置NED=(0.054,1.636,-0.240) 实际速度=(0.000,0.000,0.004) 最终目标=(0.056,1.599,-0.245) 指令位置=(0.056,1.599,nan) 指令速度=(0.000,0.000,0.000) 指令加速度=(0.000,0.000,nan) 滚转角=0.04度 俯仰角=-0.02度
10:06:46.224153 [轨迹] 序号=1759 单调时间=4821.004042 时间=4821.004 模式=OFFBOARD 起飞状态=未执行起飞 水平控制=位置保持 类型掩码=3520 实际位置NED=(0.054,1.636,-0.240) 实际速度=(0.000,0.000,0.004) 最终目标=(0.056,1.599,-0.245) 指令位置=(0.056,1.599,nan) 指令速度=(0.000,0.000,0.000) 指令加速度=(0.000,0.000,nan) 滚转角=0.04度 俯仰角=-0.02度
10:06:46.327900 [轨迹] 序号=1760 单调时间=4821.107762 时间=4821.108 模式=OFFBOARD 起飞状态=未执行起飞 水平控制=位置保持 类型掩码=3520 实际位置NED=(0.054,1.636,-0.240) 实际速度=(0.000,0.000,0.004) 最终目标=(0.056,1.599,-0.245) 指令位置=(0.056,1.599,nan) 指令速度=(0.000,0.000,0.000) 指令加速度=(0.000,0.000,nan) 滚转角=0.04度 俯仰角=-0.02度
10:06:46.433082 [轨迹] 序号=1761 单调时间=4821.213031 时间=4821.213 模式=OFFBOARD 起飞状态=未执行起飞 水平控制=位置保持 类型掩码=3520 实际位置NED=(0.054,1.636,-0.240) 实际速度=(0.000,0.000,0.004) 最终目标=(0.056,1.599,-0.245) 指令位置=(0.056,1.599,nan) 指令速度=(0.000,0.000,0.000) 指令加速度=(0.000,0.000,nan) 滚转角=0.05度 俯仰角=-0.02度
10:06:46.537743 [轨迹] 序号=1762 单调时间=4821.317231 时间=4821.317 模式=OFFBOARD 起飞状态=未执行起飞 水平控制=位置保持 类型掩码=3520 实际位置NED=(0.054,1.636,-0.240) 实际速度=(0.000,0.000,0.004) 最终目标=(0.056,1.599,-0.245) 指令位置=(0.056,1.599,nan) 指令速度=(0.000,0.000,0.000) 指令加速度=(0.000,0.000,nan) 滚转角=0.05度 俯仰角=-0.02度
10:06:46.641051 [轨迹] 序号=1763 单调时间=4821.420913 时间=4821.421 模式=OFFBOARD 起飞状态=未执行起飞 水平控制=位置保持 类型掩码=3520 实际位置NED=(0.054,1.636,-0.240) 实际速度=(-0.000,0.000,0.004) 最终目标=(0.056,1.599,-0.245) 指令位置=(0.056,1.599,nan) 指令速度=(0.000,0.000,0.000) 指令加速度=(0.000,0.000,nan) 滚转角=0.05度 俯仰角=-0.02度
10:06:46.744659 [轨迹] 序号=1764 单调时间=4821.524474 时间=4821.524 模式=OFFBOARD 起飞状态=未执行起飞 水平控制=位置保持 类型掩码=3520 实际位置NED=(0.054,1.636,-0.240) 实际速度=(0.000,0.000,0.004) 最终目标=(0.056,1.599,-0.245) 指令位置=(0.056,1.599,nan) 指令速度=(0.000,0.000,0.000) 指令加速度=(0.000,0.000,nan) 滚转角=0.05度 俯仰角=-0.02度
10:06:46.847925 [轨迹] 序号=1765 单调时间=4821.627772 时间=4821.628 模式=OFFBOARD 起飞状态=未执行起飞 水平控制=位置保持 类型掩码=3520 实际位置NED=(0.054,1.636,-0.240) 实际速度=(-0.000,0.000,0.004) 最终目标=(0.056,1.599,-0.245) 指令位置=(0.056,1.599,nan) 指令速度=(0.000,0.000,0.000) 指令加速度=(0.000,0.000,nan) 滚转角=0.05度 俯仰角=-0.02度
10:06:46.951194 [轨迹] 序号=1766 单调时间=4821.731111 时间=4821.731 模式=OFFBOARD 起飞状态=未执行起飞 水平控制=位置保持 类型掩码=3520 实际位置NED=(0.054,1.636,-0.240) 实际速度=(-0.000,-0.000,0.004) 最终目标=(0.056,1.599,-0.245) 指令位置=(0.056,1.599,nan) 指令速度=(0.000,0.000,0.000) 指令加速度=(0.000,0.000,nan) 滚转角=0.05度 俯仰角=-0.02度
10:06:47.054194 [轨迹] 序号=1767 单调时间=4821.834114 时间=4821.834 模式=OFFBOARD 起飞状态=未执行起飞 水平控制=位置保持 类型掩码=3520 实际位置NED=(0.054,1.636,-0.240) 实际速度=(-0.000,-0.000,0.004) 最终目标=(0.056,1.599,-0.245) 指令位置=(0.056,1.599,nan) 指令速度=(0.000,0.000,0.000) 指令加速度=(0.000,0.000,nan) 滚转角=0.05度 俯仰角=-0.02度
10:06:47.158303 [轨迹] 序号=1768 单调时间=4821.938232 时间=4821.938 模式=OFFBOARD 起飞状态=未执行起飞 水平控制=位置保持 类型掩码=3520 实际位置NED=(0.054,1.636,-0.240) 实际速度=(-0.000,-0.000,0.004) 最终目标=(0.056,1.599,-0.245) 指令位置=(0.056,1.599,nan) 指令速度=(0.000,0.000,0.000) 指令加速度=(0.000,0.000,nan) 滚转角=0.05度 俯仰角=-0.02度
10:06:47.261268 [轨迹] 序号=1769 单调时间=4822.041222 时间=4822.041 模式=OFFBOARD 起飞状态=未执行起飞 水平控制=位置保持 类型掩码=3520 实际位置NED=(0.054,1.636,-0.240) 实际速度=(-0.000,-0.000,0.004) 最终目标=(0.056,1.599,-0.245) 指令位置=(0.056,1.599,nan) 指令速度=(0.000,0.000,0.000) 指令加速度=(0.000,0.000,nan) 滚转角=0.05度 俯仰角=-0.02度
10:06:47.366162 [轨迹] 序号=1770 单调时间=4822.146124 时间=4822.146 模式=OFFBOARD 起飞状态=未执行起飞 水平控制=位置保持 类型掩码=3520 实际位置NED=(0.054,1.636,-0.241) 实际速度=(-0.000,-0.000,0.004) 最终目标=(0.056,1.599,-0.245) 指令位置=(0.056,1.599,nan) 指令速度=(0.000,0.000,0.000) 指令加速度=(0.000,0.000,nan) 滚转角=0.05度 俯仰角=-0.02度
10:06:47.469767 [轨迹] 序号=1771 单调时间=4822.249741 时间=4822.250 模式=OFFBOARD 起飞状态=未执行起飞 水平控制=位置保持 类型掩码=3520 实际位置NED=(0.054,1.636,-0.241) 实际速度=(-0.000,-0.000,0.004) 最终目标=(0.056,1.599,-0.245) 指令位置=(0.056,1.599,nan) 指令速度=(0.000,0.000,0.000) 指令加速度=(0.000,0.000,nan) 滚转角=0.05度 俯仰角=-0.02度
10:06:47.574345 [轨迹] 序号=1772 单调时间=4822.354388 时间=4822.354 模式=OFFBOARD 起飞状态=未执行起飞 水平控制=位置保持 类型掩码=3520 实际位置NED=(0.054,1.636,-0.241) 实际速度=(-0.000,-0.000,0.003) 最终目标=(0.056,1.599,-0.245) 指令位置=(0.056,1.599,nan) 指令速度=(0.000,0.000,0.000) 指令加速度=(0.000,0.000,nan) 滚转角=0.05度 俯仰角=-0.02度
10:06:47.678130 [轨迹] 序号=1773 单调时间=4822.457940 时间=4822.458 模式=OFFBOARD 起飞状态=未执行起飞 水平控制=位置保持 类型掩码=3520 实际位置NED=(0.054,1.636,-0.241) 实际速度=(-0.000,-0.000,0.003) 最终目标=(0.056,1.599,-0.245) 指令位置=(0.056,1.599,nan) 指令速度=(0.000,0.000,0.000) 指令加速度=(0.000,0.000,nan) 滚转角=0.05度 俯仰角=-0.02度
10:06:47.781511 [轨迹] 序号=1774 单调时间=4822.561425 时间=4822.561 模式=OFFBOARD 起飞状态=未执行起飞 水平控制=位置保持 类型掩码=3520 实际位置NED=(0.054,1.636,-0.241) 实际速度=(-0.000,-0.000,0.003) 最终目标=(0.056,1.599,-0.245) 指令位置=(0.056,1.599,nan) 指令速度=(0.000,0.000,0.000) 指令加速度=(0.000,0.000,nan) 滚转角=0.04度 俯仰角=-0.02度
10:06:47.884534 [轨迹] 序号=1775 单调时间=4822.664571 时间=4822.665 模式=OFFBOARD 起飞状态=未执行起飞 水平控制=位置保持 类型掩码=3520 实际位置NED=(0.054,1.636,-0.241) 实际速度=(-0.000,-0.001,0.003) 最终目标=(0.056,1.599,-0.245) 指令位置=(0.056,1.599,nan) 指令速度=(0.000,0.000,0.000) 指令加速度=(0.000,0.000,nan) 滚转角=0.04度 俯仰角=-0.02度
10:06:47.986297 [轨迹] 序号=1776 单调时间=4822.765106 时间=4822.765 模式=OFFBOARD 起飞状态=未执行起飞 水平控制=位置保持 类型掩码=3520 实际位置NED=(0.054,1.636,-0.241) 实际速度=(-0.000,-0.001,0.003) 最终目标=(0.056,1.599,-0.245) 指令位置=(0.056,1.599,nan) 指令速度=(0.000,0.000,0.000) 指令加速度=(0.000,0.000,nan) 滚转角=0.05度 俯仰角=-0.02度
10:06:48.090297 [轨迹] 序号=1777 单调时间=4822.869872 时间=4822.870 模式=OFFBOARD 起飞状态=未执行起飞 水平控制=位置保持 类型掩码=3520 实际位置NED=(0.053,1.636,-0.241) 实际速度=(-0.000,-0.000,0.003) 最终目标=(0.056,1.599,-0.245) 指令位置=(0.056,1.599,nan) 指令速度=(0.000,0.000,0.000) 指令加速度=(0.000,0.000,nan) 滚转角=0.05度 俯仰角=-0.02度
10:06:48.193791 [轨迹] 序号=1778 单调时间=4822.973686 时间=4822.974 模式=OFFBOARD 起飞状态=未执行起飞 水平控制=位置保持 类型掩码=3520 实际位置NED=(0.053,1.636,-0.241) 实际速度=(-0.000,-0.000,0.003) 最终目标=(0.056,1.599,-0.245) 指令位置=(0.056,1.599,nan) 指令速度=(0.000,0.000,0.000) 指令加速度=(0.000,0.000,nan) 滚转角=0.05度 俯仰角=-0.02度
10:06:48.296918 [轨迹] 序号=1779 单调时间=4823.076704 时间=4823.077 模式=OFFBOARD 起飞状态=未执行起飞 水平控制=位置保持 类型掩码=3520 实际位置NED=(0.053,1.636,-0.241) 实际速度=(-0.000,-0.000,0.003) 最终目标=(0.056,1.599,-0.245) 指令位置=(0.056,1.599,nan) 指令速度=(0.000,0.000,0.000) 指令加速度=(0.000,0.000,nan) 滚转角=0.05度 俯仰角=-0.02度
10:06:48.400587 [轨迹] 序号=1780 单调时间=4823.179981 时间=4823.180 模式=OFFBOARD 起飞状态=未执行起飞 水平控制=位置保持 类型掩码=3520 实际位置NED=(0.053,1.636,-0.241) 实际速度=(0.000,-0.000,0.003) 最终目标=(0.056,1.599,-0.245) 指令位置=(0.056,1.599,nan) 指令速度=(0.000,0.000,0.000) 指令加速度=(0.000,0.000,nan) 滚转角=0.04度 俯仰角=-0.02度
10:06:48.503993 [轨迹] 序号=1781 单调时间=4823.283792 时间=4823.284 模式=OFFBOARD 起飞状态=未执行起飞 水平控制=位置保持 类型掩码=3520 实际位置NED=(0.053,1.636,-0.241) 实际速度=(0.000,-0.000,0.003) 最终目标=(0.056,1.599,-0.245) 指令位置=(0.056,1.599,nan) 指令速度=(0.000,0.000,0.000) 指令加速度=(0.000,0.000,nan) 滚转角=0.05度 俯仰角=-0.02度
10:06:48.608117 [轨迹] 序号=1782 单调时间=4823.387837 时间=4823.388 模式=OFFBOARD 起飞状态=未执行起飞 水平控制=位置保持 类型掩码=3520 实际位置NED=(0.053,1.636,-0.241) 实际速度=(-0.000,-0.000,0.003) 最终目标=(0.056,1.599,-0.245) 指令位置=(0.056,1.599,nan) 指令速度=(0.000,0.000,0.000) 指令加速度=(0.000,0.000,nan) 滚转角=0.05度 俯仰角=-0.02度
10:06:48.711949 [轨迹] 序号=1783 单调时间=4823.491551 时间=4823.492 模式=OFFBOARD 起飞状态=未执行起飞 水平控制=位置保持 类型掩码=3520 实际位置NED=(0.053,1.636,-0.241) 实际速度=(-0.000,-0.000,0.002) 最终目标=(0.056,1.599,-0.245) 指令位置=(0.056,1.599,nan) 指令速度=(0.000,0.000,0.000) 指令加速度=(0.000,0.000,nan) 滚转角=0.05度 俯仰角=-0.02度
10:06:48.814759 [轨迹] 序号=1784 单调时间=4823.594776 时间=4823.595 模式=OFFBOARD 起飞状态=未执行起飞 水平控制=位置保持 类型掩码=3520 实际位置NED=(0.053,1.636,-0.241) 实际速度=(-0.000,0.000,0.002) 最终目标=(0.056,1.599,-0.245) 指令位置=(0.056,1.599,nan) 指令速度=(0.000,0.000,0.000) 指令加速度=(0.000,0.000,nan) 滚转角=0.05度 俯仰角=-0.02度
10:06:48.918082 [轨迹] 序号=1785 单调时间=4823.697961 时间=4823.698 模式=OFFBOARD 起飞状态=未执行起飞 水平控制=位置保持 类型掩码=3520 实际位置NED=(0.053,1.636,-0.241) 实际速度=(-0.000,0.000,0.002) 最终目标=(0.056,1.599,-0.245) 指令位置=(0.056,1.599,nan) 指令速度=(0.000,0.000,0.000) 指令加速度=(0.000,0.000,nan) 滚转角=0.05度 俯仰角=-0.02度
10:06:49.020819 [轨迹] 序号=1786 单调时间=4823.800728 时间=4823.801 模式=OFFBOARD 起飞状态=未执行起飞 水平控制=位置保持 类型掩码=3520 实际位置NED=(0.053,1.636,-0.242) 实际速度=(-0.000,0.000,0.002) 最终目标=(0.056,1.599,-0.245) 指令位置=(0.056,1.599,nan) 指令速度=(0.000,0.000,0.000) 指令加速度=(0.000,0.000,nan) 滚转角=0.05度 俯仰角=-0.02度
10:06:49.124932 [轨迹] 序号=1787 单调时间=4823.904776 时间=4823.905 模式=OFFBOARD 起飞状态=未执行起飞 水平控制=位置保持 类型掩码=3520 实际位置NED=(0.053,1.636,-0.242) 实际速度=(-0.000,0.000,0.002) 最终目标=(0.056,1.599,-0.245) 指令位置=(0.056,1.599,nan) 指令速度=(0.000,0.000,0.000) 指令加速度=(0.000,0.000,nan) 滚转角=0.05度 俯仰角=-0.02度
10:06:49.228739 [轨迹] 序号=1788 单调时间=4824.008340 时间=4824.008 模式=OFFBOARD 起飞状态=未执行起飞 水平控制=位置保持 类型掩码=3520 实际位置NED=(0.053,1.636,-0.242) 实际速度=(0.000,0.000,0.002) 最终目标=(0.056,1.599,-0.245) 指令位置=(0.056,1.599,nan) 指令速度=(0.000,0.000,0.000) 指令加速度=(0.000,0.000,nan) 滚转角=0.05度 俯仰角=-0.02度
10:06:49.332638 [轨迹] 序号=1789 单调时间=4824.112744 时间=4824.113 模式=OFFBOARD 起飞状态=未执行起飞 水平控制=位置保持 类型掩码=3520 实际位置NED=(0.053,1.636,-0.242) 实际速度=(0.000,0.000,0.002) 最终目标=(0.056,1.599,-0.245) 指令位置=(0.056,1.599,nan) 指令速度=(0.000,0.000,0.000) 指令加速度=(0.000,0.000,nan) 滚转角=0.05度 俯仰角=-0.02度
10:06:49.435611 [轨迹] 序号=1790 单调时间=4824.215445 时间=4824.215 模式=OFFBOARD 起飞状态=未执行起飞 水平控制=位置保持 类型掩码=3520 实际位置NED=(0.053,1.636,-0.242) 实际速度=(0.000,0.000,0.002) 最终目标=(0.056,1.599,-0.245) 指令位置=(0.056,1.599,nan) 指令速度=(0.000,0.000,0.000) 指令加速度=(0.000,0.000,nan) 滚转角=0.05度 俯仰角=-0.02度
10:06:49.539498 [轨迹] 序号=1791 单调时间=4824.319266 时间=4824.319 模式=OFFBOARD 起飞状态=未执行起飞 水平控制=位置保持 类型掩码=3520 实际位置NED=(0.053,1.636,-0.242) 实际速度=(-0.000,0.000,0.002) 最终目标=(0.056,1.599,-0.245) 指令位置=(0.056,1.599,nan) 指令速度=(0.000,0.000,0.000) 指令加速度=(0.000,0.000,nan) 滚转角=0.04度 俯仰角=-0.02度
10:06:49.643040 [轨迹] 序号=1792 单调时间=4824.422899 时间=4824.423 模式=OFFBOARD 起飞状态=未执行起飞 水平控制=位置保持 类型掩码=3520 实际位置NED=(0.053,1.636,-0.242) 实际速度=(0.000,0.000,0.002) 最终目标=(0.056,1.599,-0.245) 指令位置=(0.056,1.599,nan) 指令速度=(0.000,0.000,0.000) 指令加速度=(0.000,0.000,nan) 滚转角=0.04度 俯仰角=-0.02度
10:06:49.746209 [轨迹] 序号=1793 单调时间=4824.526205 时间=4824.526 模式=OFFBOARD 起飞状态=未执行起飞 水平控制=位置保持 类型掩码=3520 实际位置NED=(0.053,1.636,-0.242) 实际速度=(-0.000,-0.000,0.002) 最终目标=(0.056,1.599,-0.245) 指令位置=(0.056,1.599,nan) 指令速度=(0.000,0.000,0.000) 指令加速度=(0.000,0.000,nan) 滚转角=0.04度 俯仰角=-0.02度
10:06:49.849648 [轨迹] 序号=1794 单调时间=4824.629482 时间=4824.629 模式=OFFBOARD 起飞状态=未执行起飞 水平控制=位置保持 类型掩码=3520 实际位置NED=(0.053,1.636,-0.242) 实际速度=(-0.000,-0.000,0.002) 最终目标=(0.056,1.599,-0.245) 指令位置=(0.056,1.599,nan) 指令速度=(0.000,0.000,0.000) 指令加速度=(0.000,0.000,nan) 滚转角=0.04度 俯仰角=-0.02度
10:06:49.952824 [轨迹] 序号=1795 单调时间=4824.732591 时间=4824.733 模式=OFFBOARD 起飞状态=未执行起飞 水平控制=位置保持 类型掩码=3520 实际位置NED=(0.053,1.637,-0.242) 实际速度=(-0.000,-0.000,0.001) 最终目标=(0.056,1.599,-0.245) 指令位置=(0.056,1.599,nan) 指令速度=(0.000,0.000,0.000) 指令加速度=(0.000,0.000,nan) 滚转角=0.04度 俯仰角=-0.02度
10:06:50.056005 [轨迹] 序号=1796 单调时间=4824.835864 时间=4824.836 模式=OFFBOARD 起飞状态=未执行起飞 水平控制=位置保持 类型掩码=3520 实际位置NED=(0.053,1.637,-0.242) 实际速度=(-0.000,-0.000,0.001) 最终目标=(0.056,1.599,-0.245) 指令位置=(0.056,1.599,nan) 指令速度=(0.000,0.000,0.000) 指令加速度=(0.000,0.000,nan) 滚转角=0.04度 俯仰角=-0.02度
10:06:50.159322 [轨迹] 序号=1797 单调时间=4824.939024 时间=4824.939 模式=OFFBOARD 起飞状态=未执行起飞 水平控制=位置保持 类型掩码=3520 实际位置NED=(0.053,1.637,-0.242) 实际速度=(0.000,-0.000,0.001) 最终目标=(0.056,1.599,-0.245) 指令位置=(0.056,1.599,nan) 指令速度=(0.000,0.000,0.000) 指令加速度=(0.000,0.000,nan) 滚转角=0.04度 俯仰角=-0.02度
10:06:50.262531 [轨迹] 序号=1798 单调时间=4825.042306 时间=4825.042 模式=OFFBOARD 起飞状态=未执行起飞 水平控制=位置保持 类型掩码=3520 实际位置NED=(0.053,1.637,-0.243) 实际速度=(-0.000,-0.000,0.001) 最终目标=(0.056,1.599,-0.245) 指令位置=(0.056,1.599,nan) 指令速度=(0.000,0.000,0.000) 指令加速度=(0.000,0.000,nan) 滚转角=0.04度 俯仰角=-0.02度
10:06:50.363346 [轨迹] 序号=1799 单调时间=4825.143076 时间=4825.143 模式=OFFBOARD 起飞状态=未执行起飞 水平控制=位置保持 类型掩码=3520 实际位置NED=(0.053,1.637,-0.243) 实际速度=(-0.000,0.000,0.001) 最终目标=(0.056,1.599,-0.245) 指令位置=(0.056,1.599,nan) 指令速度=(0.000,0.000,0.000) 指令加速度=(0.000,0.000,nan) 滚转角=0.04度 俯仰角=-0.02度
10:06:50.467447 [轨迹] 序号=1800 单调时间=4825.247509 时间=4825.248 模式=OFFBOARD 起飞状态=未执行起飞 水平控制=位置保持 类型掩码=3520 实际位置NED=(0.053,1.637,-0.243) 实际速度=(-0.000,-0.000,0.001) 最终目标=(0.056,1.599,-0.245) 指令位置=(0.056,1.599,nan) 指令速度=(0.000,0.000,0.000) 指令加速度=(0.000,0.000,nan) 滚转角=0.04度 俯仰角=-0.02度
10:06:50.568310 [轨迹] 序号=1801 单调时间=4825.348267 时间=4825.348 模式=OFFBOARD 起飞状态=未执行起飞 水平控制=位置保持 类型掩码=3520 实际位置NED=(0.052,1.637,-0.243) 实际速度=(-0.000,0.000,0.001) 最终目标=(0.056,1.599,-0.245) 指令位置=(0.056,1.599,nan) 指令速度=(0.000,0.000,0.000) 指令加速度=(0.000,0.000,nan) 滚转角=0.05度 俯仰角=-0.02度
10:06:50.672826 [轨迹] 序号=1802 单调时间=4825.452715 时间=4825.453 模式=OFFBOARD 起飞状态=未执行起飞 水平控制=位置保持 类型掩码=3520 实际位置NED=(0.052,1.637,-0.243) 实际速度=(-0.000,0.000,0.001) 最终目标=(0.056,1.599,-0.245) 指令位置=(0.056,1.599,nan) 指令速度=(0.000,0.000,0.000) 指令加速度=(0.000,0.000,nan) 滚转角=0.04度 俯仰角=-0.02度
10:06:50.774992 [轨迹] 序号=1803 单调时间=4825.554915 时间=4825.555 模式=OFFBOARD 起飞状态=未执行起飞 水平控制=位置保持 类型掩码=3520 实际位置NED=(0.052,1.637,-0.243) 实际速度=(-0.000,-0.000,0.001) 最终目标=(0.056,1.599,-0.245) 指令位置=(0.056,1.599,nan) 指令速度=(0.000,0.000,0.000) 指令加速度=(0.000,0.000,nan) 滚转角=0.04度 俯仰角=-0.02度
10:06:50.878343 [轨迹] 序号=1804 单调时间=4825.658365 时间=4825.658 模式=OFFBOARD 起飞状态=未执行起飞 水平控制=位置保持 类型掩码=3520 实际位置NED=(0.052,1.637,-0.243) 实际速度=(-0.000,-0.000,0.001) 最终目标=(0.056,1.599,-0.245) 指令位置=(0.056,1.599,nan) 指令速度=(0.000,0.000,0.000) 指令加速度=(0.000,0.000,nan) 滚转角=0.04度 俯仰角=-0.02度
10:06:50.979973 [轨迹] 序号=1805 单调时间=4825.759897 时间=4825.760 模式=OFFBOARD 起飞状态=未执行起飞 水平控制=位置保持 类型掩码=3520 实际位置NED=(0.052,1.637,-0.243) 实际速度=(-0.000,-0.000,0.001) 最终目标=(0.056,1.599,-0.245) 指令位置=(0.056,1.599,nan) 指令速度=(0.000,0.000,0.000) 指令加速度=(0.000,0.000,nan) 滚转角=0.04度 俯仰角=-0.02度
10:06:51.083117 [轨迹] 序号=1806 单调时间=4825.862942 时间=4825.863 模式=OFFBOARD 起飞状态=未执行起飞 水平控制=位置保持 类型掩码=3520 实际位置NED=(0.052,1.637,-0.243) 实际速度=(-0.000,-0.000,0.001) 最终目标=(0.056,1.599,-0.245) 指令位置=(0.056,1.599,nan) 指令速度=(0.000,0.000,0.000) 指令加速度=(0.000,0.000,nan) 滚转角=0.04度 俯仰角=-0.02度
10:06:51.186065 [轨迹] 序号=1807 单调时间=4825.966153 时间=4825.966 模式=OFFBOARD 起飞状态=未执行起飞 水平控制=位置保持 类型掩码=3520 实际位置NED=(0.052,1.637,-0.243) 实际速度=(-0.000,-0.000,0.001) 最终目标=(0.056,1.599,-0.245) 指令位置=(0.056,1.599,nan) 指令速度=(0.000,0.000,0.000) 指令加速度=(0.000,0.000,nan) 滚转角=0.04度 俯仰角=-0.02度
10:06:51.289396 [轨迹] 序号=1808 单调时间=4826.069398 时间=4826.069 模式=OFFBOARD 起飞状态=未执行起飞 水平控制=位置保持 类型掩码=3520 实际位置NED=(0.052,1.637,-0.243) 实际速度=(-0.000,-0.000,0.002) 最终目标=(0.056,1.599,-0.245) 指令位置=(0.056,1.599,nan) 指令速度=(0.000,0.000,0.000) 指令加速度=(0.000,0.000,nan) 滚转角=0.04度 俯仰角=-0.02度
10:06:51.389827 [轨迹] 序号=1809 单调时间=4826.169859 时间=4826.170 模式=OFFBOARD 起飞状态=未执行起飞 水平控制=位置保持 类型掩码=3520 实际位置NED=(0.052,1.637,-0.243) 实际速度=(0.000,-0.000,0.002) 最终目标=(0.056,1.599,-0.245) 指令位置=(0.056,1.599,nan) 指令速度=(0.000,0.000,0.000) 指令加速度=(0.000,0.000,nan) 滚转角=0.04度 俯仰角=-0.02度
10:06:51.492808 [轨迹] 序号=1810 单调时间=4826.272764 时间=4826.273 模式=OFFBOARD 起飞状态=未执行起飞 水平控制=位置保持 类型掩码=3520 实际位置NED=(0.052,1.637,-0.243) 实际速度=(-0.000,-0.000,0.002) 最终目标=(0.056,1.599,-0.245) 指令位置=(0.056,1.599,nan) 指令速度=(0.000,0.000,0.000) 指令加速度=(0.000,0.000,nan) 滚转角=0.04度 俯仰角=-0.02度
10:06:51.596575 [轨迹] 序号=1811 单调时间=4826.376344 时间=4826.376 模式=OFFBOARD 起飞状态=未执行起飞 水平控制=位置保持 类型掩码=3520 实际位置NED=(0.052,1.637,-0.243) 实际速度=(0.000,-0.001,0.002) 最终目标=(0.056,1.599,-0.245) 指令位置=(0.056,1.599,nan) 指令速度=(0.000,0.000,0.000) 指令加速度=(0.000,0.000,nan) 滚转角=0.04度 俯仰角=-0.02度
10:06:51.700225 [轨迹] 序号=1812 单调时间=4826.480209 时间=4826.480 模式=OFFBOARD 起飞状态=未执行起飞 水平控制=位置保持 类型掩码=3520 实际位置NED=(0.052,1.637,-0.243) 实际速度=(0.000,-0.001,0.002) 最终目标=(0.056,1.599,-0.245) 指令位置=(0.056,1.599,nan) 指令速度=(0.000,0.000,0.000) 指令加速度=(0.000,0.000,nan) 滚转角=0.04度 俯仰角=-0.01度
10:06:51.803807 [轨迹] 序号=1813 单调时间=4826.583086 时间=4826.583 模式=OFFBOARD 起飞状态=未执行起飞 水平控制=位置保持 类型掩码=3520 实际位置NED=(0.052,1.637,-0.243) 实际速度=(0.000,-0.001,0.002) 最终目标=(0.056,1.599,-0.245) 指令位置=(0.056,1.599,nan) 指令速度=(0.000,0.000,0.000) 指令加速度=(0.000,0.000,nan) 滚转角=0.04度 俯仰角=-0.01度
10:06:51.907246 [轨迹] 序号=1814 单调时间=4826.687200 时间=4826.687 模式=OFFBOARD 起飞状态=未执行起飞 水平控制=位置保持 类型掩码=3520 实际位置NED=(0.052,1.637,-0.243) 实际速度=(0.000,-0.001,0.002) 最终目标=(0.056,1.599,-0.245) 指令位置=(0.056,1.599,nan) 指令速度=(0.000,0.000,0.000) 指令加速度=(0.000,0.000,nan) 滚转角=0.04度 俯仰角=-0.01度
10:06:52.010506 [轨迹] 序号=1815 单调时间=4826.790359 时间=4826.790 模式=OFFBOARD 起飞状态=未执行起飞 水平控制=位置保持 类型掩码=3520 实际位置NED=(0.052,1.636,-0.243) 实际速度=(0.000,-0.001,0.002) 最终目标=(0.056,1.599,-0.245) 指令位置=(0.056,1.599,nan) 指令速度=(0.000,0.000,0.000) 指令加速度=(0.000,0.000,nan) 滚转角=0.04度 俯仰角=-0.01度
10:06:52.114217 [轨迹] 序号=1816 单调时间=4826.893934 时间=4826.894 模式=OFFBOARD 起飞状态=未执行起飞 水平控制=位置保持 类型掩码=3520 实际位置NED=(0.052,1.636,-0.243) 实际速度=(0.000,-0.001,0.002) 最终目标=(0.056,1.599,-0.245) 指令位置=(0.056,1.599,nan) 指令速度=(0.000,0.000,0.000) 指令加速度=(0.000,0.000,nan) 滚转角=0.04度 俯仰角=-0.02度
10:06:52.217345 [轨迹] 序号=1817 单调时间=4826.997249 时间=4826.997 模式=OFFBOARD 起飞状态=未执行起飞 水平控制=位置保持 类型掩码=3520 实际位置NED=(0.052,1.636,-0.243) 实际速度=(0.000,-0.001,0.001) 最终目标=(0.056,1.599,-0.245) 指令位置=(0.056,1.599,nan) 指令速度=(0.000,0.000,0.000) 指令加速度=(0.000,0.000,nan) 滚转角=0.04度 俯仰角=-0.02度
10:06:52.321079 [轨迹] 序号=1818 单调时间=4827.100935 时间=4827.101 模式=OFFBOARD 起飞状态=未执行起飞 水平控制=位置保持 类型掩码=3520 实际位置NED=(0.052,1.636,-0.243) 实际速度=(0.000,-0.001,0.002) 最终目标=(0.056,1.599,-0.245) 指令位置=(0.056,1.599,nan) 指令速度=(0.000,0.000,0.000) 指令加速度=(0.000,0.000,nan) 滚转角=0.04度 俯仰角=-0.02度
10:06:52.423898 [轨迹] 序号=1819 单调时间=4827.203785 时间=4827.204 模式=OFFBOARD 起飞状态=未执行起飞 水平控制=位置保持 类型掩码=3520 实际位置NED=(0.052,1.636,-0.243) 实际速度=(0.000,-0.001,0.002) 最终目标=(0.056,1.599,-0.245) 指令位置=(0.056,1.599,nan) 指令速度=(0.000,0.000,0.000) 指令加速度=(0.000,0.000,nan) 滚转角=0.04度 俯仰角=-0.02度
10:06:52.527396 [轨迹] 序号=1820 单调时间=4827.307136 时间=4827.307 模式=OFFBOARD 起飞状态=未执行起飞 水平控制=位置保持 类型掩码=3520 实际位置NED=(0.052,1.636,-0.243) 实际速度=(0.000,-0.001,0.002) 最终目标=(0.056,1.599,-0.245) 指令位置=(0.056,1.599,nan) 指令速度=(0.000,0.000,0.000) 指令加速度=(0.000,0.000,nan) 滚转角=0.04度 俯仰角=-0.02度
10:06:52.631384 [轨迹] 序号=1821 单调时间=4827.411216 时间=4827.411 模式=OFFBOARD 起飞状态=未执行起飞 水平控制=位置保持 类型掩码=3520 实际位置NED=(0.052,1.636,-0.243) 实际速度=(0.001,-0.001,0.002) 最终目标=(0.056,1.599,-0.245) 指令位置=(0.056,1.599,nan) 指令速度=(0.000,0.000,0.000) 指令加速度=(0.000,0.000,nan) 滚转角=0.04度 俯仰角=-0.02度
10:06:52.735060 [轨迹] 序号=1822 单调时间=4827.514922 时间=4827.515 模式=OFFBOARD 起飞状态=未执行起飞 水平控制=位置保持 类型掩码=3520 实际位置NED=(0.052,1.636,-0.243) 实际速度=(0.001,-0.001,0.002) 最终目标=(0.056,1.599,-0.245) 指令位置=(0.056,1.599,nan) 指令速度=(0.000,0.000,0.000) 指令加速度=(0.000,0.000,nan) 滚转角=0.04度 俯仰角=-0.02度
10:06:52.837844 [轨迹] 序号=1823 单调时间=4827.617805 时间=4827.618 模式=OFFBOARD 起飞状态=未执行起飞 水平控制=位置保持 类型掩码=3520 实际位置NED=(0.052,1.636,-0.243) 实际速度=(0.001,-0.001,0.002) 最终目标=(0.056,1.599,-0.245) 指令位置=(0.056,1.599,nan) 指令速度=(0.000,0.000,0.000) 指令加速度=(0.000,0.000,nan) 滚转角=0.04度 俯仰角=-0.02度
10:06:52.940815 [轨迹] 序号=1824 单调时间=4827.720672 时间=4827.721 模式=OFFBOARD 起飞状态=未执行起飞 水平控制=位置保持 类型掩码=3520 实际位置NED=(0.052,1.636,-0.243) 实际速度=(0.001,-0.001,0.002) 最终目标=(0.056,1.599,-0.245) 指令位置=(0.056,1.599,nan) 指令速度=(0.000,0.000,0.000) 指令加速度=(0.000,0.000,nan) 滚转角=0.04度 俯仰角=-0.02度
10:06:53.043830 [轨迹] 序号=1825 单调时间=4827.823823 时间=4827.824 模式=OFFBOARD 起飞状态=未执行起飞 水平控制=位置保持 类型掩码=3520 实际位置NED=(0.052,1.636,-0.243) 实际速度=(0.001,-0.000,0.002) 最终目标=(0.056,1.599,-0.245) 指令位置=(0.056,1.599,nan) 指令速度=(0.000,0.000,0.000) 指令加速度=(0.000,0.000,nan) 滚转角=0.04度 俯仰角=-0.02度
10:06:53.147705 [轨迹] 序号=1826 单调时间=4827.927589 时间=4827.928 模式=OFFBOARD 起飞状态=未执行起飞 水平控制=位置保持 类型掩码=3520 实际位置NED=(0.052,1.636,-0.243) 实际速度=(0.001,-0.000,0.002) 最终目标=(0.056,1.599,-0.245) 指令位置=(0.056,1.599,nan) 指令速度=(0.000,0.000,0.000) 指令加速度=(0.000,0.000,nan) 滚转角=0.04度 俯仰角=-0.02度
10:06:53.250687 [轨迹] 序号=1827 单调时间=4828.030479 时间=4828.030 模式=OFFBOARD 起飞状态=未执行起飞 水平控制=位置保持 类型掩码=3520 实际位置NED=(0.052,1.636,-0.243) 实际速度=(0.001,-0.000,0.002) 最终目标=(0.056,1.599,-0.245) 指令位置=(0.056,1.599,nan) 指令速度=(0.000,0.000,0.000) 指令加速度=(0.000,0.000,nan) 滚转角=0.04度 俯仰角=-0.02度
10:06:53.353721 [轨迹] 序号=1828 单调时间=4828.133717 时间=4828.134 模式=OFFBOARD 起飞状态=未执行起飞 水平控制=位置保持 类型掩码=3520 实际位置NED=(0.052,1.636,-0.243) 实际速度=(0.001,-0.001,0.001) 最终目标=(0.056,1.599,-0.245) 指令位置=(0.056,1.599,nan) 指令速度=(0.000,0.000,0.000) 指令加速度=(0.000,0.000,nan) 滚转角=0.04度 俯仰角=-0.02度
10:06:53.457135 [轨迹] 序号=1829 单调时间=4828.236978 时间=4828.237 模式=OFFBOARD 起飞状态=未执行起飞 水平控制=位置保持 类型掩码=3520 实际位置NED=(0.052,1.636,-0.243) 实际速度=(0.001,-0.001,0.001) 最终目标=(0.056,1.599,-0.245) 指令位置=(0.056,1.599,nan) 指令速度=(0.000,0.000,0.000) 指令加速度=(0.000,0.000,nan) 滚转角=0.04度 俯仰角=-0.02度
10:06:53.560196 [轨迹] 序号=1830 单调时间=4828.339984 时间=4828.340 模式=OFFBOARD 起飞状态=未执行起飞 水平控制=位置保持 类型掩码=3520 实际位置NED=(0.052,1.636,-0.243) 实际速度=(0.001,-0.001,0.002) 最终目标=(0.056,1.599,-0.245) 指令位置=(0.056,1.599,nan) 指令速度=(0.000,0.000,0.000) 指令加速度=(0.000,0.000,nan) 滚转角=0.04度 俯仰角=-0.02度
10:06:53.664713 [轨迹] 序号=1831 单调时间=4828.444617 时间=4828.445 模式=OFFBOARD 起飞状态=未执行起飞 水平控制=位置保持 类型掩码=3520 实际位置NED=(0.052,1.636,-0.243) 实际速度=(0.001,-0.000,0.002) 最终目标=(0.056,1.599,-0.245) 指令位置=(0.056,1.599,nan) 指令速度=(0.000,0.000,0.000) 指令加速度=(0.000,0.000,nan) 滚转角=0.04度 俯仰角=-0.02度
10:06:53.767811 [轨迹] 序号=1832 单调时间=4828.547689 时间=4828.548 模式=OFFBOARD 起飞状态=未执行起飞 水平控制=位置保持 类型掩码=3520 实际位置NED=(0.052,1.636,-0.243) 实际速度=(0.001,-0.000,0.001) 最终目标=(0.056,1.599,-0.245) 指令位置=(0.056,1.599,nan) 指令速度=(0.000,0.000,0.000) 指令加速度=(0.000,0.000,nan) 滚转角=0.04度 俯仰角=-0.02度
10:06:53.869455 [轨迹] 序号=1833 单调时间=4828.649297 时间=4828.649 模式=OFFBOARD 起飞状态=未执行起飞 水平控制=位置保持 类型掩码=3520 实际位置NED=(0.052,1.636,-0.243) 实际速度=(0.001,-0.000,0.001) 最终目标=(0.056,1.599,-0.245) 指令位置=(0.056,1.599,nan) 指令速度=(0.000,0.000,0.000) 指令加速度=(0.000,0.000,nan) 滚转角=0.04度 俯仰角=-0.02度
10:06:53.973157 [轨迹] 序号=1834 单调时间=4828.752899 时间=4828.753 模式=OFFBOARD 起飞状态=未执行起飞 水平控制=位置保持 类型掩码=3520 实际位置NED=(0.052,1.636,-0.243) 实际速度=(0.001,-0.000,0.001) 最终目标=(0.056,1.599,-0.245) 指令位置=(0.056,1.599,nan) 指令速度=(0.000,0.000,0.000) 指令加速度=(0.000,0.000,nan) 滚转角=0.04度 俯仰角=-0.02度
10:06:54.076410 [轨迹] 序号=1835 单调时间=4828.856314 时间=4828.856 模式=OFFBOARD 起飞状态=未执行起飞 水平控制=位置保持 类型掩码=3520 实际位置NED=(0.052,1.636,-0.243) 实际速度=(0.001,-0.000,0.001) 最终目标=(0.056,1.599,-0.245) 指令位置=(0.056,1.599,nan) 指令速度=(0.000,0.000,0.000) 指令加速度=(0.000,0.000,nan) 滚转角=0.04度 俯仰角=-0.02度
10:06:54.176897 [轨迹] 序号=1836 单调时间=4828.956872 时间=4828.957 模式=OFFBOARD 起飞状态=未执行起飞 水平控制=位置保持 类型掩码=3520 实际位置NED=(0.052,1.636,-0.243) 实际速度=(0.001,-0.000,0.001) 最终目标=(0.056,1.599,-0.245) 指令位置=(0.056,1.599,nan) 指令速度=(0.000,0.000,0.000) 指令加速度=(0.000,0.000,nan) 滚转角=0.04度 俯仰角=-0.02度
10:06:54.280415 [轨迹] 序号=1837 单调时间=4829.060490 时间=4829.060 模式=OFFBOARD 起飞状态=未执行起飞 水平控制=位置保持 类型掩码=3520 实际位置NED=(0.052,1.637,-0.243) 实际速度=(0.001,-0.000,0.001) 最终目标=(0.056,1.599,-0.245) 指令位置=(0.056,1.599,nan) 指令速度=(0.000,0.000,0.000) 指令加速度=(0.000,0.000,nan) 滚转角=0.04度 俯仰角=-0.02度
10:06:54.383424 [轨迹] 序号=1838 单调时间=4829.163419 时间=4829.163 模式=OFFBOARD 起飞状态=未执行起飞 水平控制=位置保持 类型掩码=3520 实际位置NED=(0.052,1.637,-0.243) 实际速度=(0.001,-0.000,0.001) 最终目标=(0.056,1.599,-0.245) 指令位置=(0.056,1.599,nan) 指令速度=(0.000,0.000,0.000) 指令加速度=(0.000,0.000,nan) 滚转角=0.04度 俯仰角=-0.02度
10:06:54.486659 [轨迹] 序号=1839 单调时间=4829.266494 时间=4829.266 模式=OFFBOARD 起飞状态=未执行起飞 水平控制=位置保持 类型掩码=3520 实际位置NED=(0.052,1.637,-0.243) 实际速度=(0.001,-0.000,0.001) 最终目标=(0.056,1.599,-0.245) 指令位置=(0.056,1.599,nan) 指令速度=(0.000,0.000,0.000) 指令加速度=(0.000,0.000,nan) 滚转角=0.04度 俯仰角=-0.01度
10:06:54.590043 [轨迹] 序号=1840 单调时间=4829.370021 时间=4829.370 模式=OFFBOARD 起飞状态=未执行起飞 水平控制=位置保持 类型掩码=3520 实际位置NED=(0.052,1.637,-0.244) 实际速度=(0.000,-0.000,0.001) 最终目标=(0.056,1.599,-0.245) 指令位置=(0.056,1.599,nan) 指令速度=(0.000,0.000,0.000) 指令加速度=(0.000,0.000,nan) 滚转角=0.04度 俯仰角=-0.01度
10:06:54.693451 [轨迹] 序号=1841 单调时间=4829.473305 时间=4829.473 模式=OFFBOARD 起飞状态=未执行起飞 水平控制=位置保持 类型掩码=3520 实际位置NED=(0.052,1.637,-0.244) 实际速度=(0.000,-0.000,0.001) 最终目标=(0.056,1.599,-0.245) 指令位置=(0.056,1.599,nan) 指令速度=(0.000,0.000,0.000) 指令加速度=(0.000,0.000,nan) 滚转角=0.04度 俯仰角=-0.01度
10:06:54.796890 [轨迹] 序号=1842 单调时间=4829.577025 时间=4829.577 模式=OFFBOARD 起飞状态=未执行起飞 水平控制=位置保持 类型掩码=3520 实际位置NED=(0.052,1.637,-0.244) 实际速度=(0.000,-0.000,0.001) 最终目标=(0.056,1.599,-0.245) 指令位置=(0.056,1.599,nan) 指令速度=(0.000,0.000,0.000) 指令加速度=(0.000,0.000,nan) 滚转角=0.04度 俯仰角=-0.01度
10:06:54.900156 [轨迹] 序号=1843 单调时间=4829.679968 时间=4829.680 模式=OFFBOARD 起飞状态=未执行起飞 水平控制=位置保持 类型掩码=3520 实际位置NED=(0.052,1.637,-0.244) 实际速度=(0.000,-0.000,0.001) 最终目标=(0.056,1.599,-0.245) 指令位置=(0.056,1.599,nan) 指令速度=(0.000,0.000,0.000) 指令加速度=(0.000,0.000,nan) 滚转角=0.04度 俯仰角=-0.01度
10:06:55.002987 [轨迹] 序号=1844 单调时间=4829.782984 时间=4829.783 模式=OFFBOARD 起飞状态=未执行起飞 水平控制=位置保持 类型掩码=3520 实际位置NED=(0.051,1.637,-0.244) 实际速度=(0.000,-0.000,0.001) 最终目标=(0.056,1.599,-0.245) 指令位置=(0.056,1.599,nan) 指令速度=(0.000,0.000,0.000) 指令加速度=(0.000,0.000,nan) 滚转角=0.04度 俯仰角=-0.01度
10:06:55.107747 [轨迹] 序号=1845 单调时间=4829.887728 时间=4829.888 模式=OFFBOARD 起飞状态=未执行起飞 水平控制=位置保持 类型掩码=3520 实际位置NED=(0.051,1.637,-0.244) 实际速度=(0.000,0.000,0.001) 最终目标=(0.056,1.599,-0.245) 指令位置=(0.056,1.599,nan) 指令速度=(0.000,0.000,0.000) 指令加速度=(0.000,0.000,nan) 滚转角=0.04度 俯仰角=-0.01度
10:06:55.210960 [轨迹] 序号=1846 单调时间=4829.990821 时间=4829.991 模式=OFFBOARD 起飞状态=未执行起飞 水平控制=位置保持 类型掩码=3520 实际位置NED=(0.051,1.637,-0.244) 实际速度=(0.000,-0.000,0.000) 最终目标=(0.056,1.599,-0.245) 指令位置=(0.056,1.599,nan) 指令速度=(0.000,0.000,0.000) 指令加速度=(0.000,0.000,nan) 滚转角=0.04度 俯仰角=-0.01度
10:06:55.313899 [轨迹] 序号=1847 单调时间=4830.093793 时间=4830.094 模式=OFFBOARD 起飞状态=未执行起飞 水平控制=位置保持 类型掩码=3520 实际位置NED=(0.051,1.637,-0.244) 实际速度=(0.000,-0.000,0.000) 最终目标=(0.056,1.599,-0.245) 指令位置=(0.056,1.599,nan) 指令速度=(0.000,0.000,0.000) 指令加速度=(0.000,0.000,nan) 滚转角=0.04度 俯仰角=-0.01度
10:06:55.417218 [轨迹] 序号=1848 单调时间=4830.197179 时间=4830.197 模式=OFFBOARD 起飞状态=未执行起飞 水平控制=位置保持 类型掩码=3520 实际位置NED=(0.051,1.637,-0.244) 实际速度=(0.000,-0.000,0.001) 最终目标=(0.056,1.599,-0.245) 指令位置=(0.056,1.599,nan) 指令速度=(0.000,0.000,0.000) 指令加速度=(0.000,0.000,nan) 滚转角=0.04度 俯仰角=-0.01度
10:06:55.519284 [轨迹] 序号=1849 单调时间=4830.299387 时间=4830.299 模式=OFFBOARD 起飞状态=未执行起飞 水平控制=位置保持 类型掩码=3520 实际位置NED=(0.051,1.637,-0.244) 实际速度=(0.000,-0.000,0.001) 最终目标=(0.056,1.599,-0.245) 指令位置=(0.056,1.599,nan) 指令速度=(0.000,0.000,0.000) 指令加速度=(0.000,0.000,nan) 滚转角=0.04度 俯仰角=-0.01度
10:06:55.620529 [轨迹] 序号=1850 单调时间=4830.400643 时间=4830.401 模式=OFFBOARD 起飞状态=未执行起飞 水平控制=位置保持 类型掩码=3520 实际位置NED=(0.051,1.637,-0.244) 实际速度=(0.000,-0.000,0.001) 最终目标=(0.056,1.599,-0.245) 指令位置=(0.056,1.599,nan) 指令速度=(0.000,0.000,0.000) 指令加速度=(0.000,0.000,nan) 滚转角=0.04度 俯仰角=-0.01度
10:06:55.724619 [轨迹] 序号=1851 单调时间=4830.504652 时间=4830.505 模式=OFFBOARD 起飞状态=未执行起飞 水平控制=位置保持 类型掩码=3520 实际位置NED=(0.051,1.637,-0.244) 实际速度=(0.000,-0.000,0.001) 最终目标=(0.056,1.599,-0.245) 指令位置=(0.056,1.599,nan) 指令速度=(0.000,0.000,0.000) 指令加速度=(0.000,0.000,nan) 滚转角=0.04度 俯仰角=-0.01度
10:06:55.826221 [轨迹] 序号=1852 单调时间=4830.606186 时间=4830.606 模式=OFFBOARD 起飞状态=未执行起飞 水平控制=位置保持 类型掩码=3520 实际位置NED=(0.051,1.637,-0.244) 实际速度=(0.000,-0.000,0.001) 最终目标=(0.056,1.599,-0.245) 指令位置=(0.056,1.599,nan) 指令速度=(0.000,0.000,0.000) 指令加速度=(0.000,0.000,nan) 滚转角=0.04度 俯仰角=-0.01度
10:06:55.929182 [轨迹] 序号=1853 单调时间=4830.709170 时间=4830.709 模式=OFFBOARD 起飞状态=未执行起飞 水平控制=位置保持 类型掩码=3520 实际位置NED=(0.051,1.637,-0.244) 实际速度=(-0.000,-0.000,0.001) 最终目标=(0.056,1.599,-0.245) 指令位置=(0.056,1.599,nan) 指令速度=(0.000,0.000,0.000) 指令加速度=(0.000,0.000,nan) 滚转角=0.04度 俯仰角=-0.01度
10:06:56.032495 [轨迹] 序号=1854 单调时间=4830.812396 时间=4830.812 模式=OFFBOARD 起飞状态=未执行起飞 水平控制=位置保持 类型掩码=3520 实际位置NED=(0.051,1.637,-0.244) 实际速度=(-0.000,-0.000,0.001) 最终目标=(0.056,1.599,-0.245) 指令位置=(0.056,1.599,nan) 指令速度=(0.000,0.000,0.000) 指令加速度=(0.000,0.000,nan) 滚转角=0.04度 俯仰角=-0.01度
10:06:56.135739 [轨迹] 序号=1855 单调时间=4830.915590 时间=4830.916 模式=OFFBOARD 起飞状态=未执行起飞 水平控制=位置保持 类型掩码=3520 实际位置NED=(0.051,1.637,-0.244) 实际速度=(-0.000,-0.000,0.001) 最终目标=(0.056,1.599,-0.245) 指令位置=(0.056,1.599,nan) 指令速度=(0.000,0.000,0.000) 指令加速度=(0.000,0.000,nan) 滚转角=0.04度 俯仰角=-0.01度
10:06:56.239303 [轨迹] 序号=1856 单调时间=4831.019307 时间=4831.019 模式=OFFBOARD 起飞状态=未执行起飞 水平控制=位置保持 类型掩码=3520 实际位置NED=(0.051,1.637,-0.244) 实际速度=(-0.000,-0.000,0.001) 最终目标=(0.056,1.599,-0.245) 指令位置=(0.056,1.599,nan) 指令速度=(0.000,0.000,0.000) 指令加速度=(0.000,0.000,nan) 滚转角=0.04度 俯仰角=-0.01度
10:06:56.342436 [轨迹] 序号=1857 单调时间=4831.122204 时间=4831.122 模式=OFFBOARD 起飞状态=未执行起飞 水平控制=位置保持 类型掩码=3520 实际位置NED=(0.052,1.637,-0.244) 实际速度=(-0.000,-0.000,0.001) 最终目标=(0.056,1.599,-0.245) 指令位置=(0.056,1.599,nan) 指令速度=(0.000,0.000,0.000) 指令加速度=(0.000,0.000,nan) 滚转角=0.04度 俯仰角=-0.01度
10:06:56.446336 [轨迹] 序号=1858 单调时间=4831.226202 时间=4831.226 模式=OFFBOARD 起飞状态=未执行起飞 水平控制=位置保持 类型掩码=3520 实际位置NED=(0.052,1.637,-0.244) 实际速度=(0.000,-0.001,0.001) 最终目标=(0.056,1.599,-0.245) 指令位置=(0.056,1.599,nan) 指令速度=(0.000,0.000,0.000) 指令加速度=(0.000,0.000,nan) 滚转角=0.04度 俯仰角=-0.01度
10:06:56.550516 [轨迹] 序号=1859 单调时间=4831.330119 时间=4831.330 模式=OFFBOARD 起飞状态=未执行起飞 水平控制=位置保持 类型掩码=3520 实际位置NED=(0.052,1.637,-0.244) 实际速度=(-0.000,-0.001,0.001) 最终目标=(0.056,1.599,-0.245) 指令位置=(0.056,1.599,nan) 指令速度=(0.000,0.000,0.000) 指令加速度=(0.000,0.000,nan) 滚转角=0.04度 俯仰角=-0.01度
10:06:56.653635 [轨迹] 序号=1860 单调时间=4831.433578 时间=4831.434 模式=OFFBOARD 起飞状态=未执行起飞 水平控制=位置保持 类型掩码=3520 实际位置NED=(0.052,1.637,-0.244) 实际速度=(-0.000,-0.001,0.001) 最终目标=(0.056,1.599,-0.245) 指令位置=(0.056,1.599,nan) 指令速度=(0.000,0.000,0.000) 指令加速度=(0.000,0.000,nan) 滚转角=0.04度 俯仰角=-0.01度
10:06:56.757179 [轨迹] 序号=1861 单调时间=4831.537190 时间=4831.537 模式=OFFBOARD 起飞状态=未执行起飞 水平控制=位置保持 类型掩码=3520 实际位置NED=(0.052,1.637,-0.244) 实际速度=(-0.000,-0.001,0.001) 最终目标=(0.056,1.599,-0.245) 指令位置=(0.056,1.599,nan) 指令速度=(0.000,0.000,0.000) 指令加速度=(0.000,0.000,nan) 滚转角=0.04度 俯仰角=-0.01度
10:06:56.861211 [轨迹] 序号=1862 单调时间=4831.641077 时间=4831.641 模式=OFFBOARD 起飞状态=未执行起飞 水平控制=位置保持 类型掩码=3520 实际位置NED=(0.052,1.637,-0.244) 实际速度=(-0.000,-0.000,0.001) 最终目标=(0.056,1.599,-0.245) 指令位置=(0.056,1.599,nan) 指令速度=(0.000,0.000,0.000) 指令加速度=(0.000,0.000,nan) 滚转角=0.04度 俯仰角=-0.01度
10:06:56.964550 [轨迹] 序号=1863 单调时间=4831.744383 时间=4831.744 模式=OFFBOARD 起飞状态=未执行起飞 水平控制=位置保持 类型掩码=3520 实际位置NED=(0.052,1.637,-0.244) 实际速度=(-0.000,-0.000,0.001) 最终目标=(0.056,1.599,-0.245) 指令位置=(0.056,1.599,nan) 指令速度=(0.000,0.000,0.000) 指令加速度=(0.000,0.000,nan) 滚转角=0.04度 俯仰角=-0.01度
10:06:57.072050 [轨迹] 序号=1864 单调时间=4831.847382 时间=4831.847 模式=OFFBOARD 起飞状态=未执行起飞 水平控制=位置保持 类型掩码=3520 实际位置NED=(0.052,1.637,-0.244) 实际速度=(-0.000,-0.000,0.001) 最终目标=(0.056,1.599,-0.245) 指令位置=(0.056,1.599,nan) 指令速度=(0.000,0.000,0.000) 指令加速度=(0.000,0.000,nan) 滚转角=0.04度 俯仰角=-0.01度
10:06:57.167452 [轨迹] 序号=1865 单调时间=4831.947426 时间=4831.947 模式=OFFBOARD 起飞状态=未执行起飞 水平控制=位置保持 类型掩码=3520 实际位置NED=(0.052,1.637,-0.244) 实际速度=(-0.000,-0.000,0.001) 最终目标=(0.056,1.599,-0.245) 指令位置=(0.056,1.599,nan) 指令速度=(0.000,0.000,0.000) 指令加速度=(0.000,0.000,nan) 滚转角=0.04度 俯仰角=-0.01度
10:06:57.270389 [轨迹] 序号=1866 单调时间=4832.050184 时间=4832.050 模式=OFFBOARD 起飞状态=未执行起飞 水平控制=位置保持 类型掩码=3520 实际位置NED=(0.052,1.637,-0.244) 实际速度=(-0.000,-0.000,0.001) 最终目标=(0.056,1.599,-0.245) 指令位置=(0.056,1.599,nan) 指令速度=(0.000,0.000,0.000) 指令加速度=(0.000,0.000,nan) 滚转角=0.04度 俯仰角=-0.01度
10:06:57.373720 [轨迹] 序号=1867 单调时间=4832.153369 时间=4832.153 模式=OFFBOARD 起飞状态=未执行起飞 水平控制=位置保持 类型掩码=3520 实际位置NED=(0.052,1.637,-0.244) 实际速度=(-0.000,-0.000,0.002) 最终目标=(0.056,1.599,-0.245) 指令位置=(0.056,1.599,nan) 指令速度=(0.000,0.000,0.000) 指令加速度=(0.000,0.000,nan) 滚转角=0.04度 俯仰角=-0.01度
10:06:57.476878 [轨迹] 序号=1868 单调时间=4832.256571 时间=4832.257 模式=OFFBOARD 起飞状态=未执行起飞 水平控制=位置保持 类型掩码=3520 实际位置NED=(0.052,1.637,-0.244) 实际速度=(-0.000,-0.000,0.001) 最终目标=(0.056,1.599,-0.245) 指令位置=(0.056,1.599,nan) 指令速度=(0.000,0.000,0.000) 指令加速度=(0.000,0.000,nan) 滚转角=0.04度 俯仰角=-0.01度
10:06:57.579963 [轨迹] 序号=1869 单调时间=4832.359747 时间=4832.360 模式=OFFBOARD 起飞状态=未执行起飞 水平控制=位置保持 类型掩码=3520 实际位置NED=(0.052,1.637,-0.244) 实际速度=(-0.000,-0.000,0.001) 最终目标=(0.056,1.599,-0.245) 指令位置=(0.056,1.599,nan) 指令速度=(0.000,0.000,0.000) 指令加速度=(0.000,0.000,nan) 滚转角=0.04度 俯仰角=-0.01度
10:06:57.683457 [轨迹] 序号=1870 单调时间=4832.463064 时间=4832.463 模式=OFFBOARD 起飞状态=未执行起飞 水平控制=位置保持 类型掩码=3520 实际位置NED=(0.052,1.637,-0.244) 实际速度=(-0.000,-0.000,0.002) 最终目标=(0.056,1.599,-0.245) 指令位置=(0.056,1.599,nan) 指令速度=(0.000,0.000,0.000) 指令加速度=(0.000,0.000,nan) 滚转角=0.04度 俯仰角=-0.01度
10:06:57.787134 [轨迹] 序号=1871 单调时间=4832.567049 时间=4832.567 模式=OFFBOARD 起飞状态=未执行起飞 水平控制=位置保持 类型掩码=3520 实际位置NED=(0.052,1.637,-0.244) 实际速度=(0.000,-0.000,0.002) 最终目标=(0.056,1.599,-0.245) 指令位置=(0.056,1.599,nan) 指令速度=(0.000,0.000,0.000) 指令加速度=(0.000,0.000,nan) 滚转角=0.04度 俯仰角=-0.01度
10:06:57.890271 [轨迹] 序号=1872 单调时间=4832.670124 时间=4832.670 模式=OFFBOARD 起飞状态=未执行起飞 水平控制=位置保持 类型掩码=3520 实际位置NED=(0.052,1.637,-0.244) 实际速度=(0.000,-0.000,0.002) 最终目标=(0.056,1.599,-0.245) 指令位置=(0.056,1.599,nan) 指令速度=(0.000,0.000,0.000) 指令加速度=(0.000,0.000,nan) 滚转角=0.04度 俯仰角=-0.01度
10:06:57.994413 [轨迹] 序号=1873 单调时间=4832.773772 时间=4832.774 模式=OFFBOARD 起飞状态=未执行起飞 水平控制=位置保持 类型掩码=3520 实际位置NED=(0.052,1.637,-0.244) 实际速度=(0.000,-0.000,0.002) 最终目标=(0.056,1.599,-0.245) 指令位置=(0.056,1.599,nan) 指令速度=(0.000,0.000,0.000) 指令加速度=(0.000,0.000,nan) 滚转角=0.04度 俯仰角=-0.01度
10:06:58.097536 [轨迹] 序号=1874 单调时间=4832.877352 时间=4832.877 模式=OFFBOARD 起飞状态=未执行起飞 水平控制=位置保持 类型掩码=3520 实际位置NED=(0.052,1.637,-0.244) 实际速度=(0.000,-0.000,0.002) 最终目标=(0.056,1.599,-0.245) 指令位置=(0.056,1.599,nan) 指令速度=(0.000,0.000,0.000) 指令加速度=(0.000,0.000,nan) 滚转角=0.04度 俯仰角=-0.01度
10:06:58.200882 [轨迹] 序号=1875 单调时间=4832.980639 时间=4832.981 模式=OFFBOARD 起飞状态=未执行起飞 水平控制=位置保持 类型掩码=3520 实际位置NED=(0.052,1.637,-0.244) 实际速度=(0.000,-0.000,0.002) 最终目标=(0.056,1.599,-0.245) 指令位置=(0.056,1.599,nan) 指令速度=(0.000,0.000,0.000) 指令加速度=(0.000,0.000,nan) 滚转角=0.04度 俯仰角=-0.01度
10:06:58.304355 [轨迹] 序号=1876 单调时间=4833.084044 时间=4833.084 模式=OFFBOARD 起飞状态=未执行起飞 水平控制=位置保持 类型掩码=3520 实际位置NED=(0.052,1.637,-0.244) 实际速度=(0.000,-0.000,0.002) 最终目标=(0.056,1.599,-0.245) 指令位置=(0.056,1.599,nan) 指令速度=(0.000,0.000,0.000) 指令加速度=(0.000,0.000,nan) 滚转角=0.04度 俯仰角=-0.01度
10:06:58.407680 [轨迹] 序号=1877 单调时间=4833.187497 时间=4833.187 模式=OFFBOARD 起飞状态=未执行起飞 水平控制=位置保持 类型掩码=3520 实际位置NED=(0.052,1.637,-0.243) 实际速度=(0.000,-0.000,0.002) 最终目标=(0.056,1.599,-0.245) 指令位置=(0.056,1.599,nan) 指令速度=(0.000,0.000,0.000) 指令加速度=(0.000,0.000,nan) 滚转角=0.04度 俯仰角=-0.02度
10:06:58.511114 [轨迹] 序号=1878 单调时间=4833.290546 时间=4833.291 模式=OFFBOARD 起飞状态=未执行起飞 水平控制=位置保持 类型掩码=3520 实际位置NED=(0.052,1.637,-0.243) 实际速度=(0.000,-0.000,0.002) 最终目标=(0.056,1.599,-0.245) 指令位置=(0.056,1.599,nan) 指令速度=(0.000,0.000,0.000) 指令加速度=(0.000,0.000,nan) 滚转角=0.04度 俯仰角=-0.02度
10:06:58.614642 [轨迹] 序号=1879 单调时间=4833.394462 时间=4833.394 模式=OFFBOARD 起飞状态=未执行起飞 水平控制=位置保持 类型掩码=3520 实际位置NED=(0.052,1.637,-0.243) 实际速度=(0.000,-0.000,0.002) 最终目标=(0.056,1.599,-0.245) 指令位置=(0.056,1.599,nan) 指令速度=(0.000,0.000,0.000) 指令加速度=(0.000,0.000,nan) 滚转角=0.04度 俯仰角=-0.02度
10:06:58.717856 [轨迹] 序号=1880 单调时间=4833.497772 时间=4833.498 模式=OFFBOARD 起飞状态=未执行起飞 水平控制=位置保持 类型掩码=3520 实际位置NED=(0.052,1.637,-0.243) 实际速度=(0.000,-0.000,0.002) 最终目标=(0.056,1.599,-0.245) 指令位置=(0.056,1.599,nan) 指令速度=(0.000,0.000,0.000) 指令加速度=(0.000,0.000,nan) 滚转角=0.04度 俯仰角=-0.02度
10:06:58.820857 [轨迹] 序号=1881 单调时间=4833.600738 时间=4833.601 模式=OFFBOARD 起飞状态=未执行起飞 水平控制=位置保持 类型掩码=3520 实际位置NED=(0.052,1.637,-0.243) 实际速度=(0.000,-0.000,0.002) 最终目标=(0.056,1.599,-0.245) 指令位置=(0.056,1.599,nan) 指令速度=(0.000,0.000,0.000) 指令加速度=(0.000,0.000,nan) 滚转角=0.04度 俯仰角=-0.02度
10:06:58.923886 [轨迹] 序号=1882 单调时间=4833.703706 时间=4833.704 模式=OFFBOARD 起飞状态=未执行起飞 水平控制=位置保持 类型掩码=3520 实际位置NED=(0.052,1.637,-0.243) 实际速度=(0.000,-0.000,0.002) 最终目标=(0.056,1.599,-0.245) 指令位置=(0.056,1.599,nan) 指令速度=(0.000,0.000,0.000) 指令加速度=(0.000,0.000,nan) 滚转角=0.04度 俯仰角=-0.02度
10:06:59.026771 [轨迹] 序号=1883 单调时间=4833.806820 时间=4833.807 模式=OFFBOARD 起飞状态=未执行起飞 水平控制=位置保持 类型掩码=3520 实际位置NED=(0.052,1.637,-0.243) 实际速度=(0.000,-0.000,0.002) 最终目标=(0.056,1.599,-0.245) 指令位置=(0.056,1.599,nan) 指令速度=(0.000,0.000,0.000) 指令加速度=(0.000,0.000,nan) 滚转角=0.04度 俯仰角=-0.02度
10:06:59.131829 [轨迹] 序号=1884 单调时间=4833.911642 时间=4833.912 模式=OFFBOARD 起飞状态=未执行起飞 水平控制=位置保持 类型掩码=3520 实际位置NED=(0.052,1.637,-0.243) 实际速度=(0.000,-0.000,0.002) 最终目标=(0.056,1.599,-0.245) 指令位置=(0.056,1.599,nan) 指令速度=(0.000,0.000,0.000) 指令加速度=(0.000,0.000,nan) 滚转角=0.04度 俯仰角=-0.02度
10:06:59.235174 [轨迹] 序号=1885 单调时间=4834.015085 时间=4834.015 模式=OFFBOARD 起飞状态=未执行起飞 水平控制=位置保持 类型掩码=3520 实际位置NED=(0.052,1.637,-0.243) 实际速度=(0.000,-0.000,0.002) 最终目标=(0.056,1.599,-0.245) 指令位置=(0.056,1.599,nan) 指令速度=(0.000,0.000,0.000) 指令加速度=(0.000,0.000,nan) 滚转角=0.04度 俯仰角=-0.02度
10:06:59.338352 [轨迹] 序号=1886 单调时间=4834.118344 时间=4834.118 模式=OFFBOARD 起飞状态=未执行起飞 水平控制=位置保持 类型掩码=3520 实际位置NED=(0.052,1.637,-0.244) 实际速度=(0.000,-0.000,0.001) 最终目标=(0.056,1.599,-0.245) 指令位置=(0.056,1.599,nan) 指令速度=(0.000,0.000,0.000) 指令加速度=(0.000,0.000,nan) 滚转角=0.05度 俯仰角=-0.02度
10:06:59.441204 [轨迹] 序号=1887 单调时间=4834.221210 时间=4834.221 模式=OFFBOARD 起飞状态=未执行起飞 水平控制=位置保持 类型掩码=3520 实际位置NED=(0.052,1.637,-0.244) 实际速度=(0.001,-0.000,0.001) 最终目标=(0.056,1.599,-0.245) 指令位置=(0.056,1.599,nan) 指令速度=(0.000,0.000,0.000) 指令加速度=(0.000,0.000,nan) 滚转角=0.04度 俯仰角=-0.02度
10:06:59.544253 [轨迹] 序号=1888 单调时间=4834.324149 时间=4834.324 模式=OFFBOARD 起飞状态=未执行起飞 水平控制=位置保持 类型掩码=3520 实际位置NED=(0.052,1.637,-0.244) 实际速度=(0.000,-0.000,0.001) 最终目标=(0.056,1.599,-0.245) 指令位置=(0.056,1.599,nan) 指令速度=(0.000,0.000,0.000) 指令加速度=(0.000,0.000,nan) 滚转角=0.05度 俯仰角=-0.02度
10:06:59.647661 [轨迹] 序号=1889 单调时间=4834.427560 时间=4834.428 模式=OFFBOARD 起飞状态=未执行起飞 水平控制=位置保持 类型掩码=3520 实际位置NED=(0.052,1.637,-0.244) 实际速度=(0.000,0.000,0.001) 最终目标=(0.056,1.599,-0.245) 指令位置=(0.056,1.599,nan) 指令速度=(0.000,0.000,0.000) 指令加速度=(0.000,0.000,nan) 滚转角=0.05度 俯仰角=-0.02度
10:06:59.751032 [轨迹] 序号=1890 单调时间=4834.531036 时间=4834.531 模式=OFFBOARD 起飞状态=未执行起飞 水平控制=位置保持 类型掩码=3520 实际位置NED=(0.052,1.638,-0.244) 实际速度=(0.000,0.000,0.001) 最终目标=(0.056,1.599,-0.245) 指令位置=(0.056,1.599,nan) 指令速度=(0.000,0.000,0.000) 指令加速度=(0.000,0.000,nan) 滚转角=0.05度 俯仰角=-0.02度
10:06:59.854366 [轨迹] 序号=1891 单调时间=4834.634369 时间=4834.634 模式=OFFBOARD 起飞状态=未执行起飞 水平控制=位置保持 类型掩码=3520 实际位置NED=(0.052,1.638,-0.244) 实际速度=(0.000,0.000,0.001) 最终目标=(0.056,1.599,-0.245) 指令位置=(0.056,1.599,nan) 指令速度=(0.000,0.000,0.000) 指令加速度=(0.000,0.000,nan) 滚转角=0.04度 俯仰角=-0.02度
10:06:59.959462 [轨迹] 序号=1892 单调时间=4834.739309 时间=4834.739 模式=OFFBOARD 起飞状态=未执行起飞 水平控制=位置保持 类型掩码=3520 实际位置NED=(0.052,1.638,-0.244) 实际速度=(-0.000,0.000,0.001) 最终目标=(0.056,1.599,-0.245) 指令位置=(0.056,1.599,nan) 指令速度=(0.000,0.000,0.000) 指令加速度=(0.000,0.000,nan) 滚转角=0.04度 俯仰角=-0.02度
10:07:00.062627 [轨迹] 序号=1893 单调时间=4834.842490 时间=4834.842 模式=OFFBOARD 起飞状态=未执行起飞 水平控制=位置保持 类型掩码=3520 实际位置NED=(0.052,1.638,-0.244) 实际速度=(-0.000,0.000,0.001) 最终目标=(0.056,1.599,-0.245) 指令位置=(0.056,1.599,nan) 指令速度=(0.000,0.000,0.000) 指令加速度=(0.000,0.000,nan) 滚转角=0.04度 俯仰角=-0.02度
10:07:00.165987 [轨迹] 序号=1894 单调时间=4834.945686 时间=4834.946 模式=OFFBOARD 起飞状态=未执行起飞 水平控制=位置保持 类型掩码=3520 实际位置NED=(0.052,1.638,-0.244) 实际速度=(-0.000,0.000,0.001) 最终目标=(0.056,1.599,-0.245) 指令位置=(0.056,1.599,nan) 指令速度=(0.000,0.000,0.000) 指令加速度=(0.000,0.000,nan) 滚转角=0.04度 俯仰角=-0.02度
10:07:00.266069 [轨迹] 序号=1895 单调时间=4835.046048 时间=4835.046 模式=OFFBOARD 起飞状态=未执行起飞 水平控制=位置保持 类型掩码=3520 实际位置NED=(0.052,1.638,-0.244) 实际速度=(-0.000,0.000,0.001) 最终目标=(0.056,1.599,-0.245) 指令位置=(0.056,1.599,nan) 指令速度=(0.000,0.000,0.000) 指令加速度=(0.000,0.000,nan) 滚转角=0.04度 俯仰角=-0.02度
10:07:00.369781 [轨迹] 序号=1896 单调时间=4835.149805 时间=4835.150 模式=OFFBOARD 起飞状态=未执行起飞 水平控制=位置保持 类型掩码=3520 实际位置NED=(0.052,1.638,-0.244) 实际速度=(-0.000,0.000,0.001) 最终目标=(0.056,1.599,-0.245) 指令位置=(0.056,1.599,nan) 指令速度=(0.000,0.000,0.000) 指令加速度=(0.000,0.000,nan) 滚转角=0.04度 俯仰角=-0.02度
10:07:00.474402 [轨迹] 序号=1897 单调时间=4835.254352 时间=4835.254 模式=OFFBOARD 起飞状态=未执行起飞 水平控制=位置保持 类型掩码=3520 实际位置NED=(0.052,1.638,-0.244) 实际速度=(-0.000,0.000,0.001) 最终目标=(0.056,1.599,-0.245) 指令位置=(0.056,1.599,nan) 指令速度=(0.000,0.000,0.000) 指令加速度=(0.000,0.000,nan) 滚转角=0.04度 俯仰角=-0.02度
10:07:00.577640 [轨迹] 序号=1898 单调时间=4835.357527 时间=4835.358 模式=OFFBOARD 起飞状态=未执行起飞 水平控制=位置保持 类型掩码=3520 实际位置NED=(0.052,1.638,-0.244) 实际速度=(-0.000,0.000,0.001) 最终目标=(0.056,1.599,-0.245) 指令位置=(0.056,1.599,nan) 指令速度=(0.000,0.000,0.000) 指令加速度=(0.000,0.000,nan) 滚转角=0.04度 俯仰角=-0.02度
10:07:00.681380 [轨迹] 序号=1899 单调时间=4835.461348 时间=4835.461 模式=OFFBOARD 起飞状态=未执行起飞 水平控制=位置保持 类型掩码=3520 实际位置NED=(0.052,1.638,-0.244) 实际速度=(-0.000,0.000,0.001) 最终目标=(0.056,1.599,-0.245) 指令位置=(0.056,1.599,nan) 指令速度=(0.000,0.000,0.000) 指令加速度=(0.000,0.000,nan) 滚转角=0.05度 俯仰角=-0.02度
10:07:00.784980 [轨迹] 序号=1900 单调时间=4835.564583 时间=4835.565 模式=OFFBOARD 起飞状态=未执行起飞 水平控制=位置保持 类型掩码=3520 实际位置NED=(0.052,1.638,-0.244) 实际速度=(-0.000,0.000,0.001) 最终目标=(0.056,1.599,-0.245) 指令位置=(0.056,1.599,nan) 指令速度=(0.000,0.000,0.000) 指令加速度=(0.000,0.000,nan) 滚转角=0.05度 俯仰角=-0.02度
10:07:00.887850 [轨迹] 序号=1901 单调时间=4835.667777 时间=4835.668 模式=OFFBOARD 起飞状态=未执行起飞 水平控制=位置保持 类型掩码=3520 实际位置NED=(0.052,1.638,-0.244) 实际速度=(-0.000,0.000,0.001) 最终目标=(0.056,1.599,-0.245) 指令位置=(0.056,1.599,nan) 指令速度=(0.000,0.000,0.000) 指令加速度=(0.000,0.000,nan) 滚转角=0.05度 俯仰角=-0.02度
10:07:00.991668 [轨迹] 序号=1902 单调时间=4835.771416 时间=4835.771 模式=OFFBOARD 起飞状态=未执行起飞 水平控制=位置保持 类型掩码=3520 实际位置NED=(0.052,1.638,-0.244) 实际速度=(-0.000,0.000,0.000) 最终目标=(0.056,1.599,-0.245) 指令位置=(0.056,1.599,nan) 指令速度=(0.000,0.000,0.000) 指令加速度=(0.000,0.000,nan) 滚转角=0.04度 俯仰角=-0.02度
10:07:01.095165 [轨迹] 序号=1903 单调时间=4835.875037 时间=4835.875 模式=OFFBOARD 起飞状态=未执行起飞 水平控制=位置保持 类型掩码=3520 实际位置NED=(0.052,1.638,-0.244) 实际速度=(-0.000,0.000,0.000) 最终目标=(0.056,1.599,-0.245) 指令位置=(0.056,1.599,nan) 指令速度=(0.000,0.000,0.000) 指令加速度=(0.000,0.000,nan) 滚转角=0.05度 俯仰角=-0.02度
10:07:01.198876 [轨迹] 序号=1904 单调时间=4835.978831 时间=4835.979 模式=OFFBOARD 起飞状态=未执行起飞 水平控制=位置保持 类型掩码=3520 实际位置NED=(0.052,1.638,-0.244) 实际速度=(-0.000,0.000,0.000) 最终目标=(0.056,1.599,-0.245) 指令位置=(0.056,1.599,nan) 指令速度=(0.000,0.000,0.000) 指令加速度=(0.000,0.000,nan) 滚转角=0.04度 俯仰角=-0.02度
10:07:01.302449 [轨迹] 序号=1905 单调时间=4836.082297 时间=4836.082 模式=OFFBOARD 起飞状态=未执行起飞 水平控制=位置保持 类型掩码=3520 实际位置NED=(0.052,1.638,-0.244) 实际速度=(-0.001,0.000,0.001) 最终目标=(0.056,1.599,-0.245) 指令位置=(0.056,1.599,nan) 指令速度=(0.000,0.000,0.000) 指令加速度=(0.000,0.000,nan) 滚转角=0.05度 俯仰角=-0.02度
10:07:01.406458 [轨迹] 序号=1906 单调时间=4836.186221 时间=4836.186 模式=OFFBOARD 起飞状态=未执行起飞 水平控制=位置保持 类型掩码=3520 实际位置NED=(0.052,1.638,-0.244) 实际速度=(-0.001,0.000,0.001) 最终目标=(0.056,1.599,-0.245) 指令位置=(0.056,1.599,nan) 指令速度=(0.000,0.000,0.000) 指令加速度=(0.000,0.000,nan) 滚转角=0.05度 俯仰角=-0.02度
10:07:01.509321 [轨迹] 序号=1907 单调时间=4836.289396 时间=4836.289 模式=OFFBOARD 起飞状态=未执行起飞 水平控制=位置保持 类型掩码=3520 实际位置NED=(0.052,1.638,-0.244) 实际速度=(-0.001,-0.000,0.001) 最终目标=(0.056,1.599,-0.245) 指令位置=(0.056,1.599,nan) 指令速度=(0.000,0.000,0.000) 指令加速度=(0.000,0.000,nan) 滚转角=0.05度 俯仰角=-0.02度
10:07:01.610306 [轨迹] 序号=1908 单调时间=4836.389873 时间=4836.390 模式=OFFBOARD 起飞状态=未执行起飞 水平控制=位置保持 类型掩码=3520 实际位置NED=(0.052,1.638,-0.244) 实际速度=(-0.001,0.000,0.000) 最终目标=(0.056,1.599,-0.245) 指令位置=(0.056,1.599,nan) 指令速度=(0.000,0.000,0.000) 指令加速度=(0.000,0.000,nan) 滚转角=0.05度 俯仰角=-0.01度
10:07:01.714446 [轨迹] 序号=1909 单调时间=4836.494248 时间=4836.494 模式=OFFBOARD 起飞状态=未执行起飞 水平控制=位置保持 类型掩码=3520 实际位置NED=(0.052,1.638,-0.244) 实际速度=(-0.001,-0.000,0.001) 最终目标=(0.056,1.599,-0.245) 指令位置=(0.056,1.599,nan) 指令速度=(0.000,0.000,0.000) 指令加速度=(0.000,0.000,nan) 滚转角=0.05度 俯仰角=-0.01度
10:07:01.817914 [轨迹] 序号=1910 单调时间=4836.597899 时间=4836.598 模式=OFFBOARD 起飞状态=未执行起飞 水平控制=位置保持 类型掩码=3520 实际位置NED=(0.052,1.638,-0.244) 实际速度=(-0.001,-0.000,0.001) 最终目标=(0.056,1.599,-0.245) 指令位置=(0.056,1.599,nan) 指令速度=(0.000,0.000,0.000) 指令加速度=(0.000,0.000,nan) 滚转角=0.05度 俯仰角=-0.01度
10:07:01.922446 [轨迹] 序号=1911 单调时间=4836.702273 时间=4836.702 模式=OFFBOARD 起飞状态=未执行起飞 水平控制=位置保持 类型掩码=3520 实际位置NED=(0.052,1.638,-0.244) 实际速度=(-0.001,-0.000,0.001) 最终目标=(0.056,1.599,-0.245) 指令位置=(0.056,1.599,nan) 指令速度=(0.000,0.000,0.000) 指令加速度=(0.000,0.000,nan) 滚转角=0.05度 俯仰角=-0.01度
10:07:02.026070 [轨迹] 序号=1912 单调时间=4836.805959 时间=4836.806 模式=OFFBOARD 起飞状态=未执行起飞 水平控制=位置保持 类型掩码=3520 实际位置NED=(0.052,1.638,-0.244) 实际速度=(-0.001,-0.000,0.001) 最终目标=(0.056,1.599,-0.245) 指令位置=(0.056,1.599,nan) 指令速度=(0.000,0.000,0.000) 指令加速度=(0.000,0.000,nan) 滚转角=0.05度 俯仰角=-0.01度
10:07:02.129297 [轨迹] 序号=1913 单调时间=4836.909238 时间=4836.909 模式=OFFBOARD 起飞状态=未执行起飞 水平控制=位置保持 类型掩码=3520 实际位置NED=(0.052,1.638,-0.244) 实际速度=(-0.001,-0.000,0.001) 最终目标=(0.056,1.599,-0.245) 指令位置=(0.056,1.599,nan) 指令速度=(0.000,0.000,0.000) 指令加速度=(0.000,0.000,nan) 滚转角=0.05度 俯仰角=-0.01度
10:07:02.232013 [轨迹] 序号=1914 单调时间=4837.012022 时间=4837.012 模式=OFFBOARD 起飞状态=未执行起飞 水平控制=位置保持 类型掩码=3520 实际位置NED=(0.052,1.638,-0.244) 实际速度=(-0.001,-0.000,0.001) 最终目标=(0.056,1.599,-0.245) 指令位置=(0.056,1.599,nan) 指令速度=(0.000,0.000,0.000) 指令加速度=(0.000,0.000,nan) 滚转角=0.05度 俯仰角=-0.01度
10:07:02.334952 [轨迹] 序号=1915 单调时间=4837.114844 时间=4837.115 模式=OFFBOARD 起飞状态=未执行起飞 水平控制=位置保持 类型掩码=3520 实际位置NED=(0.052,1.638,-0.244) 实际速度=(-0.000,-0.000,0.001) 最终目标=(0.056,1.599,-0.245) 指令位置=(0.056,1.599,nan) 指令速度=(0.000,0.000,0.000) 指令加速度=(0.000,0.000,nan) 滚转角=0.05度 俯仰角=-0.01度
10:07:02.438480 [轨迹] 序号=1916 单调时间=4837.218087 时间=4837.218 模式=OFFBOARD 起飞状态=未执行起飞 水平控制=位置保持 类型掩码=3520 实际位置NED=(0.052,1.638,-0.244) 实际速度=(-0.000,-0.000,0.001) 最终目标=(0.056,1.599,-0.245) 指令位置=(0.056,1.599,nan) 指令速度=(0.000,0.000,0.000) 指令加速度=(0.000,0.000,nan) 滚转角=0.05度 俯仰角=-0.01度
10:07:02.542717 [轨迹] 序号=1917 单调时间=4837.322213 时间=4837.322 模式=OFFBOARD 起飞状态=未执行起飞 水平控制=位置保持 类型掩码=3520 实际位置NED=(0.052,1.638,-0.244) 实际速度=(-0.000,-0.000,0.000) 最终目标=(0.056,1.599,-0.245) 指令位置=(0.056,1.599,nan) 指令速度=(0.000,0.000,0.000) 指令加速度=(0.000,0.000,nan) 滚转角=0.05度 俯仰角=-0.01度
10:07:02.647017 [轨迹] 序号=1918 单调时间=4837.426872 时间=4837.427 模式=OFFBOARD 起飞状态=未执行起飞 水平控制=位置保持 类型掩码=3520 实际位置NED=(0.052,1.638,-0.244) 实际速度=(-0.001,-0.000,0.001) 最终目标=(0.056,1.599,-0.245) 指令位置=(0.056,1.599,nan) 指令速度=(0.000,0.000,0.000) 指令加速度=(0.000,0.000,nan) 滚转角=0.04度 俯仰角=-0.01度
10:07:02.748453 [轨迹] 序号=1919 单调时间=4837.528397 时间=4837.528 模式=OFFBOARD 起飞状态=未执行起飞 水平控制=位置保持 类型掩码=3520 实际位置NED=(0.052,1.638,-0.244) 实际速度=(-0.000,-0.000,0.001) 最终目标=(0.056,1.599,-0.245) 指令位置=(0.056,1.599,nan) 指令速度=(0.000,0.000,0.000) 指令加速度=(0.000,0.000,nan) 滚转角=0.04度 俯仰角=-0.01度
10:07:02.851426 [轨迹] 序号=1920 单调时间=4837.631360 时间=4837.631 模式=OFFBOARD 起飞状态=未执行起飞 水平控制=位置保持 类型掩码=3520 实际位置NED=(0.052,1.638,-0.245) 实际速度=(-0.000,-0.000,0.001) 最终目标=(0.056,1.599,-0.245) 指令位置=(0.056,1.599,nan) 指令速度=(0.000,0.000,0.000) 指令加速度=(0.000,0.000,nan) 滚转角=0.04度 俯仰角=-0.01度
10:07:02.954715 [轨迹] 序号=1921 单调时间=4837.734705 时间=4837.735 模式=OFFBOARD 起飞状态=未执行起飞 水平控制=位置保持 类型掩码=3520 实际位置NED=(0.052,1.638,-0.245) 实际速度=(-0.000,-0.000,0.001) 最终目标=(0.056,1.599,-0.245) 指令位置=(0.056,1.599,nan) 指令速度=(0.000,0.000,0.000) 指令加速度=(0.000,0.000,nan) 滚转角=0.04度 俯仰角=-0.01度
10:07:03.057531 [轨迹] 序号=1922 单调时间=4837.837568 时间=4837.838 模式=OFFBOARD 起飞状态=未执行起飞 水平控制=位置保持 类型掩码=3520 实际位置NED=(0.052,1.638,-0.245) 实际速度=(0.000,-0.001,0.001) 最终目标=(0.056,1.599,-0.245) 指令位置=(0.056,1.599,nan) 指令速度=(0.000,0.000,0.000) 指令加速度=(0.000,0.000,nan) 滚转角=0.04度 俯仰角=-0.01度
10:07:03.165582 [轨迹] 序号=1923 单调时间=4837.940751 时间=4837.941 模式=OFFBOARD 起飞状态=未执行起飞 水平控制=位置保持 类型掩码=3520 实际位置NED=(0.052,1.638,-0.245) 实际速度=(0.000,-0.001,0.001) 最终目标=(0.056,1.599,-0.245) 指令位置=(0.056,1.599,nan) 指令速度=(0.000,0.000,0.000) 指令加速度=(0.000,0.000,nan) 滚转角=0.04度 俯仰角=-0.01度
10:07:03.263534 [轨迹] 序号=1924 单调时间=4838.043411 时间=4838.043 模式=OFFBOARD 起飞状态=未执行起飞 水平控制=位置保持 类型掩码=3520 实际位置NED=(0.052,1.638,-0.245) 实际速度=(0.000,-0.001,0.001) 最终目标=(0.056,1.599,-0.245) 指令位置=(0.056,1.599,nan) 指令速度=(0.000,0.000,0.000) 指令加速度=(0.000,0.000,nan) 滚转角=0.04度 俯仰角=-0.01度
10:07:03.367295 [轨迹] 序号=1925 单调时间=4838.147375 时间=4838.147 模式=OFFBOARD 起飞状态=未执行起飞 水平控制=位置保持 类型掩码=3520 实际位置NED=(0.052,1.638,-0.245) 实际速度=(0.000,-0.001,0.001) 最终目标=(0.056,1.599,-0.245) 指令位置=(0.056,1.599,nan) 指令速度=(0.000,0.000,0.000) 指令加速度=(0.000,0.000,nan) 滚转角=0.04度 俯仰角=-0.01度
10:07:03.470532 [轨迹] 序号=1926 单调时间=4838.250544 时间=4838.251 模式=OFFBOARD 起飞状态=未执行起飞 水平控制=位置保持 类型掩码=3520 实际位置NED=(0.052,1.638,-0.245) 实际速度=(0.000,-0.001,0.001) 最终目标=(0.056,1.599,-0.245) 指令位置=(0.056,1.599,nan) 指令速度=(0.000,0.000,0.000) 指令加速度=(0.000,0.000,nan) 滚转角=0.04度 俯仰角=-0.01度
10:07:03.575435 [轨迹] 序号=1927 单调时间=4838.355414 时间=4838.355 模式=OFFBOARD 起飞状态=未执行起飞 水平控制=位置保持 类型掩码=3520 实际位置NED=(0.052,1.638,-0.245) 实际速度=(0.000,-0.001,0.001) 最终目标=(0.056,1.599,-0.245) 指令位置=(0.056,1.599,nan) 指令速度=(0.000,0.000,0.000) 指令加速度=(0.000,0.000,nan) 滚转角=0.04度 俯仰角=-0.01度
10:07:03.679458 [轨迹] 序号=1928 单调时间=4838.459465 时间=4838.459 模式=OFFBOARD 起飞状态=未执行起飞 水平控制=位置保持 类型掩码=3520 实际位置NED=(0.052,1.638,-0.245) 实际速度=(0.000,-0.001,0.001) 最终目标=(0.056,1.599,-0.245) 指令位置=(0.056,1.599,nan) 指令速度=(0.000,0.000,0.000) 指令加速度=(0.000,0.000,nan) 滚转角=0.04度 俯仰角=-0.01度
10:07:03.782604 [轨迹] 序号=1929 单调时间=4838.562275 时间=4838.562 模式=OFFBOARD 起飞状态=未执行起飞 水平控制=位置保持 类型掩码=3520 实际位置NED=(0.052,1.638,-0.245) 实际速度=(0.000,-0.001,0.001) 最终目标=(0.056,1.599,-0.245) 指令位置=(0.056,1.599,nan) 指令速度=(0.000,0.000,0.000) 指令加速度=(0.000,0.000,nan) 滚转角=0.04度 俯仰角=-0.01度
10:07:03.885563 [轨迹] 序号=1930 单调时间=4838.665467 时间=4838.665 模式=OFFBOARD 起飞状态=未执行起飞 水平控制=位置保持 类型掩码=3520 实际位置NED=(0.052,1.638,-0.245) 实际速度=(0.000,-0.000,0.001) 最终目标=(0.056,1.599,-0.245) 指令位置=(0.056,1.599,nan) 指令速度=(0.000,0.000,0.000) 指令加速度=(0.000,0.000,nan) 滚转角=0.04度 俯仰角=-0.01度
10:07:03.988813 [轨迹] 序号=1931 单调时间=4838.768711 时间=4838.769 模式=OFFBOARD 起飞状态=未执行起飞 水平控制=位置保持 类型掩码=3520 实际位置NED=(0.052,1.638,-0.245) 实际速度=(0.000,-0.000,0.001) 最终目标=(0.056,1.599,-0.245) 指令位置=(0.056,1.599,nan) 指令速度=(0.000,0.000,0.000) 指令加速度=(0.000,0.000,nan) 滚转角=0.04度 俯仰角=-0.01度
10:07:04.091980 [轨迹] 序号=1932 单调时间=4838.871818 时间=4838.872 模式=OFFBOARD 起飞状态=未执行起飞 水平控制=位置保持 类型掩码=3520 实际位置NED=(0.052,1.638,-0.245) 实际速度=(0.000,-0.000,0.001) 最终目标=(0.056,1.599,-0.245) 指令位置=(0.056,1.599,nan) 指令速度=(0.000,0.000,0.000) 指令加速度=(0.000,0.000,nan) 滚转角=0.04度 俯仰角=-0.01度
10:07:04.195063 [轨迹] 序号=1933 单调时间=4838.975039 时间=4838.975 模式=OFFBOARD 起飞状态=未执行起飞 水平控制=位置保持 类型掩码=3520 实际位置NED=(0.052,1.638,-0.245) 实际速度=(0.000,-0.000,0.001) 最终目标=(0.056,1.599,-0.245) 指令位置=(0.056,1.599,nan) 指令速度=(0.000,0.000,0.000) 指令加速度=(0.000,0.000,nan) 滚转角=0.04度 俯仰角=-0.01度
10:07:04.298146 [轨迹] 序号=1934 单调时间=4839.078247 时间=4839.078 模式=OFFBOARD 起飞状态=未执行起飞 水平控制=位置保持 类型掩码=3520 实际位置NED=(0.052,1.638,-0.245) 实际速度=(0.000,-0.000,0.001) 最终目标=(0.056,1.599,-0.245) 指令位置=(0.056,1.599,nan) 指令速度=(0.000,0.000,0.000) 指令加速度=(0.000,0.000,nan) 滚转角=0.04度 俯仰角=-0.01度
10:07:04.401735 [轨迹] 序号=1935 单调时间=4839.181678 时间=4839.182 模式=OFFBOARD 起飞状态=未执行起飞 水平控制=位置保持 类型掩码=3520 实际位置NED=(0.052,1.638,-0.245) 实际速度=(0.001,-0.000,0.001) 最终目标=(0.056,1.599,-0.245) 指令位置=(0.056,1.599,nan) 指令速度=(0.000,0.000,0.000) 指令加速度=(0.000,0.000,nan) 滚转角=0.04度 俯仰角=-0.01度
10:07:04.502225 [轨迹] 序号=1936 单调时间=4839.282166 时间=4839.282 模式=OFFBOARD 起飞状态=未执行起飞 水平控制=位置保持 类型掩码=3520 实际位置NED=(0.052,1.638,-0.245) 实际速度=(0.001,-0.000,0.001) 最终目标=(0.056,1.599,-0.245) 指令位置=(0.056,1.599,nan) 指令速度=(0.000,0.000,0.000) 指令加速度=(0.000,0.000,nan) 滚转角=0.04度 俯仰角=-0.01度
10:07:04.605394 [轨迹] 序号=1937 单调时间=4839.385371 时间=4839.385 模式=OFFBOARD 起飞状态=未执行起飞 水平控制=位置保持 类型掩码=3520 实际位置NED=(0.052,1.638,-0.245) 实际速度=(0.001,-0.000,0.001) 最终目标=(0.056,1.599,-0.245) 指令位置=(0.056,1.599,nan) 指令速度=(0.000,0.000,0.000) 指令加速度=(0.000,0.000,nan) 滚转角=0.04度 俯仰角=-0.01度
10:07:04.709056 [轨迹] 序号=1938 单调时间=4839.488959 时间=4839.489 模式=OFFBOARD 起飞状态=未执行起飞 水平控制=位置保持 类型掩码=3520 实际位置NED=(0.052,1.638,-0.245) 实际速度=(0.001,-0.000,0.001) 最终目标=(0.056,1.599,-0.245) 指令位置=(0.056,1.599,nan) 指令速度=(0.000,0.000,0.000) 指令加速度=(0.000,0.000,nan) 滚转角=0.04度 俯仰角=-0.01度
10:07:04.812139 [轨迹] 序号=1939 单调时间=4839.591940 时间=4839.592 模式=OFFBOARD 起飞状态=未执行起飞 水平控制=位置保持 类型掩码=3520 实际位置NED=(0.052,1.638,-0.245) 实际速度=(0.001,-0.000,0.001) 最终目标=(0.056,1.599,-0.245) 指令位置=(0.056,1.599,nan) 指令速度=(0.000,0.000,0.000) 指令加速度=(0.000,0.000,nan) 滚转角=0.04度 俯仰角=-0.01度
10:07:04.915392 [轨迹] 序号=1940 单调时间=4839.695138 时间=4839.695 模式=OFFBOARD 起飞状态=未执行起飞 水平控制=位置保持 类型掩码=3520 实际位置NED=(0.052,1.638,-0.245) 实际速度=(0.001,-0.001,0.001) 最终目标=(0.056,1.599,-0.245) 指令位置=(0.056,1.599,nan) 指令速度=(0.000,0.000,0.000) 指令加速度=(0.000,0.000,nan) 滚转角=0.04度 俯仰角=-0.01度
10:07:05.018615 [轨迹] 序号=1941 单调时间=4839.798459 时间=4839.798 模式=OFFBOARD 起飞状态=未执行起飞 水平控制=位置保持 类型掩码=3520 实际位置NED=(0.052,1.638,-0.245) 实际速度=(0.001,-0.000,0.001) 最终目标=(0.056,1.599,-0.245) 指令位置=(0.056,1.599,nan) 指令速度=(0.000,0.000,0.000) 指令加速度=(0.000,0.000,nan) 滚转角=0.04度 俯仰角=-0.01度
10:07:05.121523 [轨迹] 序号=1942 单调时间=4839.901423 时间=4839.901 模式=OFFBOARD 起飞状态=未执行起飞 水平控制=位置保持 类型掩码=3520 实际位置NED=(0.052,1.638,-0.245) 实际速度=(0.000,-0.001,0.001) 最终目标=(0.056,1.599,-0.245) 指令位置=(0.056,1.599,nan) 指令速度=(0.000,0.000,0.000) 指令加速度=(0.000,0.000,nan) 滚转角=0.04度 俯仰角=-0.01度
10:07:05.225515 [轨迹] 序号=1943 单调时间=4840.005177 时间=4840.005 模式=OFFBOARD 起飞状态=未执行起飞 水平控制=位置保持 类型掩码=3520 实际位置NED=(0.052,1.638,-0.245) 实际速度=(0.001,-0.001,0.001) 最终目标=(0.056,1.599,-0.245) 指令位置=(0.056,1.599,nan) 指令速度=(0.000,0.000,0.000) 指令加速度=(0.000,0.000,nan) 滚转角=0.04度 俯仰角=-0.01度
10:07:05.328664 [轨迹] 序号=1944 单调时间=4840.108556 时间=4840.109 模式=OFFBOARD 起飞状态=未执行起飞 水平控制=位置保持 类型掩码=3520 实际位置NED=(0.052,1.638,-0.245) 实际速度=(0.000,-0.000,0.001) 最终目标=(0.056,1.599,-0.245) 指令位置=(0.056,1.599,nan) 指令速度=(0.000,0.000,0.000) 指令加速度=(0.000,0.000,nan) 滚转角=0.04度 俯仰角=-0.01度
10:07:05.431535 [轨迹] 序号=1945 单调时间=4840.211445 时间=4840.211 模式=OFFBOARD 起飞状态=未执行起飞 水平控制=位置保持 类型掩码=3520 实际位置NED=(0.052,1.638,-0.245) 实际速度=(0.000,-0.000,0.001) 最终目标=(0.056,1.599,-0.245) 指令位置=(0.056,1.599,nan) 指令速度=(0.000,0.000,0.000) 指令加速度=(0.000,0.000,nan) 滚转角=0.04度 俯仰角=-0.01度
10:07:05.534286 [轨迹] 序号=1946 单调时间=4840.314265 时间=4840.314 模式=OFFBOARD 起飞状态=未执行起飞 水平控制=位置保持 类型掩码=3520 实际位置NED=(0.052,1.638,-0.245) 实际速度=(0.000,-0.001,0.001) 最终目标=(0.056,1.599,-0.245) 指令位置=(0.056,1.599,nan) 指令速度=(0.000,0.000,0.000) 指令加速度=(0.000,0.000,nan) 滚转角=0.04度 俯仰角=-0.01度
10:07:05.635974 [轨迹] 序号=1947 单调时间=4840.415902 时间=4840.416 模式=OFFBOARD 起飞状态=未执行起飞 水平控制=位置保持 类型掩码=3520 实际位置NED=(0.052,1.638,-0.245) 实际速度=(0.000,-0.001,0.001) 最终目标=(0.056,1.599,-0.245) 指令位置=(0.056,1.599,nan) 指令速度=(0.000,0.000,0.000) 指令加速度=(0.000,0.000,nan) 滚转角=0.04度 俯仰角=-0.01度
10:07:05.739694 [轨迹] 序号=1948 单调时间=4840.519529 时间=4840.520 模式=OFFBOARD 起飞状态=未执行起飞 水平控制=位置保持 类型掩码=3520 实际位置NED=(0.052,1.638,-0.244) 实际速度=(0.000,-0.000,0.001) 最终目标=(0.056,1.599,-0.245) 指令位置=(0.056,1.599,nan) 指令速度=(0.000,0.000,0.000) 指令加速度=(0.000,0.000,nan) 滚转角=0.04度 俯仰角=-0.01度
10:07:05.842917 [轨迹] 序号=1949 单调时间=4840.622715 时间=4840.623 模式=OFFBOARD 起飞状态=未执行起飞 水平控制=位置保持 类型掩码=3520 实际位置NED=(0.052,1.638,-0.244) 实际速度=(0.000,-0.000,0.001) 最终目标=(0.056,1.599,-0.245) 指令位置=(0.056,1.599,nan) 指令速度=(0.000,0.000,0.000) 指令加速度=(0.000,0.000,nan) 滚转角=0.04度 俯仰角=-0.01度
10:07:05.947112 [轨迹] 序号=1950 单调时间=4840.726393 时间=4840.726 模式=OFFBOARD 起飞状态=未执行起飞 水平控制=位置保持 类型掩码=3520 实际位置NED=(0.052,1.638,-0.244) 实际速度=(0.000,-0.000,0.001) 最终目标=(0.056,1.599,-0.245) 指令位置=(0.056,1.599,nan) 指令速度=(0.000,0.000,0.000) 指令加速度=(0.000,0.000,nan) 滚转角=0.04度 俯仰角=-0.01度
10:07:06.050370 [轨迹] 序号=1951 单调时间=4840.830372 时间=4840.830 模式=OFFBOARD 起飞状态=未执行起飞 水平控制=位置保持 类型掩码=3520 实际位置NED=(0.052,1.638,-0.244) 实际速度=(0.000,-0.000,0.001) 最终目标=(0.056,1.599,-0.245) 指令位置=(0.056,1.599,nan) 指令速度=(0.000,0.000,0.000) 指令加速度=(0.000,0.000,nan) 滚转角=0.04度 俯仰角=-0.01度
10:07:06.153507 [轨迹] 序号=1952 单调时间=4840.933378 时间=4840.933 模式=OFFBOARD 起飞状态=未执行起飞 水平控制=位置保持 类型掩码=3520 实际位置NED=(0.051,1.638,-0.244) 实际速度=(0.000,-0.000,0.001) 最终目标=(0.056,1.599,-0.245) 指令位置=(0.056,1.599,nan) 指令速度=(0.000,0.000,0.000) 指令加速度=(0.000,0.000,nan) 滚转角=0.04度 俯仰角=-0.01度
10:07:06.256550 [轨迹] 序号=1953 单调时间=4841.036606 时间=4841.037 模式=OFFBOARD 起飞状态=未执行起飞 水平控制=位置保持 类型掩码=3520 实际位置NED=(0.051,1.638,-0.244) 实际速度=(0.000,-0.000,0.001) 最终目标=(0.056,1.599,-0.245) 指令位置=(0.056,1.599,nan) 指令速度=(0.000,0.000,0.000) 指令加速度=(0.000,0.000,nan) 滚转角=0.04度 俯仰角=-0.01度
10:07:06.360137 [轨迹] 序号=1954 单调时间=4841.140059 时间=4841.140 模式=OFFBOARD 起飞状态=未执行起飞 水平控制=位置保持 类型掩码=3520 实际位置NED=(0.051,1.638,-0.244) 实际速度=(0.000,-0.001,0.001) 最终目标=(0.056,1.599,-0.245) 指令位置=(0.056,1.599,nan) 指令速度=(0.000,0.000,0.000) 指令加速度=(0.000,0.000,nan) 滚转角=0.04度 俯仰角=-0.01度
10:07:06.463113 [轨迹] 序号=1955 单调时间=4841.243048 时间=4841.243 模式=OFFBOARD 起飞状态=未执行起飞 水平控制=位置保持 类型掩码=3520 实际位置NED=(0.051,1.638,-0.245) 实际速度=(0.000,-0.001,0.001) 最终目标=(0.056,1.599,-0.245) 指令位置=(0.056,1.599,nan) 指令速度=(0.000,0.000,0.000) 指令加速度=(0.000,0.000,nan) 滚转角=0.04度 俯仰角=-0.01度
10:07:06.566205 [轨迹] 序号=1956 单调时间=4841.346053 时间=4841.346 模式=OFFBOARD 起飞状态=未执行起飞 水平控制=位置保持 类型掩码=3520 实际位置NED=(0.051,1.638,-0.245) 实际速度=(-0.000,-0.001,0.001) 最终目标=(0.056,1.599,-0.245) 指令位置=(0.056,1.599,nan) 指令速度=(0.000,0.000,0.000) 指令加速度=(0.000,0.000,nan) 滚转角=0.04度 俯仰角=-0.01度
10:07:06.669614 [轨迹] 序号=1957 单调时间=4841.449597 时间=4841.450 模式=OFFBOARD 起飞状态=未执行起飞 水平控制=位置保持 类型掩码=3520 实际位置NED=(0.051,1.638,-0.245) 实际速度=(0.000,-0.001,0.001) 最终目标=(0.056,1.599,-0.245) 指令位置=(0.056,1.599,nan) 指令速度=(0.000,0.000,0.000) 指令加速度=(0.000,0.000,nan) 滚转角=0.05度 俯仰角=-0.01度
10:07:06.772926 [轨迹] 序号=1958 单调时间=4841.552832 时间=4841.553 模式=OFFBOARD 起飞状态=未执行起飞 水平控制=位置保持 类型掩码=3520 实际位置NED=(0.051,1.638,-0.245) 实际速度=(-0.000,-0.001,0.001) 最终目标=(0.056,1.599,-0.245) 指令位置=(0.056,1.599,nan) 指令速度=(0.000,0.000,0.000) 指令加速度=(0.000,0.000,nan) 滚转角=0.05度 俯仰角=-0.01度
10:07:06.875772 [轨迹] 序号=1959 单调时间=4841.655668 时间=4841.656 模式=OFFBOARD 起飞状态=未执行起飞 水平控制=位置保持 类型掩码=3520 实际位置NED=(0.051,1.638,-0.245) 实际速度=(-0.000,-0.001,0.001) 最终目标=(0.056,1.599,-0.245) 指令位置=(0.056,1.599,nan) 指令速度=(0.000,0.000,0.000) 指令加速度=(0.000,0.000,nan) 滚转角=0.05度 俯仰角=-0.01度
10:07:06.978988 [轨迹] 序号=1960 单调时间=4841.758816 时间=4841.759 模式=OFFBOARD 起飞状态=未执行起飞 水平控制=位置保持 类型掩码=3520 实际位置NED=(0.051,1.638,-0.245) 实际速度=(-0.000,-0.001,0.001) 最终目标=(0.056,1.599,-0.245) 指令位置=(0.056,1.599,nan) 指令速度=(0.000,0.000,0.000) 指令加速度=(0.000,0.000,nan) 滚转角=0.05度 俯仰角=-0.01度
10:07:07.082216 [轨迹] 序号=1961 单调时间=4841.862124 时间=4841.862 模式=OFFBOARD 起飞状态=未执行起飞 水平控制=位置保持 类型掩码=3520 实际位置NED=(0.051,1.638,-0.245) 实际速度=(0.000,-0.000,0.001) 最终目标=(0.056,1.599,-0.245) 指令位置=(0.056,1.599,nan) 指令速度=(0.000,0.000,0.000) 指令加速度=(0.000,0.000,nan) 滚转角=0.05度 俯仰角=-0.01度
10:07:07.185746 [轨迹] 序号=1962 单调时间=4841.965470 时间=4841.965 模式=OFFBOARD 起飞状态=未执行起飞 水平控制=位置保持 类型掩码=3520 实际位置NED=(0.051,1.638,-0.244) 实际速度=(0.000,-0.000,0.001) 最终目标=(0.056,1.599,-0.245) 指令位置=(0.056,1.599,nan) 指令速度=(0.000,0.000,0.000) 指令加速度=(0.000,0.000,nan) 滚转角=0.05度 俯仰角=-0.01度
10:07:07.289522 [轨迹] 序号=1963 单调时间=4842.069414 时间=4842.069 模式=OFFBOARD 起飞状态=未执行起飞 水平控制=位置保持 类型掩码=3520 实际位置NED=(0.051,1.638,-0.244) 实际速度=(0.000,-0.000,0.001) 最终目标=(0.056,1.599,-0.245) 指令位置=(0.056,1.599,nan) 指令速度=(0.000,0.000,0.000) 指令加速度=(0.000,0.000,nan) 滚转角=0.05度 俯仰角=-0.01度
10:07:07.393246 [轨迹] 序号=1964 单调时间=4842.173209 时间=4842.173 模式=OFFBOARD 起飞状态=未执行起飞 水平控制=位置保持 类型掩码=3520 实际位置NED=(0.051,1.638,-0.244) 实际速度=(0.000,-0.000,0.001) 最终目标=(0.056,1.599,-0.245) 指令位置=(0.056,1.599,nan) 指令速度=(0.000,0.000,0.000) 指令加速度=(0.000,0.000,nan) 滚转角=0.05度 俯仰角=-0.01度
10:07:07.496430 [轨迹] 序号=1965 单调时间=4842.276404 时间=4842.276 模式=OFFBOARD 起飞状态=未执行起飞 水平控制=位置保持 类型掩码=3520 实际位置NED=(0.051,1.638,-0.244) 实际速度=(0.000,-0.000,0.001) 最终目标=(0.056,1.599,-0.245) 指令位置=(0.056,1.599,nan) 指令速度=(0.000,0.000,0.000) 指令加速度=(0.000,0.000,nan) 滚转角=0.05度 俯仰角=-0.01度
10:07:07.600383 [轨迹] 序号=1966 单调时间=4842.380334 时间=4842.380 模式=OFFBOARD 起飞状态=未执行起飞 水平控制=位置保持 类型掩码=3520 实际位置NED=(0.051,1.638,-0.244) 实际速度=(-0.000,-0.000,0.001) 最终目标=(0.056,1.599,-0.245) 指令位置=(0.056,1.599,nan) 指令速度=(0.000,0.000,0.000) 指令加速度=(0.000,0.000,nan) 滚转角=0.05度 俯仰角=-0.01度
10:07:07.703793 [轨迹] 序号=1967 单调时间=4842.483648 时间=4842.484 模式=OFFBOARD 起飞状态=未执行起飞 水平控制=位置保持 类型掩码=3520 实际位置NED=(0.051,1.638,-0.244) 实际速度=(0.000,-0.000,0.001) 最终目标=(0.056,1.599,-0.245) 指令位置=(0.056,1.599,nan) 指令速度=(0.000,0.000,0.000) 指令加速度=(0.000,0.000,nan) 滚转角=0.05度 俯仰角=-0.02度
10:07:07.807245 [轨迹] 序号=1968 单调时间=4842.587210 时间=4842.587 模式=OFFBOARD 起飞状态=未执行起飞 水平控制=位置保持 类型掩码=3520 实际位置NED=(0.051,1.638,-0.244) 实际速度=(0.000,-0.000,0.001) 最终目标=(0.056,1.599,-0.245) 指令位置=(0.056,1.599,nan) 指令速度=(0.000,0.000,0.000) 指令加速度=(0.000,0.000,nan) 滚转角=0.05度 俯仰角=-0.02度
10:07:07.910987 [轨迹] 序号=1969 单调时间=4842.690299 时间=4842.690 模式=OFFBOARD 起飞状态=未执行起飞 水平控制=位置保持 类型掩码=3520 实际位置NED=(0.051,1.638,-0.244) 实际速度=(0.000,-0.000,0.001) 最终目标=(0.056,1.599,-0.245) 指令位置=(0.056,1.599,nan) 指令速度=(0.000,0.000,0.000) 指令加速度=(0.000,0.000,nan) 滚转角=0.05度 俯仰角=-0.02度
10:07:08.014314 [轨迹] 序号=1970 单调时间=4842.794318 时间=4842.794 模式=OFFBOARD 起飞状态=未执行起飞 水平控制=位置保持 类型掩码=3520 实际位置NED=(0.051,1.638,-0.244) 实际速度=(0.000,-0.000,0.001) 最终目标=(0.056,1.599,-0.245) 指令位置=(0.056,1.599,nan) 指令速度=(0.000,0.000,0.000) 指令加速度=(0.000,0.000,nan) 滚转角=0.05度 俯仰角=-0.02度
10:07:08.117219 [轨迹] 序号=1971 单调时间=4842.897082 时间=4842.897 模式=OFFBOARD 起飞状态=未执行起飞 水平控制=位置保持 类型掩码=3520 实际位置NED=(0.051,1.638,-0.244) 实际速度=(0.000,-0.000,0.001) 最终目标=(0.056,1.599,-0.245) 指令位置=(0.056,1.599,nan) 指令速度=(0.000,0.000,0.000) 指令加速度=(0.000,0.000,nan) 滚转角=0.05度 俯仰角=-0.02度
10:07:08.220616 [轨迹] 序号=1972 单调时间=4843.000372 时间=4843.000 模式=OFFBOARD 起飞状态=未执行起飞 水平控制=位置保持 类型掩码=3520 实际位置NED=(0.051,1.638,-0.244) 实际速度=(0.000,-0.000,0.001) 最终目标=(0.056,1.599,-0.245) 指令位置=(0.056,1.599,nan) 指令速度=(0.000,0.000,0.000) 指令加速度=(0.000,0.000,nan) 滚转角=0.05度 俯仰角=-0.02度
10:07:08.323667 [轨迹] 序号=1973 单调时间=4843.103690 时间=4843.104 模式=OFFBOARD 起飞状态=未执行起飞 水平控制=位置保持 类型掩码=3520 实际位置NED=(0.051,1.638,-0.244) 实际速度=(0.000,-0.000,0.001) 最终目标=(0.056,1.599,-0.245) 指令位置=(0.056,1.599,nan) 指令速度=(0.000,0.000,0.000) 指令加速度=(0.000,0.000,nan) 滚转角=0.05度 俯仰角=-0.02度
10:07:08.426673 [轨迹] 序号=1974 单调时间=4843.206513 时间=4843.207 模式=OFFBOARD 起飞状态=未执行起飞 水平控制=位置保持 类型掩码=3520 实际位置NED=(0.051,1.638,-0.244) 实际速度=(0.000,-0.000,0.001) 最终目标=(0.056,1.599,-0.245) 指令位置=(0.056,1.599,nan) 指令速度=(0.000,0.000,0.000) 指令加速度=(0.000,0.000,nan) 滚转角=0.05度 俯仰角=-0.02度
10:07:08.530480 [轨迹] 序号=1975 单调时间=4843.310279 时间=4843.310 模式=OFFBOARD 起飞状态=未执行起飞 水平控制=位置保持 类型掩码=3520 实际位置NED=(0.050,1.638,-0.244) 实际速度=(-0.000,-0.000,0.001) 最终目标=(0.056,1.599,-0.245) 指令位置=(0.056,1.599,nan) 指令速度=(0.000,0.000,0.000) 指令加速度=(0.000,0.000,nan) 滚转角=0.05度 俯仰角=-0.02度
10:07:08.633666 [轨迹] 序号=1976 单调时间=4843.413486 时间=4843.413 模式=OFFBOARD 起飞状态=未执行起飞 水平控制=位置保持 类型掩码=3520 实际位置NED=(0.050,1.638,-0.244) 实际速度=(-0.000,-0.000,0.001) 最终目标=(0.056,1.599,-0.245) 指令位置=(0.056,1.599,nan) 指令速度=(0.000,0.000,0.000) 指令加速度=(0.000,0.000,nan) 滚转角=0.05度 俯仰角=-0.02度
10:07:08.736987 [轨迹] 序号=1977 单调时间=4843.516943 时间=4843.517 模式=OFFBOARD 起飞状态=未执行起飞 水平控制=位置保持 类型掩码=3520 实际位置NED=(0.050,1.638,-0.244) 实际速度=(-0.000,-0.000,0.001) 最终目标=(0.056,1.599,-0.245) 指令位置=(0.056,1.599,nan) 指令速度=(0.000,0.000,0.000) 指令加速度=(0.000,0.000,nan) 滚转角=0.05度 俯仰角=-0.02度
10:07:08.840654 [轨迹] 序号=1978 单调时间=4843.620140 时间=4843.620 模式=OFFBOARD 起飞状态=未执行起飞 水平控制=位置保持 类型掩码=3520 实际位置NED=(0.050,1.638,-0.244) 实际速度=(-0.000,-0.000,0.001) 最终目标=(0.056,1.599,-0.245) 指令位置=(0.056,1.599,nan) 指令速度=(0.000,0.000,0.000) 指令加速度=(0.000,0.000,nan) 滚转角=0.05度 俯仰角=-0.02度
10:07:08.943908 [轨迹] 序号=1979 单调时间=4843.723778 时间=4843.724 模式=OFFBOARD 起飞状态=未执行起飞 水平控制=位置保持 类型掩码=3520 实际位置NED=(0.050,1.638,-0.244) 实际速度=(-0.000,-0.000,0.001) 最终目标=(0.056,1.599,-0.245) 指令位置=(0.056,1.599,nan) 指令速度=(0.000,0.000,0.000) 指令加速度=(0.000,0.000,nan) 滚转角=0.05度 俯仰角=-0.02度
10:07:09.047674 [轨迹] 序号=1980 单调时间=4843.827391 时间=4843.827 模式=OFFBOARD 起飞状态=未执行起飞 水平控制=位置保持 类型掩码=3520 实际位置NED=(0.050,1.638,-0.244) 实际速度=(-0.000,-0.000,0.001) 最终目标=(0.056,1.599,-0.245) 指令位置=(0.056,1.599,nan) 指令速度=(0.000,0.000,0.000) 指令加速度=(0.000,0.000,nan) 滚转角=0.05度 俯仰角=-0.02度
10:07:09.151482 [轨迹] 序号=1981 单调时间=4843.931422 时间=4843.931 模式=OFFBOARD 起飞状态=未执行起飞 水平控制=位置保持 类型掩码=3520 实际位置NED=(0.050,1.638,-0.244) 实际速度=(-0.000,-0.000,0.001) 最终目标=(0.056,1.599,-0.245) 指令位置=(0.056,1.599,nan) 指令速度=(0.000,0.000,0.000) 指令加速度=(0.000,0.000,nan) 滚转角=0.05度 俯仰角=-0.02度
10:07:09.254982 [轨迹] 序号=1982 单调时间=4844.034770 时间=4844.035 模式=OFFBOARD 起飞状态=未执行起飞 水平控制=位置保持 类型掩码=3520 实际位置NED=(0.050,1.638,-0.244) 实际速度=(-0.000,-0.000,0.001) 最终目标=(0.056,1.599,-0.245) 指令位置=(0.056,1.599,nan) 指令速度=(0.000,0.000,0.000) 指令加速度=(0.000,0.000,nan) 滚转角=0.05度 俯仰角=-0.02度
10:07:09.358896 [轨迹] 序号=1983 单调时间=4844.138869 时间=4844.139 模式=OFFBOARD 起飞状态=未执行起飞 水平控制=位置保持 类型掩码=3520 实际位置NED=(0.050,1.638,-0.244) 实际速度=(-0.000,-0.000,0.000) 最终目标=(0.056,1.599,-0.245) 指令位置=(0.056,1.599,nan) 指令速度=(0.000,0.000,0.000) 指令加速度=(0.000,0.000,nan) 滚转角=0.05度 俯仰角=-0.02度
10:07:09.462026 [轨迹] 序号=1984 单调时间=4844.241821 时间=4844.242 模式=OFFBOARD 起飞状态=未执行起飞 水平控制=位置保持 类型掩码=3520 实际位置NED=(0.050,1.638,-0.244) 实际速度=(-0.000,-0.000,0.000) 最终目标=(0.056,1.599,-0.245) 指令位置=(0.056,1.599,nan) 指令速度=(0.000,0.000,0.000) 指令加速度=(0.000,0.000,nan) 滚转角=0.05度 俯仰角=-0.02度
10:07:09.564790 [轨迹] 序号=1985 单调时间=4844.344804 时间=4844.345 模式=OFFBOARD 起飞状态=未执行起飞 水平控制=位置保持 类型掩码=3520 实际位置NED=(0.050,1.638,-0.244) 实际速度=(-0.000,-0.000,0.000) 最终目标=(0.056,1.599,-0.245) 指令位置=(0.056,1.599,nan) 指令速度=(0.000,0.000,0.000) 指令加速度=(0.000,0.000,nan) 滚转角=0.05度 俯仰角=-0.02度
10:07:09.668302 [轨迹] 序号=1986 单调时间=4844.448213 时间=4844.448 模式=OFFBOARD 起飞状态=未执行起飞 水平控制=位置保持 类型掩码=3520 实际位置NED=(0.050,1.638,-0.244) 实际速度=(-0.000,-0.000,0.000) 最终目标=(0.056,1.599,-0.245) 指令位置=(0.056,1.599,nan) 指令速度=(0.000,0.000,0.000) 指令加速度=(0.000,0.000,nan) 滚转角=0.05度 俯仰角=-0.02度
10:07:09.771489 [轨迹] 序号=1987 单调时间=4844.551434 时间=4844.551 模式=OFFBOARD 起飞状态=未执行起飞 水平控制=位置保持 类型掩码=3520 实际位置NED=(0.050,1.638,-0.245) 实际速度=(-0.000,-0.000,0.000) 最终目标=(0.056,1.599,-0.245) 指令位置=(0.056,1.599,nan) 指令速度=(0.000,0.000,0.000) 指令加速度=(0.000,0.000,nan) 滚转角=0.05度 俯仰角=-0.02度
10:07:09.875603 [轨迹] 序号=1988 单调时间=4844.655346 时间=4844.655 模式=OFFBOARD 起飞状态=未执行起飞 水平控制=位置保持 类型掩码=3520 实际位置NED=(0.050,1.638,-0.245) 实际速度=(-0.000,-0.000,0.000) 最终目标=(0.056,1.599,-0.245) 指令位置=(0.056,1.599,nan) 指令速度=(0.000,0.000,0.000) 指令加速度=(0.000,0.000,nan) 滚转角=0.05度 俯仰角=-0.02度
10:07:09.979744 [轨迹] 序号=1989 单调时间=4844.759124 时间=4844.759 模式=OFFBOARD 起飞状态=未执行起飞 水平控制=位置保持 类型掩码=3520 实际位置NED=(0.050,1.638,-0.245) 实际速度=(-0.000,0.000,-0.000) 最终目标=(0.056,1.599,-0.245) 指令位置=(0.056,1.599,nan) 指令速度=(0.000,0.000,0.000) 指令加速度=(0.000,0.000,nan) 滚转角=0.05度 俯仰角=-0.02度
10:07:10.082974 [轨迹] 序号=1990 单调时间=4844.862932 时间=4844.863 模式=OFFBOARD 起飞状态=未执行起飞 水平控制=位置保持 类型掩码=3520 实际位置NED=(0.050,1.638,-0.245) 实际速度=(0.000,0.000,-0.000) 最终目标=(0.056,1.599,-0.245) 指令位置=(0.056,1.599,nan) 指令速度=(0.000,0.000,0.000) 指令加速度=(0.000,0.000,nan) 滚转角=0.05度 俯仰角=-0.02度
10:07:10.186546 [轨迹] 序号=1991 单调时间=4844.966383 时间=4844.966 模式=OFFBOARD 起飞状态=未执行起飞 水平控制=位置保持 类型掩码=3520 实际位置NED=(0.050,1.639,-0.245) 实际速度=(-0.000,-0.000,-0.000) 最终目标=(0.056,1.599,-0.245) 指令位置=(0.056,1.599,nan) 指令速度=(0.000,0.000,0.000) 指令加速度=(0.000,0.000,nan) 滚转角=0.05度 俯仰角=-0.02度
10:07:10.290175 [轨迹] 序号=1992 单调时间=4845.070105 时间=4845.070 模式=OFFBOARD 起飞状态=未执行起飞 水平控制=位置保持 类型掩码=3520 实际位置NED=(0.050,1.639,-0.245) 实际速度=(-0.000,0.000,-0.000) 最终目标=(0.056,1.599,-0.245) 指令位置=(0.056,1.599,nan) 指令速度=(0.000,0.000,0.000) 指令加速度=(0.000,0.000,nan) 滚转角=0.05度 俯仰角=-0.02度
10:07:10.393135 [轨迹] 序号=1993 单调时间=4845.173060 时间=4845.173 模式=OFFBOARD 起飞状态=未执行起飞 水平控制=位置保持 类型掩码=3520 实际位置NED=(0.050,1.639,-0.245) 实际速度=(-0.000,0.000,-0.000) 最终目标=(0.056,1.599,-0.245) 指令位置=(0.056,1.599,nan) 指令速度=(0.000,0.000,0.000) 指令加速度=(0.000,0.000,nan) 滚转角=0.05度 俯仰角=-0.02度
10:07:10.498153 [轨迹] 序号=1994 单调时间=4845.278037 时间=4845.278 模式=OFFBOARD 起飞状态=未执行起飞 水平控制=位置保持 类型掩码=3520 实际位置NED=(0.050,1.639,-0.245) 实际速度=(-0.000,0.000,-0.000) 最终目标=(0.056,1.599,-0.245) 指令位置=(0.056,1.599,nan) 指令速度=(0.000,0.000,0.000) 指令加速度=(0.000,0.000,nan) 滚转角=0.05度 俯仰角=-0.02度
10:07:10.601402 [轨迹] 序号=1995 单调时间=4845.381211 时间=4845.381 模式=OFFBOARD 起飞状态=未执行起飞 水平控制=位置保持 类型掩码=3520 实际位置NED=(0.050,1.639,-0.245) 实际速度=(-0.000,0.000,-0.001) 最终目标=(0.056,1.599,-0.245) 指令位置=(0.056,1.599,nan) 指令速度=(0.000,0.000,0.000) 指令加速度=(0.000,0.000,nan) 滚转角=0.05度 俯仰角=-0.02度
10:07:10.704656 [轨迹] 序号=1996 单调时间=4845.484680 时间=4845.485 模式=OFFBOARD 起飞状态=未执行起飞 水平控制=位置保持 类型掩码=3520 实际位置NED=(0.050,1.639,-0.245) 实际速度=(0.000,0.000,-0.001) 最终目标=(0.056,1.599,-0.245) 指令位置=(0.056,1.599,nan) 指令速度=(0.000,0.000,0.000) 指令加速度=(0.000,0.000,nan) 滚转角=0.05度 俯仰角=-0.02度
10:07:10.807816 [轨迹] 序号=1997 单调时间=4845.587630 时间=4845.588 模式=OFFBOARD 起飞状态=未执行起飞 水平控制=位置保持 类型掩码=3520 实际位置NED=(0.050,1.639,-0.245) 实际速度=(0.000,0.000,-0.001) 最终目标=(0.056,1.599,-0.245) 指令位置=(0.056,1.599,nan) 指令速度=(0.000,0.000,0.000) 指令加速度=(0.000,0.000,nan) 滚转角=0.05度 俯仰角=-0.02度
10:07:10.910844 [轨迹] 序号=1998 单调时间=4845.690740 时间=4845.691 模式=OFFBOARD 起飞状态=未执行起飞 水平控制=位置保持 类型掩码=3520 实际位置NED=(0.050,1.639,-0.245) 实际速度=(0.000,0.000,-0.001) 最终目标=(0.056,1.599,-0.245) 指令位置=(0.056,1.599,nan) 指令速度=(0.000,0.000,0.000) 指令加速度=(0.000,0.000,nan) 滚转角=0.05度 俯仰角=-0.02度
10:07:11.014818 [轨迹] 序号=1999 单调时间=4845.794599 时间=4845.795 模式=OFFBOARD 起飞状态=未执行起飞 水平控制=位置保持 类型掩码=3520 实际位置NED=(0.050,1.639,-0.245) 实际速度=(-0.000,0.000,-0.001) 最终目标=(0.056,1.599,-0.245) 指令位置=(0.056,1.599,nan) 指令速度=(0.000,0.000,0.000) 指令加速度=(0.000,0.000,nan) 滚转角=0.05度 俯仰角=-0.02度
10:07:11.117758 [轨迹] 序号=2000 单调时间=4845.897662 时间=4845.898 模式=OFFBOARD 起飞状态=未执行起飞 水平控制=位置保持 类型掩码=3520 实际位置NED=(0.050,1.639,-0.245) 实际速度=(-0.000,0.000,-0.001) 最终目标=(0.056,1.599,-0.245) 指令位置=(0.056,1.599,nan) 指令速度=(0.000,0.000,0.000) 指令加速度=(0.000,0.000,nan) 滚转角=0.05度 俯仰角=-0.02度
10:07:11.221201 [轨迹] 序号=2001 单调时间=4846.001021 时间=4846.001 模式=OFFBOARD 起飞状态=未执行起飞 水平控制=位置保持 类型掩码=3520 实际位置NED=(0.050,1.639,-0.245) 实际速度=(-0.000,0.000,-0.001) 最终目标=(0.056,1.599,-0.245) 指令位置=(0.056,1.599,nan) 指令速度=(0.000,0.000,0.000) 指令加速度=(0.000,0.000,nan) 滚转角=0.05度 俯仰角=-0.02度
10:07:11.325222 [轨迹] 序号=2002 单调时间=4846.105115 时间=4846.105 模式=OFFBOARD 起飞状态=未执行起飞 水平控制=位置保持 类型掩码=3520 实际位置NED=(0.050,1.639,-0.246) 实际速度=(-0.000,0.000,-0.001) 最终目标=(0.056,1.599,-0.245) 指令位置=(0.056,1.599,nan) 指令速度=(0.000,0.000,0.000) 指令加速度=(0.000,0.000,nan) 滚转角=0.05度 俯仰角=-0.02度
10:07:11.428434 [轨迹] 序号=2003 单调时间=4846.208348 时间=4846.208 模式=OFFBOARD 起飞状态=未执行起飞 水平控制=位置保持 类型掩码=3520 实际位置NED=(0.050,1.639,-0.246) 实际速度=(-0.000,0.000,-0.001) 最终目标=(0.056,1.599,-0.245) 指令位置=(0.056,1.599,nan) 指令速度=(0.000,0.000,0.000) 指令加速度=(0.000,0.000,nan) 滚转角=0.05度 俯仰角=-0.02度
10:07:11.531681 [轨迹] 序号=2004 单调时间=4846.311527 时间=4846.312 模式=OFFBOARD 起飞状态=未执行起飞 水平控制=位置保持 类型掩码=3520 实际位置NED=(0.050,1.639,-0.246) 实际速度=(-0.000,0.000,-0.001) 最终目标=(0.056,1.599,-0.245) 指令位置=(0.056,1.599,nan) 指令速度=(0.000,0.000,0.000) 指令加速度=(0.000,0.000,nan) 滚转角=0.05度 俯仰角=-0.02度
10:07:11.634520 [轨迹] 序号=2005 单调时间=4846.414464 时间=4846.414 模式=OFFBOARD 起飞状态=未执行起飞 水平控制=位置保持 类型掩码=3520 实际位置NED=(0.050,1.639,-0.246) 实际速度=(-0.000,0.000,-0.001) 最终目标=(0.056,1.599,-0.245) 指令位置=(0.056,1.599,nan) 指令速度=(0.000,0.000,0.000) 指令加速度=(0.000,0.000,nan) 滚转角=0.05度 俯仰角=-0.02度
10:07:11.737908 [轨迹] 序号=2006 单调时间=4846.517861 时间=4846.518 模式=OFFBOARD 起飞状态=未执行起飞 水平控制=位置保持 类型掩码=3520 实际位置NED=(0.050,1.639,-0.246) 实际速度=(-0.000,0.000,-0.001) 最终目标=(0.056,1.599,-0.245) 指令位置=(0.056,1.599,nan) 指令速度=(0.000,0.000,0.000) 指令加速度=(0.000,0.000,nan) 滚转角=0.05度 俯仰角=-0.02度
10:07:11.840916 [轨迹] 序号=2007 单调时间=4846.620712 时间=4846.621 模式=OFFBOARD 起飞状态=未执行起飞 水平控制=位置保持 类型掩码=3520 实际位置NED=(0.050,1.639,-0.246) 实际速度=(-0.000,0.000,-0.001) 最终目标=(0.056,1.599,-0.245) 指令位置=(0.056,1.599,nan) 指令速度=(0.000,0.000,0.000) 指令加速度=(0.000,0.000,nan) 滚转角=0.05度 俯仰角=-0.02度
10:07:11.945165 [轨迹] 序号=2008 单调时间=4846.724921 时间=4846.725 模式=OFFBOARD 起飞状态=未执行起飞 水平控制=位置保持 类型掩码=3520 实际位置NED=(0.050,1.639,-0.246) 实际速度=(-0.000,0.000,-0.001) 最终目标=(0.056,1.599,-0.245) 指令位置=(0.056,1.599,nan) 指令速度=(0.000,0.000,0.000) 指令加速度=(0.000,0.000,nan) 滚转角=0.05度 俯仰角=-0.02度
10:07:12.049748 [轨迹] 序号=2009 单调时间=4846.829636 时间=4846.830 模式=OFFBOARD 起飞状态=未执行起飞 水平控制=位置保持 类型掩码=3520 实际位置NED=(0.050,1.639,-0.246) 实际速度=(-0.000,0.000,-0.001) 最终目标=(0.056,1.599,-0.245) 指令位置=(0.056,1.599,nan) 指令速度=(0.000,0.000,0.000) 指令加速度=(0.000,0.000,nan) 滚转角=0.05度 俯仰角=-0.02度
10:07:12.150541 [轨迹] 序号=2010 单调时间=4846.930385 时间=4846.930 模式=OFFBOARD 起飞状态=未执行起飞 水平控制=位置保持 类型掩码=3520 实际位置NED=(0.050,1.639,-0.246) 实际速度=(-0.000,0.000,-0.000) 最终目标=(0.056,1.599,-0.245) 指令位置=(0.056,1.599,nan) 指令速度=(0.000,0.000,0.000) 指令加速度=(0.000,0.000,nan) 滚转角=0.05度 俯仰角=-0.02度
10:07:12.255236 [轨迹] 序号=2011 单调时间=4847.035157 时间=4847.035 模式=OFFBOARD 起飞状态=未执行起飞 水平控制=位置保持 类型掩码=3520 实际位置NED=(0.050,1.639,-0.246) 实际速度=(-0.000,0.000,-0.000) 最终目标=(0.056,1.599,-0.245) 指令位置=(0.056,1.599,nan) 指令速度=(0.000,0.000,0.000) 指令加速度=(0.000,0.000,nan) 滚转角=0.05度 俯仰角=-0.02度
10:07:12.359418 [轨迹] 序号=2012 单调时间=4847.139178 时间=4847.139 模式=OFFBOARD 起飞状态=未执行起飞 水平控制=位置保持 类型掩码=3520 实际位置NED=(0.050,1.639,-0.245) 实际速度=(-0.000,0.000,-0.000) 最终目标=(0.056,1.599,-0.245) 指令位置=(0.056,1.599,nan) 指令速度=(0.000,0.000,0.000) 指令加速度=(0.000,0.000,nan) 滚转角=0.05度 俯仰角=-0.02度
10:07:12.463183 [轨迹] 序号=2013 单调时间=4847.243058 时间=4847.243 模式=OFFBOARD 起飞状态=未执行起飞 水平控制=位置保持 类型掩码=3520 实际位置NED=(0.050,1.639,-0.245) 实际速度=(-0.000,0.000,-0.000) 最终目标=(0.056,1.599,-0.245) 指令位置=(0.056,1.599,nan) 指令速度=(0.000,0.000,0.000) 指令加速度=(0.000,0.000,nan) 滚转角=0.05度 俯仰角=-0.02度
10:07:12.568255 [轨迹] 序号=2014 单调时间=4847.348241 时间=4847.348 模式=OFFBOARD 起飞状态=未执行起飞 水平控制=位置保持 类型掩码=3520 实际位置NED=(0.050,1.639,-0.245) 实际速度=(-0.000,0.000,-0.000) 最终目标=(0.056,1.599,-0.245) 指令位置=(0.056,1.599,nan) 指令速度=(0.000,0.000,0.000) 指令加速度=(0.000,0.000,nan) 滚转角=0.05度 俯仰角=-0.02度
10:07:12.672927 [轨迹] 序号=2015 单调时间=4847.452822 时间=4847.453 模式=OFFBOARD 起飞状态=未执行起飞 水平控制=位置保持 类型掩码=3520 实际位置NED=(0.049,1.639,-0.245) 实际速度=(-0.000,0.000,-0.000) 最终目标=(0.056,1.599,-0.245) 指令位置=(0.056,1.599,nan) 指令速度=(0.000,0.000,0.000) 指令加速度=(0.000,0.000,nan) 滚转角=0.05度 俯仰角=-0.02度
10:07:12.777078 [轨迹] 序号=2016 单调时间=4847.556998 时间=4847.557 模式=OFFBOARD 起飞状态=未执行起飞 水平控制=位置保持 类型掩码=3520 实际位置NED=(0.049,1.639,-0.245) 实际速度=(-0.000,0.000,-0.000) 最终目标=(0.056,1.599,-0.245) 指令位置=(0.056,1.599,nan) 指令速度=(0.000,0.000,0.000) 指令加速度=(0.000,0.000,nan) 滚转角=0.05度 俯仰角=-0.02度
10:07:12.881511 [轨迹] 序号=2017 单调时间=4847.661353 时间=4847.661 模式=OFFBOARD 起飞状态=未执行起飞 水平控制=位置保持 类型掩码=3520 实际位置NED=(0.049,1.639,-0.245) 实际速度=(-0.000,0.000,-0.000) 最终目标=(0.056,1.599,-0.245) 指令位置=(0.056,1.599,nan) 指令速度=(0.000,0.000,0.000) 指令加速度=(0.000,0.000,nan) 滚转角=0.05度 俯仰角=-0.02度
10:07:12.985860 [轨迹] 序号=2018 单调时间=4847.765767 时间=4847.766 模式=OFFBOARD 起飞状态=未执行起飞 水平控制=位置保持 类型掩码=3520 实际位置NED=(0.049,1.639,-0.245) 实际速度=(-0.000,-0.000,-0.000) 最终目标=(0.056,1.599,-0.245) 指令位置=(0.056,1.599,nan) 指令速度=(0.000,0.000,0.000) 指令加速度=(0.000,0.000,nan) 滚转角=0.05度 俯仰角=-0.02度
10:07:13.090623 [轨迹] 序号=2019 单调时间=4847.870479 时间=4847.870 模式=OFFBOARD 起飞状态=未执行起飞 水平控制=位置保持 类型掩码=3520 实际位置NED=(0.049,1.639,-0.245) 实际速度=(-0.000,-0.000,-0.000) 最终目标=(0.056,1.599,-0.245) 指令位置=(0.056,1.599,nan) 指令速度=(0.000,0.000,0.000) 指令加速度=(0.000,0.000,nan) 滚转角=0.05度 俯仰角=-0.02度
10:07:13.194584 [轨迹] 序号=2020 单调时间=4847.974544 时间=4847.975 模式=OFFBOARD 起飞状态=未执行起飞 水平控制=位置保持 类型掩码=3520 实际位置NED=(0.049,1.639,-0.245) 实际速度=(-0.000,-0.000,0.000) 最终目标=(0.056,1.599,-0.245) 指令位置=(0.056,1.599,nan) 指令速度=(0.000,0.000,0.000) 指令加速度=(0.000,0.000,nan) 滚转角=0.05度 俯仰角=-0.02度
10:07:13.295852 [轨迹] 序号=2021 单调时间=4848.075686 时间=4848.076 模式=OFFBOARD 起飞状态=未执行起飞 水平控制=位置保持 类型掩码=3520 实际位置NED=(0.049,1.639,-0.245) 实际速度=(-0.000,-0.000,0.000) 最终目标=(0.056,1.599,-0.245) 指令位置=(0.056,1.599,nan) 指令速度=(0.000,0.000,0.000) 指令加速度=(0.000,0.000,nan) 滚转角=0.05度 俯仰角=-0.02度
10:07:13.399960 [轨迹] 序号=2022 单调时间=4848.179653 时间=4848.180 模式=OFFBOARD 起飞状态=未执行起飞 水平控制=位置保持 类型掩码=3520 实际位置NED=(0.049,1.639,-0.245) 实际速度=(-0.000,-0.000,0.000) 最终目标=(0.056,1.599,-0.245) 指令位置=(0.056,1.599,nan) 指令速度=(0.000,0.000,0.000) 指令加速度=(0.000,0.000,nan) 滚转角=0.05度 俯仰角=-0.02度
10:07:13.504420 [轨迹] 序号=2023 单调时间=4848.284167 时间=4848.284 模式=OFFBOARD 起飞状态=未执行起飞 水平控制=位置保持 类型掩码=3520 实际位置NED=(0.049,1.639,-0.245) 实际速度=(-0.000,-0.000,0.000) 最终目标=(0.056,1.599,-0.245) 指令位置=(0.056,1.599,nan) 指令速度=(0.000,0.000,0.000) 指令加速度=(0.000,0.000,nan) 滚转角=0.05度 俯仰角=-0.02度
10:07:13.608413 [轨迹] 序号=2024 单调时间=4848.388282 时间=4848.388 模式=OFFBOARD 起飞状态=未执行起飞 水平控制=位置保持 类型掩码=3520 实际位置NED=(0.049,1.639,-0.245) 实际速度=(-0.000,-0.000,0.000) 最终目标=(0.056,1.599,-0.245) 指令位置=(0.056,1.599,nan) 指令速度=(0.000,0.000,0.000) 指令加速度=(0.000,0.000,nan) 滚转角=0.05度 俯仰角=-0.02度
10:07:13.712724 [轨迹] 序号=2025 单调时间=4848.492643 时间=4848.493 模式=OFFBOARD 起飞状态=未执行起飞 水平控制=位置保持 类型掩码=3520 实际位置NED=(0.049,1.639,-0.245) 实际速度=(-0.000,0.000,0.000) 最终目标=(0.056,1.599,-0.245) 指令位置=(0.056,1.599,nan) 指令速度=(0.000,0.000,0.000) 指令加速度=(0.000,0.000,nan) 滚转角=0.05度 俯仰角=-0.02度
10:07:13.817609 [轨迹] 序号=2026 单调时间=4848.597543 时间=4848.598 模式=OFFBOARD 起飞状态=未执行起飞 水平控制=位置保持 类型掩码=3520 实际位置NED=(0.049,1.639,-0.245) 实际速度=(-0.000,-0.000,0.000) 最终目标=(0.056,1.599,-0.245) 指令位置=(0.056,1.599,nan) 指令速度=(0.000,0.000,0.000) 指令加速度=(0.000,0.000,nan) 滚转角=0.05度 俯仰角=-0.02度
10:07:13.921765 [轨迹] 序号=2027 单调时间=4848.701659 时间=4848.702 模式=OFFBOARD 起飞状态=未执行起飞 水平控制=位置保持 类型掩码=3520 实际位置NED=(0.049,1.639,-0.245) 实际速度=(-0.001,-0.000,0.000) 最终目标=(0.056,1.599,-0.245) 指令位置=(0.056,1.599,nan) 指令速度=(0.000,0.000,0.000) 指令加速度=(0.000,0.000,nan) 滚转角=0.05度 俯仰角=-0.02度
10:07:14.025883 [轨迹] 序号=2028 单调时间=4848.805461 时间=4848.805 模式=OFFBOARD 起飞状态=未执行起飞 水平控制=位置保持 类型掩码=3520 实际位置NED=(0.049,1.639,-0.245) 实际速度=(-0.001,0.000,0.001) 最终目标=(0.056,1.599,-0.245) 指令位置=(0.056,1.599,nan) 指令速度=(0.000,0.000,0.000) 指令加速度=(0.000,0.000,nan) 滚转角=0.05度 俯仰角=-0.02度
10:07:14.129931 [轨迹] 序号=2029 单调时间=4848.909802 时间=4848.910 模式=OFFBOARD 起飞状态=未执行起飞 水平控制=位置保持 类型掩码=3520 实际位置NED=(0.049,1.639,-0.245) 实际速度=(-0.001,0.000,0.001) 最终目标=(0.056,1.599,-0.245) 指令位置=(0.056,1.599,nan) 指令速度=(0.000,0.000,0.000) 指令加速度=(0.000,0.000,nan) 滚转角=0.05度 俯仰角=-0.02度
10:07:14.234276 [轨迹] 序号=2030 单调时间=4849.014178 时间=4849.014 模式=OFFBOARD 起飞状态=未执行起飞 水平控制=位置保持 类型掩码=3520 实际位置NED=(0.049,1.639,-0.245) 实际速度=(-0.001,-0.000,0.001) 最终目标=(0.056,1.599,-0.245) 指令位置=(0.056,1.599,nan) 指令速度=(0.000,0.000,0.000) 指令加速度=(0.000,0.000,nan) 滚转角=0.05度 俯仰角=-0.02度
10:07:14.338388 [轨迹] 序号=2031 单调时间=4849.118355 时间=4849.118 模式=OFFBOARD 起飞状态=未执行起飞 水平控制=位置保持 类型掩码=3520 实际位置NED=(0.049,1.639,-0.245) 实际速度=(-0.001,-0.000,0.000) 最终目标=(0.056,1.599,-0.245) 指令位置=(0.056,1.599,nan) 指令速度=(0.000,0.000,0.000) 指令加速度=(0.000,0.000,nan) 滚转角=0.05度 俯仰角=-0.02度
10:07:14.442961 [轨迹] 序号=2032 单调时间=4849.223055 时间=4849.223 模式=OFFBOARD 起飞状态=未执行起飞 水平控制=位置保持 类型掩码=3520 实际位置NED=(0.049,1.639,-0.245) 实际速度=(-0.001,-0.000,0.001) 最终目标=(0.056,1.599,-0.245) 指令位置=(0.056,1.599,nan) 指令速度=(0.000,0.000,0.000) 指令加速度=(0.000,0.000,nan) 滚转角=0.05度 俯仰角=-0.02度
10:07:14.547010 [轨迹] 序号=2033 单调时间=4849.327015 时间=4849.327 模式=OFFBOARD 起飞状态=未执行起飞 水平控制=位置保持 类型掩码=3520 实际位置NED=(0.049,1.639,-0.245) 实际速度=(-0.000,-0.000,0.001) 最终目标=(0.056,1.599,-0.245) 指令位置=(0.056,1.599,nan) 指令速度=(0.000,0.000,0.000) 指令加速度=(0.000,0.000,nan) 滚转角=0.05度 俯仰角=-0.02度
10:07:14.650729 [轨迹] 序号=2034 单调时间=4849.430507 时间=4849.431 模式=OFFBOARD 起飞状态=未执行起飞 水平控制=位置保持 类型掩码=3520 实际位置NED=(0.049,1.639,-0.245) 实际速度=(-0.001,-0.000,0.001) 最终目标=(0.056,1.599,-0.245) 指令位置=(0.056,1.599,nan) 指令速度=(0.000,0.000,0.000) 指令加速度=(0.000,0.000,nan) 滚转角=0.05度 俯仰角=-0.01度
10:07:14.754998 [轨迹] 序号=2035 单调时间=4849.534842 时间=4849.535 模式=OFFBOARD 起飞状态=未执行起飞 水平控制=位置保持 类型掩码=3520 实际位置NED=(0.049,1.639,-0.245) 实际速度=(-0.001,0.000,0.001) 最终目标=(0.056,1.599,-0.245) 指令位置=(0.056,1.599,nan) 指令速度=(0.000,0.000,0.000) 指令加速度=(0.000,0.000,nan) 滚转角=0.05度 俯仰角=-0.01度
10:07:14.858765 [轨迹] 序号=2036 单调时间=4849.638709 时间=4849.639 模式=OFFBOARD 起飞状态=未执行起飞 水平控制=位置保持 类型掩码=3520 实际位置NED=(0.049,1.639,-0.245) 实际速度=(-0.001,0.000,0.001) 最终目标=(0.056,1.599,-0.245) 指令位置=(0.056,1.599,nan) 指令速度=(0.000,0.000,0.000) 指令加速度=(0.000,0.000,nan) 滚转角=0.05度 俯仰角=-0.01度
10:07:14.964519 [轨迹] 序号=2037 单调时间=4849.744409 时间=4849.744 模式=OFFBOARD 起飞状态=未执行起飞 水平控制=位置保持 类型掩码=3520 实际位置NED=(0.049,1.639,-0.245) 实际速度=(-0.000,0.000,0.001) 最终目标=(0.056,1.599,-0.245) 指令位置=(0.056,1.599,nan) 指令速度=(0.000,0.000,0.000) 指令加速度=(0.000,0.000,nan) 滚转角=0.05度 俯仰角=-0.02度
10:07:15.068566 [轨迹] 序号=2038 单调时间=4849.848349 时间=4849.848 模式=OFFBOARD 起飞状态=未执行起飞 水平控制=位置保持 类型掩码=3520 实际位置NED=(0.049,1.639,-0.245) 实际速度=(-0.000,0.000,0.001) 最终目标=(0.056,1.599,-0.245) 指令位置=(0.056,1.599,nan) 指令速度=(0.000,0.000,0.000) 指令加速度=(0.000,0.000,nan) 滚转角=0.05度 俯仰角=-0.02度
10:07:15.173019 [轨迹] 序号=2039 单调时间=4849.952930 时间=4849.953 模式=OFFBOARD 起飞状态=未执行起飞 水平控制=位置保持 类型掩码=3520 实际位置NED=(0.049,1.639,-0.245) 实际速度=(-0.000,-0.000,0.001) 最终目标=(0.056,1.599,-0.245) 指令位置=(0.056,1.599,nan) 指令速度=(0.000,0.000,0.000) 指令加速度=(0.000,0.000,nan) 滚转角=0.05度 俯仰角=-0.02度
10:07:15.277264 [轨迹] 序号=2040 单调时间=4850.057102 时间=4850.057 模式=OFFBOARD 起飞状态=未执行起飞 水平控制=位置保持 类型掩码=3520 实际位置NED=(0.049,1.639,-0.245) 实际速度=(-0.000,0.000,0.001) 最终目标=(0.056,1.599,-0.245) 指令位置=(0.056,1.599,nan) 指令速度=(0.000,0.000,0.000) 指令加速度=(0.000,0.000,nan) 滚转角=0.05度 俯仰角=-0.02度
10:07:15.382314 [轨迹] 序号=2041 单调时间=4850.162242 时间=4850.162 模式=OFFBOARD 起飞状态=未执行起飞 水平控制=位置保持 类型掩码=3520 实际位置NED=(0.049,1.639,-0.245) 实际速度=(-0.001,0.000,0.001) 最终目标=(0.056,1.599,-0.245) 指令位置=(0.056,1.599,nan) 指令速度=(0.000,0.000,0.000) 指令加速度=(0.000,0.000,nan) 滚转角=0.05度 俯仰角=-0.01度
10:07:15.486988 [轨迹] 序号=2042 单调时间=4850.266820 时间=4850.267 模式=OFFBOARD 起飞状态=未执行起飞 水平控制=位置保持 类型掩码=3520 实际位置NED=(0.049,1.639,-0.245) 实际速度=(-0.001,-0.000,0.001) 最终目标=(0.056,1.599,-0.245) 指令位置=(0.056,1.599,nan) 指令速度=(0.000,0.000,0.000) 指令加速度=(0.000,0.000,nan) 滚转角=0.05度 俯仰角=-0.01度
10:07:15.591504 [轨迹] 序号=2043 单调时间=4850.371544 时间=4850.372 模式=OFFBOARD 起飞状态=未执行起飞 水平控制=位置保持 类型掩码=3520 实际位置NED=(0.049,1.639,-0.245) 实际速度=(-0.001,-0.000,0.001) 最终目标=(0.056,1.599,-0.245) 指令位置=(0.056,1.599,nan) 指令速度=(0.000,0.000,0.000) 指令加速度=(0.000,0.000,nan) 滚转角=0.05度 俯仰角=-0.01度
10:07:15.696850 [轨迹] 序号=2044 单调时间=4850.476742 时间=4850.477 模式=OFFBOARD 起飞状态=未执行起飞 水平控制=位置保持 类型掩码=3520 实际位置NED=(0.049,1.639,-0.245) 实际速度=(-0.001,0.000,0.001) 最终目标=(0.056,1.599,-0.245) 指令位置=(0.056,1.599,nan) 指令速度=(0.000,0.000,0.000) 指令加速度=(0.000,0.000,nan) 滚转角=0.05度 俯仰角=-0.01度
10:07:15.801815 [轨迹] 序号=2045 单调时间=4850.581526 时间=4850.582 模式=OFFBOARD 起飞状态=未执行起飞 水平控制=位置保持 类型掩码=3520 实际位置NED=(0.049,1.639,-0.245) 实际速度=(-0.001,-0.000,0.001) 最终目标=(0.056,1.599,-0.245) 指令位置=(0.056,1.599,nan) 指令速度=(0.000,0.000,0.000) 指令加速度=(0.000,0.000,nan) 滚转角=0.05度 俯仰角=-0.02度
10:07:15.906248 [轨迹] 序号=2046 单调时间=4850.685867 时间=4850.686 模式=OFFBOARD 起飞状态=未执行起飞 水平控制=位置保持 类型掩码=3520 实际位置NED=(0.049,1.639,-0.245) 实际速度=(-0.001,-0.000,0.001) 最终目标=(0.056,1.599,-0.245) 指令位置=(0.056,1.599,nan) 指令速度=(0.000,0.000,0.000) 指令加速度=(0.000,0.000,nan) 滚转角=0.05度 俯仰角=-0.01度
10:07:16.008003 [轨迹] 序号=2047 单调时间=4850.786638 时间=4850.787 模式=OFFBOARD 起飞状态=未执行起飞 水平控制=位置保持 类型掩码=3520 实际位置NED=(0.049,1.639,-0.245) 实际速度=(-0.001,-0.000,0.001) 最终目标=(0.056,1.599,-0.245) 指令位置=(0.056,1.599,nan) 指令速度=(0.000,0.000,0.000) 指令加速度=(0.000,0.000,nan) 滚转角=0.06度 俯仰角=-0.01度
10:07:16.109567 [轨迹] 序号=2048 单调时间=4850.889359 时间=4850.889 模式=OFFBOARD 起飞状态=未执行起飞 水平控制=位置保持 类型掩码=3520 实际位置NED=(0.049,1.639,-0.245) 实际速度=(-0.001,-0.000,0.001) 最终目标=(0.056,1.599,-0.245) 指令位置=(0.056,1.599,nan) 指令速度=(0.000,0.000,0.000) 指令加速度=(0.000,0.000,nan) 滚转角=0.06度 俯仰角=-0.01度
10:07:16.213853 [轨迹] 序号=2049 单调时间=4850.993272 时间=4850.993 模式=OFFBOARD 起飞状态=未执行起飞 水平控制=位置保持 类型掩码=3520 实际位置NED=(0.049,1.639,-0.244) 实际速度=(-0.001,-0.000,0.001) 最终目标=(0.056,1.599,-0.245) 指令位置=(0.056,1.599,nan) 指令速度=(0.000,0.000,0.000) 指令加速度=(0.000,0.000,nan) 滚转角=0.06度 俯仰角=-0.01度
10:07:16.318087 [轨迹] 序号=2050 单调时间=4851.098014 时间=4851.098 模式=OFFBOARD 起飞状态=未执行起飞 水平控制=位置保持 类型掩码=3520 实际位置NED=(0.049,1.639,-0.244) 实际速度=(-0.001,-0.000,0.001) 最终目标=(0.056,1.599,-0.245) 指令位置=(0.056,1.599,nan) 指令速度=(0.000,0.000,0.000) 指令加速度=(0.000,0.000,nan) 滚转角=0.06度 俯仰角=-0.01度
10:07:16.421958 [轨迹] 序号=2051 单调时间=4851.201948 时间=4851.202 模式=OFFBOARD 起飞状态=未执行起飞 水平控制=位置保持 类型掩码=3520 实际位置NED=(0.049,1.639,-0.244) 实际速度=(-0.001,-0.000,0.001) 最终目标=(0.056,1.599,-0.245) 指令位置=(0.056,1.599,nan) 指令速度=(0.000,0.000,0.000) 指令加速度=(0.000,0.000,nan) 滚转角=0.06度 俯仰角=-0.01度
10:07:16.525650 [轨迹] 序号=2052 单调时间=4851.305497 时间=4851.305 模式=OFFBOARD 起飞状态=未执行起飞 水平控制=位置保持 类型掩码=3520 实际位置NED=(0.049,1.639,-0.244) 实际速度=(-0.001,-0.000,0.001) 最终目标=(0.056,1.599,-0.245) 指令位置=(0.056,1.599,nan) 指令速度=(0.000,0.000,0.000) 指令加速度=(0.000,0.000,nan) 滚转角=0.05度 俯仰角=-0.01度
10:07:16.630073 [轨迹] 序号=2053 单调时间=4851.409918 时间=4851.410 模式=OFFBOARD 起飞状态=未执行起飞 水平控制=位置保持 类型掩码=3520 实际位置NED=(0.049,1.639,-0.244) 实际速度=(-0.000,-0.000,0.001) 最终目标=(0.056,1.599,-0.245) 指令位置=(0.056,1.599,nan) 指令速度=(0.000,0.000,0.000) 指令加速度=(0.000,0.000,nan) 滚转角=0.05度 俯仰角=-0.01度
10:07:16.734810 [轨迹] 序号=2054 单调时间=4851.514615 时间=4851.515 模式=OFFBOARD 起飞状态=未执行起飞 水平控制=位置保持 类型掩码=3520 实际位置NED=(0.049,1.639,-0.244) 实际速度=(-0.000,-0.000,0.001) 最终目标=(0.056,1.599,-0.245) 指令位置=(0.056,1.599,nan) 指令速度=(0.000,0.000,0.000) 指令加速度=(0.000,0.000,nan) 滚转角=0.05度 俯仰角=-0.02度
10:07:16.839249 [轨迹] 序号=2055 单调时间=4851.619098 时间=4851.619 模式=OFFBOARD 起飞状态=未执行起飞 水平控制=位置保持 类型掩码=3520 实际位置NED=(0.049,1.639,-0.244) 实际速度=(-0.001,-0.000,0.001) 最终目标=(0.056,1.599,-0.245) 指令位置=(0.056,1.599,nan) 指令速度=(0.000,0.000,0.000) 指令加速度=(0.000,0.000,nan) 滚转角=0.05度 俯仰角=-0.01度
10:07:16.945328 [轨迹] 序号=2056 单调时间=4851.725170 时间=4851.725 模式=OFFBOARD 起飞状态=未执行起飞 水平控制=位置保持 类型掩码=3520 实际位置NED=(0.049,1.639,-0.244) 实际速度=(-0.001,-0.000,0.001) 最终目标=(0.056,1.599,-0.245) 指令位置=(0.056,1.599,nan) 指令速度=(0.000,0.000,0.000) 指令加速度=(0.000,0.000,nan) 滚转角=0.05度 俯仰角=-0.02度
10:07:17.050631 [轨迹] 序号=2057 单调时间=4851.830506 时间=4851.831 模式=OFFBOARD 起飞状态=未执行起飞 水平控制=位置保持 类型掩码=3520 实际位置NED=(0.049,1.639,-0.244) 实际速度=(-0.001,-0.000,0.001) 最终目标=(0.056,1.599,-0.245) 指令位置=(0.056,1.599,nan) 指令速度=(0.000,0.000,0.000) 指令加速度=(0.000,0.000,nan) 滚转角=0.05度 俯仰角=-0.02度
10:07:17.154773 [轨迹] 序号=2058 单调时间=4851.934700 时间=4851.935 模式=OFFBOARD 起飞状态=未执行起飞 水平控制=位置保持 类型掩码=3520 实际位置NED=(0.049,1.639,-0.244) 实际速度=(-0.001,-0.000,0.001) 最终目标=(0.056,1.599,-0.245) 指令位置=(0.056,1.599,nan) 指令速度=(0.000,0.000,0.000) 指令加速度=(0.000,0.000,nan) 滚转角=0.05度 俯仰角=-0.02度
10:07:17.256641 [轨迹] 序号=2059 单调时间=4852.036584 时间=4852.037 模式=OFFBOARD 起飞状态=未执行起飞 水平控制=位置保持 类型掩码=3520 实际位置NED=(0.049,1.639,-0.244) 实际速度=(-0.001,-0.000,0.001) 最终目标=(0.056,1.599,-0.245) 指令位置=(0.056,1.599,nan) 指令速度=(0.000,0.000,0.000) 指令加速度=(0.000,0.000,nan) 滚转角=0.05度 俯仰角=-0.02度
10:07:17.360803 [轨迹] 序号=2060 单调时间=4852.140536 时间=4852.141 模式=OFFBOARD 起飞状态=未执行起飞 水平控制=位置保持 类型掩码=3520 实际位置NED=(0.049,1.639,-0.244) 实际速度=(-0.001,-0.000,0.001) 最终目标=(0.056,1.599,-0.245) 指令位置=(0.056,1.599,nan) 指令速度=(0.000,0.000,0.000) 指令加速度=(0.000,0.000,nan) 滚转角=0.05度 俯仰角=-0.02度
10:07:17.464546 [轨迹] 序号=2061 单调时间=4852.244397 时间=4852.244 模式=OFFBOARD 起飞状态=未执行起飞 水平控制=位置保持 类型掩码=3520 实际位置NED=(0.049,1.639,-0.244) 实际速度=(-0.001,-0.000,0.001) 最终目标=(0.056,1.599,-0.245) 指令位置=(0.056,1.599,nan) 指令速度=(0.000,0.000,0.000) 指令加速度=(0.000,0.000,nan) 滚转角=0.05度 俯仰角=-0.02度
10:07:17.569464 [轨迹] 序号=2062 单调时间=4852.349279 时间=4852.349 模式=OFFBOARD 起飞状态=未执行起飞 水平控制=位置保持 类型掩码=3520 实际位置NED=(0.049,1.639,-0.244) 实际速度=(-0.001,-0.000,0.001) 最终目标=(0.056,1.599,-0.245) 指令位置=(0.056,1.599,nan) 指令速度=(0.000,0.000,0.000) 指令加速度=(0.000,0.000,nan) 滚转角=0.05度 俯仰角=-0.02度
10:07:17.672698 [轨迹] 序号=2063 单调时间=4852.452651 时间=4852.453 模式=OFFBOARD 起飞状态=未执行起飞 水平控制=位置保持 类型掩码=3520 实际位置NED=(0.049,1.639,-0.244) 实际速度=(-0.001,-0.000,0.001) 最终目标=(0.056,1.599,-0.245) 指令位置=(0.056,1.599,nan) 指令速度=(0.000,0.000,0.000) 指令加速度=(0.000,0.000,nan) 滚转角=0.05度 俯仰角=-0.02度
10:07:17.776648 [轨迹] 序号=2064 单调时间=4852.556520 时间=4852.557 模式=OFFBOARD 起飞状态=未执行起飞 水平控制=位置保持 类型掩码=3520 实际位置NED=(0.049,1.639,-0.244) 实际速度=(-0.001,-0.000,0.001) 最终目标=(0.056,1.599,-0.245) 指令位置=(0.056,1.599,nan) 指令速度=(0.000,0.000,0.000) 指令加速度=(0.000,0.000,nan) 滚转角=0.05度 俯仰角=-0.02度
10:07:17.880360 [轨迹] 序号=2065 单调时间=4852.660287 时间=4852.660 模式=OFFBOARD 起飞状态=未执行起飞 水平控制=位置保持 类型掩码=3520 实际位置NED=(0.049,1.639,-0.244) 实际速度=(-0.001,-0.000,0.001) 最终目标=(0.056,1.599,-0.245) 指令位置=(0.056,1.599,nan) 指令速度=(0.000,0.000,0.000) 指令加速度=(0.000,0.000,nan) 滚转角=0.05度 俯仰角=-0.02度
10:07:17.984625 [轨迹] 序号=2066 单调时间=4852.764428 时间=4852.764 模式=OFFBOARD 起飞状态=未执行起飞 水平控制=位置保持 类型掩码=3520 实际位置NED=(0.049,1.639,-0.244) 实际速度=(-0.000,-0.000,0.001) 最终目标=(0.056,1.599,-0.245) 指令位置=(0.056,1.599,nan) 指令速度=(0.000,0.000,0.000) 指令加速度=(0.000,0.000,nan) 滚转角=0.05度 俯仰角=-0.02度
10:07:18.088171 [轨迹] 序号=2067 单调时间=4852.868190 时间=4852.868 模式=OFFBOARD 起飞状态=未执行起飞 水平控制=位置保持 类型掩码=3520 实际位置NED=(0.049,1.639,-0.244) 实际速度=(-0.000,-0.000,0.001) 最终目标=(0.056,1.599,-0.245) 指令位置=(0.056,1.599,nan) 指令速度=(0.000,0.000,0.000) 指令加速度=(0.000,0.000,nan) 滚转角=0.05度 俯仰角=-0.02度
10:07:18.191746 [轨迹] 序号=2068 单调时间=4852.971595 时间=4852.972 模式=OFFBOARD 起飞状态=未执行起飞 水平控制=位置保持 类型掩码=3520 实际位置NED=(0.049,1.639,-0.244) 实际速度=(-0.000,-0.000,0.001) 最终目标=(0.056,1.599,-0.245) 指令位置=(0.056,1.599,nan) 指令速度=(0.000,0.000,0.000) 指令加速度=(0.000,0.000,nan) 滚转角=0.05度 俯仰角=-0.02度
10:07:18.295254 [轨迹] 序号=2069 单调时间=4853.075130 时间=4853.075 模式=OFFBOARD 起飞状态=未执行起飞 水平控制=位置保持 类型掩码=3520 实际位置NED=(0.049,1.639,-0.244) 实际速度=(-0.000,-0.000,0.001) 最终目标=(0.056,1.599,-0.245) 指令位置=(0.056,1.599,nan) 指令速度=(0.000,0.000,0.000) 指令加速度=(0.000,0.000,nan) 滚转角=0.05度 俯仰角=-0.02度
10:07:18.398998 [轨迹] 序号=2070 单调时间=4853.178856 时间=4853.179 模式=OFFBOARD 起飞状态=未执行起飞 水平控制=位置保持 类型掩码=3520 实际位置NED=(0.049,1.639,-0.244) 实际速度=(-0.001,-0.000,0.001) 最终目标=(0.056,1.599,-0.245) 指令位置=(0.056,1.599,nan) 指令速度=(0.000,0.000,0.000) 指令加速度=(0.000,0.000,nan) 滚转角=0.05度 俯仰角=-0.02度
10:07:18.502988 [轨迹] 序号=2071 单调时间=4853.282908 时间=4853.283 模式=OFFBOARD 起飞状态=未执行起飞 水平控制=位置保持 类型掩码=3520 实际位置NED=(0.049,1.639,-0.244) 实际速度=(-0.001,-0.000,0.001) 最终目标=(0.056,1.599,-0.245) 指令位置=(0.056,1.599,nan) 指令速度=(0.000,0.000,0.000) 指令加速度=(0.000,0.000,nan) 滚转角=0.05度 俯仰角=-0.02度
10:07:18.606753 [轨迹] 序号=2072 单调时间=4853.386467 时间=4853.386 模式=OFFBOARD 起飞状态=未执行起飞 水平控制=位置保持 类型掩码=3520 实际位置NED=(0.049,1.639,-0.244) 实际速度=(-0.000,-0.000,0.001) 最终目标=(0.056,1.599,-0.245) 指令位置=(0.056,1.599,nan) 指令速度=(0.000,0.000,0.000) 指令加速度=(0.000,0.000,nan) 滚转角=0.05度 俯仰角=-0.02度
10:07:18.711099 [轨迹] 序号=2073 单调时间=4853.491064 时间=4853.491 模式=OFFBOARD 起飞状态=未执行起飞 水平控制=位置保持 类型掩码=3520 实际位置NED=(0.049,1.639,-0.244) 实际速度=(-0.000,-0.000,0.001) 最终目标=(0.056,1.599,-0.245) 指令位置=(0.056,1.599,nan) 指令速度=(0.000,0.000,0.000) 指令加速度=(0.000,0.000,nan) 滚转角=0.05度 俯仰角=-0.02度
10:07:18.814865 [轨迹] 序号=2074 单调时间=4853.594887 时间=4853.595 模式=OFFBOARD 起飞状态=未执行起飞 水平控制=位置保持 类型掩码=3520 实际位置NED=(0.049,1.639,-0.244) 实际速度=(-0.000,-0.000,0.001) 最终目标=(0.056,1.599,-0.245) 指令位置=(0.056,1.599,nan) 指令速度=(0.000,0.000,0.000) 指令加速度=(0.000,0.000,nan) 滚转角=0.05度 俯仰角=-0.02度
10:07:18.915144 [轨迹] 序号=2075 单调时间=4853.695016 时间=4853.695 模式=OFFBOARD 起飞状态=未执行起飞 水平控制=位置保持 类型掩码=3520 实际位置NED=(0.049,1.639,-0.244) 实际速度=(-0.000,-0.000,0.001) 最终目标=(0.056,1.599,-0.245) 指令位置=(0.056,1.599,nan) 指令速度=(0.000,0.000,0.000) 指令加速度=(0.000,0.000,nan) 滚转角=0.05度 俯仰角=-0.02度
10:07:19.018582 [轨迹] 序号=2076 单调时间=4853.798621 时间=4853.799 模式=OFFBOARD 起飞状态=未执行起飞 水平控制=位置保持 类型掩码=3520 实际位置NED=(0.049,1.639,-0.244) 实际速度=(-0.000,-0.000,0.001) 最终目标=(0.056,1.599,-0.245) 指令位置=(0.056,1.599,nan) 指令速度=(0.000,0.000,0.000) 指令加速度=(0.000,0.000,nan) 滚转角=0.05度 俯仰角=-0.02度
10:07:19.121782 [轨迹] 序号=2077 单调时间=4853.901677 时间=4853.902 模式=OFFBOARD 起飞状态=未执行起飞 水平控制=位置保持 类型掩码=3520 实际位置NED=(0.049,1.639,-0.244) 实际速度=(-0.000,-0.000,0.001) 最终目标=(0.056,1.599,-0.245) 指令位置=(0.056,1.599,nan) 指令速度=(0.000,0.000,0.000) 指令加速度=(0.000,0.000,nan) 滚转角=0.05度 俯仰角=-0.02度
10:07:19.222781 [轨迹] 序号=2078 单调时间=4854.002661 时间=4854.003 模式=OFFBOARD 起飞状态=未执行起飞 水平控制=位置保持 类型掩码=3520 实际位置NED=(0.049,1.639,-0.244) 实际速度=(-0.000,-0.000,0.001) 最终目标=(0.056,1.599,-0.245) 指令位置=(0.056,1.599,nan) 指令速度=(0.000,0.000,0.000) 指令加速度=(0.000,0.000,nan) 滚转角=0.05度 俯仰角=-0.02度
10:07:19.326717 [轨迹] 序号=2079 单调时间=4854.106246 时间=4854.106 模式=OFFBOARD 起飞状态=未执行起飞 水平控制=位置保持 类型掩码=3520 实际位置NED=(0.049,1.639,-0.244) 实际速度=(-0.000,-0.000,0.001) 最终目标=(0.056,1.599,-0.245) 指令位置=(0.056,1.599,nan) 指令速度=(0.000,0.000,0.000) 指令加速度=(0.000,0.000,nan) 滚转角=0.05度 俯仰角=-0.02度
10:07:19.446837 [轨迹] 序号=2080 单调时间=4854.226913 时间=4854.227 模式=OFFBOARD 起飞状态=未执行起飞 水平控制=位置保持 类型掩码=3520 实际位置NED=(0.049,1.639,-0.244) 实际速度=(0.000,-0.000,0.001) 最终目标=(0.056,1.599,-0.245) 指令位置=(0.056,1.599,nan) 指令速度=(0.000,0.000,0.000) 指令加速度=(0.000,0.000,nan) 滚转角=0.05度 俯仰角=-0.02度
10:07:19.550205 [轨迹] 序号=2081 单调时间=4854.330137 时间=4854.330 模式=OFFBOARD 起飞状态=未执行起飞 水平控制=位置保持 类型掩码=3520 实际位置NED=(0.049,1.639,-0.244) 实际速度=(0.000,-0.000,0.001) 最终目标=(0.056,1.599,-0.245) 指令位置=(0.056,1.599,nan) 指令速度=(0.000,0.000,0.000) 指令加速度=(0.000,0.000,nan) 滚转角=0.05度 俯仰角=-0.02度
10:07:19.653699 [轨迹] 序号=2082 单调时间=4854.433592 时间=4854.434 模式=OFFBOARD 起飞状态=未执行起飞 水平控制=位置保持 类型掩码=3520 实际位置NED=(0.049,1.639,-0.244) 实际速度=(0.000,-0.000,0.001) 最终目标=(0.056,1.599,-0.245) 指令位置=(0.056,1.599,nan) 指令速度=(0.000,0.000,0.000) 指令加速度=(0.000,0.000,nan) 滚转角=0.05度 俯仰角=-0.02度
10:07:19.761868 [轨迹] 序号=2083 单调时间=4854.541813 时间=4854.542 模式=OFFBOARD 起飞状态=未执行起飞 水平控制=位置保持 类型掩码=3520 实际位置NED=(0.049,1.639,-0.244) 实际速度=(0.000,-0.000,0.001) 最终目标=(0.056,1.599,-0.245) 指令位置=(0.056,1.599,nan) 指令速度=(0.000,0.000,0.000) 指令加速度=(0.000,0.000,nan) 滚转角=0.05度 俯仰角=-0.02度
10:07:19.865586 [轨迹] 序号=2084 单调时间=4854.645411 时间=4854.645 模式=OFFBOARD 起飞状态=未执行起飞 水平控制=位置保持 类型掩码=3520 实际位置NED=(0.049,1.639,-0.244) 实际速度=(0.000,-0.000,0.001) 最终目标=(0.056,1.599,-0.245) 指令位置=(0.056,1.599,nan) 指令速度=(0.000,0.000,0.000) 指令加速度=(0.000,0.000,nan) 滚转角=0.05度 俯仰角=-0.02度
10:07:19.969826 [轨迹] 序号=2085 单调时间=4854.749677 时间=4854.750 模式=OFFBOARD 起飞状态=未执行起飞 水平控制=位置保持 类型掩码=3520 实际位置NED=(0.049,1.639,-0.244) 实际速度=(0.000,-0.000,0.001) 最终目标=(0.056,1.599,-0.245) 指令位置=(0.056,1.599,nan) 指令速度=(0.000,0.000,0.000) 指令加速度=(0.000,0.000,nan) 滚转角=0.05度 俯仰角=-0.02度
10:07:20.073827 [轨迹] 序号=2086 单调时间=4854.853226 时间=4854.853 模式=OFFBOARD 起飞状态=未执行起飞 水平控制=位置保持 类型掩码=3520 实际位置NED=(0.049,1.639,-0.244) 实际速度=(0.000,-0.000,0.001) 最终目标=(0.056,1.599,-0.245) 指令位置=(0.056,1.599,nan) 指令速度=(0.000,0.000,0.000) 指令加速度=(0.000,0.000,nan) 滚转角=0.05度 俯仰角=-0.02度
10:07:20.177292 [轨迹] 序号=2087 单调时间=4854.957214 时间=4854.957 模式=OFFBOARD 起飞状态=未执行起飞 水平控制=位置保持 类型掩码=3520 实际位置NED=(0.049,1.639,-0.244) 实际速度=(0.000,-0.000,0.001) 最终目标=(0.056,1.599,-0.245) 指令位置=(0.056,1.599,nan) 指令速度=(0.000,0.000,0.000) 指令加速度=(0.000,0.000,nan) 滚转角=0.05度 俯仰角=-0.02度
10:07:20.280649 [轨迹] 序号=2088 单调时间=4855.060452 时间=4855.060 模式=OFFBOARD 起飞状态=未执行起飞 水平控制=位置保持 类型掩码=3520 实际位置NED=(0.049,1.639,-0.244) 实际速度=(0.000,-0.000,0.001) 最终目标=(0.056,1.599,-0.245) 指令位置=(0.056,1.599,nan) 指令速度=(0.000,0.000,0.000) 指令加速度=(0.000,0.000,nan) 滚转角=0.05度 俯仰角=-0.02度
10:07:20.385367 [轨迹] 序号=2089 单调时间=4855.164613 时间=4855.165 模式=OFFBOARD 起飞状态=未执行起飞 水平控制=位置保持 类型掩码=3520 实际位置NED=(0.049,1.639,-0.244) 实际速度=(0.000,-0.000,0.001) 最终目标=(0.056,1.599,-0.245) 指令位置=(0.056,1.599,nan) 指令速度=(0.000,0.000,0.000) 指令加速度=(0.000,0.000,nan) 滚转角=0.05度 俯仰角=-0.02度
10:07:20.484894 [轨迹] 序号=2090 单调时间=4855.264927 时间=4855.265 模式=OFFBOARD 起飞状态=未执行起飞 水平控制=位置保持 类型掩码=3520 实际位置NED=(0.049,1.639,-0.244) 实际速度=(0.000,-0.000,0.001) 最终目标=(0.056,1.599,-0.245) 指令位置=(0.056,1.599,nan) 指令速度=(0.000,0.000,0.000) 指令加速度=(0.000,0.000,nan) 滚转角=0.05度 俯仰角=-0.02度
10:07:20.588700 [轨迹] 序号=2091 单调时间=4855.368460 时间=4855.368 模式=OFFBOARD 起飞状态=未执行起飞 水平控制=位置保持 类型掩码=3520 实际位置NED=(0.049,1.639,-0.244) 实际速度=(0.000,-0.000,0.001) 最终目标=(0.056,1.599,-0.245) 指令位置=(0.056,1.599,nan) 指令速度=(0.000,0.000,0.000) 指令加速度=(0.000,0.000,nan) 滚转角=0.05度 俯仰角=-0.02度
10:07:20.692525 [轨迹] 序号=2092 单调时间=4855.472398 时间=4855.472 模式=OFFBOARD 起飞状态=未执行起飞 水平控制=位置保持 类型掩码=3520 实际位置NED=(0.049,1.639,-0.244) 实际速度=(0.000,-0.000,0.001) 最终目标=(0.056,1.599,-0.245) 指令位置=(0.056,1.599,nan) 指令速度=(0.000,0.000,0.000) 指令加速度=(0.000,0.000,nan) 滚转角=0.05度 俯仰角=-0.02度
10:07:20.796178 [轨迹] 序号=2093 单调时间=4855.576093 时间=4855.576 模式=OFFBOARD 起飞状态=未执行起飞 水平控制=位置保持 类型掩码=3520 实际位置NED=(0.049,1.639,-0.244) 实际速度=(-0.000,0.000,0.001) 最终目标=(0.056,1.599,-0.245) 指令位置=(0.056,1.599,nan) 指令速度=(0.000,0.000,0.000) 指令加速度=(0.000,0.000,nan) 滚转角=0.05度 俯仰角=-0.02度
10:07:20.899692 [轨迹] 序号=2094 单调时间=4855.679496 时间=4855.679 模式=OFFBOARD 起飞状态=未执行起飞 水平控制=位置保持 类型掩码=3520 实际位置NED=(0.049,1.639,-0.244) 实际速度=(-0.000,0.000,0.001) 最终目标=(0.056,1.599,-0.245) 指令位置=(0.056,1.599,nan) 指令速度=(0.000,0.000,0.000) 指令加速度=(0.000,0.000,nan) 滚转角=0.05度 俯仰角=-0.02度
10:07:21.002693 [轨迹] 序号=2095 单调时间=4855.782458 时间=4855.782 模式=OFFBOARD 起飞状态=未执行起飞 水平控制=位置保持 类型掩码=3520 实际位置NED=(0.049,1.639,-0.244) 实际速度=(-0.000,0.000,0.001) 最终目标=(0.056,1.599,-0.245) 指令位置=(0.056,1.599,nan) 指令速度=(0.000,0.000,0.000) 指令加速度=(0.000,0.000,nan) 滚转角=0.05度 俯仰角=-0.02度
10:07:21.105844 [轨迹] 序号=2096 单调时间=4855.885766 时间=4855.886 模式=OFFBOARD 起飞状态=未执行起飞 水平控制=位置保持 类型掩码=3520 实际位置NED=(0.049,1.639,-0.244) 实际速度=(-0.000,0.000,0.001) 最终目标=(0.056,1.599,-0.245) 指令位置=(0.056,1.599,nan) 指令速度=(0.000,0.000,0.000) 指令加速度=(0.000,0.000,nan) 滚转角=0.05度 俯仰角=-0.02度
10:07:21.209440 [轨迹] 序号=2097 单调时间=4855.989295 时间=4855.989 模式=OFFBOARD 起飞状态=未执行起飞 水平控制=位置保持 类型掩码=3520 实际位置NED=(0.049,1.639,-0.244) 实际速度=(-0.000,0.000,0.001) 最终目标=(0.056,1.599,-0.245) 指令位置=(0.056,1.599,nan) 指令速度=(0.000,0.000,0.000) 指令加速度=(0.000,0.000,nan) 滚转角=0.05度 俯仰角=-0.02度
10:07:21.312845 [轨迹] 序号=2098 单调时间=4856.092657 时间=4856.093 模式=OFFBOARD 起飞状态=未执行起飞 水平控制=位置保持 类型掩码=3520 实际位置NED=(0.049,1.639,-0.244) 实际速度=(-0.000,0.000,0.001) 最终目标=(0.056,1.599,-0.245) 指令位置=(0.056,1.599,nan) 指令速度=(0.000,0.000,0.000) 指令加速度=(0.000,0.000,nan) 滚转角=0.05度 俯仰角=-0.02度
10:07:21.417405 [轨迹] 序号=2099 单调时间=4856.197240 时间=4856.197 模式=OFFBOARD 起飞状态=未执行起飞 水平控制=位置保持 类型掩码=3520 实际位置NED=(0.049,1.639,-0.244) 实际速度=(-0.000,0.000,0.001) 最终目标=(0.056,1.599,-0.245) 指令位置=(0.056,1.599,nan) 指令速度=(0.000,0.000,0.000) 指令加速度=(0.000,0.000,nan) 滚转角=0.05度 俯仰角=-0.02度
10:07:21.521328 [轨迹] 序号=2100 单调时间=4856.301238 时间=4856.301 模式=OFFBOARD 起飞状态=未执行起飞 水平控制=位置保持 类型掩码=3520 实际位置NED=(0.049,1.639,-0.244) 实际速度=(-0.000,0.000,0.001) 最终目标=(0.056,1.599,-0.245) 指令位置=(0.056,1.599,nan) 指令速度=(0.000,0.000,0.000) 指令加速度=(0.000,0.000,nan) 滚转角=0.05度 俯仰角=-0.02度
10:07:21.624148 [轨迹] 序号=2101 单调时间=4856.404059 时间=4856.404 模式=OFFBOARD 起飞状态=未执行起飞 水平控制=位置保持 类型掩码=3520 实际位置NED=(0.049,1.639,-0.244) 实际速度=(-0.000,0.000,0.001) 最终目标=(0.056,1.599,-0.245) 指令位置=(0.056,1.599,nan) 指令速度=(0.000,0.000,0.000) 指令加速度=(0.000,0.000,nan) 滚转角=0.05度 俯仰角=-0.01度
10:07:21.724706 [轨迹] 序号=2102 单调时间=4856.504628 时间=4856.505 模式=OFFBOARD 起飞状态=未执行起飞 水平控制=位置保持 类型掩码=3520 实际位置NED=(0.049,1.639,-0.244) 实际速度=(-0.000,0.000,0.001) 最终目标=(0.056,1.599,-0.245) 指令位置=(0.056,1.599,nan) 指令速度=(0.000,0.000,0.000) 指令加速度=(0.000,0.000,nan) 滚转角=0.05度 俯仰角=-0.01度
10:07:21.828379 [轨迹] 序号=2103 单调时间=4856.608320 时间=4856.608 模式=OFFBOARD 起飞状态=未执行起飞 水平控制=位置保持 类型掩码=3520 实际位置NED=(0.049,1.639,-0.244) 实际速度=(-0.000,0.000,0.001) 最终目标=(0.056,1.599,-0.245) 指令位置=(0.056,1.599,nan) 指令速度=(0.000,0.000,0.000) 指令加速度=(0.000,0.000,nan) 滚转角=0.05度 俯仰角=-0.01度
10:07:21.931677 [轨迹] 序号=2104 单调时间=4856.711513 时间=4856.712 模式=OFFBOARD 起飞状态=未执行起飞 水平控制=位置保持 类型掩码=3520 实际位置NED=(0.049,1.639,-0.244) 实际速度=(-0.000,0.000,0.001) 最终目标=(0.056,1.599,-0.245) 指令位置=(0.056,1.599,nan) 指令速度=(0.000,0.000,0.000) 指令加速度=(0.000,0.000,nan) 滚转角=0.04度 俯仰角=-0.02度
10:07:22.035302 [轨迹] 序号=2105 单调时间=4856.815195 时间=4856.815 模式=OFFBOARD 起飞状态=未执行起飞 水平控制=位置保持 类型掩码=3520 实际位置NED=(0.049,1.639,-0.244) 实际速度=(0.000,0.000,0.001) 最终目标=(0.056,1.599,-0.245) 指令位置=(0.056,1.599,nan) 指令速度=(0.000,0.000,0.000) 指令加速度=(0.000,0.000,nan) 滚转角=0.04度 俯仰角=-0.02度
10:07:22.138496 [轨迹] 序号=2106 单调时间=4856.918486 时间=4856.918 模式=OFFBOARD 起飞状态=未执行起飞 水平控制=位置保持 类型掩码=3520 实际位置NED=(0.049,1.639,-0.244) 实际速度=(0.000,0.000,0.001) 最终目标=(0.056,1.599,-0.245) 指令位置=(0.056,1.599,nan) 指令速度=(0.000,0.000,0.000) 指令加速度=(0.000,0.000,nan) 滚转角=0.04度 俯仰角=-0.02度
10:07:22.242995 [轨迹] 序号=2107 单调时间=4857.023019 时间=4857.023 模式=OFFBOARD 起飞状态=未执行起飞 水平控制=位置保持 类型掩码=3520 实际位置NED=(0.049,1.639,-0.244) 实际速度=(0.000,0.000,0.001) 最终目标=(0.056,1.599,-0.245) 指令位置=(0.056,1.599,nan) 指令速度=(0.000,0.000,0.000) 指令加速度=(0.000,0.000,nan) 滚转角=0.04度 俯仰角=-0.02度
10:07:22.346431 [轨迹] 序号=2108 单调时间=4857.126275 时间=4857.126 模式=OFFBOARD 起飞状态=未执行起飞 水平控制=位置保持 类型掩码=3520 实际位置NED=(0.049,1.639,-0.244) 实际速度=(0.000,0.000,0.001) 最终目标=(0.056,1.599,-0.245) 指令位置=(0.056,1.599,nan) 指令速度=(0.000,0.000,0.000) 指令加速度=(0.000,0.000,nan) 滚转角=0.04度 俯仰角=-0.02度
10:07:22.450330 [轨迹] 序号=2109 单调时间=4857.230166 时间=4857.230 模式=OFFBOARD 起飞状态=未执行起飞 水平控制=位置保持 类型掩码=3520 实际位置NED=(0.049,1.639,-0.244) 实际速度=(0.000,0.000,0.001) 最终目标=(0.056,1.599,-0.245) 指令位置=(0.056,1.599,nan) 指令速度=(0.000,0.000,0.000) 指令加速度=(0.000,0.000,nan) 滚转角=0.04度 俯仰角=-0.02度
10:07:22.554057 [轨迹] 序号=2110 单调时间=4857.333895 时间=4857.334 模式=OFFBOARD 起飞状态=未执行起飞 水平控制=位置保持 类型掩码=3520 实际位置NED=(0.049,1.639,-0.244) 实际速度=(0.000,0.000,0.001) 最终目标=(0.056,1.599,-0.245) 指令位置=(0.056,1.599,nan) 指令速度=(0.000,0.000,0.000) 指令加速度=(0.000,0.000,nan) 滚转角=0.04度 俯仰角=-0.02度
10:07:22.657058 [轨迹] 序号=2111 单调时间=4857.437061 时间=4857.437 模式=OFFBOARD 起飞状态=未执行起飞 水平控制=位置保持 类型掩码=3520 实际位置NED=(0.049,1.639,-0.244) 实际速度=(0.000,0.000,0.001) 最终目标=(0.056,1.599,-0.245) 指令位置=(0.056,1.599,nan) 指令速度=(0.000,0.000,0.000) 指令加速度=(0.000,0.000,nan) 滚转角=0.04度 俯仰角=-0.02度
10:07:22.761082 [轨迹] 序号=2112 单调时间=4857.541019 时间=4857.541 模式=OFFBOARD 起飞状态=未执行起飞 水平控制=位置保持 类型掩码=3520 实际位置NED=(0.049,1.639,-0.244) 实际速度=(0.000,0.000,0.000) 最终目标=(0.056,1.599,-0.245) 指令位置=(0.056,1.599,nan) 指令速度=(0.000,0.000,0.000) 指令加速度=(0.000,0.000,nan) 滚转角=0.04度 俯仰角=-0.02度
10:07:22.864179 [轨迹] 序号=2113 单调时间=4857.644097 时间=4857.644 模式=OFFBOARD 起飞状态=未执行起飞 水平控制=位置保持 类型掩码=3520 实际位置NED=(0.049,1.639,-0.244) 实际速度=(0.000,0.000,0.000) 最终目标=(0.056,1.599,-0.245) 指令位置=(0.056,1.599,nan) 指令速度=(0.000,0.000,0.000) 指令加速度=(0.000,0.000,nan) 滚转角=0.05度 俯仰角=-0.02度
10:07:22.967339 [轨迹] 序号=2114 单调时间=4857.747157 时间=4857.747 模式=OFFBOARD 起飞状态=未执行起飞 水平控制=位置保持 类型掩码=3520 实际位置NED=(0.049,1.639,-0.244) 实际速度=(0.000,0.000,0.000) 最终目标=(0.056,1.599,-0.245) 指令位置=(0.056,1.599,nan) 指令速度=(0.000,0.000,0.000) 指令加速度=(0.000,0.000,nan) 滚转角=0.05度 俯仰角=-0.02度
10:07:23.070890 [轨迹] 序号=2115 单调时间=4857.850828 时间=4857.851 模式=OFFBOARD 起飞状态=未执行起飞 水平控制=位置保持 类型掩码=3520 实际位置NED=(0.049,1.639,-0.244) 实际速度=(-0.000,0.000,0.000) 最终目标=(0.056,1.599,-0.245) 指令位置=(0.056,1.599,nan) 指令速度=(0.000,0.000,0.000) 指令加速度=(0.000,0.000,nan) 滚转角=0.05度 俯仰角=-0.02度
10:07:23.175057 [轨迹] 序号=2116 单调时间=4857.954874 时间=4857.955 模式=OFFBOARD 起飞状态=未执行起飞 水平控制=位置保持 类型掩码=3520 实际位置NED=(0.049,1.639,-0.244) 实际速度=(-0.000,0.000,0.000) 最终目标=(0.056,1.599,-0.245) 指令位置=(0.056,1.599,nan) 指令速度=(0.000,0.000,0.000) 指令加速度=(0.000,0.000,nan) 滚转角=0.05度 俯仰角=-0.02度
10:07:23.279284 [轨迹] 序号=2117 单调时间=4858.059009 时间=4858.059 模式=OFFBOARD 起飞状态=未执行起飞 水平控制=位置保持 类型掩码=3520 实际位置NED=(0.049,1.639,-0.244) 实际速度=(-0.000,0.001,0.000) 最终目标=(0.056,1.599,-0.245) 指令位置=(0.056,1.599,nan) 指令速度=(0.000,0.000,0.000) 指令加速度=(0.000,0.000,nan) 滚转角=0.05度 俯仰角=-0.02度
10:07:23.383009 [轨迹] 序号=2118 单调时间=4858.162836 时间=4858.163 模式=OFFBOARD 起飞状态=未执行起飞 水平控制=位置保持 类型掩码=3520 实际位置NED=(0.049,1.639,-0.244) 实际速度=(-0.000,0.001,0.000) 最终目标=(0.056,1.599,-0.245) 指令位置=(0.056,1.599,nan) 指令速度=(0.000,0.000,0.000) 指令加速度=(0.000,0.000,nan) 滚转角=0.05度 俯仰角=-0.02度
10:07:23.486002 [轨迹] 序号=2119 单调时间=4858.265964 时间=4858.266 模式=OFFBOARD 起飞状态=未执行起飞 水平控制=位置保持 类型掩码=3520 实际位置NED=(0.049,1.639,-0.244) 实际速度=(-0.000,0.000,0.000) 最终目标=(0.056,1.599,-0.245) 指令位置=(0.056,1.599,nan) 指令速度=(0.000,0.000,0.000) 指令加速度=(0.000,0.000,nan) 滚转角=0.05度 俯仰角=-0.02度
10:07:23.589550 [轨迹] 序号=2120 单调时间=4858.369283 时间=4858.369 模式=OFFBOARD 起飞状态=未执行起飞 水平控制=位置保持 类型掩码=3520 实际位置NED=(0.049,1.639,-0.244) 实际速度=(-0.000,0.000,0.000) 最终目标=(0.056,1.599,-0.245) 指令位置=(0.056,1.599,nan) 指令速度=(0.000,0.000,0.000) 指令加速度=(0.000,0.000,nan) 滚转角=0.05度 俯仰角=-0.02度
10:07:23.693217 [轨迹] 序号=2121 单调时间=4858.473205 时间=4858.473 模式=OFFBOARD 起飞状态=未执行起飞 水平控制=位置保持 类型掩码=3520 实际位置NED=(0.049,1.639,-0.244) 实际速度=(-0.000,0.000,0.000) 最终目标=(0.056,1.599,-0.245) 指令位置=(0.056,1.599,nan) 指令速度=(0.000,0.000,0.000) 指令加速度=(0.000,0.000,nan) 滚转角=0.04度 俯仰角=-0.02度
10:07:23.796821 [轨迹] 序号=2122 单调时间=4858.576661 时间=4858.577 模式=OFFBOARD 起飞状态=未执行起飞 水平控制=位置保持 类型掩码=3520 实际位置NED=(0.049,1.639,-0.244) 实际速度=(-0.000,0.000,0.000) 最终目标=(0.056,1.599,-0.245) 指令位置=(0.056,1.599,nan) 指令速度=(0.000,0.000,0.000) 指令加速度=(0.000,0.000,nan) 滚转角=0.04度 俯仰角=-0.02度
10:07:23.901715 [轨迹] 序号=2123 单调时间=4858.681426 时间=4858.681 模式=OFFBOARD 起飞状态=未执行起飞 水平控制=位置保持 类型掩码=3520 实际位置NED=(0.049,1.639,-0.245) 实际速度=(-0.000,0.000,-0.000) 最终目标=(0.056,1.599,-0.245) 指令位置=(0.056,1.599,nan) 指令速度=(0.000,0.000,0.000) 指令加速度=(0.000,0.000,nan) 滚转角=0.04度 俯仰角=-0.02度
10:07:24.002870 [轨迹] 序号=2124 单调时间=4858.782810 时间=4858.783 模式=OFFBOARD 起飞状态=未执行起飞 水平控制=位置保持 类型掩码=3520 实际位置NED=(0.049,1.639,-0.245) 实际速度=(-0.000,0.000,-0.000) 最终目标=(0.056,1.599,-0.245) 指令位置=(0.056,1.599,nan) 指令速度=(0.000,0.000,0.000) 指令加速度=(0.000,0.000,nan) 滚转角=0.04度 俯仰角=-0.02度
10:07:24.107343 [轨迹] 序号=2125 单调时间=4858.887220 时间=4858.887 模式=OFFBOARD 起飞状态=未执行起飞 水平控制=位置保持 类型掩码=3520 实际位置NED=(0.049,1.639,-0.245) 实际速度=(-0.000,0.000,-0.000) 最终目标=(0.056,1.599,-0.245) 指令位置=(0.056,1.599,nan) 指令速度=(0.000,0.000,0.000) 指令加速度=(0.000,0.000,nan) 滚转角=0.04度 俯仰角=-0.02度
10:07:24.210360 [轨迹] 序号=2126 单调时间=4858.990326 时间=4858.990 模式=OFFBOARD 起飞状态=未执行起飞 水平控制=位置保持 类型掩码=3520 实际位置NED=(0.049,1.639,-0.245) 实际速度=(-0.000,0.000,-0.000) 最终目标=(0.056,1.599,-0.245) 指令位置=(0.056,1.599,nan) 指令速度=(0.000,0.000,0.000) 指令加速度=(0.000,0.000,nan) 滚转角=0.04度 俯仰角=-0.02度
10:07:24.313938 [轨迹] 序号=2127 单调时间=4859.093730 时间=4859.094 模式=OFFBOARD 起飞状态=未执行起飞 水平控制=位置保持 类型掩码=3520 实际位置NED=(0.049,1.639,-0.245) 实际速度=(-0.000,0.000,-0.000) 最终目标=(0.056,1.599,-0.245) 指令位置=(0.056,1.599,nan) 指令速度=(0.000,0.000,0.000) 指令加速度=(0.000,0.000,nan) 滚转角=0.04度 俯仰角=-0.02度
10:07:24.417325 [轨迹] 序号=2128 单调时间=4859.197203 时间=4859.197 模式=OFFBOARD 起飞状态=未执行起飞 水平控制=位置保持 类型掩码=3520 实际位置NED=(0.049,1.639,-0.245) 实际速度=(0.000,0.000,-0.000) 最终目标=(0.056,1.599,-0.245) 指令位置=(0.056,1.599,nan) 指令速度=(0.000,0.000,0.000) 指令加速度=(0.000,0.000,nan) 滚转角=0.04度 俯仰角=-0.02度
10:07:24.521007 [轨迹] 序号=2129 单调时间=4859.300750 时间=4859.301 模式=OFFBOARD 起飞状态=未执行起飞 水平控制=位置保持 类型掩码=3520 实际位置NED=(0.049,1.639,-0.245) 实际速度=(0.000,0.000,-0.000) 最终目标=(0.056,1.599,-0.245) 指令位置=(0.056,1.599,nan) 指令速度=(0.000,0.000,0.000) 指令加速度=(0.000,0.000,nan) 滚转角=0.04度 俯仰角=-0.02度
10:07:24.624358 [轨迹] 序号=2130 单调时间=4859.404297 时间=4859.404 模式=OFFBOARD 起飞状态=未执行起飞 水平控制=位置保持 类型掩码=3520 实际位置NED=(0.049,1.639,-0.245) 实际速度=(0.000,0.000,-0.000) 最终目标=(0.056,1.599,-0.245) 指令位置=(0.056,1.599,nan) 指令速度=(0.000,0.000,0.000) 指令加速度=(0.000,0.000,nan) 滚转角=0.04度 俯仰角=-0.02度
10:07:24.727546 [轨迹] 序号=2131 单调时间=4859.507578 时间=4859.508 模式=OFFBOARD 起飞状态=未执行起飞 水平控制=位置保持 类型掩码=3520 实际位置NED=(0.049,1.639,-0.245) 实际速度=(0.000,0.000,-0.000) 最终目标=(0.056,1.599,-0.245) 指令位置=(0.056,1.599,nan) 指令速度=(0.000,0.000,0.000) 指令加速度=(0.000,0.000,nan) 滚转角=0.04度 俯仰角=-0.02度
10:07:24.831118 [轨迹] 序号=2132 单调时间=4859.610934 时间=4859.611 模式=OFFBOARD 起飞状态=未执行起飞 水平控制=位置保持 类型掩码=3520 实际位置NED=(0.049,1.639,-0.245) 实际速度=(0.000,0.000,-0.000) 最终目标=(0.056,1.599,-0.245) 指令位置=(0.056,1.599,nan) 指令速度=(0.000,0.000,0.000) 指令加速度=(0.000,0.000,nan) 滚转角=0.04度 俯仰角=-0.02度
10:07:24.934577 [轨迹] 序号=2133 单调时间=4859.714296 时间=4859.714 模式=OFFBOARD 起飞状态=未执行起飞 水平控制=位置保持 类型掩码=3520 实际位置NED=(0.049,1.639,-0.245) 实际速度=(0.000,0.000,-0.000) 最终目标=(0.056,1.599,-0.245) 指令位置=(0.056,1.599,nan) 指令速度=(0.000,0.000,0.000) 指令加速度=(0.000,0.000,nan) 滚转角=0.04度 俯仰角=-0.02度
10:07:25.037987 [轨迹] 序号=2134 单调时间=4859.817914 时间=4859.818 模式=OFFBOARD 起飞状态=未执行起飞 水平控制=位置保持 类型掩码=3520 实际位置NED=(0.049,1.639,-0.245) 实际速度=(0.000,0.000,-0.000) 最终目标=(0.056,1.599,-0.245) 指令位置=(0.056,1.599,nan) 指令速度=(0.000,0.000,0.000) 指令加速度=(0.000,0.000,nan) 滚转角=0.04度 俯仰角=-0.02度
10:07:25.141160 [轨迹] 序号=2135 单调时间=4859.921049 时间=4859.921 模式=OFFBOARD 起飞状态=未执行起飞 水平控制=位置保持 类型掩码=3520 实际位置NED=(0.049,1.639,-0.245) 实际速度=(0.000,0.000,-0.000) 最终目标=(0.056,1.599,-0.245) 指令位置=(0.056,1.599,nan) 指令速度=(0.000,0.000,0.000) 指令加速度=(0.000,0.000,nan) 滚转角=0.04度 俯仰角=-0.02度
10:07:25.244737 [轨迹] 序号=2136 单调时间=4860.024507 时间=4860.025 模式=OFFBOARD 起飞状态=未执行起飞 水平控制=位置保持 类型掩码=3520 实际位置NED=(0.049,1.639,-0.245) 实际速度=(0.000,0.000,-0.000) 最终目标=(0.056,1.599,-0.245) 指令位置=(0.056,1.599,nan) 指令速度=(0.000,0.000,0.000) 指令加速度=(0.000,0.000,nan) 滚转角=0.04度 俯仰角=-0.02度
10:07:25.348057 [轨迹] 序号=2137 单调时间=4860.128162 时间=4860.128 模式=OFFBOARD 起飞状态=未执行起飞 水平控制=位置保持 类型掩码=3520 实际位置NED=(0.049,1.640,-0.245) 实际速度=(0.000,0.000,-0.000) 最终目标=(0.056,1.599,-0.245) 指令位置=(0.056,1.599,nan) 指令速度=(0.000,0.000,0.000) 指令加速度=(0.000,0.000,nan) 滚转角=0.04度 俯仰角=-0.02度
10:07:25.451730 [轨迹] 序号=2138 单调时间=4860.231459 时间=4860.231 模式=OFFBOARD 起飞状态=未执行起飞 水平控制=位置保持 类型掩码=3520 实际位置NED=(0.049,1.640,-0.245) 实际速度=(0.000,0.000,-0.000) 最终目标=(0.056,1.599,-0.245) 指令位置=(0.056,1.599,nan) 指令速度=(0.000,0.000,0.000) 指令加速度=(0.000,0.000,nan) 滚转角=0.04度 俯仰角=-0.02度
10:07:25.555376 [轨迹] 序号=2139 单调时间=4860.335235 时间=4860.335 模式=OFFBOARD 起飞状态=未执行起飞 水平控制=位置保持 类型掩码=3520 实际位置NED=(0.049,1.640,-0.245) 实际速度=(0.000,0.000,-0.001) 最终目标=(0.056,1.599,-0.245) 指令位置=(0.056,1.599,nan) 指令速度=(0.000,0.000,0.000) 指令加速度=(0.000,0.000,nan) 滚转角=0.04度 俯仰角=-0.02度
10:07:25.659213 [轨迹] 序号=2140 单调时间=4860.438614 时间=4860.439 模式=OFFBOARD 起飞状态=未执行起飞 水平控制=位置保持 类型掩码=3520 实际位置NED=(0.049,1.640,-0.245) 实际速度=(0.000,0.000,-0.001) 最终目标=(0.056,1.599,-0.245) 指令位置=(0.056,1.599,nan) 指令速度=(0.000,0.000,0.000) 指令加速度=(0.000,0.000,nan) 滚转角=0.04度 俯仰角=-0.02度
10:07:25.760763 [轨迹] 序号=2141 单调时间=4860.540636 时间=4860.541 模式=OFFBOARD 起飞状态=未执行起飞 水平控制=位置保持 类型掩码=3520 实际位置NED=(0.049,1.640,-0.245) 实际速度=(-0.000,-0.000,-0.001) 最终目标=(0.056,1.599,-0.245) 指令位置=(0.056,1.599,nan) 指令速度=(0.000,0.000,0.000) 指令加速度=(0.000,0.000,nan) 滚转角=0.04度 俯仰角=-0.02度
10:07:25.865732 [轨迹] 序号=2142 单调时间=4860.645117 时间=4860.645 模式=OFFBOARD 起飞状态=未执行起飞 水平控制=位置保持 类型掩码=3520 实际位置NED=(0.049,1.640,-0.245) 实际速度=(0.000,-0.000,-0.001) 最终目标=(0.056,1.599,-0.245) 指令位置=(0.056,1.599,nan) 指令速度=(0.000,0.000,0.000) 指令加速度=(0.000,0.000,nan) 滚转角=0.04度 俯仰角=-0.02度
10:07:25.969496 [轨迹] 序号=2143 单调时间=4860.749273 时间=4860.749 模式=OFFBOARD 起飞状态=未执行起飞 水平控制=位置保持 类型掩码=3520 实际位置NED=(0.049,1.640,-0.245) 实际速度=(0.000,-0.000,-0.001) 最终目标=(0.056,1.599,-0.245) 指令位置=(0.056,1.599,nan) 指令速度=(0.000,0.000,0.000) 指令加速度=(0.000,0.000,nan) 滚转角=0.04度 俯仰角=-0.02度
10:07:26.072826 [轨迹] 序号=2144 单调时间=4860.852716 时间=4860.853 模式=OFFBOARD 起飞状态=未执行起飞 水平控制=位置保持 类型掩码=3520 实际位置NED=(0.049,1.640,-0.245) 实际速度=(0.000,0.000,-0.001) 最终目标=(0.056,1.599,-0.245) 指令位置=(0.056,1.599,nan) 指令速度=(0.000,0.000,0.000) 指令加速度=(0.000,0.000,nan) 滚转角=0.04度 俯仰角=-0.02度
10:07:26.176147 [轨迹] 序号=2145 单调时间=4860.955967 时间=4860.956 模式=OFFBOARD 起飞状态=未执行起飞 水平控制=位置保持 类型掩码=3520 实际位置NED=(0.049,1.640,-0.245) 实际速度=(0.000,0.000,-0.001) 最终目标=(0.056,1.599,-0.245) 指令位置=(0.056,1.599,nan) 指令速度=(0.000,0.000,0.000) 指令加速度=(0.000,0.000,nan) 滚转角=0.04度 俯仰角=-0.02度
10:07:26.279946 [轨迹] 序号=2146 单调时间=4861.059894 时间=4861.060 模式=OFFBOARD 起飞状态=未执行起飞 水平控制=位置保持 类型掩码=3520 实际位置NED=(0.049,1.640,-0.245) 实际速度=(0.000,-0.000,-0.000) 最终目标=(0.056,1.599,-0.245) 指令位置=(0.056,1.599,nan) 指令速度=(0.000,0.000,0.000) 指令加速度=(0.000,0.000,nan) 滚转角=0.04度 俯仰角=-0.02度
10:07:26.384167 [轨迹] 序号=2147 单调时间=4861.163824 时间=4861.164 模式=OFFBOARD 起飞状态=未执行起飞 水平控制=位置保持 类型掩码=3520 实际位置NED=(0.049,1.640,-0.245) 实际速度=(-0.000,-0.000,-0.000) 最终目标=(0.056,1.599,-0.245) 指令位置=(0.056,1.599,nan) 指令速度=(0.000,0.000,0.000) 指令加速度=(0.000,0.000,nan) 滚转角=0.04度 俯仰角=-0.02度
10:07:26.487545 [轨迹] 序号=2148 单调时间=4861.267462 时间=4861.267 模式=OFFBOARD 起飞状态=未执行起飞 水平控制=位置保持 类型掩码=3520 实际位置NED=(0.049,1.640,-0.245) 实际速度=(0.000,-0.000,-0.000) 最终目标=(0.056,1.599,-0.245) 指令位置=(0.056,1.599,nan) 指令速度=(0.000,0.000,0.000) 指令加速度=(0.000,0.000,nan) 滚转角=0.04度 俯仰角=-0.02度
10:07:26.590647 [轨迹] 序号=2149 单调时间=4861.370651 时间=4861.371 模式=OFFBOARD 起飞状态=未执行起飞 水平控制=位置保持 类型掩码=3520 实际位置NED=(0.049,1.640,-0.245) 实际速度=(0.000,0.000,-0.000) 最终目标=(0.056,1.599,-0.245) 指令位置=(0.056,1.599,nan) 指令速度=(0.000,0.000,0.000) 指令加速度=(0.000,0.000,nan) 滚转角=0.04度 俯仰角=-0.02度
10:07:26.695023 [轨迹] 序号=2150 单调时间=4861.475025 时间=4861.475 模式=OFFBOARD 起飞状态=未执行起飞 水平控制=位置保持 类型掩码=3520 实际位置NED=(0.049,1.640,-0.245) 实际速度=(-0.000,0.000,-0.000) 最终目标=(0.056,1.599,-0.245) 指令位置=(0.056,1.599,nan) 指令速度=(0.000,0.000,0.000) 指令加速度=(0.000,0.000,nan) 滚转角=0.04度 俯仰角=-0.02度
10:07:26.798729 [轨迹] 序号=2151 单调时间=4861.578566 时间=4861.579 模式=OFFBOARD 起飞状态=未执行起飞 水平控制=位置保持 类型掩码=3520 实际位置NED=(0.049,1.640,-0.245) 实际速度=(-0.000,0.000,-0.000) 最终目标=(0.056,1.599,-0.245) 指令位置=(0.056,1.599,nan) 指令速度=(0.000,0.000,0.000) 指令加速度=(0.000,0.000,nan) 滚转角=0.04度 俯仰角=-0.02度
10:07:26.901763 [轨迹] 序号=2152 单调时间=4861.681587 时间=4861.682 模式=OFFBOARD 起飞状态=未执行起飞 水平控制=位置保持 类型掩码=3520 实际位置NED=(0.049,1.640,-0.245) 实际速度=(-0.000,-0.000,-0.000) 最终目标=(0.056,1.599,-0.245) 指令位置=(0.056,1.599,nan) 指令速度=(0.000,0.000,0.000) 指令加速度=(0.000,0.000,nan) 滚转角=0.04度 俯仰角=-0.02度
10:07:27.005358 [轨迹] 序号=2153 单调时间=4861.785222 时间=4861.785 模式=OFFBOARD 起飞状态=未执行起飞 水平控制=位置保持 类型掩码=3520 实际位置NED=(0.049,1.640,-0.245) 实际速度=(0.000,0.000,-0.000) 最终目标=(0.056,1.599,-0.245) 指令位置=(0.056,1.599,nan) 指令速度=(0.000,0.000,0.000) 指令加速度=(0.000,0.000,nan) 滚转角=0.04度 俯仰角=-0.02度
10:07:27.109126 [轨迹] 序号=2154 单调时间=4861.888963 时间=4861.889 模式=OFFBOARD 起飞状态=未执行起飞 水平控制=位置保持 类型掩码=3520 实际位置NED=(0.049,1.640,-0.245) 实际速度=(0.000,-0.000,0.000) 最终目标=(0.056,1.599,-0.245) 指令位置=(0.056,1.599,nan) 指令速度=(0.000,0.000,0.000) 指令加速度=(0.000,0.000,nan) 滚转角=0.04度 俯仰角=-0.02度
10:07:27.214138 [轨迹] 序号=2155 单调时间=4861.993920 时间=4861.994 模式=OFFBOARD 起飞状态=未执行起飞 水平控制=位置保持 类型掩码=3520 实际位置NED=(0.049,1.640,-0.245) 实际速度=(0.000,-0.000,0.000) 最终目标=(0.056,1.599,-0.245) 指令位置=(0.056,1.599,nan) 指令速度=(0.000,0.000,0.000) 指令加速度=(0.000,0.000,nan) 滚转角=0.04度 俯仰角=-0.02度
10:07:27.317469 [轨迹] 序号=2156 单调时间=4862.097335 时间=4862.097 模式=OFFBOARD 起飞状态=未执行起飞 水平控制=位置保持 类型掩码=3520 实际位置NED=(0.049,1.640,-0.245) 实际速度=(0.000,-0.000,0.000) 最终目标=(0.056,1.599,-0.245) 指令位置=(0.056,1.599,nan) 指令速度=(0.000,0.000,0.000) 指令加速度=(0.000,0.000,nan) 滚转角=0.04度 俯仰角=-0.02度
10:07:27.420735 [轨迹] 序号=2157 单调时间=4862.200589 时间=4862.201 模式=OFFBOARD 起飞状态=未执行起飞 水平控制=位置保持 类型掩码=3520 实际位置NED=(0.049,1.640,-0.245) 实际速度=(0.001,-0.000,0.001) 最终目标=(0.056,1.599,-0.245) 指令位置=(0.056,1.599,nan) 指令速度=(0.000,0.000,0.000) 指令加速度=(0.000,0.000,nan) 滚转角=0.04度 俯仰角=-0.02度
10:07:27.537242 [轨迹] 序号=2158 单调时间=4862.303979 时间=4862.304 模式=OFFBOARD 起飞状态=未执行起飞 水平控制=位置保持 类型掩码=3520 实际位置NED=(0.049,1.640,-0.245) 实际速度=(0.001,-0.000,0.001) 最终目标=(0.056,1.599,-0.245) 指令位置=(0.056,1.599,nan) 指令速度=(0.000,0.000,0.000) 指令加速度=(0.000,0.000,nan) 滚转角=0.04度 俯仰角=-0.02度
10:07:27.624942 [轨迹] 序号=2159 单调时间=4862.404783 时间=4862.405 模式=OFFBOARD 起飞状态=未执行起飞 水平控制=位置保持 类型掩码=3520 实际位置NED=(0.049,1.640,-0.245) 实际速度=(0.001,-0.000,0.001) 最终目标=(0.056,1.599,-0.245) 指令位置=(0.056,1.599,nan) 指令速度=(0.000,0.000,0.000) 指令加速度=(0.000,0.000,nan) 滚转角=0.04度 俯仰角=-0.02度
10:07:27.729338 [轨迹] 序号=2160 单调时间=4862.509362 时间=4862.509 模式=OFFBOARD 起飞状态=未执行起飞 水平控制=位置保持 类型掩码=3520 实际位置NED=(0.049,1.640,-0.245) 实际速度=(0.001,-0.000,0.001) 最终目标=(0.056,1.599,-0.245) 指令位置=(0.056,1.599,nan) 指令速度=(0.000,0.000,0.000) 指令加速度=(0.000,0.000,nan) 滚转角=0.04度 俯仰角=-0.02度
10:07:27.832648 [轨迹] 序号=2161 单调时间=4862.612581 时间=4862.613 模式=OFFBOARD 起飞状态=未执行起飞 水平控制=位置保持 类型掩码=3520 实际位置NED=(0.049,1.640,-0.245) 实际速度=(0.001,0.000,0.001) 最终目标=(0.056,1.599,-0.245) 指令位置=(0.056,1.599,nan) 指令速度=(0.000,0.000,0.000) 指令加速度=(0.000,0.000,nan) 滚转角=0.04度 俯仰角=-0.02度
10:07:27.936661 [轨迹] 序号=2162 单调时间=4862.716344 时间=4862.716 模式=OFFBOARD 起飞状态=未执行起飞 水平控制=位置保持 类型掩码=3520 实际位置NED=(0.049,1.640,-0.245) 实际速度=(0.001,0.000,0.002) 最终目标=(0.056,1.599,-0.245) 指令位置=(0.056,1.599,nan) 指令速度=(0.000,0.000,0.000) 指令加速度=(0.000,0.000,nan) 滚转角=0.04度 俯仰角=-0.02度
10:07:28.041621 [轨迹] 序号=2163 单调时间=4862.820178 时间=4862.820 模式=OFFBOARD 起飞状态=未执行起飞 水平控制=位置保持 类型掩码=3520 实际位置NED=(0.049,1.640,-0.244) 实际速度=(0.001,0.000,0.002) 最终目标=(0.056,1.599,-0.245) 指令位置=(0.056,1.599,nan) 指令速度=(0.000,0.000,0.000) 指令加速度=(0.000,0.000,nan) 滚转角=0.04度 俯仰角=-0.02度
10:07:28.142034 [轨迹] 序号=2164 单调时间=4862.921982 时间=4862.922 模式=OFFBOARD 起飞状态=未执行起飞 水平控制=位置保持 类型掩码=3520 实际位置NED=(0.049,1.640,-0.244) 实际速度=(0.001,0.000,0.001) 最终目标=(0.056,1.599,-0.245) 指令位置=(0.056,1.599,nan) 指令速度=(0.000,0.000,0.000) 指令加速度=(0.000,0.000,nan) 滚转角=0.04度 俯仰角=-0.02度
10:07:28.245261 [轨迹] 序号=2165 单调时间=4863.025084 时间=4863.025 模式=OFFBOARD 起飞状态=未执行起飞 水平控制=位置保持 类型掩码=3520 实际位置NED=(0.049,1.640,-0.244) 实际速度=(0.001,0.000,0.002) 最终目标=(0.056,1.599,-0.245) 指令位置=(0.056,1.599,nan) 指令速度=(0.000,0.000,0.000) 指令加速度=(0.000,0.000,nan) 滚转角=0.04度 俯仰角=-0.02度
10:07:28.348677 [轨迹] 序号=2166 单调时间=4863.128439 时间=4863.128 模式=OFFBOARD 起飞状态=未执行起飞 水平控制=位置保持 类型掩码=3520 实际位置NED=(0.049,1.640,-0.244) 实际速度=(0.001,0.000,0.002) 最终目标=(0.056,1.599,-0.245) 指令位置=(0.056,1.599,nan) 指令速度=(0.000,0.000,0.000) 指令加速度=(0.000,0.000,nan) 滚转角=0.04度 俯仰角=-0.02度
10:07:28.449120 [轨迹] 序号=2167 单调时间=4863.228978 时间=4863.229 模式=OFFBOARD 起飞状态=未执行起飞 水平控制=位置保持 类型掩码=3520 实际位置NED=(0.049,1.640,-0.244) 实际速度=(0.001,0.000,0.002) 最终目标=(0.056,1.599,-0.245) 指令位置=(0.056,1.599,nan) 指令速度=(0.000,0.000,0.000) 指令加速度=(0.000,0.000,nan) 滚转角=0.04度 俯仰角=-0.02度
10:07:28.553079 [轨迹] 序号=2168 单调时间=4863.332970 时间=4863.333 模式=OFFBOARD 起飞状态=未执行起飞 水平控制=位置保持 类型掩码=3520 实际位置NED=(0.049,1.640,-0.244) 实际速度=(0.001,0.000,0.002) 最终目标=(0.056,1.599,-0.245) 指令位置=(0.056,1.599,nan) 指令速度=(0.000,0.000,0.000) 指令加速度=(0.000,0.000,nan) 滚转角=0.04度 俯仰角=-0.02度
10:07:28.656178 [轨迹] 序号=2169 单调时间=4863.436092 时间=4863.436 模式=OFFBOARD 起飞状态=未执行起飞 水平控制=位置保持 类型掩码=3520 实际位置NED=(0.049,1.640,-0.244) 实际速度=(0.000,0.000,0.002) 最终目标=(0.056,1.599,-0.245) 指令位置=(0.056,1.599,nan) 指令速度=(0.000,0.000,0.000) 指令加速度=(0.000,0.000,nan) 滚转角=0.04度 俯仰角=-0.02度
10:07:28.759989 [轨迹] 序号=2170 单调时间=4863.539728 时间=4863.540 模式=OFFBOARD 起飞状态=未执行起飞 水平控制=位置保持 类型掩码=3520 实际位置NED=(0.049,1.640,-0.244) 实际速度=(0.000,0.000,0.002) 最终目标=(0.056,1.599,-0.245) 指令位置=(0.056,1.599,nan) 指令速度=(0.000,0.000,0.000) 指令加速度=(0.000,0.000,nan) 滚转角=0.04度 俯仰角=-0.02度
10:07:28.863954 [轨迹] 序号=2171 单调时间=4863.643104 时间=4863.643 模式=OFFBOARD 起飞状态=未执行起飞 水平控制=位置保持 类型掩码=3520 实际位置NED=(0.049,1.640,-0.244) 实际速度=(0.000,0.000,0.002) 最终目标=(0.056,1.599,-0.245) 指令位置=(0.056,1.599,nan) 指令速度=(0.000,0.000,0.000) 指令加速度=(0.000,0.000,nan) 滚转角=0.04度 俯仰角=-0.02度
10:07:28.963995 [轨迹] 序号=2172 单调时间=4863.744128 时间=4863.744 模式=OFFBOARD 起飞状态=未执行起飞 水平控制=位置保持 类型掩码=3520 实际位置NED=(0.049,1.640,-0.244) 实际速度=(0.000,0.000,0.002) 最终目标=(0.056,1.599,-0.245) 指令位置=(0.056,1.599,nan) 指令速度=(0.000,0.000,0.000) 指令加速度=(0.000,0.000,nan) 滚转角=0.04度 俯仰角=-0.02度
10:07:29.067040 [轨迹] 序号=2173 单调时间=4863.846958 时间=4863.847 模式=OFFBOARD 起飞状态=未执行起飞 水平控制=位置保持 类型掩码=3520 实际位置NED=(0.048,1.640,-0.244) 实际速度=(0.000,0.000,0.002) 最终目标=(0.056,1.599,-0.245) 指令位置=(0.056,1.599,nan) 指令速度=(0.000,0.000,0.000) 指令加速度=(0.000,0.000,nan) 滚转角=0.04度 俯仰角=-0.02度
10:07:29.170272 [轨迹] 序号=2174 单调时间=4863.950126 时间=4863.950 模式=OFFBOARD 起飞状态=未执行起飞 水平控制=位置保持 类型掩码=3520 实际位置NED=(0.048,1.640,-0.244) 实际速度=(0.000,0.000,0.002) 最终目标=(0.056,1.599,-0.245) 指令位置=(0.056,1.599,nan) 指令速度=(0.000,0.000,0.000) 指令加速度=(0.000,0.000,nan) 滚转角=0.04度 俯仰角=-0.02度
10:07:29.273486 [轨迹] 序号=2175 单调时间=4864.053331 时间=4864.053 模式=OFFBOARD 起飞状态=未执行起飞 水平控制=位置保持 类型掩码=3520 实际位置NED=(0.048,1.640,-0.243) 实际速度=(0.000,0.000,0.002) 最终目标=(0.056,1.599,-0.245) 指令位置=(0.056,1.599,nan) 指令速度=(0.000,0.000,0.000) 指令加速度=(0.000,0.000,nan) 滚转角=0.04度 俯仰角=-0.02度
10:07:29.377855 [轨迹] 序号=2176 单调时间=4864.157650 时间=4864.158 模式=OFFBOARD 起飞状态=未执行起飞 水平控制=位置保持 类型掩码=3520 实际位置NED=(0.048,1.640,-0.243) 实际速度=(0.000,0.000,0.002) 最终目标=(0.056,1.599,-0.245) 指令位置=(0.056,1.599,nan) 指令速度=(0.000,0.000,0.000) 指令加速度=(0.000,0.000,nan) 滚转角=0.04度 俯仰角=-0.02度
10:07:29.481147 [轨迹] 序号=2177 单调时间=4864.261041 时间=4864.261 模式=OFFBOARD 起飞状态=未执行起飞 水平控制=位置保持 类型掩码=3520 实际位置NED=(0.048,1.640,-0.243) 实际速度=(0.000,0.000,0.002) 最终目标=(0.056,1.599,-0.245) 指令位置=(0.056,1.599,nan) 指令速度=(0.000,0.000,0.000) 指令加速度=(0.000,0.000,nan) 滚转角=0.04度 俯仰角=-0.02度
10:07:29.585103 [轨迹] 序号=2178 单调时间=4864.364970 时间=4864.365 模式=OFFBOARD 起飞状态=未执行起飞 水平控制=位置保持 类型掩码=3520 实际位置NED=(0.048,1.640,-0.243) 实际速度=(0.000,0.000,0.002) 最终目标=(0.056,1.599,-0.245) 指令位置=(0.056,1.599,nan) 指令速度=(0.000,0.000,0.000) 指令加速度=(0.000,0.000,nan) 滚转角=0.04度 俯仰角=-0.02度
10:07:29.689105 [轨迹] 序号=2179 单调时间=4864.469009 时间=4864.469 模式=OFFBOARD 起飞状态=未执行起飞 水平控制=位置保持 类型掩码=3520 实际位置NED=(0.048,1.640,-0.243) 实际速度=(0.000,0.000,0.002) 最终目标=(0.056,1.599,-0.245) 指令位置=(0.056,1.599,nan) 指令速度=(0.000,0.000,0.000) 指令加速度=(0.000,0.000,nan) 滚转角=0.04度 俯仰角=-0.02度
10:07:29.791393 [轨迹] 序号=2180 单调时间=4864.571151 时间=4864.571 模式=OFFBOARD 起飞状态=未执行起飞 水平控制=位置保持 类型掩码=3520 实际位置NED=(0.048,1.640,-0.243) 实际速度=(0.000,0.000,0.002) 最终目标=(0.056,1.599,-0.245) 指令位置=(0.056,1.599,nan) 指令速度=(0.000,0.000,0.000) 指令加速度=(0.000,0.000,nan) 滚转角=0.04度 俯仰角=-0.02度
10:07:29.896141 [轨迹] 序号=2181 单调时间=4864.676073 时间=4864.676 模式=OFFBOARD 起飞状态=未执行起飞 水平控制=位置保持 类型掩码=3520 实际位置NED=(0.048,1.640,-0.243) 实际速度=(0.000,0.000,0.003) 最终目标=(0.056,1.599,-0.245) 指令位置=(0.056,1.599,nan) 指令速度=(0.000,0.000,0.000) 指令加速度=(0.000,0.000,nan) 滚转角=0.04度 俯仰角=-0.02度
10:07:29.999372 [轨迹] 序号=2182 单调时间=4864.779135 时间=4864.779 模式=OFFBOARD 起飞状态=未执行起飞 水平控制=位置保持 类型掩码=3520 实际位置NED=(0.048,1.640,-0.243) 实际速度=(0.000,0.000,0.003) 最终目标=(0.056,1.599,-0.245) 指令位置=(0.056,1.599,nan) 指令速度=(0.000,0.000,0.000) 指令加速度=(0.000,0.000,nan) 滚转角=0.05度 俯仰角=-0.02度
10:07:30.103170 [轨迹] 序号=2183 单调时间=4864.882929 时间=4864.883 模式=OFFBOARD 起飞状态=未执行起飞 水平控制=位置保持 类型掩码=3520 实际位置NED=(0.048,1.640,-0.243) 实际速度=(0.000,0.000,0.003) 最终目标=(0.056,1.599,-0.245) 指令位置=(0.056,1.599,nan) 指令速度=(0.000,0.000,0.000) 指令加速度=(0.000,0.000,nan) 滚转角=0.04度 俯仰角=-0.02度
10:07:30.206419 [轨迹] 序号=2184 单调时间=4864.986341 时间=4864.986 模式=OFFBOARD 起飞状态=未执行起飞 水平控制=位置保持 类型掩码=3520 实际位置NED=(0.048,1.640,-0.243) 实际速度=(0.000,0.000,0.003) 最终目标=(0.056,1.599,-0.245) 指令位置=(0.056,1.599,nan) 指令速度=(0.000,0.000,0.000) 指令加速度=(0.000,0.000,nan) 滚转角=0.05度 俯仰角=-0.02度
10:07:30.309625 [轨迹] 序号=2185 单调时间=4865.089548 时间=4865.090 模式=OFFBOARD 起飞状态=未执行起飞 水平控制=位置保持 类型掩码=3520 实际位置NED=(0.048,1.640,-0.243) 实际速度=(0.000,0.000,0.003) 最终目标=(0.056,1.599,-0.245) 指令位置=(0.056,1.599,nan) 指令速度=(0.000,0.000,0.000) 指令加速度=(0.000,0.000,nan) 滚转角=0.05度 俯仰角=-0.02度
10:07:30.413326 [轨迹] 序号=2186 单调时间=4865.193274 时间=4865.193 模式=OFFBOARD 起飞状态=未执行起飞 水平控制=位置保持 类型掩码=3520 实际位置NED=(0.048,1.640,-0.243) 实际速度=(0.000,0.001,0.003) 最终目标=(0.056,1.599,-0.245) 指令位置=(0.056,1.599,nan) 指令速度=(0.000,0.000,0.000) 指令加速度=(0.000,0.000,nan) 滚转角=0.04度 俯仰角=-0.02度
10:07:30.517270 [轨迹] 序号=2187 单调时间=4865.297196 时间=4865.297 模式=OFFBOARD 起飞状态=未执行起飞 水平控制=位置保持 类型掩码=3520 实际位置NED=(0.048,1.640,-0.243) 实际速度=(-0.000,0.001,0.003) 最终目标=(0.056,1.599,-0.245) 指令位置=(0.056,1.599,nan) 指令速度=(0.000,0.000,0.000) 指令加速度=(0.000,0.000,nan) 滚转角=0.04度 俯仰角=-0.02度
10:07:30.620768 [轨迹] 序号=2188 单调时间=4865.400647 时间=4865.401 模式=OFFBOARD 起飞状态=未执行起飞 水平控制=位置保持 类型掩码=3520 实际位置NED=(0.048,1.640,-0.242) 实际速度=(-0.000,0.001,0.003) 最终目标=(0.056,1.599,-0.245) 指令位置=(0.056,1.599,nan) 指令速度=(0.000,0.000,0.000) 指令加速度=(0.000,0.000,nan) 滚转角=0.04度 俯仰角=-0.02度
10:07:30.721345 [轨迹] 序号=2189 单调时间=4865.501272 时间=4865.501 模式=OFFBOARD 起飞状态=未执行起飞 水平控制=位置保持 类型掩码=3520 实际位置NED=(0.048,1.640,-0.242) 实际速度=(-0.000,0.001,0.003) 最终目标=(0.056,1.599,-0.245) 指令位置=(0.056,1.599,nan) 指令速度=(0.000,0.000,0.000) 指令加速度=(0.000,0.000,nan) 滚转角=0.04度 俯仰角=-0.02度
10:07:30.825000 [轨迹] 序号=2190 单调时间=4865.604379 时间=4865.604 模式=OFFBOARD 起飞状态=未执行起飞 水平控制=位置保持 类型掩码=3520 实际位置NED=(0.047,1.640,-0.242) 实际速度=(-0.000,0.001,0.003) 最终目标=(0.056,1.599,-0.245) 指令位置=(0.056,1.599,nan) 指令速度=(0.000,0.000,0.000) 指令加速度=(0.000,0.000,nan) 滚转角=0.04度 俯仰角=-0.02度
10:07:30.928853 [轨迹] 序号=2191 单调时间=4865.707938 时间=4865.708 模式=OFFBOARD 起飞状态=未执行起飞 水平控制=位置保持 类型掩码=3520 实际位置NED=(0.047,1.640,-0.242) 实际速度=(0.000,0.001,0.003) 最终目标=(0.056,1.599,-0.245) 指令位置=(0.056,1.599,nan) 指令速度=(0.000,0.000,0.000) 指令加速度=(0.000,0.000,nan) 滚转角=0.04度 俯仰角=-0.02度
10:07:31.031190 [轨迹] 序号=2192 单调时间=4865.810891 时间=4865.811 模式=OFFBOARD 起飞状态=未执行起飞 水平控制=位置保持 类型掩码=3520 实际位置NED=(0.047,1.640,-0.242) 实际速度=(0.000,0.001,0.003) 最终目标=(0.056,1.599,-0.245) 指令位置=(0.056,1.599,nan) 指令速度=(0.000,0.000,0.000) 指令加速度=(0.000,0.000,nan) 滚转角=0.04度 俯仰角=-0.02度
10:07:31.134812 [轨迹] 序号=2193 单调时间=4865.914343 时间=4865.914 模式=OFFBOARD 起飞状态=未执行起飞 水平控制=位置保持 类型掩码=3520 实际位置NED=(0.047,1.640,-0.242) 实际速度=(0.000,0.001,0.003) 最终目标=(0.056,1.599,-0.245) 指令位置=(0.056,1.599,nan) 指令速度=(0.000,0.000,0.000) 指令加速度=(0.000,0.000,nan) 滚转角=0.04度 俯仰角=-0.02度
10:07:31.237914 [轨迹] 序号=2194 单调时间=4866.017744 时间=4866.018 模式=OFFBOARD 起飞状态=未执行起飞 水平控制=位置保持 类型掩码=3520 实际位置NED=(0.047,1.640,-0.242) 实际速度=(0.000,0.000,0.003) 最终目标=(0.056,1.599,-0.245) 指令位置=(0.056,1.599,nan) 指令速度=(0.000,0.000,0.000) 指令加速度=(0.000,0.000,nan) 滚转角=0.04度 俯仰角=-0.02度
10:07:31.342088 [轨迹] 序号=2195 单调时间=4866.121996 时间=4866.122 模式=OFFBOARD 起飞状态=未执行起飞 水平控制=位置保持 类型掩码=3520 实际位置NED=(0.047,1.640,-0.242) 实际速度=(0.000,0.000,0.003) 最终目标=(0.056,1.599,-0.245) 指令位置=(0.056,1.599,nan) 指令速度=(0.000,0.000,0.000) 指令加速度=(0.000,0.000,nan) 滚转角=0.04度 俯仰角=-0.02度
10:07:31.445298 [轨迹] 序号=2196 单调时间=4866.225220 时间=4866.225 模式=OFFBOARD 起飞状态=未执行起飞 水平控制=位置保持 类型掩码=3520 实际位置NED=(0.047,1.640,-0.242) 实际速度=(0.000,0.000,0.003) 最终目标=(0.056,1.599,-0.245) 指令位置=(0.056,1.599,nan) 指令速度=(0.000,0.000,0.000) 指令加速度=(0.000,0.000,nan) 滚转角=0.04度 俯仰角=-0.02度
10:07:31.548724 [轨迹] 序号=2197 单调时间=4866.328608 时间=4866.329 模式=OFFBOARD 起飞状态=未执行起飞 水平控制=位置保持 类型掩码=3520 实际位置NED=(0.047,1.640,-0.242) 实际速度=(0.000,0.000,0.003) 最终目标=(0.056,1.599,-0.245) 指令位置=(0.056,1.599,nan) 指令速度=(0.000,0.000,0.000) 指令加速度=(0.000,0.000,nan) 滚转角=0.04度 俯仰角=-0.02度
10:07:31.652531 [轨迹] 序号=2198 单调时间=4866.432035 时间=4866.432 模式=OFFBOARD 起飞状态=未执行起飞 水平控制=位置保持 类型掩码=3520 实际位置NED=(0.047,1.640,-0.242) 实际速度=(0.000,0.000,0.003) 最终目标=(0.056,1.599,-0.245) 指令位置=(0.056,1.599,nan) 指令速度=(0.000,0.000,0.000) 指令加速度=(0.000,0.000,nan) 滚转角=0.04度 俯仰角=-0.02度
10:07:31.756099 [轨迹] 序号=2199 单调时间=4866.535950 时间=4866.536 模式=OFFBOARD 起飞状态=未执行起飞 水平控制=位置保持 类型掩码=3520 实际位置NED=(0.047,1.640,-0.242) 实际速度=(0.000,0.000,0.003) 最终目标=(0.056,1.599,-0.245) 指令位置=(0.056,1.599,nan) 指令速度=(0.000,0.000,0.000) 指令加速度=(0.000,0.000,nan) 滚转角=0.04度 俯仰角=-0.02度
10:07:31.859163 [轨迹] 序号=2200 单调时间=4866.639048 时间=4866.639 模式=OFFBOARD 起飞状态=未执行起飞 水平控制=位置保持 类型掩码=3520 实际位置NED=(0.047,1.640,-0.242) 实际速度=(0.000,0.000,0.003) 最终目标=(0.056,1.599,-0.245) 指令位置=(0.056,1.599,nan) 指令速度=(0.000,0.000,0.000) 指令加速度=(0.000,0.000,nan) 滚转角=0.04度 俯仰角=-0.02度
10:07:31.962381 [轨迹] 序号=2201 单调时间=4866.742344 时间=4866.742 模式=OFFBOARD 起飞状态=未执行起飞 水平控制=位置保持 类型掩码=3520 实际位置NED=(0.047,1.640,-0.242) 实际速度=(0.000,0.000,0.003) 最终目标=(0.056,1.599,-0.245) 指令位置=(0.056,1.599,nan) 指令速度=(0.000,0.000,0.000) 指令加速度=(0.000,0.000,nan) 滚转角=0.04度 俯仰角=-0.02度
10:07:32.064435 [轨迹] 序号=2202 单调时间=4866.844429 时间=4866.844 模式=OFFBOARD 起飞状态=未执行起飞 水平控制=位置保持 类型掩码=3520 实际位置NED=(0.047,1.640,-0.242) 实际速度=(0.000,0.000,0.003) 最终目标=(0.056,1.599,-0.245) 指令位置=(0.056,1.599,nan) 指令速度=(0.000,0.000,0.000) 指令加速度=(0.000,0.000,nan) 滚转角=0.04度 俯仰角=-0.02度
10:07:32.167721 [轨迹] 序号=2203 单调时间=4866.947433 时间=4866.947 模式=OFFBOARD 起飞状态=未执行起飞 水平控制=位置保持 类型掩码=3520 实际位置NED=(0.047,1.640,-0.242) 实际速度=(0.000,0.000,0.003) 最终目标=(0.056,1.599,-0.245) 指令位置=(0.056,1.599,nan) 指令速度=(0.000,0.000,0.000) 指令加速度=(0.000,0.000,nan) 滚转角=0.04度 俯仰角=-0.02度
10:07:32.271025 [轨迹] 序号=2204 单调时间=4867.051064 时间=4867.051 模式=OFFBOARD 起飞状态=未执行起飞 水平控制=位置保持 类型掩码=3520 实际位置NED=(0.047,1.640,-0.242) 实际速度=(0.000,0.000,0.003) 最终目标=(0.056,1.599,-0.245) 指令位置=(0.056,1.599,nan) 指令速度=(0.000,0.000,0.000) 指令加速度=(0.000,0.000,nan) 滚转角=0.04度 俯仰角=-0.02度
10:07:32.374534 [轨迹] 序号=2205 单调时间=4867.154400 时间=4867.154 模式=OFFBOARD 起飞状态=未执行起飞 水平控制=位置保持 类型掩码=3520 实际位置NED=(0.047,1.640,-0.242) 实际速度=(0.000,0.000,0.003) 最终目标=(0.056,1.599,-0.245) 指令位置=(0.056,1.599,nan) 指令速度=(0.000,0.000,0.000) 指令加速度=(0.000,0.000,nan) 滚转角=0.04度 俯仰角=-0.02度
10:07:32.477937 [轨迹] 序号=2206 单调时间=4867.257769 时间=4867.258 模式=OFFBOARD 起飞状态=未执行起飞 水平控制=位置保持 类型掩码=3520 实际位置NED=(0.047,1.640,-0.242) 实际速度=(0.000,0.000,0.002) 最终目标=(0.056,1.599,-0.245) 指令位置=(0.056,1.599,nan) 指令速度=(0.000,0.000,0.000) 指令加速度=(0.000,0.000,nan) 滚转角=0.04度 俯仰角=-0.02度
10:07:32.581008 [轨迹] 序号=2207 单调时间=4867.360997 时间=4867.361 模式=OFFBOARD 起飞状态=未执行起飞 水平控制=位置保持 类型掩码=3520 实际位置NED=(0.047,1.640,-0.242) 实际速度=(0.000,0.000,0.002) 最终目标=(0.056,1.599,-0.245) 指令位置=(0.056,1.599,nan) 指令速度=(0.000,0.000,0.000) 指令加速度=(0.000,0.000,nan) 滚转角=0.04度 俯仰角=-0.02度
10:07:32.684149 [轨迹] 序号=2208 单调时间=4867.463946 时间=4867.464 模式=OFFBOARD 起飞状态=未执行起飞 水平控制=位置保持 类型掩码=3520 实际位置NED=(0.047,1.640,-0.242) 实际速度=(0.001,0.000,0.002) 最终目标=(0.056,1.599,-0.245) 指令位置=(0.056,1.599,nan) 指令速度=(0.000,0.000,0.000) 指令加速度=(0.000,0.000,nan) 滚转角=0.04度 俯仰角=-0.02度
10:07:32.787714 [轨迹] 序号=2209 单调时间=4867.567433 时间=4867.567 模式=OFFBOARD 起飞状态=未执行起飞 水平控制=位置保持 类型掩码=3520 实际位置NED=(0.047,1.640,-0.242) 实际速度=(0.001,0.000,0.002) 最终目标=(0.056,1.599,-0.245) 指令位置=(0.056,1.599,nan) 指令速度=(0.000,0.000,0.000) 指令加速度=(0.000,0.000,nan) 滚转角=0.04度 俯仰角=-0.02度
10:07:32.888678 [轨迹] 序号=2210 单调时间=4867.668810 时间=4867.669 模式=OFFBOARD 起飞状态=未执行起飞 水平控制=位置保持 类型掩码=3520 实际位置NED=(0.047,1.640,-0.242) 实际速度=(0.001,0.000,0.002) 最终目标=(0.056,1.599,-0.245) 指令位置=(0.056,1.599,nan) 指令速度=(0.000,0.000,0.000) 指令加速度=(0.000,0.000,nan) 滚转角=0.04度 俯仰角=-0.02度
10:07:32.991910 [轨迹] 序号=2211 单调时间=4867.771663 时间=4867.772 模式=OFFBOARD 起飞状态=未执行起飞 水平控制=位置保持 类型掩码=3520 实际位置NED=(0.047,1.640,-0.242) 实际速度=(0.001,0.000,0.002) 最终目标=(0.056,1.599,-0.245) 指令位置=(0.056,1.599,nan) 指令速度=(0.000,0.000,0.000) 指令加速度=(0.000,0.000,nan) 滚转角=0.04度 俯仰角=-0.02度
10:07:33.095137 [轨迹] 序号=2212 单调时间=4867.875016 时间=4867.875 模式=OFFBOARD 起飞状态=未执行起飞 水平控制=位置保持 类型掩码=3520 实际位置NED=(0.047,1.640,-0.242) 实际速度=(0.001,0.000,0.002) 最终目标=(0.056,1.599,-0.245) 指令位置=(0.056,1.599,nan) 指令速度=(0.000,0.000,0.000) 指令加速度=(0.000,0.000,nan) 滚转角=0.04度 俯仰角=-0.02度
10:07:33.198144 [轨迹] 序号=2213 单调时间=4867.977940 时间=4867.978 模式=OFFBOARD 起飞状态=未执行起飞 水平控制=位置保持 类型掩码=3520 实际位置NED=(0.047,1.640,-0.243) 实际速度=(0.001,-0.000,0.002) 最终目标=(0.056,1.599,-0.245) 指令位置=(0.056,1.599,nan) 指令速度=(0.000,0.000,0.000) 指令加速度=(0.000,0.000,nan) 滚转角=0.04度 俯仰角=-0.02度
10:07:33.301795 [轨迹] 序号=2214 单调时间=4868.081729 时间=4868.082 模式=OFFBOARD 起飞状态=未执行起飞 水平控制=位置保持 类型掩码=3520 实际位置NED=(0.047,1.640,-0.243) 实际速度=(0.001,-0.000,0.002) 最终目标=(0.056,1.599,-0.245) 指令位置=(0.056,1.599,nan) 指令速度=(0.000,0.000,0.000) 指令加速度=(0.000,0.000,nan) 滚转角=0.04度 俯仰角=-0.02度
10:07:33.405348 [轨迹] 序号=2215 单调时间=4868.185022 时间=4868.185 模式=OFFBOARD 起飞状态=未执行起飞 水平控制=位置保持 类型掩码=3520 实际位置NED=(0.047,1.640,-0.243) 实际速度=(0.001,-0.000,0.002) 最终目标=(0.056,1.599,-0.245) 指令位置=(0.056,1.599,nan) 指令速度=(0.000,0.000,0.000) 指令加速度=(0.000,0.000,nan) 滚转角=0.04度 俯仰角=-0.02度
10:07:33.508252 [轨迹] 序号=2216 单调时间=4868.288281 时间=4868.288 模式=OFFBOARD 起飞状态=未执行起飞 水平控制=位置保持 类型掩码=3520 实际位置NED=(0.047,1.640,-0.243) 实际速度=(0.001,-0.000,0.002) 最终目标=(0.056,1.599,-0.245) 指令位置=(0.056,1.599,nan) 指令速度=(0.000,0.000,0.000) 指令加速度=(0.000,0.000,nan) 滚转角=0.04度 俯仰角=-0.02度
10:07:33.611276 [轨迹] 序号=2217 单调时间=4868.391240 时间=4868.391 模式=OFFBOARD 起飞状态=未执行起飞 水平控制=位置保持 类型掩码=3520 实际位置NED=(0.047,1.640,-0.243) 实际速度=(0.001,-0.000,0.002) 最终目标=(0.056,1.599,-0.245) 指令位置=(0.056,1.599,nan) 指令速度=(0.000,0.000,0.000) 指令加速度=(0.000,0.000,nan) 滚转角=0.04度 俯仰角=-0.02度
10:07:33.714698 [轨迹] 序号=2218 单调时间=4868.494792 时间=4868.495 模式=OFFBOARD 起飞状态=未执行起飞 水平控制=位置保持 类型掩码=3520 实际位置NED=(0.047,1.640,-0.243) 实际速度=(0.001,-0.000,0.002) 最终目标=(0.056,1.599,-0.245) 指令位置=(0.056,1.599,nan) 指令速度=(0.000,0.000,0.000) 指令加速度=(0.000,0.000,nan) 滚转角=0.04度 俯仰角=-0.02度
10:07:33.818268 [轨迹] 序号=2219 单调时间=4868.598089 时间=4868.598 模式=OFFBOARD 起飞状态=未执行起飞 水平控制=位置保持 类型掩码=3520 实际位置NED=(0.047,1.640,-0.243) 实际速度=(0.001,-0.000,0.002) 最终目标=(0.056,1.599,-0.245) 指令位置=(0.056,1.599,nan) 指令速度=(0.000,0.000,0.000) 指令加速度=(0.000,0.000,nan) 滚转角=0.05度 俯仰角=-0.02度
10:07:33.922156 [轨迹] 序号=2220 单调时间=4868.702036 时间=4868.702 模式=OFFBOARD 起飞状态=未执行起飞 水平控制=位置保持 类型掩码=3520 实际位置NED=(0.047,1.640,-0.243) 实际速度=(0.001,-0.000,0.002) 最终目标=(0.056,1.599,-0.245) 指令位置=(0.056,1.599,nan) 指令速度=(0.000,0.000,0.000) 指令加速度=(0.000,0.000,nan) 滚转角=0.04度 俯仰角=-0.02度
10:07:34.025140 [轨迹] 序号=2221 单调时间=4868.805154 时间=4868.805 模式=OFFBOARD 起飞状态=未执行起飞 水平控制=位置保持 类型掩码=3520 实际位置NED=(0.047,1.640,-0.243) 实际速度=(0.001,-0.000,0.002) 最终目标=(0.056,1.599,-0.245) 指令位置=(0.056,1.599,nan) 指令速度=(0.000,0.000,0.000) 指令加速度=(0.000,0.000,nan) 滚转角=0.04度 俯仰角=-0.02度
10:07:34.128666 [轨迹] 序号=2222 单调时间=4868.908557 时间=4868.909 模式=OFFBOARD 起飞状态=未执行起飞 水平控制=位置保持 类型掩码=3520 实际位置NED=(0.047,1.640,-0.243) 实际速度=(0.000,0.000,0.002) 最终目标=(0.056,1.599,-0.245) 指令位置=(0.056,1.599,nan) 指令速度=(0.000,0.000,0.000) 指令加速度=(0.000,0.000,nan) 滚转角=0.04度 俯仰角=-0.02度
10:07:34.232672 [轨迹] 序号=2223 单调时间=4869.012583 时间=4869.013 模式=OFFBOARD 起飞状态=未执行起飞 水平控制=位置保持 类型掩码=3520 实际位置NED=(0.047,1.640,-0.243) 实际速度=(0.000,0.000,0.002) 最终目标=(0.056,1.599,-0.245) 指令位置=(0.056,1.599,nan) 指令速度=(0.000,0.000,0.000) 指令加速度=(0.000,0.000,nan) 滚转角=0.04度 俯仰角=-0.02度
10:07:34.335783 [轨迹] 序号=2224 单调时间=4869.115565 时间=4869.116 模式=OFFBOARD 起飞状态=未执行起飞 水平控制=位置保持 类型掩码=3520 实际位置NED=(0.047,1.640,-0.243) 实际速度=(0.000,0.000,0.002) 最终目标=(0.056,1.599,-0.245) 指令位置=(0.056,1.599,nan) 指令速度=(0.000,0.000,0.000) 指令加速度=(0.000,0.000,nan) 滚转角=0.04度 俯仰角=-0.02度
10:07:34.438760 [轨迹] 序号=2225 单调时间=4869.218626 时间=4869.219 模式=OFFBOARD 起飞状态=未执行起飞 水平控制=位置保持 类型掩码=3520 实际位置NED=(0.047,1.640,-0.243) 实际速度=(0.000,0.000,0.002) 最终目标=(0.056,1.599,-0.245) 指令位置=(0.056,1.599,nan) 指令速度=(0.000,0.000,0.000) 指令加速度=(0.000,0.000,nan) 滚转角=0.04度 俯仰角=-0.02度
10:07:34.541943 [轨迹] 序号=2226 单调时间=4869.321944 时间=4869.322 模式=OFFBOARD 起飞状态=未执行起飞 水平控制=位置保持 类型掩码=3520 实际位置NED=(0.047,1.640,-0.243) 实际速度=(0.000,0.000,0.002) 最终目标=(0.056,1.599,-0.245) 指令位置=(0.056,1.599,nan) 指令速度=(0.000,0.000,0.000) 指令加速度=(0.000,0.000,nan) 滚转角=0.04度 俯仰角=-0.02度
10:07:34.645033 [轨迹] 序号=2227 单调时间=4869.424851 时间=4869.425 模式=OFFBOARD 起飞状态=未执行起飞 水平控制=位置保持 类型掩码=3520 实际位置NED=(0.047,1.640,-0.243) 实际速度=(0.000,0.000,0.002) 最终目标=(0.056,1.599,-0.245) 指令位置=(0.056,1.599,nan) 指令速度=(0.000,0.000,0.000) 指令加速度=(0.000,0.000,nan) 滚转角=0.05度 俯仰角=-0.02度
10:07:34.748720 [轨迹] 序号=2228 单调时间=4869.528460 时间=4869.528 模式=OFFBOARD 起飞状态=未执行起飞 水平控制=位置保持 类型掩码=3520 实际位置NED=(0.047,1.640,-0.243) 实际速度=(0.000,0.000,0.002) 最终目标=(0.056,1.599,-0.245) 指令位置=(0.056,1.599,nan) 指令速度=(0.000,0.000,0.000) 指令加速度=(0.000,0.000,nan) 滚转角=0.05度 俯仰角=-0.02度
10:07:34.850778 [轨迹] 序号=2229 单调时间=4869.630694 时间=4869.631 模式=OFFBOARD 起飞状态=未执行起飞 水平控制=位置保持 类型掩码=3520 实际位置NED=(0.047,1.640,-0.243) 实际速度=(0.000,0.000,0.002) 最终目标=(0.056,1.599,-0.245) 指令位置=(0.056,1.599,nan) 指令速度=(0.000,0.000,0.000) 指令加速度=(0.000,0.000,nan) 滚转角=0.05度 俯仰角=-0.02度
10:07:34.953836 [轨迹] 序号=2230 单调时间=4869.733673 时间=4869.734 模式=OFFBOARD 起飞状态=未执行起飞 水平控制=位置保持 类型掩码=3520 实际位置NED=(0.046,1.640,-0.243) 实际速度=(-0.000,0.000,0.002) 最终目标=(0.056,1.599,-0.245) 指令位置=(0.056,1.599,nan) 指令速度=(0.000,0.000,0.000) 指令加速度=(0.000,0.000,nan) 滚转角=0.04度 俯仰角=-0.02度
10:07:35.060121 [轨迹] 序号=2231 单调时间=4869.839167 时间=4869.839 模式=OFFBOARD 起飞状态=未执行起飞 水平控制=位置保持 类型掩码=3520 实际位置NED=(0.046,1.640,-0.243) 实际速度=(0.000,0.000,0.002) 最终目标=(0.056,1.599,-0.245) 指令位置=(0.056,1.599,nan) 指令速度=(0.000,0.000,0.000) 指令加速度=(0.000,0.000,nan) 滚转角=0.05度 俯仰角=-0.02度
10:07:35.164152 [轨迹] 序号=2232 单调时间=4869.944102 时间=4869.944 模式=OFFBOARD 起飞状态=未执行起飞 水平控制=位置保持 类型掩码=3520 实际位置NED=(0.046,1.640,-0.243) 实际速度=(-0.000,0.000,0.002) 最终目标=(0.056,1.599,-0.245) 指令位置=(0.056,1.599,nan) 指令速度=(0.000,0.000,0.000) 指令加速度=(0.000,0.000,nan) 滚转角=0.05度 俯仰角=-0.02度
10:07:35.268375 [轨迹] 序号=2233 单调时间=4870.048079 时间=4870.048 模式=OFFBOARD 起飞状态=未执行起飞 水平控制=位置保持 类型掩码=3520 实际位置NED=(0.046,1.640,-0.243) 实际速度=(-0.000,0.000,0.002) 最终目标=(0.056,1.599,-0.245) 指令位置=(0.056,1.599,nan) 指令速度=(0.000,0.000,0.000) 指令加速度=(0.000,0.000,nan) 滚转角=0.04度 俯仰角=-0.02度
10:07:35.372605 [轨迹] 序号=2234 单调时间=4870.152553 时间=4870.153 模式=OFFBOARD 起飞状态=未执行起飞 水平控制=位置保持 类型掩码=3520 实际位置NED=(0.046,1.640,-0.243) 实际速度=(-0.000,0.000,0.001) 最终目标=(0.056,1.599,-0.245) 指令位置=(0.056,1.599,nan) 指令速度=(0.000,0.000,0.000) 指令加速度=(0.000,0.000,nan) 滚转角=0.04度 俯仰角=-0.02度
10:07:35.476473 [轨迹] 序号=2235 单调时间=4870.256206 时间=4870.256 模式=OFFBOARD 起飞状态=未执行起飞 水平控制=位置保持 类型掩码=3520 实际位置NED=(0.046,1.640,-0.243) 实际速度=(-0.000,0.000,0.001) 最终目标=(0.056,1.599,-0.245) 指令位置=(0.056,1.599,nan) 指令速度=(0.000,0.000,0.000) 指令加速度=(0.000,0.000,nan) 滚转角=0.04度 俯仰角=-0.02度
10:07:35.579419 [轨迹] 序号=2236 单调时间=4870.359377 时间=4870.359 模式=OFFBOARD 起飞状态=未执行起飞 水平控制=位置保持 类型掩码=3520 实际位置NED=(0.046,1.640,-0.243) 实际速度=(-0.000,0.000,0.001) 最终目标=(0.056,1.599,-0.245) 指令位置=(0.056,1.599,nan) 指令速度=(0.000,0.000,0.000) 指令加速度=(0.000,0.000,nan) 滚转角=0.04度 俯仰角=-0.02度
10:07:35.683019 [轨迹] 序号=2237 单调时间=4870.463006 时间=4870.463 模式=OFFBOARD 起飞状态=未执行起飞 水平控制=位置保持 类型掩码=3520 实际位置NED=(0.046,1.640,-0.243) 实际速度=(-0.000,-0.000,0.001) 最终目标=(0.056,1.599,-0.245) 指令位置=(0.056,1.599,nan) 指令速度=(0.000,0.000,0.000) 指令加速度=(0.000,0.000,nan) 滚转角=0.04度 俯仰角=-0.02度
10:07:35.784685 [轨迹] 序号=2238 单调时间=4870.564602 时间=4870.565 模式=OFFBOARD 起飞状态=未执行起飞 水平控制=位置保持 类型掩码=3520 实际位置NED=(0.046,1.639,-0.243) 实际速度=(-0.000,-0.000,0.001) 最终目标=(0.056,1.599,-0.245) 指令位置=(0.056,1.599,nan) 指令速度=(0.000,0.000,0.000) 指令加速度=(0.000,0.000,nan) 滚转角=0.04度 俯仰角=-0.02度
10:07:35.888460 [轨迹] 序号=2239 单调时间=4870.668064 时间=4870.668 模式=OFFBOARD 起飞状态=未执行起飞 水平控制=位置保持 类型掩码=3520 实际位置NED=(0.046,1.639,-0.244) 实际速度=(0.000,-0.000,0.001) 最终目标=(0.056,1.599,-0.245) 指令位置=(0.056,1.599,nan) 指令速度=(0.000,0.000,0.000) 指令加速度=(0.000,0.000,nan) 滚转角=0.04度 俯仰角=-0.02度
10:07:35.991408 [轨迹] 序号=2240 单调时间=4870.771355 时间=4870.771 模式=OFFBOARD 起飞状态=未执行起飞 水平控制=位置保持 类型掩码=3520 实际位置NED=(0.046,1.639,-0.244) 实际速度=(0.000,-0.000,0.001) 最终目标=(0.056,1.599,-0.245) 指令位置=(0.056,1.599,nan) 指令速度=(0.000,0.000,0.000) 指令加速度=(0.000,0.000,nan) 滚转角=0.04度 俯仰角=-0.02度
10:07:36.095372 [轨迹] 序号=2241 单调时间=4870.875341 时间=4870.875 模式=OFFBOARD 起飞状态=未执行起飞 水平控制=位置保持 类型掩码=3520 实际位置NED=(0.046,1.639,-0.244) 实际速度=(0.000,-0.000,0.001) 最终目标=(0.056,1.599,-0.245) 指令位置=(0.056,1.599,nan) 指令速度=(0.000,0.000,0.000) 指令加速度=(0.000,0.000,nan) 滚转角=0.04度 俯仰角=-0.02度
10:07:36.198617 [轨迹] 序号=2242 单调时间=4870.978431 时间=4870.978 模式=OFFBOARD 起飞状态=未执行起飞 水平控制=位置保持 类型掩码=3520 实际位置NED=(0.046,1.639,-0.244) 实际速度=(0.000,-0.000,0.000) 最终目标=(0.056,1.599,-0.245) 指令位置=(0.056,1.599,nan) 指令速度=(0.000,0.000,0.000) 指令加速度=(0.000,0.000,nan) 滚转角=0.04度 俯仰角=-0.02度
10:07:36.301858 [轨迹] 序号=2243 单调时间=4871.081674 时间=4871.082 模式=OFFBOARD 起飞状态=未执行起飞 水平控制=位置保持 类型掩码=3520 实际位置NED=(0.046,1.639,-0.244) 实际速度=(0.000,-0.000,0.000) 最终目标=(0.056,1.599,-0.245) 指令位置=(0.056,1.599,nan) 指令速度=(0.000,0.000,0.000) 指令加速度=(0.000,0.000,nan) 滚转角=0.04度 俯仰角=-0.02度
10:07:36.405642 [轨迹] 序号=2244 单调时间=4871.185546 时间=4871.186 模式=OFFBOARD 起飞状态=未执行起飞 水平控制=位置保持 类型掩码=3520 实际位置NED=(0.046,1.639,-0.244) 实际速度=(0.000,-0.000,0.000) 最终目标=(0.056,1.599,-0.245) 指令位置=(0.056,1.599,nan) 指令速度=(0.000,0.000,0.000) 指令加速度=(0.000,0.000,nan) 滚转角=0.04度 俯仰角=-0.02度
10:07:36.508899 [轨迹] 序号=2245 单调时间=4871.288769 时间=4871.289 模式=OFFBOARD 起飞状态=未执行起飞 水平控制=位置保持 类型掩码=3520 实际位置NED=(0.046,1.639,-0.244) 实际速度=(0.000,-0.000,0.000) 最终目标=(0.056,1.599,-0.245) 指令位置=(0.056,1.599,nan) 指令速度=(0.000,0.000,0.000) 指令加速度=(0.000,0.000,nan) 滚转角=0.04度 俯仰角=-0.02度
10:07:36.613228 [轨迹] 序号=2246 单调时间=4871.392745 时间=4871.393 模式=OFFBOARD 起飞状态=未执行起飞 水平控制=位置保持 类型掩码=3520 实际位置NED=(0.046,1.639,-0.244) 实际速度=(0.000,-0.000,0.000) 最终目标=(0.056,1.599,-0.245) 指令位置=(0.056,1.599,nan) 指令速度=(0.000,0.000,0.000) 指令加速度=(0.000,0.000,nan) 滚转角=0.04度 俯仰角=-0.02度
10:07:36.716372 [轨迹] 序号=2247 单调时间=4871.496076 时间=4871.496 模式=OFFBOARD 起飞状态=未执行起飞 水平控制=位置保持 类型掩码=3520 实际位置NED=(0.046,1.639,-0.244) 实际速度=(-0.000,-0.000,-0.000) 最终目标=(0.056,1.599,-0.245) 指令位置=(0.056,1.599,nan) 指令速度=(0.000,0.000,0.000) 指令加速度=(0.000,0.000,nan) 滚转角=0.04度 俯仰角=-0.02度
10:07:36.819738 [轨迹] 序号=2248 单调时间=4871.599585 时间=4871.600 模式=OFFBOARD 起飞状态=未执行起飞 水平控制=位置保持 类型掩码=3520 实际位置NED=(0.046,1.639,-0.245) 实际速度=(-0.000,-0.000,-0.000) 最终目标=(0.056,1.599,-0.245) 指令位置=(0.056,1.599,nan) 指令速度=(0.000,0.000,0.000) 指令加速度=(0.000,0.000,nan) 滚转角=0.04度 俯仰角=-0.02度
10:07:36.923123 [轨迹] 序号=2249 单调时间=4871.702920 时间=4871.703 模式=OFFBOARD 起飞状态=未执行起飞 水平控制=位置保持 类型掩码=3520 实际位置NED=(0.046,1.639,-0.245) 实际速度=(-0.000,-0.000,-0.000) 最终目标=(0.056,1.599,-0.245) 指令位置=(0.056,1.599,nan) 指令速度=(0.000,0.000,0.000) 指令加速度=(0.000,0.000,nan) 滚转角=0.04度 俯仰角=-0.02度
10:07:37.026434 [轨迹] 序号=2250 单调时间=4871.806195 时间=4871.806 模式=OFFBOARD 起飞状态=未执行起飞 水平控制=位置保持 类型掩码=3520 实际位置NED=(0.046,1.639,-0.245) 实际速度=(-0.000,-0.000,-0.000) 最终目标=(0.056,1.599,-0.245) 指令位置=(0.056,1.599,nan) 指令速度=(0.000,0.000,0.000) 指令加速度=(0.000,0.000,nan) 滚转角=0.04度 俯仰角=-0.02度
10:07:37.129515 [轨迹] 序号=2251 单调时间=4871.909222 时间=4871.909 模式=OFFBOARD 起飞状态=未执行起飞 水平控制=位置保持 类型掩码=3520 实际位置NED=(0.046,1.639,-0.245) 实际速度=(0.000,-0.000,-0.000) 最终目标=(0.056,1.599,-0.245) 指令位置=(0.056,1.599,nan) 指令速度=(0.000,0.000,0.000) 指令加速度=(0.000,0.000,nan) 滚转角=0.04度 俯仰角=-0.02度
10:07:37.233268 [轨迹] 序号=2252 单调时间=4872.013012 时间=4872.013 模式=OFFBOARD 起飞状态=未执行起飞 水平控制=位置保持 类型掩码=3520 实际位置NED=(0.046,1.639,-0.245) 实际速度=(-0.000,-0.000,-0.000) 最终目标=(0.056,1.599,-0.245) 指令位置=(0.056,1.599,nan) 指令速度=(0.000,0.000,0.000) 指令加速度=(0.000,0.000,nan) 滚转角=0.04度 俯仰角=-0.02度
10:07:37.337585 [轨迹] 序号=2253 单调时间=4872.117422 时间=4872.117 模式=OFFBOARD 起飞状态=未执行起飞 水平控制=位置保持 类型掩码=3520 实际位置NED=(0.046,1.639,-0.245) 实际速度=(0.000,-0.000,-0.000) 最终目标=(0.056,1.599,-0.245) 指令位置=(0.056,1.599,nan) 指令速度=(0.000,0.000,0.000) 指令加速度=(0.000,0.000,nan) 滚转角=0.04度 俯仰角=-0.02度
10:07:37.440687 [轨迹] 序号=2254 单调时间=4872.220588 时间=4872.221 模式=OFFBOARD 起飞状态=未执行起飞 水平控制=位置保持 类型掩码=3520 实际位置NED=(0.046,1.639,-0.245) 实际速度=(0.000,-0.000,-0.001) 最终目标=(0.056,1.599,-0.245) 指令位置=(0.056,1.599,nan) 指令速度=(0.000,0.000,0.000) 指令加速度=(0.000,0.000,nan) 滚转角=0.04度 俯仰角=-0.02度
10:07:37.544060 [轨迹] 序号=2255 单调时间=4872.323841 时间=4872.324 模式=OFFBOARD 起飞状态=未执行起飞 水平控制=位置保持 类型掩码=3520 实际位置NED=(0.046,1.639,-0.245) 实际速度=(0.000,-0.000,-0.000) 最终目标=(0.056,1.599,-0.245) 指令位置=(0.056,1.599,nan) 指令速度=(0.000,0.000,0.000) 指令加速度=(0.000,0.000,nan) 滚转角=0.04度 俯仰角=-0.02度
10:07:37.647651 [轨迹] 序号=2256 单调时间=4872.427502 时间=4872.428 模式=OFFBOARD 起飞状态=未执行起飞 水平控制=位置保持 类型掩码=3520 实际位置NED=(0.046,1.639,-0.245) 实际速度=(0.000,-0.000,-0.001) 最终目标=(0.056,1.599,-0.245) 指令位置=(0.056,1.599,nan) 指令速度=(0.000,0.000,0.000) 指令加速度=(0.000,0.000,nan) 滚转角=0.04度 俯仰角=-0.02度
10:07:37.750959 [轨迹] 序号=2257 单调时间=4872.530921 时间=4872.531 模式=OFFBOARD 起飞状态=未执行起飞 水平控制=位置保持 类型掩码=3520 实际位置NED=(0.046,1.639,-0.245) 实际速度=(0.000,-0.000,-0.001) 最终目标=(0.056,1.599,-0.245) 指令位置=(0.056,1.599,nan) 指令速度=(0.000,0.000,0.000) 指令加速度=(0.000,0.000,nan) 滚转角=0.04度 俯仰角=-0.02度
10:07:37.854282 [轨迹] 序号=2258 单调时间=4872.634274 时间=4872.634 模式=OFFBOARD 起飞状态=未执行起飞 水平控制=位置保持 类型掩码=3520 实际位置NED=(0.046,1.639,-0.245) 实际速度=(0.000,-0.000,-0.001) 最终目标=(0.056,1.599,-0.245) 指令位置=(0.056,1.599,nan) 指令速度=(0.000,0.000,0.000) 指令加速度=(0.000,0.000,nan) 滚转角=0.04度 俯仰角=-0.02度
10:07:37.957423 [轨迹] 序号=2259 单调时间=4872.737362 时间=4872.737 模式=OFFBOARD 起飞状态=未执行起飞 水平控制=位置保持 类型掩码=3520 实际位置NED=(0.046,1.639,-0.245) 实际速度=(0.000,-0.000,-0.001) 最终目标=(0.056,1.599,-0.245) 指令位置=(0.056,1.599,nan) 指令速度=(0.000,0.000,0.000) 指令加速度=(0.000,0.000,nan) 滚转角=0.04度 俯仰角=-0.02度
10:07:38.060413 [轨迹] 序号=2260 单调时间=4872.840354 时间=4872.840 模式=OFFBOARD 起飞状态=未执行起飞 水平控制=位置保持 类型掩码=3520 实际位置NED=(0.046,1.639,-0.245) 实际速度=(0.000,-0.000,-0.001) 最终目标=(0.056,1.599,-0.245) 指令位置=(0.056,1.599,nan) 指令速度=(0.000,0.000,0.000) 指令加速度=(0.000,0.000,nan) 滚转角=0.04度 俯仰角=-0.02度
10:07:38.163704 [轨迹] 序号=2261 单调时间=4872.943412 时间=4872.943 模式=OFFBOARD 起飞状态=未执行起飞 水平控制=位置保持 类型掩码=3520 实际位置NED=(0.046,1.639,-0.245) 实际速度=(0.000,-0.000,-0.001) 最终目标=(0.056,1.599,-0.245) 指令位置=(0.056,1.599,nan) 指令速度=(0.000,0.000,0.000) 指令加速度=(0.000,0.000,nan) 滚转角=0.04度 俯仰角=-0.02度
10:07:38.266743 [轨迹] 序号=2262 单调时间=4873.046723 时间=4873.047 模式=OFFBOARD 起飞状态=未执行起飞 水平控制=位置保持 类型掩码=3520 实际位置NED=(0.046,1.639,-0.245) 实际速度=(0.000,-0.000,-0.000) 最终目标=(0.056,1.599,-0.245) 指令位置=(0.056,1.599,nan) 指令速度=(0.000,0.000,0.000) 指令加速度=(0.000,0.000,nan) 滚转角=0.04度 俯仰角=-0.02度
10:07:38.369802 [轨迹] 序号=2263 单调时间=4873.149933 时间=4873.150 模式=OFFBOARD 起飞状态=未执行起飞 水平控制=位置保持 类型掩码=3520 实际位置NED=(0.046,1.639,-0.245) 实际速度=(0.000,-0.000,-0.000) 最终目标=(0.056,1.599,-0.245) 指令位置=(0.056,1.599,nan) 指令速度=(0.000,0.000,0.000) 指令加速度=(0.000,0.000,nan) 滚转角=0.04度 俯仰角=-0.02度
10:07:38.473362 [轨迹] 序号=2264 单调时间=4873.252725 时间=4873.253 模式=OFFBOARD 起飞状态=未执行起飞 水平控制=位置保持 类型掩码=3520 实际位置NED=(0.046,1.639,-0.245) 实际速度=(-0.000,-0.000,-0.000) 最终目标=(0.056,1.599,-0.245) 指令位置=(0.056,1.599,nan) 指令速度=(0.000,0.000,0.000) 指令加速度=(0.000,0.000,nan) 滚转角=0.04度 俯仰角=-0.02度
10:07:38.577534 [轨迹] 序号=2265 单调时间=4873.357392 时间=4873.357 模式=OFFBOARD 起飞状态=未执行起飞 水平控制=位置保持 类型掩码=3520 实际位置NED=(0.046,1.639,-0.245) 实际速度=(-0.000,-0.000,-0.000) 最终目标=(0.056,1.599,-0.245) 指令位置=(0.056,1.599,nan) 指令速度=(0.000,0.000,0.000) 指令加速度=(0.000,0.000,nan) 滚转角=0.04度 俯仰角=-0.02度
10:07:38.681274 [轨迹] 序号=2266 单调时间=4873.460530 时间=4873.461 模式=OFFBOARD 起飞状态=未执行起飞 水平控制=位置保持 类型掩码=3520 实际位置NED=(0.046,1.639,-0.245) 实际速度=(-0.000,-0.000,-0.000) 最终目标=(0.056,1.599,-0.245) 指令位置=(0.056,1.599,nan) 指令速度=(0.000,0.000,0.000) 指令加速度=(0.000,0.000,nan) 滚转角=0.04度 俯仰角=-0.02度
10:07:38.784541 [轨迹] 序号=2267 单调时间=4873.564494 时间=4873.564 模式=OFFBOARD 起飞状态=未执行起飞 水平控制=位置保持 类型掩码=3520 实际位置NED=(0.046,1.639,-0.245) 实际速度=(-0.000,0.000,-0.000) 最终目标=(0.056,1.599,-0.245) 指令位置=(0.056,1.599,nan) 指令速度=(0.000,0.000,0.000) 指令加速度=(0.000,0.000,nan) 滚转角=0.04度 俯仰角=-0.02度
10:07:38.887912 [轨迹] 序号=2268 单调时间=4873.667757 时间=4873.668 模式=OFFBOARD 起飞状态=未执行起飞 水平控制=位置保持 类型掩码=3520 实际位置NED=(0.046,1.639,-0.245) 实际速度=(-0.000,0.000,-0.000) 最终目标=(0.056,1.599,-0.245) 指令位置=(0.056,1.599,nan) 指令速度=(0.000,0.000,0.000) 指令加速度=(0.000,0.000,nan) 滚转角=0.04度 俯仰角=-0.02度
10:07:38.991261 [轨迹] 序号=2269 单调时间=4873.771080 时间=4873.771 模式=OFFBOARD 起飞状态=未执行起飞 水平控制=位置保持 类型掩码=3520 实际位置NED=(0.046,1.639,-0.245) 实际速度=(-0.000,0.000,0.000) 最终目标=(0.056,1.599,-0.245) 指令位置=(0.056,1.599,nan) 指令速度=(0.000,0.000,0.000) 指令加速度=(0.000,0.000,nan) 滚转角=0.04度 俯仰角=-0.02度
10:07:39.094808 [轨迹] 序号=2270 单调时间=4873.874677 时间=4873.875 模式=OFFBOARD 起飞状态=未执行起飞 水平控制=位置保持 类型掩码=3520 实际位置NED=(0.046,1.639,-0.245) 实际速度=(-0.000,0.000,0.000) 最终目标=(0.056,1.599,-0.245) 指令位置=(0.056,1.599,nan) 指令速度=(0.000,0.000,0.000) 指令加速度=(0.000,0.000,nan) 滚转角=0.04度 俯仰角=-0.02度
10:07:39.198709 [轨迹] 序号=2271 单调时间=4873.978509 时间=4873.979 模式=OFFBOARD 起飞状态=未执行起飞 水平控制=位置保持 类型掩码=3520 实际位置NED=(0.046,1.639,-0.245) 实际速度=(-0.000,0.000,0.001) 最终目标=(0.056,1.599,-0.245) 指令位置=(0.056,1.599,nan) 指令速度=(0.000,0.000,0.000) 指令加速度=(0.000,0.000,nan) 滚转角=0.04度 俯仰角=-0.02度
10:07:39.302315 [轨迹] 序号=2272 单调时间=4874.082218 时间=4874.082 模式=OFFBOARD 起飞状态=未执行起飞 水平控制=位置保持 类型掩码=3520 实际位置NED=(0.046,1.639,-0.245) 实际速度=(-0.000,-0.000,0.001) 最终目标=(0.056,1.599,-0.245) 指令位置=(0.056,1.599,nan) 指令速度=(0.000,0.000,0.000) 指令加速度=(0.000,0.000,nan) 滚转角=0.04度 俯仰角=-0.02度
10:07:39.405333 [轨迹] 序号=2273 单调时间=4874.185194 时间=4874.185 模式=OFFBOARD 起飞状态=未执行起飞 水平控制=位置保持 类型掩码=3520 实际位置NED=(0.046,1.639,-0.245) 实际速度=(-0.000,-0.000,0.001) 最终目标=(0.056,1.599,-0.245) 指令位置=(0.056,1.599,nan) 指令速度=(0.000,0.000,0.000) 指令加速度=(0.000,0.000,nan) 滚转角=0.04度 俯仰角=-0.02度
10:07:39.508514 [轨迹] 序号=2274 单调时间=4874.288364 时间=4874.288 模式=OFFBOARD 起飞状态=未执行起飞 水平控制=位置保持 类型掩码=3520 实际位置NED=(0.046,1.639,-0.245) 实际速度=(-0.000,0.000,0.001) 最终目标=(0.056,1.599,-0.245) 指令位置=(0.056,1.599,nan) 指令速度=(0.000,0.000,0.000) 指令加速度=(0.000,0.000,nan) 滚转角=0.04度 俯仰角=-0.02度
10:07:39.612580 [轨迹] 序号=2275 单调时间=4874.392457 时间=4874.392 模式=OFFBOARD 起飞状态=未执行起飞 水平控制=位置保持 类型掩码=3520 实际位置NED=(0.046,1.639,-0.245) 实际速度=(-0.000,0.000,0.001) 最终目标=(0.056,1.599,-0.245) 指令位置=(0.056,1.599,nan) 指令速度=(0.000,0.000,0.000) 指令加速度=(0.000,0.000,nan) 滚转角=0.05度 俯仰角=-0.02度
10:07:39.716605 [轨迹] 序号=2276 单调时间=4874.496576 时间=4874.497 模式=OFFBOARD 起飞状态=未执行起飞 水平控制=位置保持 类型掩码=3520 实际位置NED=(0.046,1.639,-0.245) 实际速度=(-0.000,0.000,0.001) 最终目标=(0.056,1.599,-0.245) 指令位置=(0.056,1.599,nan) 指令速度=(0.000,0.000,0.000) 指令加速度=(0.000,0.000,nan) 滚转角=0.05度 俯仰角=-0.02度
10:07:39.819760 [轨迹] 序号=2277 单调时间=4874.599758 时间=4874.600 模式=OFFBOARD 起飞状态=未执行起飞 水平控制=位置保持 类型掩码=3520 实际位置NED=(0.046,1.639,-0.245) 实际速度=(-0.000,0.000,0.001) 最终目标=(0.056,1.599,-0.245) 指令位置=(0.056,1.599,nan) 指令速度=(0.000,0.000,0.000) 指令加速度=(0.000,0.000,nan) 滚转角=0.05度 俯仰角=-0.02度
10:07:39.922815 [轨迹] 序号=2278 单调时间=4874.702635 时间=4874.703 模式=OFFBOARD 起飞状态=未执行起飞 水平控制=位置保持 类型掩码=3520 实际位置NED=(0.046,1.639,-0.245) 实际速度=(-0.000,0.000,0.001) 最终目标=(0.056,1.599,-0.245) 指令位置=(0.056,1.599,nan) 指令速度=(0.000,0.000,0.000) 指令加速度=(0.000,0.000,nan) 滚转角=0.05度 俯仰角=-0.02度
10:07:40.026349 [轨迹] 序号=2279 单调时间=4874.805830 时间=4874.806 模式=OFFBOARD 起飞状态=未执行起飞 水平控制=位置保持 类型掩码=3520 实际位置NED=(0.046,1.639,-0.244) 实际速度=(-0.000,0.000,0.001) 最终目标=(0.056,1.599,-0.245) 指令位置=(0.056,1.599,nan) 指令速度=(0.000,0.000,0.000) 指令加速度=(0.000,0.000,nan) 滚转角=0.05度 俯仰角=-0.02度
10:07:40.129454 [轨迹] 序号=2280 单调时间=4874.909390 时间=4874.909 模式=OFFBOARD 起飞状态=未执行起飞 水平控制=位置保持 类型掩码=3520 实际位置NED=(0.046,1.639,-0.244) 实际速度=(-0.000,0.000,0.001) 最终目标=(0.056,1.599,-0.245) 指令位置=(0.056,1.599,nan) 指令速度=(0.000,0.000,0.000) 指令加速度=(0.000,0.000,nan) 滚转角=0.05度 俯仰角=-0.02度
10:07:40.232501 [轨迹] 序号=2281 单调时间=4875.012425 时间=4875.012 模式=OFFBOARD 起飞状态=未执行起飞 水平控制=位置保持 类型掩码=3520 实际位置NED=(0.046,1.639,-0.244) 实际速度=(-0.000,0.000,0.001) 最终目标=(0.056,1.599,-0.245) 指令位置=(0.056,1.599,nan) 指令速度=(0.000,0.000,0.000) 指令加速度=(0.000,0.000,nan) 滚转角=0.05度 俯仰角=-0.02度
10:07:40.335648 [轨迹] 序号=2282 单调时间=4875.115516 时间=4875.116 模式=OFFBOARD 起飞状态=未执行起飞 水平控制=位置保持 类型掩码=3520 实际位置NED=(0.046,1.639,-0.244) 实际速度=(-0.000,0.000,0.001) 最终目标=(0.056,1.599,-0.245) 指令位置=(0.056,1.599,nan) 指令速度=(0.000,0.000,0.000) 指令加速度=(0.000,0.000,nan) 滚转角=0.05度 俯仰角=-0.02度
10:07:40.439017 [轨迹] 序号=2283 单调时间=4875.218780 时间=4875.219 模式=OFFBOARD 起飞状态=未执行起飞 水平控制=位置保持 类型掩码=3520 实际位置NED=(0.046,1.639,-0.244) 实际速度=(-0.000,0.000,0.001) 最终目标=(0.056,1.599,-0.245) 指令位置=(0.056,1.599,nan) 指令速度=(0.000,0.000,0.000) 指令加速度=(0.000,0.000,nan) 滚转角=0.05度 俯仰角=-0.02度
10:07:40.542736 [轨迹] 序号=2284 单调时间=4875.322748 时间=4875.323 模式=OFFBOARD 起飞状态=未执行起飞 水平控制=位置保持 类型掩码=3520 实际位置NED=(0.046,1.639,-0.244) 实际速度=(-0.000,0.000,0.001) 最终目标=(0.056,1.599,-0.245) 指令位置=(0.056,1.599,nan) 指令速度=(0.000,0.000,0.000) 指令加速度=(0.000,0.000,nan) 滚转角=0.05度 俯仰角=-0.02度
10:07:40.646118 [轨迹] 序号=2285 单调时间=4875.426067 时间=4875.426 模式=OFFBOARD 起飞状态=未执行起飞 水平控制=位置保持 类型掩码=3520 实际位置NED=(0.046,1.639,-0.244) 实际速度=(-0.000,0.000,0.001) 最终目标=(0.056,1.599,-0.245) 指令位置=(0.056,1.599,nan) 指令速度=(0.000,0.000,0.000) 指令加速度=(0.000,0.000,nan) 滚转角=0.05度 俯仰角=-0.02度
10:07:40.750430 [轨迹] 序号=2286 单调时间=4875.530194 时间=4875.530 模式=OFFBOARD 起飞状态=未执行起飞 水平控制=位置保持 类型掩码=3520 实际位置NED=(0.046,1.639,-0.244) 实际速度=(-0.000,0.000,0.001) 最终目标=(0.056,1.599,-0.245) 指令位置=(0.056,1.599,nan) 指令速度=(0.000,0.000,0.000) 指令加速度=(0.000,0.000,nan) 滚转角=0.05度 俯仰角=-0.02度
10:07:40.853615 [轨迹] 序号=2287 单调时间=4875.633451 时间=4875.633 模式=OFFBOARD 起飞状态=未执行起飞 水平控制=位置保持 类型掩码=3520 实际位置NED=(0.046,1.639,-0.244) 实际速度=(-0.000,-0.000,0.001) 最终目标=(0.056,1.599,-0.245) 指令位置=(0.056,1.599,nan) 指令速度=(0.000,0.000,0.000) 指令加速度=(0.000,0.000,nan) 滚转角=0.05度 俯仰角=-0.02度
10:07:40.956877 [轨迹] 序号=2288 单调时间=4875.736759 时间=4875.737 模式=OFFBOARD 起飞状态=未执行起飞 水平控制=位置保持 类型掩码=3520 实际位置NED=(0.046,1.639,-0.244) 实际速度=(-0.000,-0.000,0.001) 最终目标=(0.056,1.599,-0.245) 指令位置=(0.056,1.599,nan) 指令速度=(0.000,0.000,0.000) 指令加速度=(0.000,0.000,nan) 滚转角=0.05度 俯仰角=-0.02度
10:07:41.060387 [轨迹] 序号=2289 单调时间=4875.840363 时间=4875.840 模式=OFFBOARD 起飞状态=未执行起飞 水平控制=位置保持 类型掩码=3520 实际位置NED=(0.046,1.639,-0.244) 实际速度=(-0.000,-0.000,0.001) 最终目标=(0.056,1.599,-0.245) 指令位置=(0.056,1.599,nan) 指令速度=(0.000,0.000,0.000) 指令加速度=(0.000,0.000,nan) 滚转角=0.05度 俯仰角=-0.02度
10:07:41.163763 [轨迹] 序号=2290 单调时间=4875.943400 时间=4875.943 模式=OFFBOARD 起飞状态=未执行起飞 水平控制=位置保持 类型掩码=3520 实际位置NED=(0.046,1.639,-0.244) 实际速度=(-0.000,-0.000,0.001) 最终目标=(0.056,1.599,-0.245) 指令位置=(0.056,1.599,nan) 指令速度=(0.000,0.000,0.000) 指令加速度=(0.000,0.000,nan) 滚转角=0.05度 俯仰角=-0.02度
10:07:41.267083 [轨迹] 序号=2291 单调时间=4876.046884 时间=4876.047 模式=OFFBOARD 起飞状态=未执行起飞 水平控制=位置保持 类型掩码=3520 实际位置NED=(0.046,1.639,-0.244) 实际速度=(-0.000,-0.000,0.001) 最终目标=(0.056,1.599,-0.245) 指令位置=(0.056,1.599,nan) 指令速度=(0.000,0.000,0.000) 指令加速度=(0.000,0.000,nan) 滚转角=0.05度 俯仰角=-0.02度
10:07:41.369886 [轨迹] 序号=2292 单调时间=4876.149780 时间=4876.150 模式=OFFBOARD 起飞状态=未执行起飞 水平控制=位置保持 类型掩码=3520 实际位置NED=(0.046,1.639,-0.244) 实际速度=(-0.000,-0.000,0.001) 最终目标=(0.056,1.599,-0.245) 指令位置=(0.056,1.599,nan) 指令速度=(0.000,0.000,0.000) 指令加速度=(0.000,0.000,nan) 滚转角=0.05度 俯仰角=-0.02度
10:07:41.473272 [轨迹] 序号=2293 单调时间=4876.253173 时间=4876.253 模式=OFFBOARD 起飞状态=未执行起飞 水平控制=位置保持 类型掩码=3520 实际位置NED=(0.046,1.639,-0.244) 实际速度=(0.000,-0.000,0.000) 最终目标=(0.056,1.599,-0.245) 指令位置=(0.056,1.599,nan) 指令速度=(0.000,0.000,0.000) 指令加速度=(0.000,0.000,nan) 滚转角=0.05度 俯仰角=-0.02度
10:07:41.574951 [轨迹] 序号=2294 单调时间=4876.354913 时间=4876.355 模式=OFFBOARD 起飞状态=未执行起飞 水平控制=位置保持 类型掩码=3520 实际位置NED=(0.046,1.639,-0.244) 实际速度=(0.000,-0.000,0.000) 最终目标=(0.056,1.599,-0.245) 指令位置=(0.056,1.599,nan) 指令速度=(0.000,0.000,0.000) 指令加速度=(0.000,0.000,nan) 滚转角=0.05度 俯仰角=-0.02度
10:07:41.678440 [轨迹] 序号=2295 单调时间=4876.458465 时间=4876.458 模式=OFFBOARD 起飞状态=未执行起飞 水平控制=位置保持 类型掩码=3520 实际位置NED=(0.046,1.639,-0.244) 实际速度=(0.000,-0.000,0.000) 最终目标=(0.056,1.599,-0.245) 指令位置=(0.056,1.599,nan) 指令速度=(0.000,0.000,0.000) 指令加速度=(0.000,0.000,nan) 滚转角=0.05度 俯仰角=-0.02度
10:07:41.781706 [轨迹] 序号=2296 单调时间=4876.561591 时间=4876.562 模式=OFFBOARD 起飞状态=未执行起飞 水平控制=位置保持 类型掩码=3520 实际位置NED=(0.046,1.639,-0.244) 实际速度=(0.000,-0.000,0.000) 最终目标=(0.056,1.599,-0.245) 指令位置=(0.056,1.599,nan) 指令速度=(0.000,0.000,0.000) 指令加速度=(0.000,0.000,nan) 滚转角=0.05度 俯仰角=-0.02度
10:07:41.884874 [轨迹] 序号=2297 单调时间=4876.664751 时间=4876.665 模式=OFFBOARD 起飞状态=未执行起飞 水平控制=位置保持 类型掩码=3520 实际位置NED=(0.046,1.639,-0.244) 实际速度=(0.000,-0.000,0.000) 最终目标=(0.056,1.599,-0.245) 指令位置=(0.056,1.599,nan) 指令速度=(0.000,0.000,0.000) 指令加速度=(0.000,0.000,nan) 滚转角=0.05度 俯仰角=-0.02度
10:07:41.988117 [轨迹] 序号=2298 单调时间=4876.768060 时间=4876.768 模式=OFFBOARD 起飞状态=未执行起飞 水平控制=位置保持 类型掩码=3520 实际位置NED=(0.047,1.639,-0.245) 实际速度=(-0.000,-0.000,0.000) 最终目标=(0.056,1.599,-0.245) 指令位置=(0.056,1.599,nan) 指令速度=(0.000,0.000,0.000) 指令加速度=(0.000,0.000,nan) 滚转角=0.05度 俯仰角=-0.02度
10:07:42.090997 [轨迹] 序号=2299 单调时间=4876.870891 时间=4876.871 模式=OFFBOARD 起飞状态=未执行起飞 水平控制=位置保持 类型掩码=3520 实际位置NED=(0.047,1.639,-0.245) 实际速度=(-0.000,-0.000,0.000) 最终目标=(0.056,1.599,-0.245) 指令位置=(0.056,1.599,nan) 指令速度=(0.000,0.000,0.000) 指令加速度=(0.000,0.000,nan) 滚转角=0.05度 俯仰角=-0.02度
10:07:42.194319 [轨迹] 序号=2300 单调时间=4876.974273 时间=4876.974 模式=OFFBOARD 起飞状态=未执行起飞 水平控制=位置保持 类型掩码=3520 实际位置NED=(0.047,1.639,-0.245) 实际速度=(-0.000,-0.000,0.000) 最终目标=(0.056,1.599,-0.245) 指令位置=(0.056,1.599,nan) 指令速度=(0.000,0.000,0.000) 指令加速度=(0.000,0.000,nan) 滚转角=0.05度 俯仰角=-0.02度
10:07:42.297845 [轨迹] 序号=2301 单调时间=4877.077585 时间=4877.078 模式=OFFBOARD 起飞状态=未执行起飞 水平控制=位置保持 类型掩码=3520 实际位置NED=(0.047,1.639,-0.245) 实际速度=(-0.000,-0.000,0.000) 最终目标=(0.056,1.599,-0.245) 指令位置=(0.056,1.599,nan) 指令速度=(0.000,0.000,0.000) 指令加速度=(0.000,0.000,nan) 滚转角=0.05度 俯仰角=-0.02度
10:07:42.401387 [轨迹] 序号=2302 单调时间=4877.181194 时间=4877.181 模式=OFFBOARD 起飞状态=未执行起飞 水平控制=位置保持 类型掩码=3520 实际位置NED=(0.047,1.639,-0.245) 实际速度=(-0.000,-0.000,0.000) 最终目标=(0.056,1.599,-0.245) 指令位置=(0.056,1.599,nan) 指令速度=(0.000,0.000,0.000) 指令加速度=(0.000,0.000,nan) 滚转角=0.05度 俯仰角=-0.02度
10:07:42.504411 [轨迹] 序号=2303 单调时间=4877.284246 时间=4877.284 模式=OFFBOARD 起飞状态=未执行起飞 水平控制=位置保持 类型掩码=3520 实际位置NED=(0.047,1.639,-0.245) 实际速度=(-0.000,-0.000,0.000) 最终目标=(0.056,1.599,-0.245) 指令位置=(0.056,1.599,nan) 指令速度=(0.000,0.000,0.000) 指令加速度=(0.000,0.000,nan) 滚转角=0.05度 俯仰角=-0.02度
10:07:42.608281 [轨迹] 序号=2304 单调时间=4877.387647 时间=4877.388 模式=OFFBOARD 起飞状态=未执行起飞 水平控制=位置保持 类型掩码=3520 实际位置NED=(0.047,1.639,-0.245) 实际速度=(-0.000,-0.001,0.000) 最终目标=(0.056,1.599,-0.245) 指令位置=(0.056,1.599,nan) 指令速度=(0.000,0.000,0.000) 指令加速度=(0.000,0.000,nan) 滚转角=0.05度 俯仰角=-0.02度
10:07:42.712521 [轨迹] 序号=2305 单调时间=4877.491763 时间=4877.492 模式=OFFBOARD 起飞状态=未执行起飞 水平控制=位置保持 类型掩码=3520 实际位置NED=(0.047,1.639,-0.245) 实际速度=(-0.000,-0.001,0.000) 最终目标=(0.056,1.599,-0.245) 指令位置=(0.056,1.599,nan) 指令速度=(0.000,0.000,0.000) 指令加速度=(0.000,0.000,nan) 滚转角=0.05度 俯仰角=-0.02度
10:07:42.815676 [轨迹] 序号=2306 单调时间=4877.595558 时间=4877.596 模式=OFFBOARD 起飞状态=未执行起飞 水平控制=位置保持 类型掩码=3520 实际位置NED=(0.047,1.639,-0.245) 实际速度=(0.000,-0.001,0.000) 最终目标=(0.056,1.599,-0.245) 指令位置=(0.056,1.599,nan) 指令速度=(0.000,0.000,0.000) 指令加速度=(0.000,0.000,nan) 滚转角=0.05度 俯仰角=-0.02度
10:07:42.916740 [轨迹] 序号=2307 单调时间=4877.696699 时间=4877.697 模式=OFFBOARD 起飞状态=未执行起飞 水平控制=位置保持 类型掩码=3520 实际位置NED=(0.047,1.639,-0.245) 实际速度=(-0.000,-0.001,0.000) 最终目标=(0.056,1.599,-0.245) 指令位置=(0.056,1.599,nan) 指令速度=(0.000,0.000,0.000) 指令加速度=(0.000,0.000,nan) 滚转角=0.05度 俯仰角=-0.02度
10:07:43.020241 [轨迹] 序号=2308 单调时间=4877.800231 时间=4877.800 模式=OFFBOARD 起飞状态=未执行起飞 水平控制=位置保持 类型掩码=3520 实际位置NED=(0.047,1.639,-0.245) 实际速度=(0.000,-0.001,0.000) 最终目标=(0.056,1.599,-0.245) 指令位置=(0.056,1.599,nan) 指令速度=(0.000,0.000,0.000) 指令加速度=(0.000,0.000,nan) 滚转角=0.05度 俯仰角=-0.02度
10:07:43.123497 [轨迹] 序号=2309 单调时间=4877.903300 时间=4877.903 模式=OFFBOARD 起飞状态=未执行起飞 水平控制=位置保持 类型掩码=3520 实际位置NED=(0.047,1.639,-0.245) 实际速度=(0.000,-0.000,0.001) 最终目标=(0.056,1.599,-0.245) 指令位置=(0.056,1.599,nan) 指令速度=(0.000,0.000,0.000) 指令加速度=(0.000,0.000,nan) 滚转角=0.05度 俯仰角=-0.02度
10:07:43.226675 [轨迹] 序号=2310 单调时间=4878.006559 时间=4878.007 模式=OFFBOARD 起飞状态=未执行起飞 水平控制=位置保持 类型掩码=3520 实际位置NED=(0.047,1.639,-0.245) 实际速度=(0.000,-0.001,0.001) 最终目标=(0.056,1.599,-0.245) 指令位置=(0.056,1.599,nan) 指令速度=(0.000,0.000,0.000) 指令加速度=(0.000,0.000,nan) 滚转角=0.05度 俯仰角=-0.02度
10:07:43.329416 [轨迹] 序号=2311 单调时间=4878.109334 时间=4878.109 模式=OFFBOARD 起飞状态=未执行起飞 水平控制=位置保持 类型掩码=3520 实际位置NED=(0.047,1.639,-0.245) 实际速度=(0.000,-0.000,0.001) 最终目标=(0.056,1.599,-0.245) 指令位置=(0.056,1.599,nan) 指令速度=(0.000,0.000,0.000) 指令加速度=(0.000,0.000,nan) 滚转角=0.05度 俯仰角=-0.02度
10:07:43.432462 [轨迹] 序号=2312 单调时间=4878.212390 时间=4878.212 模式=OFFBOARD 起飞状态=未执行起飞 水平控制=位置保持 类型掩码=3520 实际位置NED=(0.047,1.639,-0.245) 实际速度=(0.000,-0.000,0.000) 最终目标=(0.056,1.599,-0.245) 指令位置=(0.056,1.599,nan) 指令速度=(0.000,0.000,0.000) 指令加速度=(0.000,0.000,nan) 滚转角=0.05度 俯仰角=-0.02度
10:07:43.532718 [轨迹] 序号=2313 单调时间=4878.312559 时间=4878.313 模式=OFFBOARD 起飞状态=未执行起飞 水平控制=位置保持 类型掩码=3520 实际位置NED=(0.047,1.639,-0.245) 实际速度=(0.000,-0.000,0.000) 最终目标=(0.056,1.599,-0.245) 指令位置=(0.056,1.599,nan) 指令速度=(0.000,0.000,0.000) 指令加速度=(0.000,0.000,nan) 滚转角=0.05度 俯仰角=-0.02度
10:07:43.636117 [轨迹] 序号=2314 单调时间=4878.416128 时间=4878.416 模式=OFFBOARD 起飞状态=未执行起飞 水平控制=位置保持 类型掩码=3520 实际位置NED=(0.047,1.639,-0.245) 实际速度=(0.000,-0.000,0.000) 最终目标=(0.056,1.599,-0.245) 指令位置=(0.056,1.599,nan) 指令速度=(0.000,0.000,0.000) 指令加速度=(0.000,0.000,nan) 滚转角=0.05度 俯仰角=-0.02度
10:07:43.739275 [轨迹] 序号=2315 单调时间=4878.519276 时间=4878.519 模式=OFFBOARD 起飞状态=未执行起飞 水平控制=位置保持 类型掩码=3520 实际位置NED=(0.047,1.639,-0.245) 实际速度=(0.000,-0.000,0.001) 最终目标=(0.056,1.599,-0.245) 指令位置=(0.056,1.599,nan) 指令速度=(0.000,0.000,0.000) 指令加速度=(0.000,0.000,nan) 滚转角=0.05度 俯仰角=-0.02度
10:07:43.843308 [轨迹] 序号=2316 单调时间=4878.623241 时间=4878.623 模式=OFFBOARD 起飞状态=未执行起飞 水平控制=位置保持 类型掩码=3520 实际位置NED=(0.047,1.639,-0.245) 实际速度=(0.000,-0.000,0.000) 最终目标=(0.056,1.599,-0.245) 指令位置=(0.056,1.599,nan) 指令速度=(0.000,0.000,0.000) 指令加速度=(0.000,0.000,nan) 滚转角=0.05度 俯仰角=-0.02度
10:07:43.947125 [轨迹] 序号=2317 单调时间=4878.727046 时间=4878.727 模式=OFFBOARD 起飞状态=未执行起飞 水平控制=位置保持 类型掩码=3520 实际位置NED=(0.047,1.639,-0.245) 实际速度=(0.000,0.000,0.000) 最终目标=(0.056,1.599,-0.245) 指令位置=(0.056,1.599,nan) 指令速度=(0.000,0.000,0.000) 指令加速度=(0.000,0.000,nan) 滚转角=0.05度 俯仰角=-0.02度
10:07:44.047752 [轨迹] 序号=2318 单调时间=4878.827655 时间=4878.828 模式=OFFBOARD 起飞状态=未执行起飞 水平控制=位置保持 类型掩码=3520 实际位置NED=(0.047,1.639,-0.245) 实际速度=(0.000,0.000,0.000) 最终目标=(0.056,1.599,-0.245) 指令位置=(0.056,1.599,nan) 指令速度=(0.000,0.000,0.000) 指令加速度=(0.000,0.000,nan) 滚转角=0.05度 俯仰角=-0.02度
10:07:44.158522 [轨迹] 序号=2319 单调时间=4878.928011 时间=4878.928 模式=OFFBOARD 起飞状态=未执行起飞 水平控制=位置保持 类型掩码=3520 实际位置NED=(0.047,1.639,-0.245) 实际速度=(0.000,0.000,0.000) 最终目标=(0.056,1.599,-0.245) 指令位置=(0.056,1.599,nan) 指令速度=(0.000,0.000,0.000) 指令加速度=(0.000,0.000,nan) 滚转角=0.05度 俯仰角=-0.02度
10:07:44.248821 [轨迹] 序号=2320 单调时间=4879.028746 时间=4879.029 模式=OFFBOARD 起飞状态=未执行起飞 水平控制=位置保持 类型掩码=3520 实际位置NED=(0.048,1.639,-0.245) 实际速度=(0.000,0.000,0.000) 最终目标=(0.056,1.599,-0.245) 指令位置=(0.056,1.599,nan) 指令速度=(0.000,0.000,0.000) 指令加速度=(0.000,0.000,nan) 滚转角=0.05度 俯仰角=-0.02度
10:07:44.353183 [轨迹] 序号=2321 单调时间=4879.132926 时间=4879.133 模式=OFFBOARD 起飞状态=未执行起飞 水平控制=位置保持 类型掩码=3520 实际位置NED=(0.048,1.639,-0.245) 实际速度=(0.000,0.000,-0.000) 最终目标=(0.056,1.599,-0.245) 指令位置=(0.056,1.599,nan) 指令速度=(0.000,0.000,0.000) 指令加速度=(0.000,0.000,nan) 滚转角=0.05度 俯仰角=-0.02度
10:07:44.457802 [轨迹] 序号=2322 单调时间=4879.237532 时间=4879.238 模式=OFFBOARD 起飞状态=未执行起飞 水平控制=位置保持 类型掩码=3520 实际位置NED=(0.048,1.639,-0.245) 实际速度=(0.000,0.000,-0.000) 最终目标=(0.056,1.599,-0.245) 指令位置=(0.056,1.599,nan) 指令速度=(0.000,0.000,0.000) 指令加速度=(0.000,0.000,nan) 滚转角=0.05度 俯仰角=-0.02度
10:07:44.561656 [轨迹] 序号=2323 单调时间=4879.341602 时间=4879.342 模式=OFFBOARD 起飞状态=未执行起飞 水平控制=位置保持 类型掩码=3520 实际位置NED=(0.048,1.639,-0.245) 实际速度=(-0.000,0.000,-0.000) 最终目标=(0.056,1.599,-0.245) 指令位置=(0.056,1.599,nan) 指令速度=(0.000,0.000,0.000) 指令加速度=(0.000,0.000,nan) 滚转角=0.05度 俯仰角=-0.02度
10:07:44.666405 [轨迹] 序号=2324 单调时间=4879.446405 时间=4879.446 模式=OFFBOARD 起飞状态=未执行起飞 水平控制=位置保持 类型掩码=3520 实际位置NED=(0.048,1.639,-0.245) 实际速度=(-0.000,-0.000,-0.000) 最终目标=(0.056,1.599,-0.245) 指令位置=(0.056,1.599,nan) 指令速度=(0.000,0.000,0.000) 指令加速度=(0.000,0.000,nan) 滚转角=0.05度 俯仰角=-0.02度
10:07:44.771343 [轨迹] 序号=2325 单调时间=4879.551241 时间=4879.551 模式=OFFBOARD 起飞状态=未执行起飞 水平控制=位置保持 类型掩码=3520 实际位置NED=(0.048,1.639,-0.245) 实际速度=(-0.000,0.000,-0.000) 最终目标=(0.056,1.599,-0.245) 指令位置=(0.056,1.599,nan) 指令速度=(0.000,0.000,0.000) 指令加速度=(0.000,0.000,nan) 滚转角=0.05度 俯仰角=-0.02度
10:07:44.875491 [轨迹] 序号=2326 单调时间=4879.655184 时间=4879.655 模式=OFFBOARD 起飞状态=未执行起飞 水平控制=位置保持 类型掩码=3520 实际位置NED=(0.048,1.639,-0.245) 实际速度=(-0.000,-0.000,-0.001) 最终目标=(0.056,1.599,-0.245) 指令位置=(0.056,1.599,nan) 指令速度=(0.000,0.000,0.000) 指令加速度=(0.000,0.000,nan) 滚转角=0.05度 俯仰角=-0.02度
10:07:44.980007 [轨迹] 序号=2327 单调时间=4879.759856 时间=4879.760 模式=OFFBOARD 起飞状态=未执行起飞 水平控制=位置保持 类型掩码=3520 实际位置NED=(0.048,1.639,-0.245) 实际速度=(-0.000,0.000,-0.000) 最终目标=(0.056,1.599,-0.245) 指令位置=(0.056,1.599,nan) 指令速度=(0.000,0.000,0.000) 指令加速度=(0.000,0.000,nan) 滚转角=0.05度 俯仰角=-0.02度
10:07:45.085166 [轨迹] 序号=2328 单调时间=4879.864784 时间=4879.865 模式=OFFBOARD 起飞状态=未执行起飞 水平控制=位置保持 类型掩码=3520 实际位置NED=(0.048,1.640,-0.246) 实际速度=(-0.000,0.000,-0.001) 最终目标=(0.056,1.599,-0.245) 指令位置=(0.056,1.599,nan) 指令速度=(0.000,0.000,0.000) 指令加速度=(0.000,0.000,nan) 滚转角=0.05度 俯仰角=-0.02度
10:07:45.189176 [轨迹] 序号=2329 单调时间=4879.969110 时间=4879.969 模式=OFFBOARD 起飞状态=未执行起飞 水平控制=位置保持 类型掩码=3520 实际位置NED=(0.048,1.640,-0.246) 实际速度=(-0.000,0.000,-0.001) 最终目标=(0.056,1.599,-0.245) 指令位置=(0.056,1.599,nan) 指令速度=(0.000,0.000,0.000) 指令加速度=(0.000,0.000,nan) 滚转角=0.05度 俯仰角=-0.02度
10:07:45.291860 [轨迹] 序号=2330 单调时间=4880.071771 时间=4880.072 模式=OFFBOARD 起飞状态=未执行起飞 水平控制=位置保持 类型掩码=3520 实际位置NED=(0.048,1.640,-0.246) 实际速度=(-0.000,0.000,-0.001) 最终目标=(0.056,1.599,-0.245) 指令位置=(0.056,1.599,nan) 指令速度=(0.000,0.000,0.000) 指令加速度=(0.000,0.000,nan) 滚转角=0.05度 俯仰角=-0.02度
10:07:45.396236 [轨迹] 序号=2331 单调时间=4880.175977 时间=4880.176 模式=OFFBOARD 起飞状态=未执行起飞 水平控制=位置保持 类型掩码=3520 实际位置NED=(0.048,1.640,-0.246) 实际速度=(-0.000,0.000,-0.001) 最终目标=(0.056,1.599,-0.245) 指令位置=(0.056,1.599,nan) 指令速度=(0.000,0.000,0.000) 指令加速度=(0.000,0.000,nan) 滚转角=0.05度 俯仰角=-0.02度
10:07:45.496362 [轨迹] 序号=2332 单调时间=4880.276199 时间=4880.276 模式=OFFBOARD 起飞状态=未执行起飞 水平控制=位置保持 类型掩码=3520 实际位置NED=(0.048,1.640,-0.246) 实际速度=(-0.000,0.000,-0.001) 最终目标=(0.056,1.599,-0.245) 指令位置=(0.056,1.599,nan) 指令速度=(0.000,0.000,0.000) 指令加速度=(0.000,0.000,nan) 滚转角=0.05度 俯仰角=-0.02度
10:07:45.601153 [轨迹] 序号=2333 单调时间=4880.381029 时间=4880.381 模式=OFFBOARD 起飞状态=未执行起飞 水平控制=位置保持 类型掩码=3520 实际位置NED=(0.048,1.640,-0.246) 实际速度=(-0.000,0.000,-0.001) 最终目标=(0.056,1.599,-0.245) 指令位置=(0.056,1.599,nan) 指令速度=(0.000,0.000,0.000) 指令加速度=(0.000,0.000,nan) 滚转角=0.05度 俯仰角=-0.02度
10:07:45.705319 [轨迹] 序号=2334 单调时间=4880.485139 时间=4880.485 模式=OFFBOARD 起飞状态=未执行起飞 水平控制=位置保持 类型掩码=3520 实际位置NED=(0.048,1.640,-0.246) 实际速度=(-0.000,0.000,-0.001) 最终目标=(0.056,1.599,-0.245) 指令位置=(0.056,1.599,nan) 指令速度=(0.000,0.000,0.000) 指令加速度=(0.000,0.000,nan) 滚转角=0.05度 俯仰角=-0.02度
10:07:45.810211 [轨迹] 序号=2335 单调时间=4880.590028 时间=4880.590 模式=OFFBOARD 起飞状态=未执行起飞 水平控制=位置保持 类型掩码=3520 实际位置NED=(0.048,1.640,-0.246) 实际速度=(-0.000,0.001,-0.001) 最终目标=(0.056,1.599,-0.245) 指令位置=(0.056,1.599,nan) 指令速度=(0.000,0.000,0.000) 指令加速度=(0.000,0.000,nan) 滚转角=0.05度 俯仰角=-0.02度
10:07:45.914145 [轨迹] 序号=2336 单调时间=4880.694265 时间=4880.694 模式=OFFBOARD 起飞状态=未执行起飞 水平控制=位置保持 类型掩码=3520 实际位置NED=(0.048,1.640,-0.246) 实际速度=(-0.000,0.000,-0.001) 最终目标=(0.056,1.599,-0.245) 指令位置=(0.056,1.599,nan) 指令速度=(0.000,0.000,0.000) 指令加速度=(0.000,0.000,nan) 滚转角=0.05度 俯仰角=-0.02度
10:07:46.018300 [轨迹] 序号=2337 单调时间=4880.798292 时间=4880.798 模式=OFFBOARD 起飞状态=未执行起飞 水平控制=位置保持 类型掩码=3520 实际位置NED=(0.048,1.640,-0.246) 实际速度=(-0.000,0.001,-0.001) 最终目标=(0.056,1.599,-0.245) 指令位置=(0.056,1.599,nan) 指令速度=(0.000,0.000,0.000) 指令加速度=(0.000,0.000,nan) 滚转角=0.05度 俯仰角=-0.03度
10:07:46.122088 [轨迹] 序号=2338 单调时间=4880.902022 时间=4880.902 模式=OFFBOARD 起飞状态=未执行起飞 水平控制=位置保持 类型掩码=3520 实际位置NED=(0.048,1.640,-0.246) 实际速度=(-0.000,0.001,-0.001) 最终目标=(0.056,1.599,-0.245) 指令位置=(0.056,1.599,nan) 指令速度=(0.000,0.000,0.000) 指令加速度=(0.000,0.000,nan) 滚转角=0.05度 俯仰角=-0.03度
10:07:46.226465 [轨迹] 序号=2339 单调时间=4881.006348 时间=4881.006 模式=OFFBOARD 起飞状态=未执行起飞 水平控制=位置保持 类型掩码=3520 实际位置NED=(0.048,1.640,-0.246) 实际速度=(-0.000,0.001,-0.001) 最终目标=(0.056,1.599,-0.245) 指令位置=(0.056,1.599,nan) 指令速度=(0.000,0.000,0.000) 指令加速度=(0.000,0.000,nan) 滚转角=0.05度 俯仰角=-0.03度
10:07:46.330607 [轨迹] 序号=2340 单调时间=4881.110345 时间=4881.110 模式=OFFBOARD 起飞状态=未执行起飞 水平控制=位置保持 类型掩码=3520 实际位置NED=(0.048,1.640,-0.246) 实际速度=(0.000,0.001,-0.001) 最终目标=(0.056,1.599,-0.245) 指令位置=(0.056,1.599,nan) 指令速度=(0.000,0.000,0.000) 指令加速度=(0.000,0.000,nan) 滚转角=0.05度 俯仰角=-0.02度
10:07:46.434535 [轨迹] 序号=2341 单调时间=4881.214504 时间=4881.215 模式=OFFBOARD 起飞状态=未执行起飞 水平控制=位置保持 类型掩码=3520 实际位置NED=(0.048,1.640,-0.246) 实际速度=(0.000,0.000,-0.001) 最终目标=(0.056,1.599,-0.245) 指令位置=(0.056,1.599,nan) 指令速度=(0.000,0.000,0.000) 指令加速度=(0.000,0.000,nan) 滚转角=0.05度 俯仰角=-0.03度
10:07:46.538755 [轨迹] 序号=2342 单调时间=4881.318574 时间=4881.319 模式=OFFBOARD 起飞状态=未执行起飞 水平控制=位置保持 类型掩码=3520 实际位置NED=(0.048,1.640,-0.246) 实际速度=(0.000,0.000,-0.001) 最终目标=(0.056,1.599,-0.245) 指令位置=(0.056,1.599,nan) 指令速度=(0.000,0.000,0.000) 指令加速度=(0.000,0.000,nan) 滚转角=0.05度 俯仰角=-0.03度
10:07:46.643295 [轨迹] 序号=2343 单调时间=4881.423160 时间=4881.423 模式=OFFBOARD 起飞状态=未执行起飞 水平控制=位置保持 类型掩码=3520 实际位置NED=(0.048,1.640,-0.246) 实际速度=(0.000,0.001,-0.001) 最终目标=(0.056,1.599,-0.245) 指令位置=(0.056,1.599,nan) 指令速度=(0.000,0.000,0.000) 指令加速度=(0.000,0.000,nan) 滚转角=0.05度 俯仰角=-0.02度
10:07:46.747803 [轨迹] 序号=2344 单调时间=4881.527544 时间=4881.528 模式=OFFBOARD 起飞状态=未执行起飞 水平控制=位置保持 类型掩码=3520 实际位置NED=(0.048,1.640,-0.246) 实际速度=(0.000,0.001,-0.001) 最终目标=(0.056,1.599,-0.245) 指令位置=(0.056,1.599,nan) 指令速度=(0.000,0.000,0.000) 指令加速度=(0.000,0.000,nan) 滚转角=0.05度 俯仰角=-0.02度
10:07:46.848053 [轨迹] 序号=2345 单调时间=4881.627765 时间=4881.628 模式=OFFBOARD 起飞状态=未执行起飞 水平控制=位置保持 类型掩码=3520 实际位置NED=(0.048,1.640,-0.246) 实际速度=(0.000,0.001,-0.001) 最终目标=(0.056,1.599,-0.245) 指令位置=(0.056,1.599,nan) 指令速度=(0.000,0.000,0.000) 指令加速度=(0.000,0.000,nan) 滚转角=0.05度 俯仰角=-0.02度
10:07:46.954423 [轨迹] 序号=2346 单调时间=4881.734068 时间=4881.734 模式=OFFBOARD 起飞状态=未执行起飞 水平控制=位置保持 类型掩码=3520 实际位置NED=(0.048,1.640,-0.246) 实际速度=(0.000,0.000,-0.001) 最终目标=(0.056,1.599,-0.245) 指令位置=(0.056,1.599,nan) 指令速度=(0.000,0.000,0.000) 指令加速度=(0.000,0.000,nan) 滚转角=0.05度 俯仰角=-0.03度
10:07:47.057977 [轨迹] 序号=2347 单调时间=4881.837961 时间=4881.838 模式=OFFBOARD 起飞状态=未执行起飞 水平控制=位置保持 类型掩码=3520 实际位置NED=(0.048,1.640,-0.246) 实际速度=(-0.000,0.000,-0.001) 最终目标=(0.056,1.599,-0.245) 指令位置=(0.056,1.599,nan) 指令速度=(0.000,0.000,0.000) 指令加速度=(0.000,0.000,nan) 滚转角=0.05度 俯仰角=-0.02度
10:07:47.158856 [轨迹] 序号=2348 单调时间=4881.938759 时间=4881.939 模式=OFFBOARD 起飞状态=未执行起飞 水平控制=位置保持 类型掩码=3520 实际位置NED=(0.048,1.640,-0.246) 实际速度=(-0.000,0.000,-0.001) 最终目标=(0.056,1.599,-0.245) 指令位置=(0.056,1.599,nan) 指令速度=(0.000,0.000,0.000) 指令加速度=(0.000,0.000,nan) 滚转角=0.05度 俯仰角=-0.03度
10:07:47.263178 [轨迹] 序号=2349 单调时间=4882.042957 时间=4882.043 模式=OFFBOARD 起飞状态=未执行起飞 水平控制=位置保持 类型掩码=3520 实际位置NED=(0.048,1.640,-0.246) 实际速度=(-0.000,0.000,-0.000) 最终目标=(0.056,1.599,-0.245) 指令位置=(0.056,1.599,nan) 指令速度=(0.000,0.000,0.000) 指令加速度=(0.000,0.000,nan) 滚转角=0.05度 俯仰角=-0.02度
10:07:47.366845 [轨迹] 序号=2350 单调时间=4882.146692 时间=4882.147 模式=OFFBOARD 起飞状态=未执行起飞 水平控制=位置保持 类型掩码=3520 实际位置NED=(0.048,1.640,-0.246) 实际速度=(-0.000,0.000,-0.001) 最终目标=(0.056,1.599,-0.245) 指令位置=(0.056,1.599,nan) 指令速度=(0.000,0.000,0.000) 指令加速度=(0.000,0.000,nan) 滚转角=0.05度 俯仰角=-0.03度
10:07:47.471821 [轨迹] 序号=2351 单调时间=4882.251754 时间=4882.252 模式=OFFBOARD 起飞状态=未执行起飞 水平控制=位置保持 类型掩码=3520 实际位置NED=(0.048,1.640,-0.246) 实际速度=(-0.000,0.000,-0.000) 最终目标=(0.056,1.599,-0.245) 指令位置=(0.056,1.599,nan) 指令速度=(0.000,0.000,0.000) 指令加速度=(0.000,0.000,nan) 滚转角=0.05度 俯仰角=-0.03度
10:07:47.575696 [轨迹] 序号=2352 单调时间=4882.355589 时间=4882.356 模式=OFFBOARD 起飞状态=未执行起飞 水平控制=位置保持 类型掩码=3520 实际位置NED=(0.048,1.640,-0.246) 实际速度=(0.000,0.000,-0.000) 最终目标=(0.056,1.599,-0.245) 指令位置=(0.056,1.599,nan) 指令速度=(0.000,0.000,0.000) 指令加速度=(0.000,0.000,nan) 滚转角=0.05度 俯仰角=-0.02度
10:07:47.679796 [轨迹] 序号=2353 单调时间=4882.459586 时间=4882.460 模式=OFFBOARD 起飞状态=未执行起飞 水平控制=位置保持 类型掩码=3520 实际位置NED=(0.048,1.640,-0.246) 实际速度=(-0.000,0.000,-0.000) 最终目标=(0.056,1.599,-0.245) 指令位置=(0.056,1.599,nan) 指令速度=(0.000,0.000,0.000) 指令加速度=(0.000,0.000,nan) 滚转角=0.05度 俯仰角=-0.02度
10:07:47.783924 [轨迹] 序号=2354 单调时间=4882.563686 时间=4882.564 模式=OFFBOARD 起飞状态=未执行起飞 水平控制=位置保持 类型掩码=3520 实际位置NED=(0.048,1.640,-0.246) 实际速度=(-0.000,0.000,-0.000) 最终目标=(0.056,1.599,-0.245) 指令位置=(0.056,1.599,nan) 指令速度=(0.000,0.000,0.000) 指令加速度=(0.000,0.000,nan) 滚转角=0.05度 俯仰角=-0.03度
10:07:47.888309 [轨迹] 序号=2355 单调时间=4882.668009 时间=4882.668 模式=OFFBOARD 起飞状态=未执行起飞 水平控制=位置保持 类型掩码=3520 实际位置NED=(0.048,1.640,-0.246) 实际速度=(0.000,0.000,0.000) 最终目标=(0.056,1.599,-0.245) 指令位置=(0.056,1.599,nan) 指令速度=(0.000,0.000,0.000) 指令加速度=(0.000,0.000,nan) 滚转角=0.05度 俯仰角=-0.02度
10:07:47.992108 [轨迹] 序号=2356 单调时间=4882.772104 时间=4882.772 模式=OFFBOARD 起飞状态=未执行起飞 水平控制=位置保持 类型掩码=3520 实际位置NED=(0.048,1.640,-0.246) 实际速度=(-0.000,0.000,-0.000) 最终目标=(0.056,1.599,-0.245) 指令位置=(0.056,1.599,nan) 指令速度=(0.000,0.000,0.000) 指令加速度=(0.000,0.000,nan) 滚转角=0.05度 俯仰角=-0.02度
10:07:48.096163 [轨迹] 序号=2357 单调时间=4882.875980 时间=4882.876 模式=OFFBOARD 起飞状态=未执行起飞 水平控制=位置保持 类型掩码=3520 实际位置NED=(0.048,1.640,-0.246) 实际速度=(-0.000,0.000,-0.000) 最终目标=(0.056,1.599,-0.245) 指令位置=(0.056,1.599,nan) 指令速度=(0.000,0.000,0.000) 指令加速度=(0.000,0.000,nan) 滚转角=0.05度 俯仰角=-0.02度
10:07:48.199803 [轨迹] 序号=2358 单调时间=4882.979623 时间=4882.980 模式=OFFBOARD 起飞状态=未执行起飞 水平控制=位置保持 类型掩码=3520 实际位置NED=(0.048,1.640,-0.246) 实际速度=(-0.000,0.000,-0.000) 最终目标=(0.056,1.599,-0.245) 指令位置=(0.056,1.599,nan) 指令速度=(0.000,0.000,0.000) 指令加速度=(0.000,0.000,nan) 滚转角=0.05度 俯仰角=-0.02度
10:07:48.301309 [轨迹] 序号=2359 单调时间=4883.081101 时间=4883.081 模式=OFFBOARD 起飞状态=未执行起飞 水平控制=位置保持 类型掩码=3520 实际位置NED=(0.048,1.640,-0.246) 实际速度=(-0.000,0.001,-0.000) 最终目标=(0.056,1.599,-0.245) 指令位置=(0.056,1.599,nan) 指令速度=(0.000,0.000,0.000) 指令加速度=(0.000,0.000,nan) 滚转角=0.05度 俯仰角=-0.02度
10:07:48.404920 [轨迹] 序号=2360 单调时间=4883.184842 时间=4883.185 模式=OFFBOARD 起飞状态=未执行起飞 水平控制=位置保持 类型掩码=3520 实际位置NED=(0.048,1.640,-0.246) 实际速度=(-0.000,0.001,-0.000) 最终目标=(0.056,1.599,-0.245) 指令位置=(0.056,1.599,nan) 指令速度=(0.000,0.000,0.000) 指令加速度=(0.000,0.000,nan) 滚转角=0.05度 俯仰角=-0.02度
10:07:48.508424 [轨迹] 序号=2361 单调时间=4883.288463 时间=4883.288 模式=OFFBOARD 起飞状态=未执行起飞 水平控制=位置保持 类型掩码=3520 实际位置NED=(0.048,1.640,-0.245) 实际速度=(-0.000,0.001,-0.000) 最终目标=(0.056,1.599,-0.245) 指令位置=(0.056,1.599,nan) 指令速度=(0.000,0.000,0.000) 指令加速度=(0.000,0.000,nan) 滚转角=0.05度 俯仰角=-0.02度
10:07:48.612034 [轨迹] 序号=2362 单调时间=4883.391855 时间=4883.392 模式=OFFBOARD 起飞状态=未执行起飞 水平控制=位置保持 类型掩码=3520 实际位置NED=(0.048,1.640,-0.245) 实际速度=(-0.000,0.001,-0.000) 最终目标=(0.056,1.599,-0.245) 指令位置=(0.056,1.599,nan) 指令速度=(0.000,0.000,0.000) 指令加速度=(0.000,0.000,nan) 滚转角=0.05度 俯仰角=-0.02度
10:07:48.717913 [轨迹] 序号=2363 单调时间=4883.497858 时间=4883.498 模式=OFFBOARD 起飞状态=未执行起飞 水平控制=位置保持 类型掩码=3520 实际位置NED=(0.048,1.640,-0.245) 实际速度=(-0.000,0.001,-0.000) 最终目标=(0.056,1.599,-0.245) 指令位置=(0.056,1.599,nan) 指令速度=(0.000,0.000,0.000) 指令加速度=(0.000,0.000,nan) 滚转角=0.05度 俯仰角=-0.02度
10:07:48.819005 [轨迹] 序号=2364 单调时间=4883.598501 时间=4883.599 模式=OFFBOARD 起飞状态=未执行起飞 水平控制=位置保持 类型掩码=3520 实际位置NED=(0.048,1.640,-0.245) 实际速度=(-0.000,0.001,0.000) 最终目标=(0.056,1.599,-0.245) 指令位置=(0.056,1.599,nan) 指令速度=(0.000,0.000,0.000) 指令加速度=(0.000,0.000,nan) 滚转角=0.05度 俯仰角=-0.02度
10:07:48.922635 [轨迹] 序号=2365 单调时间=4883.702625 时间=4883.703 模式=OFFBOARD 起飞状态=未执行起飞 水平控制=位置保持 类型掩码=3520 实际位置NED=(0.048,1.640,-0.245) 实际速度=(0.000,0.001,0.000) 最终目标=(0.056,1.599,-0.245) 指令位置=(0.056,1.599,nan) 指令速度=(0.000,0.000,0.000) 指令加速度=(0.000,0.000,nan) 滚转角=0.05度 俯仰角=-0.02度
10:07:49.026451 [轨迹] 序号=2366 单调时间=4883.806326 时间=4883.806 模式=OFFBOARD 起飞状态=未执行起飞 水平控制=位置保持 类型掩码=3520 实际位置NED=(0.048,1.640,-0.245) 实际速度=(0.000,0.001,0.000) 最终目标=(0.056,1.599,-0.245) 指令位置=(0.056,1.599,nan) 指令速度=(0.000,0.000,0.000) 指令加速度=(0.000,0.000,nan) 滚转角=0.04度 俯仰角=-0.02度
10:07:49.130089 [轨迹] 序号=2367 单调时间=4883.910028 时间=4883.910 模式=OFFBOARD 起飞状态=未执行起飞 水平控制=位置保持 类型掩码=3520 实际位置NED=(0.048,1.640,-0.245) 实际速度=(0.000,0.001,0.000) 最终目标=(0.056,1.599,-0.245) 指令位置=(0.056,1.599,nan) 指令速度=(0.000,0.000,0.000) 指令加速度=(0.000,0.000,nan) 滚转角=0.04度 俯仰角=-0.02度
10:07:49.234687 [轨迹] 序号=2368 单调时间=4884.014563 时间=4884.015 模式=OFFBOARD 起飞状态=未执行起飞 水平控制=位置保持 类型掩码=3520 实际位置NED=(0.048,1.640,-0.245) 实际速度=(0.000,0.000,0.001) 最终目标=(0.056,1.599,-0.245) 指令位置=(0.056,1.599,nan) 指令速度=(0.000,0.000,0.000) 指令加速度=(0.000,0.000,nan) 滚转角=0.04度 俯仰角=-0.02度
10:07:49.337992 [轨迹] 序号=2369 单调时间=4884.117887 时间=4884.118 模式=OFFBOARD 起飞状态=未执行起飞 水平控制=位置保持 类型掩码=3520 实际位置NED=(0.048,1.640,-0.245) 实际速度=(0.000,0.000,0.001) 最终目标=(0.056,1.599,-0.245) 指令位置=(0.056,1.599,nan) 指令速度=(0.000,0.000,0.000) 指令加速度=(0.000,0.000,nan) 滚转角=0.04度 俯仰角=-0.02度
10:07:49.441909 [轨迹] 序号=2370 单调时间=4884.221758 时间=4884.222 模式=OFFBOARD 起飞状态=未执行起飞 水平控制=位置保持 类型掩码=3520 实际位置NED=(0.048,1.640,-0.245) 实际速度=(0.001,0.000,0.001) 最终目标=(0.056,1.599,-0.245) 指令位置=(0.056,1.599,nan) 指令速度=(0.000,0.000,0.000) 指令加速度=(0.000,0.000,nan) 滚转角=0.04度 俯仰角=-0.02度
10:07:49.545769 [轨迹] 序号=2371 单调时间=4884.325762 时间=4884.326 模式=OFFBOARD 起飞状态=未执行起飞 水平控制=位置保持 类型掩码=3520 实际位置NED=(0.048,1.640,-0.245) 实际速度=(0.000,0.000,0.001) 最终目标=(0.056,1.599,-0.245) 指令位置=(0.056,1.599,nan) 指令速度=(0.000,0.000,0.000) 指令加速度=(0.000,0.000,nan) 滚转角=0.04度 俯仰角=-0.02度
10:07:49.649512 [轨迹] 序号=2372 单调时间=4884.429369 时间=4884.429 模式=OFFBOARD 起飞状态=未执行起飞 水平控制=位置保持 类型掩码=3520 实际位置NED=(0.048,1.640,-0.245) 实际速度=(0.000,0.000,0.001) 最终目标=(0.056,1.599,-0.245) 指令位置=(0.056,1.599,nan) 指令速度=(0.000,0.000,0.000) 指令加速度=(0.000,0.000,nan) 滚转角=0.04度 俯仰角=-0.02度
10:07:49.753522 [轨迹] 序号=2373 单调时间=4884.533409 时间=4884.533 模式=OFFBOARD 起飞状态=未执行起飞 水平控制=位置保持 类型掩码=3520 实际位置NED=(0.048,1.640,-0.245) 实际速度=(0.000,0.000,0.001) 最终目标=(0.056,1.599,-0.245) 指令位置=(0.056,1.599,nan) 指令速度=(0.000,0.000,0.000) 指令加速度=(0.000,0.000,nan) 滚转角=0.04度 俯仰角=-0.02度
10:07:49.857895 [轨迹] 序号=2374 单调时间=4884.637761 时间=4884.638 模式=OFFBOARD 起飞状态=未执行起飞 水平控制=位置保持 类型掩码=3520 实际位置NED=(0.048,1.640,-0.245) 实际速度=(0.000,0.000,0.001) 最终目标=(0.056,1.599,-0.245) 指令位置=(0.056,1.599,nan) 指令速度=(0.000,0.000,0.000) 指令加速度=(0.000,0.000,nan) 滚转角=0.04度 俯仰角=-0.02度
10:07:49.961336 [轨迹] 序号=2375 单调时间=4884.741242 时间=4884.741 模式=OFFBOARD 起飞状态=未执行起飞 水平控制=位置保持 类型掩码=3520 实际位置NED=(0.048,1.640,-0.245) 实际速度=(0.000,0.000,0.001) 最终目标=(0.056,1.599,-0.245) 指令位置=(0.056,1.599,nan) 指令速度=(0.000,0.000,0.000) 指令加速度=(0.000,0.000,nan) 滚转角=0.04度 俯仰角=-0.02度
10:07:50.064910 [轨迹] 序号=2376 单调时间=4884.844846 时间=4884.845 模式=OFFBOARD 起飞状态=未执行起飞 水平控制=位置保持 类型掩码=3520 实际位置NED=(0.048,1.640,-0.244) 实际速度=(0.000,0.000,0.001) 最终目标=(0.056,1.599,-0.245) 指令位置=(0.056,1.599,nan) 指令速度=(0.000,0.000,0.000) 指令加速度=(0.000,0.000,nan) 滚转角=0.04度 俯仰角=-0.02度
10:07:50.168583 [轨迹] 序号=2377 单调时间=4884.948535 时间=4884.949 模式=OFFBOARD 起飞状态=未执行起飞 水平控制=位置保持 类型掩码=3520 实际位置NED=(0.048,1.640,-0.244) 实际速度=(0.000,0.000,0.001) 最终目标=(0.056,1.599,-0.245) 指令位置=(0.056,1.599,nan) 指令速度=(0.000,0.000,0.000) 指令加速度=(0.000,0.000,nan) 滚转角=0.04度 俯仰角=-0.02度
10:07:50.272354 [轨迹] 序号=2378 单调时间=4885.052104 时间=4885.052 模式=OFFBOARD 起飞状态=未执行起飞 水平控制=位置保持 类型掩码=3520 实际位置NED=(0.048,1.640,-0.244) 实际速度=(0.001,0.000,0.002) 最终目标=(0.056,1.599,-0.245) 指令位置=(0.056,1.599,nan) 指令速度=(0.000,0.000,0.000) 指令加速度=(0.000,0.000,nan) 滚转角=0.04度 俯仰角=-0.02度
10:07:50.376023 [轨迹] 序号=2379 单调时间=4885.155783 时间=4885.156 模式=OFFBOARD 起飞状态=未执行起飞 水平控制=位置保持 类型掩码=3520 实际位置NED=(0.048,1.640,-0.244) 实际速度=(0.001,0.000,0.002) 最终目标=(0.056,1.599,-0.245) 指令位置=(0.056,1.599,nan) 指令速度=(0.000,0.000,0.000) 指令加速度=(0.000,0.000,nan) 滚转角=0.04度 俯仰角=-0.02度
10:07:50.479695 [轨迹] 序号=2380 单调时间=4885.259569 时间=4885.260 模式=OFFBOARD 起飞状态=未执行起飞 水平控制=位置保持 类型掩码=3520 实际位置NED=(0.048,1.640,-0.244) 实际速度=(0.000,0.000,0.002) 最终目标=(0.056,1.599,-0.245) 指令位置=(0.056,1.599,nan) 指令速度=(0.000,0.000,0.000) 指令加速度=(0.000,0.000,nan) 滚转角=0.04度 俯仰角=-0.02度
10:07:50.584229 [轨迹] 序号=2381 单调时间=4885.364089 时间=4885.364 模式=OFFBOARD 起飞状态=未执行起飞 水平控制=位置保持 类型掩码=3520 实际位置NED=(0.048,1.640,-0.244) 实际速度=(0.000,0.000,0.002) 最终目标=(0.056,1.599,-0.245) 指令位置=(0.056,1.599,nan) 指令速度=(0.000,0.000,0.000) 指令加速度=(0.000,0.000,nan) 滚转角=0.04度 俯仰角=-0.02度
10:07:50.687638 [轨迹] 序号=2382 单调时间=4885.467600 时间=4885.468 模式=OFFBOARD 起飞状态=未执行起飞 水平控制=位置保持 类型掩码=3520 实际位置NED=(0.048,1.640,-0.244) 实际速度=(0.000,0.000,0.002) 最终目标=(0.056,1.599,-0.245) 指令位置=(0.056,1.599,nan) 指令速度=(0.000,0.000,0.000) 指令加速度=(0.000,0.000,nan) 滚转角=0.04度 俯仰角=-0.02度
10:07:50.791395 [轨迹] 序号=2383 单调时间=4885.571196 时间=4885.571 模式=OFFBOARD 起飞状态=未执行起飞 水平控制=位置保持 类型掩码=3520 实际位置NED=(0.048,1.640,-0.244) 实际速度=(0.000,0.000,0.002) 最终目标=(0.056,1.599,-0.245) 指令位置=(0.056,1.599,nan) 指令速度=(0.000,0.000,0.000) 指令加速度=(0.000,0.000,nan) 滚转角=0.04度 俯仰角=-0.02度
10:07:50.894830 [轨迹] 序号=2384 单调时间=4885.674733 时间=4885.675 模式=OFFBOARD 起飞状态=未执行起飞 水平控制=位置保持 类型掩码=3520 实际位置NED=(0.048,1.640,-0.244) 实际速度=(0.000,0.000,0.002) 最终目标=(0.056,1.599,-0.245) 指令位置=(0.056,1.599,nan) 指令速度=(0.000,0.000,0.000) 指令加速度=(0.000,0.000,nan) 滚转角=0.04度 俯仰角=-0.02度
10:07:50.998837 [轨迹] 序号=2385 单调时间=4885.778721 时间=4885.779 模式=OFFBOARD 起飞状态=未执行起飞 水平控制=位置保持 类型掩码=3520 实际位置NED=(0.048,1.640,-0.244) 实际速度=(0.000,0.000,0.002) 最终目标=(0.056,1.599,-0.245) 指令位置=(0.056,1.599,nan) 指令速度=(0.000,0.000,0.000) 指令加速度=(0.000,0.000,nan) 滚转角=0.04度 俯仰角=-0.02度
10:07:51.102637 [轨迹] 序号=2386 单调时间=4885.882527 时间=4885.883 模式=OFFBOARD 起飞状态=未执行起飞 水平控制=位置保持 类型掩码=3520 实际位置NED=(0.048,1.640,-0.244) 实际速度=(-0.000,0.000,0.002) 最终目标=(0.056,1.599,-0.245) 指令位置=(0.056,1.599,nan) 指令速度=(0.000,0.000,0.000) 指令加速度=(0.000,0.000,nan) 滚转角=0.04度 俯仰角=-0.02度
10:07:51.205940 [轨迹] 序号=2387 单调时间=4885.985865 时间=4885.986 模式=OFFBOARD 起飞状态=未执行起飞 水平控制=位置保持 类型掩码=3520 实际位置NED=(0.048,1.640,-0.244) 实际速度=(-0.000,0.000,0.002) 最终目标=(0.056,1.599,-0.245) 指令位置=(0.056,1.599,nan) 指令速度=(0.000,0.000,0.000) 指令加速度=(0.000,0.000,nan) 滚转角=0.04度 俯仰角=-0.02度
10:07:51.309690 [轨迹] 序号=2388 单调时间=4886.089531 时间=4886.090 模式=OFFBOARD 起飞状态=未执行起飞 水平控制=位置保持 类型掩码=3520 实际位置NED=(0.048,1.640,-0.244) 实际速度=(-0.000,0.000,0.002) 最终目标=(0.056,1.599,-0.245) 指令位置=(0.056,1.599,nan) 指令速度=(0.000,0.000,0.000) 指令加速度=(0.000,0.000,nan) 滚转角=0.04度 俯仰角=-0.02度
10:07:51.412849 [轨迹] 序号=2389 单调时间=4886.192675 时间=4886.193 模式=OFFBOARD 起飞状态=未执行起飞 水平控制=位置保持 类型掩码=3520 实际位置NED=(0.048,1.640,-0.243) 实际速度=(0.000,0.000,0.002) 最终目标=(0.056,1.599,-0.245) 指令位置=(0.056,1.599,nan) 指令速度=(0.000,0.000,0.000) 指令加速度=(0.000,0.000,nan) 滚转角=0.04度 俯仰角=-0.02度
10:07:51.516209 [轨迹] 序号=2390 单调时间=4886.296110 时间=4886.296 模式=OFFBOARD 起飞状态=未执行起飞 水平控制=位置保持 类型掩码=3520 实际位置NED=(0.048,1.640,-0.243) 实际速度=(0.000,0.000,0.002) 最终目标=(0.056,1.599,-0.245) 指令位置=(0.056,1.599,nan) 指令速度=(0.000,0.000,0.000) 指令加速度=(0.000,0.000,nan) 滚转角=0.04度 俯仰角=-0.02度
10:07:51.619408 [轨迹] 序号=2391 单调时间=4886.399376 时间=4886.399 模式=OFFBOARD 起飞状态=未执行起飞 水平控制=位置保持 类型掩码=3520 实际位置NED=(0.048,1.640,-0.243) 实际速度=(0.000,0.000,0.002) 最终目标=(0.056,1.599,-0.245) 指令位置=(0.056,1.599,nan) 指令速度=(0.000,0.000,0.000) 指令加速度=(0.000,0.000,nan) 滚转角=0.04度 俯仰角=-0.02度
10:07:51.723625 [轨迹] 序号=2392 单调时间=4886.503072 时间=4886.503 模式=OFFBOARD 起飞状态=未执行起飞 水平控制=位置保持 类型掩码=3520 实际位置NED=(0.048,1.640,-0.243) 实际速度=(0.000,0.000,0.002) 最终目标=(0.056,1.599,-0.245) 指令位置=(0.056,1.599,nan) 指令速度=(0.000,0.000,0.000) 指令加速度=(0.000,0.000,nan) 滚转角=0.04度 俯仰角=-0.02度
10:07:51.827737 [轨迹] 序号=2393 单调时间=4886.607592 时间=4886.608 模式=OFFBOARD 起飞状态=未执行起飞 水平控制=位置保持 类型掩码=3520 实际位置NED=(0.048,1.640,-0.243) 实际速度=(0.000,0.000,0.002) 最终目标=(0.056,1.599,-0.245) 指令位置=(0.056,1.599,nan) 指令速度=(0.000,0.000,0.000) 指令加速度=(0.000,0.000,nan) 滚转角=0.04度 俯仰角=-0.02度
10:07:51.931742 [轨迹] 序号=2394 单调时间=4886.711735 时间=4886.712 模式=OFFBOARD 起飞状态=未执行起飞 水平控制=位置保持 类型掩码=3520 实际位置NED=(0.048,1.640,-0.243) 实际速度=(0.000,-0.000,0.002) 最终目标=(0.056,1.599,-0.245) 指令位置=(0.056,1.599,nan) 指令速度=(0.000,0.000,0.000) 指令加速度=(0.000,0.000,nan) 滚转角=0.04度 俯仰角=-0.02度
10:07:52.035138 [轨迹] 序号=2395 单调时间=4886.815011 时间=4886.815 模式=OFFBOARD 起飞状态=未执行起飞 水平控制=位置保持 类型掩码=3520 实际位置NED=(0.048,1.640,-0.243) 实际速度=(0.000,0.000,0.002) 最终目标=(0.056,1.599,-0.245) 指令位置=(0.056,1.599,nan) 指令速度=(0.000,0.000,0.000) 指令加速度=(0.000,0.000,nan) 滚转角=0.04度 俯仰角=-0.02度
10:07:52.140185 [轨迹] 序号=2396 单调时间=4886.919724 时间=4886.920 模式=OFFBOARD 起飞状态=未执行起飞 水平控制=位置保持 类型掩码=3520 实际位置NED=(0.048,1.640,-0.243) 实际速度=(-0.000,0.000,0.002) 最终目标=(0.056,1.599,-0.245) 指令位置=(0.056,1.599,nan) 指令速度=(0.000,0.000,0.000) 指令加速度=(0.000,0.000,nan) 滚转角=0.04度 俯仰角=-0.02度
10:07:52.243548 [轨迹] 序号=2397 单调时间=4887.023431 时间=4887.023 模式=OFFBOARD 起飞状态=未执行起飞 水平控制=位置保持 类型掩码=3520 实际位置NED=(0.048,1.640,-0.243) 实际速度=(0.000,0.000,0.002) 最终目标=(0.056,1.599,-0.245) 指令位置=(0.056,1.599,nan) 指令速度=(0.000,0.000,0.000) 指令加速度=(0.000,0.000,nan) 滚转角=0.04度 俯仰角=-0.02度
10:07:52.347277 [轨迹] 序号=2398 单调时间=4887.127112 时间=4887.127 模式=OFFBOARD 起飞状态=未执行起飞 水平控制=位置保持 类型掩码=3520 实际位置NED=(0.047,1.640,-0.243) 实际速度=(0.000,-0.000,0.002) 最终目标=(0.056,1.599,-0.245) 指令位置=(0.056,1.599,nan) 指令速度=(0.000,0.000,0.000) 指令加速度=(0.000,0.000,nan) 滚转角=0.04度 俯仰角=-0.02度
10:07:52.447777 [轨迹] 序号=2399 单调时间=4887.227588 时间=4887.228 模式=OFFBOARD 起飞状态=未执行起飞 水平控制=位置保持 类型掩码=3520 实际位置NED=(0.047,1.640,-0.243) 实际速度=(-0.000,-0.000,0.002) 最终目标=(0.056,1.599,-0.245) 指令位置=(0.056,1.599,nan) 指令速度=(0.000,0.000,0.000) 指令加速度=(0.000,0.000,nan) 滚转角=0.04度 俯仰角=-0.02度
10:07:52.551180 [轨迹] 序号=2400 单调时间=4887.331080 时间=4887.331 模式=OFFBOARD 起飞状态=未执行起飞 水平控制=位置保持 类型掩码=3520 实际位置NED=(0.047,1.640,-0.243) 实际速度=(-0.000,0.000,0.002) 最终目标=(0.056,1.599,-0.245) 指令位置=(0.056,1.599,nan) 指令速度=(0.000,0.000,0.000) 指令加速度=(0.000,0.000,nan) 滚转角=0.04度 俯仰角=-0.02度
10:07:52.655312 [轨迹] 序号=2401 单调时间=4887.435363 时间=4887.435 模式=OFFBOARD 起飞状态=未执行起飞 水平控制=位置保持 类型掩码=3520 实际位置NED=(0.047,1.640,-0.243) 实际速度=(0.000,0.000,0.002) 最终目标=(0.056,1.599,-0.245) 指令位置=(0.056,1.599,nan) 指令速度=(0.000,0.000,0.000) 指令加速度=(0.000,0.000,nan) 滚转角=0.04度 俯仰角=-0.02度
10:07:52.759538 [轨迹] 序号=2402 单调时间=4887.539436 时间=4887.539 模式=OFFBOARD 起飞状态=未执行起飞 水平控制=位置保持 类型掩码=3520 实际位置NED=(0.047,1.640,-0.243) 实际速度=(0.000,0.000,0.002) 最终目标=(0.056,1.599,-0.245) 指令位置=(0.056,1.599,nan) 指令速度=(0.000,0.000,0.000) 指令加速度=(0.000,0.000,nan) 滚转角=0.04度 俯仰角=-0.02度
10:07:52.863865 [轨迹] 序号=2403 单调时间=4887.643792 时间=4887.644 模式=OFFBOARD 起飞状态=未执行起飞 水平控制=位置保持 类型掩码=3520 实际位置NED=(0.048,1.640,-0.243) 实际速度=(0.000,0.000,0.002) 最终目标=(0.056,1.599,-0.245) 指令位置=(0.056,1.599,nan) 指令速度=(0.000,0.000,0.000) 指令加速度=(0.000,0.000,nan) 滚转角=0.04度 俯仰角=-0.02度
10:07:52.967709 [轨迹] 序号=2404 单调时间=4887.747479 时间=4887.747 模式=OFFBOARD 起飞状态=未执行起飞 水平控制=位置保持 类型掩码=3520 实际位置NED=(0.048,1.640,-0.243) 实际速度=(0.000,0.000,0.002) 最终目标=(0.056,1.599,-0.245) 指令位置=(0.056,1.599,nan) 指令速度=(0.000,0.000,0.000) 指令加速度=(0.000,0.000,nan) 滚转角=0.05度 俯仰角=-0.02度
10:07:53.071511 [轨迹] 序号=2405 单调时间=4887.851481 时间=4887.851 模式=OFFBOARD 起飞状态=未执行起飞 水平控制=位置保持 类型掩码=3520 实际位置NED=(0.048,1.640,-0.243) 实际速度=(0.000,0.000,0.002) 最终目标=(0.056,1.599,-0.245) 指令位置=(0.056,1.599,nan) 指令速度=(0.000,0.000,0.000) 指令加速度=(0.000,0.000,nan) 滚转角=0.04度 俯仰角=-0.02度
10:07:53.174905 [轨迹] 序号=2406 单调时间=4887.954917 时间=4887.955 模式=OFFBOARD 起飞状态=未执行起飞 水平控制=位置保持 类型掩码=3520 实际位置NED=(0.048,1.640,-0.243) 实际速度=(0.000,0.000,0.002) 最终目标=(0.056,1.599,-0.245) 指令位置=(0.056,1.599,nan) 指令速度=(0.000,0.000,0.000) 指令加速度=(0.000,0.000,nan) 滚转角=0.04度 俯仰角=-0.02度
10:07:53.278245 [轨迹] 序号=2407 单调时间=4888.058143 时间=4888.058 模式=OFFBOARD 起飞状态=未执行起飞 水平控制=位置保持 类型掩码=3520 实际位置NED=(0.048,1.640,-0.243) 实际速度=(0.000,0.000,0.002) 最终目标=(0.056,1.599,-0.245) 指令位置=(0.056,1.599,nan) 指令速度=(0.000,0.000,0.000) 指令加速度=(0.000,0.000,nan) 滚转角=0.04度 俯仰角=-0.02度
10:07:53.381831 [轨迹] 序号=2408 单调时间=4888.161776 时间=4888.162 模式=OFFBOARD 起飞状态=未执行起飞 水平控制=位置保持 类型掩码=3520 实际位置NED=(0.048,1.640,-0.243) 实际速度=(0.000,0.000,0.002) 最终目标=(0.056,1.599,-0.245) 指令位置=(0.056,1.599,nan) 指令速度=(0.000,0.000,0.000) 指令加速度=(0.000,0.000,nan) 滚转角=0.04度 俯仰角=-0.02度
10:07:53.485173 [轨迹] 序号=2409 单调时间=4888.265271 时间=4888.265 模式=OFFBOARD 起飞状态=未执行起飞 水平控制=位置保持 类型掩码=3520 实际位置NED=(0.048,1.640,-0.243) 实际速度=(0.000,-0.000,0.002) 最终目标=(0.056,1.599,-0.245) 指令位置=(0.056,1.599,nan) 指令速度=(0.000,0.000,0.000) 指令加速度=(0.000,0.000,nan) 滚转角=0.04度 俯仰角=-0.02度
10:07:53.588420 [轨迹] 序号=2410 单调时间=4888.368467 时间=4888.368 模式=OFFBOARD 起飞状态=未执行起飞 水平控制=位置保持 类型掩码=3520 实际位置NED=(0.048,1.640,-0.243) 实际速度=(0.000,-0.000,0.002) 最终目标=(0.056,1.599,-0.245) 指令位置=(0.056,1.599,nan) 指令速度=(0.000,0.000,0.000) 指令加速度=(0.000,0.000,nan) 滚转角=0.04度 俯仰角=-0.02度
10:07:53.691723 [轨迹] 序号=2411 单调时间=4888.471472 时间=4888.471 模式=OFFBOARD 起飞状态=未执行起飞 水平控制=位置保持 类型掩码=3520 实际位置NED=(0.048,1.640,-0.243) 实际速度=(0.000,-0.000,0.002) 最终目标=(0.056,1.599,-0.245) 指令位置=(0.056,1.599,nan) 指令速度=(0.000,0.000,0.000) 指令加速度=(0.000,0.000,nan) 滚转角=0.04度 俯仰角=-0.02度
10:07:53.795296 [轨迹] 序号=2412 单调时间=4888.575211 时间=4888.575 模式=OFFBOARD 起飞状态=未执行起飞 水平控制=位置保持 类型掩码=3520 实际位置NED=(0.048,1.640,-0.243) 实际速度=(0.000,-0.000,0.002) 最终目标=(0.056,1.599,-0.245) 指令位置=(0.056,1.599,nan) 指令速度=(0.000,0.000,0.000) 指令加速度=(0.000,0.000,nan) 滚转角=0.04度 俯仰角=-0.02度
10:07:53.898967 [轨迹] 序号=2413 单调时间=4888.678853 时间=4888.679 模式=OFFBOARD 起飞状态=未执行起飞 水平控制=位置保持 类型掩码=3520 实际位置NED=(0.048,1.640,-0.243) 实际速度=(0.000,-0.001,0.002) 最终目标=(0.056,1.599,-0.245) 指令位置=(0.056,1.599,nan) 指令速度=(0.000,0.000,0.000) 指令加速度=(0.000,0.000,nan) 滚转角=0.04度 俯仰角=-0.02度
10:07:54.003770 [轨迹] 序号=2414 单调时间=4888.783601 时间=4888.784 模式=OFFBOARD 起飞状态=未执行起飞 水平控制=位置保持 类型掩码=3520 实际位置NED=(0.048,1.640,-0.243) 实际速度=(0.000,-0.001,0.002) 最终目标=(0.056,1.599,-0.245) 指令位置=(0.056,1.599,nan) 指令速度=(0.000,0.000,0.000) 指令加速度=(0.000,0.000,nan) 滚转角=0.04度 俯仰角=-0.02度
10:07:54.107163 [轨迹] 序号=2415 单调时间=4888.886876 时间=4888.887 模式=OFFBOARD 起飞状态=未执行起飞 水平控制=位置保持 类型掩码=3520 实际位置NED=(0.048,1.640,-0.243) 实际速度=(0.000,-0.001,0.002) 最终目标=(0.056,1.599,-0.245) 指令位置=(0.056,1.599,nan) 指令速度=(0.000,0.000,0.000) 指令加速度=(0.000,0.000,nan) 滚转角=0.04度 俯仰角=-0.02度
10:07:54.210798 [轨迹] 序号=2416 单调时间=4888.990678 时间=4888.991 模式=OFFBOARD 起飞状态=未执行起飞 水平控制=位置保持 类型掩码=3520 实际位置NED=(0.048,1.640,-0.243) 实际速度=(0.000,-0.001,0.002) 最终目标=(0.056,1.599,-0.245) 指令位置=(0.056,1.599,nan) 指令速度=(0.000,0.000,0.000) 指令加速度=(0.000,0.000,nan) 滚转角=0.04度 俯仰角=-0.02度
10:07:54.314580 [轨迹] 序号=2417 单调时间=4889.094594 时间=4889.095 模式=OFFBOARD 起飞状态=未执行起飞 水平控制=位置保持 类型掩码=3520 实际位置NED=(0.048,1.640,-0.243) 实际速度=(0.000,-0.001,0.002) 最终目标=(0.056,1.599,-0.245) 指令位置=(0.056,1.599,nan) 指令速度=(0.000,0.000,0.000) 指令加速度=(0.000,0.000,nan) 滚转角=0.04度 俯仰角=-0.02度
10:07:54.417704 [轨迹] 序号=2418 单调时间=4889.197612 时间=4889.198 模式=OFFBOARD 起飞状态=未执行起飞 水平控制=位置保持 类型掩码=3520 实际位置NED=(0.048,1.640,-0.243) 实际速度=(0.000,-0.001,0.002) 最终目标=(0.056,1.599,-0.245) 指令位置=(0.056,1.599,nan) 指令速度=(0.000,0.000,0.000) 指令加速度=(0.000,0.000,nan) 滚转角=0.04度 俯仰角=-0.02度
10:07:54.522101 [轨迹] 序号=2419 单调时间=4889.302003 时间=4889.302 模式=OFFBOARD 起飞状态=未执行起飞 水平控制=位置保持 类型掩码=3520 实际位置NED=(0.048,1.640,-0.243) 实际速度=(0.000,-0.001,0.002) 最终目标=(0.056,1.599,-0.245) 指令位置=(0.056,1.599,nan) 指令速度=(0.000,0.000,0.000) 指令加速度=(0.000,0.000,nan) 滚转角=0.04度 俯仰角=-0.02度
10:07:54.626484 [轨迹] 序号=2420 单调时间=4889.406427 时间=4889.406 模式=OFFBOARD 起飞状态=未执行起飞 水平控制=位置保持 类型掩码=3520 实际位置NED=(0.048,1.640,-0.243) 实际速度=(0.000,-0.001,0.002) 最终目标=(0.056,1.599,-0.245) 指令位置=(0.056,1.599,nan) 指令速度=(0.000,0.000,0.000) 指令加速度=(0.000,0.000,nan) 滚转角=0.04度 俯仰角=-0.02度
10:07:54.731172 [轨迹] 序号=2421 单调时间=4889.511108 时间=4889.511 模式=OFFBOARD 起飞状态=未执行起飞 水平控制=位置保持 类型掩码=3520 实际位置NED=(0.048,1.640,-0.243) 实际速度=(0.000,-0.001,0.002) 最终目标=(0.056,1.599,-0.245) 指令位置=(0.056,1.599,nan) 指令速度=(0.000,0.000,0.000) 指令加速度=(0.000,0.000,nan) 滚转角=0.04度 俯仰角=-0.02度
10:07:54.835703 [轨迹] 序号=2422 单调时间=4889.615636 时间=4889.616 模式=OFFBOARD 起飞状态=未执行起飞 水平控制=位置保持 类型掩码=3520 实际位置NED=(0.048,1.640,-0.243) 实际速度=(0.000,-0.001,0.002) 最终目标=(0.056,1.599,-0.245) 指令位置=(0.056,1.599,nan) 指令速度=(0.000,0.000,0.000) 指令加速度=(0.000,0.000,nan) 滚转角=0.04度 俯仰角=-0.02度
10:07:54.938884 [轨迹] 序号=2423 单调时间=4889.718779 时间=4889.719 模式=OFFBOARD 起飞状态=未执行起飞 水平控制=位置保持 类型掩码=3520 实际位置NED=(0.048,1.640,-0.243) 实际速度=(0.000,-0.001,0.002) 最终目标=(0.056,1.599,-0.245) 指令位置=(0.056,1.599,nan) 指令速度=(0.000,0.000,0.000) 指令加速度=(0.000,0.000,nan) 滚转角=0.04度 俯仰角=-0.02度
10:07:55.039255 [轨迹] 序号=2424 单调时间=4889.819053 时间=4889.819 模式=OFFBOARD 起飞状态=未执行起飞 水平控制=位置保持 类型掩码=3520 实际位置NED=(0.048,1.640,-0.244) 实际速度=(0.000,-0.001,0.002) 最终目标=(0.056,1.599,-0.245) 指令位置=(0.056,1.599,nan) 指令速度=(0.000,0.000,0.000) 指令加速度=(0.000,0.000,nan) 滚转角=0.04度 俯仰角=-0.02度
10:07:55.142995 [轨迹] 序号=2425 单调时间=4889.923101 时间=4889.923 模式=OFFBOARD 起飞状态=未执行起飞 水平控制=位置保持 类型掩码=3520 实际位置NED=(0.048,1.640,-0.244) 实际速度=(0.001,-0.001,0.002) 最终目标=(0.056,1.599,-0.245) 指令位置=(0.056,1.599,nan) 指令速度=(0.000,0.000,0.000) 指令加速度=(0.000,0.000,nan) 滚转角=0.04度 俯仰角=-0.02度
10:07:55.246151 [轨迹] 序号=2426 单调时间=4890.026000 时间=4890.026 模式=OFFBOARD 起飞状态=未执行起飞 水平控制=位置保持 类型掩码=3520 实际位置NED=(0.048,1.640,-0.244) 实际速度=(0.000,-0.001,0.002) 最终目标=(0.056,1.599,-0.245) 指令位置=(0.056,1.599,nan) 指令速度=(0.000,0.000,0.000) 指令加速度=(0.000,0.000,nan) 滚转角=0.04度 俯仰角=-0.02度
10:07:55.349406 [轨迹] 序号=2427 单调时间=4890.129273 时间=4890.129 模式=OFFBOARD 起飞状态=未执行起飞 水平控制=位置保持 类型掩码=3520 实际位置NED=(0.048,1.640,-0.244) 实际速度=(0.000,-0.001,0.002) 最终目标=(0.056,1.599,-0.245) 指令位置=(0.056,1.599,nan) 指令速度=(0.000,0.000,0.000) 指令加速度=(0.000,0.000,nan) 滚转角=0.04度 俯仰角=-0.02度
10:07:55.452941 [轨迹] 序号=2428 单调时间=4890.232834 时间=4890.233 模式=OFFBOARD 起飞状态=未执行起飞 水平控制=位置保持 类型掩码=3520 实际位置NED=(0.048,1.640,-0.244) 实际速度=(0.000,-0.001,0.002) 最终目标=(0.056,1.599,-0.245) 指令位置=(0.056,1.599,nan) 指令速度=(0.000,0.000,0.000) 指令加速度=(0.000,0.000,nan) 滚转角=0.04度 俯仰角=-0.02度
10:07:55.557042 [轨迹] 序号=2429 单调时间=4890.336764 时间=4890.337 模式=OFFBOARD 起飞状态=未执行起飞 水平控制=位置保持 类型掩码=3520 实际位置NED=(0.048,1.640,-0.244) 实际速度=(0.000,-0.001,0.002) 最终目标=(0.056,1.599,-0.245) 指令位置=(0.056,1.599,nan) 指令速度=(0.000,0.000,0.000) 指令加速度=(0.000,0.000,nan) 滚转角=0.04度 俯仰角=-0.02度
10:07:55.660393 [轨迹] 序号=2430 单调时间=4890.440289 时间=4890.440 模式=OFFBOARD 起飞状态=未执行起飞 水平控制=位置保持 类型掩码=3520 实际位置NED=(0.048,1.640,-0.244) 实际速度=(0.000,-0.001,0.002) 最终目标=(0.056,1.599,-0.245) 指令位置=(0.056,1.599,nan) 指令速度=(0.000,0.000,0.000) 指令加速度=(0.000,0.000,nan) 滚转角=0.04度 俯仰角=-0.02度
10:07:55.764424 [轨迹] 序号=2431 单调时间=4890.544527 时间=4890.545 模式=OFFBOARD 起飞状态=未执行起飞 水平控制=位置保持 类型掩码=3520 实际位置NED=(0.048,1.640,-0.244) 实际速度=(0.000,-0.001,0.001) 最终目标=(0.056,1.599,-0.245) 指令位置=(0.056,1.599,nan) 指令速度=(0.000,0.000,0.000) 指令加速度=(0.000,0.000,nan) 滚转角=0.04度 俯仰角=-0.02度
10:07:55.868901 [轨迹] 序号=2432 单调时间=4890.648784 时间=4890.649 模式=OFFBOARD 起飞状态=未执行起飞 水平控制=位置保持 类型掩码=3520 实际位置NED=(0.048,1.640,-0.244) 实际速度=(0.000,-0.001,0.001) 最终目标=(0.056,1.599,-0.245) 指令位置=(0.056,1.599,nan) 指令速度=(0.000,0.000,0.000) 指令加速度=(0.000,0.000,nan) 滚转角=0.04度 俯仰角=-0.02度
10:07:55.972539 [轨迹] 序号=2433 单调时间=4890.752391 时间=4890.752 模式=OFFBOARD 起飞状态=未执行起飞 水平控制=位置保持 类型掩码=3520 实际位置NED=(0.048,1.640,-0.244) 实际速度=(0.000,-0.001,0.001) 最终目标=(0.056,1.599,-0.245) 指令位置=(0.056,1.599,nan) 指令速度=(0.000,0.000,0.000) 指令加速度=(0.000,0.000,nan) 滚转角=0.04度 俯仰角=-0.02度
10:07:56.076082 [轨迹] 序号=2434 单调时间=4890.855970 时间=4890.856 模式=OFFBOARD 起飞状态=未执行起飞 水平控制=位置保持 类型掩码=3520 实际位置NED=(0.048,1.640,-0.244) 实际速度=(0.000,-0.001,0.001) 最终目标=(0.056,1.599,-0.245) 指令位置=(0.056,1.599,nan) 指令速度=(0.000,0.000,0.000) 指令加速度=(0.000,0.000,nan) 滚转角=0.04度 俯仰角=-0.02度
10:07:56.179937 [轨迹] 序号=2435 单调时间=4890.959903 时间=4890.960 模式=OFFBOARD 起飞状态=未执行起飞 水平控制=位置保持 类型掩码=3520 实际位置NED=(0.048,1.640,-0.244) 实际速度=(0.000,-0.001,0.001) 最终目标=(0.056,1.599,-0.245) 指令位置=(0.056,1.599,nan) 指令速度=(0.000,0.000,0.000) 指令加速度=(0.000,0.000,nan) 滚转角=0.04度 俯仰角=-0.02度
10:07:56.283433 [轨迹] 序号=2436 单调时间=4891.063193 时间=4891.063 模式=OFFBOARD 起飞状态=未执行起飞 水平控制=位置保持 类型掩码=3520 实际位置NED=(0.048,1.640,-0.244) 实际速度=(0.000,-0.001,0.001) 最终目标=(0.056,1.599,-0.245) 指令位置=(0.056,1.599,nan) 指令速度=(0.000,0.000,0.000) 指令加速度=(0.000,0.000,nan) 滚转角=0.04度 俯仰角=-0.02度
10:07:56.386817 [轨迹] 序号=2437 单调时间=4891.166672 时间=4891.167 模式=OFFBOARD 起飞状态=未执行起飞 水平控制=位置保持 类型掩码=3520 实际位置NED=(0.048,1.640,-0.244) 实际速度=(0.000,-0.001,0.001) 最终目标=(0.056,1.599,-0.245) 指令位置=(0.056,1.599,nan) 指令速度=(0.000,0.000,0.000) 指令加速度=(0.000,0.000,nan) 滚转角=0.04度 俯仰角=-0.02度
10:07:56.490081 [轨迹] 序号=2438 单调时间=4891.269976 时间=4891.270 模式=OFFBOARD 起飞状态=未执行起飞 水平控制=位置保持 类型掩码=3520 实际位置NED=(0.048,1.640,-0.244) 实际速度=(0.000,-0.001,0.001) 最终目标=(0.056,1.599,-0.245) 指令位置=(0.056,1.599,nan) 指令速度=(0.000,0.000,0.000) 指令加速度=(0.000,0.000,nan) 滚转角=0.04度 俯仰角=-0.02度
10:07:56.593478 [轨迹] 序号=2439 单调时间=4891.373364 时间=4891.373 模式=OFFBOARD 起飞状态=未执行起飞 水平控制=位置保持 类型掩码=3520 实际位置NED=(0.048,1.640,-0.244) 实际速度=(0.000,-0.000,0.001) 最终目标=(0.056,1.599,-0.245) 指令位置=(0.056,1.599,nan) 指令速度=(0.000,0.000,0.000) 指令加速度=(0.000,0.000,nan) 滚转角=0.04度 俯仰角=-0.02度
10:07:56.694090 [轨迹] 序号=2440 单调时间=4891.473964 时间=4891.474 模式=OFFBOARD 起飞状态=未执行起飞 水平控制=位置保持 类型掩码=3520 实际位置NED=(0.048,1.640,-0.244) 实际速度=(-0.000,-0.000,0.001) 最终目标=(0.056,1.599,-0.245) 指令位置=(0.056,1.599,nan) 指令速度=(0.000,0.000,0.000) 指令加速度=(0.000,0.000,nan) 滚转角=0.04度 俯仰角=-0.02度
10:07:56.797906 [轨迹] 序号=2441 单调时间=4891.577667 时间=4891.578 模式=OFFBOARD 起飞状态=未执行起飞 水平控制=位置保持 类型掩码=3520 实际位置NED=(0.048,1.640,-0.244) 实际速度=(-0.000,-0.000,0.001) 最终目标=(0.056,1.599,-0.245) 指令位置=(0.056,1.599,nan) 指令速度=(0.000,0.000,0.000) 指令加速度=(0.000,0.000,nan) 滚转角=0.04度 俯仰角=-0.02度
10:07:56.901915 [轨迹] 序号=2442 单调时间=4891.681830 时间=4891.682 模式=OFFBOARD 起飞状态=未执行起飞 水平控制=位置保持 类型掩码=3520 实际位置NED=(0.048,1.640,-0.244) 实际速度=(-0.000,-0.000,0.000) 最终目标=(0.056,1.599,-0.245) 指令位置=(0.056,1.599,nan) 指令速度=(0.000,0.000,0.000) 指令加速度=(0.000,0.000,nan) 滚转角=0.04度 俯仰角=-0.02度
10:07:57.004918 [轨迹] 序号=2443 单调时间=4891.784961 时间=4891.785 模式=OFFBOARD 起飞状态=未执行起飞 水平控制=位置保持 类型掩码=3520 实际位置NED=(0.048,1.640,-0.244) 实际速度=(-0.000,-0.000,0.000) 最终目标=(0.056,1.599,-0.245) 指令位置=(0.056,1.599,nan) 指令速度=(0.000,0.000,0.000) 指令加速度=(0.000,0.000,nan) 滚转角=0.04度 俯仰角=-0.02度
10:07:57.108227 [轨迹] 序号=2444 单调时间=4891.888073 时间=4891.888 模式=OFFBOARD 起飞状态=未执行起飞 水平控制=位置保持 类型掩码=3520 实际位置NED=(0.048,1.640,-0.244) 实际速度=(-0.000,-0.000,0.000) 最终目标=(0.056,1.599,-0.245) 指令位置=(0.056,1.599,nan) 指令速度=(0.000,0.000,0.000) 指令加速度=(0.000,0.000,nan) 滚转角=0.04度 俯仰角=-0.02度
10:07:57.211664 [轨迹] 序号=2445 单调时间=4891.991543 时间=4891.992 模式=OFFBOARD 起飞状态=未执行起飞 水平控制=位置保持 类型掩码=3520 实际位置NED=(0.048,1.640,-0.245) 实际速度=(-0.000,-0.000,0.000) 最终目标=(0.056,1.599,-0.245) 指令位置=(0.056,1.599,nan) 指令速度=(0.000,0.000,0.000) 指令加速度=(0.000,0.000,nan) 滚转角=0.04度 俯仰角=-0.02度
10:07:57.315484 [轨迹] 序号=2446 单调时间=4892.095371 时间=4892.095 模式=OFFBOARD 起飞状态=未执行起飞 水平控制=位置保持 类型掩码=3520 实际位置NED=(0.048,1.640,-0.245) 实际速度=(0.000,-0.000,0.000) 最终目标=(0.056,1.599,-0.245) 指令位置=(0.056,1.599,nan) 指令速度=(0.000,0.000,0.000) 指令加速度=(0.000,0.000,nan) 滚转角=0.04度 俯仰角=-0.02度
10:07:57.415928 [轨迹] 序号=2447 单调时间=4892.195675 时间=4892.196 模式=OFFBOARD 起飞状态=未执行起飞 水平控制=位置保持 类型掩码=3520 实际位置NED=(0.048,1.640,-0.245) 实际速度=(0.000,0.000,0.000) 最终目标=(0.056,1.599,-0.245) 指令位置=(0.056,1.599,nan) 指令速度=(0.000,0.000,0.000) 指令加速度=(0.000,0.000,nan) 滚转角=0.04度 俯仰角=-0.02度
10:07:57.519291 [轨迹] 序号=2448 单调时间=4892.299329 时间=4892.299 模式=OFFBOARD 起飞状态=未执行起飞 水平控制=位置保持 类型掩码=3520 实际位置NED=(0.048,1.640,-0.245) 实际速度=(0.000,0.000,-0.000) 最终目标=(0.056,1.599,-0.245) 指令位置=(0.056,1.599,nan) 指令速度=(0.000,0.000,0.000) 指令加速度=(0.000,0.000,nan) 滚转角=0.04度 俯仰角=-0.02度
10:07:57.622276 [轨迹] 序号=2449 单调时间=4892.402145 时间=4892.402 模式=OFFBOARD 起飞状态=未执行起飞 水平控制=位置保持 类型掩码=3520 实际位置NED=(0.048,1.640,-0.245) 实际速度=(0.000,0.000,0.000) 最终目标=(0.056,1.599,-0.245) 指令位置=(0.056,1.599,nan) 指令速度=(0.000,0.000,0.000) 指令加速度=(0.000,0.000,nan) 滚转角=0.04度 俯仰角=-0.02度
10:07:57.725850 [轨迹] 序号=2450 单调时间=4892.505830 时间=4892.506 模式=OFFBOARD 起飞状态=未执行起飞 水平控制=位置保持 类型掩码=3520 实际位置NED=(0.048,1.640,-0.245) 实际速度=(0.000,0.000,-0.000) 最终目标=(0.056,1.599,-0.245) 指令位置=(0.056,1.599,nan) 指令速度=(0.000,0.000,0.000) 指令加速度=(0.000,0.000,nan) 滚转角=0.04度 俯仰角=-0.02度
10:07:57.829646 [轨迹] 序号=2451 单调时间=4892.609603 时间=4892.610 模式=OFFBOARD 起飞状态=未执行起飞 水平控制=位置保持 类型掩码=3520 实际位置NED=(0.048,1.640,-0.245) 实际速度=(0.000,0.000,-0.000) 最终目标=(0.056,1.599,-0.245) 指令位置=(0.056,1.599,nan) 指令速度=(0.000,0.000,0.000) 指令加速度=(0.000,0.000,nan) 滚转角=0.04度 俯仰角=-0.02度
10:07:57.933051 [轨迹] 序号=2452 单调时间=4892.712910 时间=4892.713 模式=OFFBOARD 起飞状态=未执行起飞 水平控制=位置保持 类型掩码=3520 实际位置NED=(0.048,1.640,-0.245) 实际速度=(0.000,0.000,-0.000) 最终目标=(0.056,1.599,-0.245) 指令位置=(0.056,1.599,nan) 指令速度=(0.000,0.000,0.000) 指令加速度=(0.000,0.000,nan) 滚转角=0.04度 俯仰角=-0.02度
10:07:58.036297 [轨迹] 序号=2453 单调时间=4892.816125 时间=4892.816 模式=OFFBOARD 起飞状态=未执行起飞 水平控制=位置保持 类型掩码=3520 实际位置NED=(0.048,1.640,-0.245) 实际速度=(0.001,0.000,0.000) 最终目标=(0.056,1.599,-0.245) 指令位置=(0.056,1.599,nan) 指令速度=(0.000,0.000,0.000) 指令加速度=(0.000,0.000,nan) 滚转角=0.04度 俯仰角=-0.02度
10:07:58.140014 [轨迹] 序号=2454 单调时间=4892.919867 时间=4892.920 模式=OFFBOARD 起飞状态=未执行起飞 水平控制=位置保持 类型掩码=3520 实际位置NED=(0.048,1.640,-0.245) 实际速度=(0.001,0.000,-0.000) 最终目标=(0.056,1.599,-0.245) 指令位置=(0.056,1.599,nan) 指令速度=(0.000,0.000,0.000) 指令加速度=(0.000,0.000,nan) 滚转角=0.04度 俯仰角=-0.02度
10:07:58.243081 [轨迹] 序号=2455 单调时间=4893.023108 时间=4893.023 模式=OFFBOARD 起飞状态=未执行起飞 水平控制=位置保持 类型掩码=3520 实际位置NED=(0.048,1.640,-0.245) 实际速度=(0.001,0.000,-0.000) 最终目标=(0.056,1.599,-0.245) 指令位置=(0.056,1.599,nan) 指令速度=(0.000,0.000,0.000) 指令加速度=(0.000,0.000,nan) 滚转角=0.04度 俯仰角=-0.02度
10:07:58.346194 [轨迹] 序号=2456 单调时间=4893.126126 时间=4893.126 模式=OFFBOARD 起飞状态=未执行起飞 水平控制=位置保持 类型掩码=3520 实际位置NED=(0.047,1.640,-0.245) 实际速度=(0.001,0.000,-0.000) 最终目标=(0.056,1.599,-0.245) 指令位置=(0.056,1.599,nan) 指令速度=(0.000,0.000,0.000) 指令加速度=(0.000,0.000,nan) 滚转角=0.04度 俯仰角=-0.02度
10:07:58.449746 [轨迹] 序号=2457 单调时间=4893.229583 时间=4893.230 模式=OFFBOARD 起飞状态=未执行起飞 水平控制=位置保持 类型掩码=3520 实际位置NED=(0.047,1.640,-0.245) 实际速度=(0.001,0.000,-0.000) 最终目标=(0.056,1.599,-0.245) 指令位置=(0.056,1.599,nan) 指令速度=(0.000,0.000,0.000) 指令加速度=(0.000,0.000,nan) 滚转角=0.04度 俯仰角=-0.02度
10:07:58.553555 [轨迹] 序号=2458 单调时间=4893.332834 时间=4893.333 模式=OFFBOARD 起飞状态=未执行起飞 水平控制=位置保持 类型掩码=3520 实际位置NED=(0.047,1.640,-0.245) 实际速度=(0.001,0.000,-0.000) 最终目标=(0.056,1.599,-0.245) 指令位置=(0.056,1.599,nan) 指令速度=(0.000,0.000,0.000) 指令加速度=(0.000,0.000,nan) 滚转角=0.04度 俯仰角=-0.02度
10:07:58.657066 [轨迹] 序号=2459 单调时间=4893.436728 时间=4893.437 模式=OFFBOARD 起飞状态=未执行起飞 水平控制=位置保持 类型掩码=3520 实际位置NED=(0.047,1.640,-0.245) 实际速度=(0.001,0.000,-0.000) 最终目标=(0.056,1.599,-0.245) 指令位置=(0.056,1.599,nan) 指令速度=(0.000,0.000,0.000) 指令加速度=(0.000,0.000,nan) 滚转角=0.04度 俯仰角=-0.02度
10:07:58.760463 [轨迹] 序号=2460 单调时间=4893.540337 时间=4893.540 模式=OFFBOARD 起飞状态=未执行起飞 水平控制=位置保持 类型掩码=3520 实际位置NED=(0.047,1.640,-0.245) 实际速度=(0.001,0.000,-0.000) 最终目标=(0.056,1.599,-0.245) 指令位置=(0.056,1.599,nan) 指令速度=(0.000,0.000,0.000) 指令加速度=(0.000,0.000,nan) 滚转角=0.04度 俯仰角=-0.02度
10:07:58.865206 [轨迹] 序号=2461 单调时间=4893.645114 时间=4893.645 模式=OFFBOARD 起飞状态=未执行起飞 水平控制=位置保持 类型掩码=3520 实际位置NED=(0.047,1.640,-0.245) 实际速度=(0.001,0.000,-0.000) 最终目标=(0.056,1.599,-0.245) 指令位置=(0.056,1.599,nan) 指令速度=(0.000,0.000,0.000) 指令加速度=(0.000,0.000,nan) 滚转角=0.04度 俯仰角=-0.02度
10:07:58.965307 [轨迹] 序号=2462 单调时间=4893.745201 时间=4893.745 模式=OFFBOARD 起飞状态=未执行起飞 水平控制=位置保持 类型掩码=3520 实际位置NED=(0.047,1.640,-0.245) 实际速度=(0.001,0.000,-0.000) 最终目标=(0.056,1.599,-0.245) 指令位置=(0.056,1.599,nan) 指令速度=(0.000,0.000,0.000) 指令加速度=(0.000,0.000,nan) 滚转角=0.04度 俯仰角=-0.02度
10:07:59.069177 [轨迹] 序号=2463 单调时间=4893.849065 时间=4893.849 模式=OFFBOARD 起飞状态=未执行起飞 水平控制=位置保持 类型掩码=3520 实际位置NED=(0.047,1.640,-0.245) 实际速度=(0.001,-0.000,-0.000) 最终目标=(0.056,1.599,-0.245) 指令位置=(0.056,1.599,nan) 指令速度=(0.000,0.000,0.000) 指令加速度=(0.000,0.000,nan) 滚转角=0.04度 俯仰角=-0.02度
10:07:59.172586 [轨迹] 序号=2464 单调时间=4893.952275 时间=4893.952 模式=OFFBOARD 起飞状态=未执行起飞 水平控制=位置保持 类型掩码=3520 实际位置NED=(0.047,1.640,-0.245) 实际速度=(0.001,-0.000,-0.001) 最终目标=(0.056,1.599,-0.245) 指令位置=(0.056,1.599,nan) 指令速度=(0.000,0.000,0.000) 指令加速度=(0.000,0.000,nan) 滚转角=0.04度 俯仰角=-0.02度
10:07:59.275994 [轨迹] 序号=2465 单调时间=4894.055874 时间=4894.056 模式=OFFBOARD 起飞状态=未执行起飞 水平控制=位置保持 类型掩码=3520 实际位置NED=(0.047,1.640,-0.245) 实际速度=(0.001,-0.000,-0.000) 最终目标=(0.056,1.599,-0.245) 指令位置=(0.056,1.599,nan) 指令速度=(0.000,0.000,0.000) 指令加速度=(0.000,0.000,nan) 滚转角=0.04度 俯仰角=-0.02度
10:07:59.379312 [轨迹] 序号=2466 单调时间=4894.159096 时间=4894.159 模式=OFFBOARD 起飞状态=未执行起飞 水平控制=位置保持 类型掩码=3520 实际位置NED=(0.047,1.640,-0.245) 实际速度=(0.001,0.000,-0.001) 最终目标=(0.056,1.599,-0.245) 指令位置=(0.056,1.599,nan) 指令速度=(0.000,0.000,0.000) 指令加速度=(0.000,0.000,nan) 滚转角=0.04度 俯仰角=-0.02度
10:07:59.483601 [轨迹] 序号=2467 单调时间=4894.263331 时间=4894.263 模式=OFFBOARD 起飞状态=未执行起飞 水平控制=位置保持 类型掩码=3520 实际位置NED=(0.047,1.640,-0.245) 实际速度=(0.001,0.000,-0.001) 最终目标=(0.056,1.599,-0.245) 指令位置=(0.056,1.599,nan) 指令速度=(0.000,0.000,0.000) 指令加速度=(0.000,0.000,nan) 滚转角=0.04度 俯仰角=-0.02度
10:07:59.586948 [轨迹] 序号=2468 单调时间=4894.366784 时间=4894.367 模式=OFFBOARD 起飞状态=未执行起飞 水平控制=位置保持 类型掩码=3520 实际位置NED=(0.047,1.640,-0.245) 实际速度=(0.001,0.000,-0.001) 最终目标=(0.056,1.599,-0.245) 指令位置=(0.056,1.599,nan) 指令速度=(0.000,0.000,0.000) 指令加速度=(0.000,0.000,nan) 滚转角=0.04度 俯仰角=-0.02度
10:07:59.691133 [轨迹] 序号=2469 单调时间=4894.471159 时间=4894.471 模式=OFFBOARD 起飞状态=未执行起飞 水平控制=位置保持 类型掩码=3520 实际位置NED=(0.047,1.640,-0.245) 实际速度=(0.001,0.000,-0.001) 最终目标=(0.056,1.599,-0.245) 指令位置=(0.056,1.599,nan) 指令速度=(0.000,0.000,0.000) 指令加速度=(0.000,0.000,nan) 滚转角=0.04度 俯仰角=-0.02度
10:07:59.794876 [轨迹] 序号=2470 单调时间=4894.574661 时间=4894.575 模式=OFFBOARD 起飞状态=未执行起飞 水平控制=位置保持 类型掩码=3520 实际位置NED=(0.047,1.640,-0.245) 实际速度=(0.001,0.000,-0.001) 最终目标=(0.056,1.599,-0.245) 指令位置=(0.056,1.599,nan) 指令速度=(0.000,0.000,0.000) 指令加速度=(0.000,0.000,nan) 滚转角=0.04度 俯仰角=-0.02度
10:07:59.898620 [轨迹] 序号=2471 单调时间=4894.678518 时间=4894.679 模式=OFFBOARD 起飞状态=未执行起飞 水平控制=位置保持 类型掩码=3520 实际位置NED=(0.047,1.640,-0.245) 实际速度=(0.001,0.000,-0.001) 最终目标=(0.056,1.599,-0.245) 指令位置=(0.056,1.599,nan) 指令速度=(0.000,0.000,0.000) 指令加速度=(0.000,0.000,nan) 滚转角=0.04度 俯仰角=-0.02度
10:08:00.003355 [轨迹] 序号=2472 单调时间=4894.783200 时间=4894.783 模式=OFFBOARD 起飞状态=未执行起飞 水平控制=位置保持 类型掩码=3520 实际位置NED=(0.047,1.640,-0.245) 实际速度=(0.001,0.000,-0.001) 最终目标=(0.056,1.599,-0.245) 指令位置=(0.056,1.599,nan) 指令速度=(0.000,0.000,0.000) 指令加速度=(0.000,0.000,nan) 滚转角=0.04度 俯仰角=-0.02度
10:08:00.106520 [轨迹] 序号=2473 单调时间=4894.886428 时间=4894.886 模式=OFFBOARD 起飞状态=未执行起飞 水平控制=位置保持 类型掩码=3520 实际位置NED=(0.047,1.640,-0.245) 实际速度=(0.001,0.000,-0.001) 最终目标=(0.056,1.599,-0.245) 指令位置=(0.056,1.599,nan) 指令速度=(0.000,0.000,0.000) 指令加速度=(0.000,0.000,nan) 滚转角=0.04度 俯仰角=-0.02度
10:08:00.209652 [轨迹] 序号=2474 单调时间=4894.989622 时间=4894.990 模式=OFFBOARD 起飞状态=未执行起飞 水平控制=位置保持 类型掩码=3520 实际位置NED=(0.047,1.640,-0.245) 实际速度=(0.001,0.000,-0.001) 最终目标=(0.056,1.599,-0.245) 指令位置=(0.056,1.599,nan) 指令速度=(0.000,0.000,0.000) 指令加速度=(0.000,0.000,nan) 滚转角=0.04度 俯仰角=-0.02度
10:08:00.312730 [轨迹] 序号=2475 单调时间=4895.092627 时间=4895.093 模式=OFFBOARD 起飞状态=未执行起飞 水平控制=位置保持 类型掩码=3520 实际位置NED=(0.047,1.640,-0.245) 实际速度=(0.001,0.000,-0.001) 最终目标=(0.056,1.599,-0.245) 指令位置=(0.056,1.599,nan) 指令速度=(0.000,0.000,0.000) 指令加速度=(0.000,0.000,nan) 滚转角=0.04度 俯仰角=-0.02度
10:08:00.415727 [轨迹] 序号=2476 单调时间=4895.195692 时间=4895.196 模式=OFFBOARD 起飞状态=未执行起飞 水平控制=位置保持 类型掩码=3520 实际位置NED=(0.047,1.640,-0.245) 实际速度=(0.001,0.000,-0.001) 最终目标=(0.056,1.599,-0.245) 指令位置=(0.056,1.599,nan) 指令速度=(0.000,0.000,0.000) 指令加速度=(0.000,0.000,nan) 滚转角=0.04度 俯仰角=-0.02度
10:08:00.520969 [轨迹] 序号=2477 单调时间=4895.300748 时间=4895.301 模式=OFFBOARD 起飞状态=未执行起飞 水平控制=位置保持 类型掩码=3520 实际位置NED=(0.047,1.640,-0.245) 实际速度=(0.001,0.000,-0.001) 最终目标=(0.056,1.599,-0.245) 指令位置=(0.056,1.599,nan) 指令速度=(0.000,0.000,0.000) 指令加速度=(0.000,0.000,nan) 滚转角=0.04度 俯仰角=-0.02度
10:08:00.623367 [轨迹] 序号=2478 单调时间=4895.403273 时间=4895.403 模式=OFFBOARD 起飞状态=未执行起飞 水平控制=位置保持 类型掩码=3520 实际位置NED=(0.047,1.640,-0.245) 实际速度=(0.001,0.000,-0.001) 最终目标=(0.056,1.599,-0.245) 指令位置=(0.056,1.599,nan) 指令速度=(0.000,0.000,0.000) 指令加速度=(0.000,0.000,nan) 滚转角=0.04度 俯仰角=-0.02度
10:08:00.727516 [轨迹] 序号=2479 单调时间=4895.507472 时间=4895.507 模式=OFFBOARD 起飞状态=未执行起飞 水平控制=位置保持 类型掩码=3520 实际位置NED=(0.047,1.640,-0.245) 实际速度=(0.001,-0.000,-0.001) 最终目标=(0.056,1.599,-0.245) 指令位置=(0.056,1.599,nan) 指令速度=(0.000,0.000,0.000) 指令加速度=(0.000,0.000,nan) 滚转角=0.04度 俯仰角=-0.02度
10:08:00.831216 [轨迹] 序号=2480 单调时间=4895.611092 时间=4895.611 模式=OFFBOARD 起飞状态=未执行起飞 水平控制=位置保持 类型掩码=3520 实际位置NED=(0.047,1.640,-0.245) 实际速度=(0.001,-0.000,-0.001) 最终目标=(0.056,1.599,-0.245) 指令位置=(0.056,1.599,nan) 指令速度=(0.000,0.000,0.000) 指令加速度=(0.000,0.000,nan) 滚转角=0.04度 俯仰角=-0.02度
10:08:00.934337 [轨迹] 序号=2481 单调时间=4895.714209 时间=4895.714 模式=OFFBOARD 起飞状态=未执行起飞 水平控制=位置保持 类型掩码=3520 实际位置NED=(0.047,1.640,-0.245) 实际速度=(0.001,-0.000,-0.001) 最终目标=(0.056,1.599,-0.245) 指令位置=(0.056,1.599,nan) 指令速度=(0.000,0.000,0.000) 指令加速度=(0.000,0.000,nan) 滚转角=0.04度 俯仰角=-0.02度
10:08:01.037518 [轨迹] 序号=2482 单调时间=4895.817474 时间=4895.817 模式=OFFBOARD 起飞状态=未执行起飞 水平控制=位置保持 类型掩码=3520 实际位置NED=(0.047,1.640,-0.246) 实际速度=(0.001,-0.000,-0.001) 最终目标=(0.056,1.599,-0.245) 指令位置=(0.056,1.599,nan) 指令速度=(0.000,0.000,0.000) 指令加速度=(0.000,0.000,nan) 滚转角=0.04度 俯仰角=-0.01度
10:08:01.141110 [轨迹] 序号=2483 单调时间=4895.921081 时间=4895.921 模式=OFFBOARD 起飞状态=未执行起飞 水平控制=位置保持 类型掩码=3520 实际位置NED=(0.047,1.640,-0.246) 实际速度=(0.001,-0.000,-0.001) 最终目标=(0.056,1.599,-0.245) 指令位置=(0.056,1.599,nan) 指令速度=(0.000,0.000,0.000) 指令加速度=(0.000,0.000,nan) 滚转角=0.04度 俯仰角=-0.02度
10:08:01.244256 [轨迹] 序号=2484 单调时间=4896.024361 时间=4896.024 模式=OFFBOARD 起飞状态=未执行起飞 水平控制=位置保持 类型掩码=3520 实际位置NED=(0.047,1.640,-0.246) 实际速度=(0.001,-0.000,-0.001) 最终目标=(0.056,1.599,-0.245) 指令位置=(0.056,1.599,nan) 指令速度=(0.000,0.000,0.000) 指令加速度=(0.000,0.000,nan) 滚转角=0.04度 俯仰角=-0.01度
10:08:01.347182 [轨迹] 序号=2485 单调时间=4896.127058 时间=4896.127 模式=OFFBOARD 起飞状态=未执行起飞 水平控制=位置保持 类型掩码=3520 实际位置NED=(0.047,1.640,-0.246) 实际速度=(0.001,-0.000,-0.001) 最终目标=(0.056,1.599,-0.245) 指令位置=(0.056,1.599,nan) 指令速度=(0.000,0.000,0.000) 指令加速度=(0.000,0.000,nan) 滚转角=0.04度 俯仰角=-0.01度
10:08:01.451226 [轨迹] 序号=2486 单调时间=4896.230920 时间=4896.231 模式=OFFBOARD 起飞状态=未执行起飞 水平控制=位置保持 类型掩码=3520 实际位置NED=(0.047,1.640,-0.246) 实际速度=(0.001,-0.000,-0.001) 最终目标=(0.056,1.599,-0.245) 指令位置=(0.056,1.599,nan) 指令速度=(0.000,0.000,0.000) 指令加速度=(0.000,0.000,nan) 滚转角=0.04度 俯仰角=-0.01度
10:08:01.555094 [轨迹] 序号=2487 单调时间=4896.334764 时间=4896.335 模式=OFFBOARD 起飞状态=未执行起飞 水平控制=位置保持 类型掩码=3520 实际位置NED=(0.047,1.640,-0.246) 实际速度=(0.001,-0.000,-0.001) 最终目标=(0.056,1.599,-0.245) 指令位置=(0.056,1.599,nan) 指令速度=(0.000,0.000,0.000) 指令加速度=(0.000,0.000,nan) 滚转角=0.04度 俯仰角=-0.01度
10:08:01.658333 [轨迹] 序号=2488 单调时间=4896.438132 时间=4896.438 模式=OFFBOARD 起飞状态=未执行起飞 水平控制=位置保持 类型掩码=3520 实际位置NED=(0.047,1.640,-0.246) 实际速度=(0.001,-0.000,-0.001) 最终目标=(0.056,1.599,-0.245) 指令位置=(0.056,1.599,nan) 指令速度=(0.000,0.000,0.000) 指令加速度=(0.000,0.000,nan) 滚转角=0.04度 俯仰角=-0.01度
10:08:01.762357 [轨迹] 序号=2489 单调时间=4896.542222 时间=4896.542 模式=OFFBOARD 起飞状态=未执行起飞 水平控制=位置保持 类型掩码=3520 实际位置NED=(0.047,1.640,-0.246) 实际速度=(0.001,-0.000,-0.001) 最终目标=(0.056,1.599,-0.245) 指令位置=(0.056,1.599,nan) 指令速度=(0.000,0.000,0.000) 指令加速度=(0.000,0.000,nan) 滚转角=0.04度 俯仰角=-0.01度
10:08:01.863422 [轨迹] 序号=2490 单调时间=4896.643406 时间=4896.643 模式=OFFBOARD 起飞状态=未执行起飞 水平控制=位置保持 类型掩码=3520 实际位置NED=(0.047,1.640,-0.246) 实际速度=(0.001,-0.000,-0.001) 最终目标=(0.056,1.599,-0.245) 指令位置=(0.056,1.599,nan) 指令速度=(0.000,0.000,0.000) 指令加速度=(0.000,0.000,nan) 滚转角=0.04度 俯仰角=-0.02度
10:08:01.966603 [轨迹] 序号=2491 单调时间=4896.746533 时间=4896.747 模式=OFFBOARD 起飞状态=未执行起飞 水平控制=位置保持 类型掩码=3520 实际位置NED=(0.047,1.640,-0.246) 实际速度=(0.001,-0.000,-0.001) 最终目标=(0.056,1.599,-0.245) 指令位置=(0.056,1.599,nan) 指令速度=(0.000,0.000,0.000) 指令加速度=(0.000,0.000,nan) 滚转角=0.04度 俯仰角=-0.01度
10:08:02.069593 [轨迹] 序号=2492 单调时间=4896.849518 时间=4896.850 模式=OFFBOARD 起飞状态=未执行起飞 水平控制=位置保持 类型掩码=3520 实际位置NED=(0.047,1.640,-0.246) 实际速度=(0.001,-0.000,-0.001) 最终目标=(0.056,1.599,-0.245) 指令位置=(0.056,1.599,nan) 指令速度=(0.000,0.000,0.000) 指令加速度=(0.000,0.000,nan) 滚转角=0.04度 俯仰角=-0.01度
10:08:02.172850 [轨迹] 序号=2493 单调时间=4896.952740 时间=4896.953 模式=OFFBOARD 起飞状态=未执行起飞 水平控制=位置保持 类型掩码=3520 实际位置NED=(0.047,1.640,-0.246) 实际速度=(0.001,-0.000,-0.001) 最终目标=(0.056,1.599,-0.245) 指令位置=(0.056,1.599,nan) 指令速度=(0.000,0.000,0.000) 指令加速度=(0.000,0.000,nan) 滚转角=0.04度 俯仰角=-0.01度
10:08:02.275358 [轨迹] 序号=2494 单调时间=4897.055271 时间=4897.055 模式=OFFBOARD 起飞状态=未执行起飞 水平控制=位置保持 类型掩码=3520 实际位置NED=(0.047,1.640,-0.246) 实际速度=(0.001,-0.000,-0.001) 最终目标=(0.056,1.599,-0.245) 指令位置=(0.056,1.599,nan) 指令速度=(0.000,0.000,0.000) 指令加速度=(0.000,0.000,nan) 滚转角=0.04度 俯仰角=-0.01度
10:08:02.378212 [轨迹] 序号=2495 单调时间=4897.158119 时间=4897.158 模式=OFFBOARD 起飞状态=未执行起飞 水平控制=位置保持 类型掩码=3520 实际位置NED=(0.047,1.640,-0.246) 实际速度=(0.001,-0.000,-0.001) 最终目标=(0.056,1.599,-0.245) 指令位置=(0.056,1.599,nan) 指令速度=(0.000,0.000,0.000) 指令加速度=(0.000,0.000,nan) 滚转角=0.04度 俯仰角=-0.01度
10:08:02.482136 [轨迹] 序号=2496 单调时间=4897.261837 时间=4897.262 模式=OFFBOARD 起飞状态=未执行起飞 水平控制=位置保持 类型掩码=3520 实际位置NED=(0.047,1.640,-0.246) 实际速度=(0.001,-0.000,-0.001) 最终目标=(0.056,1.599,-0.245) 指令位置=(0.056,1.599,nan) 指令速度=(0.000,0.000,0.000) 指令加速度=(0.000,0.000,nan) 滚转角=0.04度 俯仰角=-0.01度
10:08:02.585148 [轨迹] 序号=2497 单调时间=4897.365103 时间=4897.365 模式=OFFBOARD 起飞状态=未执行起飞 水平控制=位置保持 类型掩码=3520 实际位置NED=(0.047,1.640,-0.246) 实际速度=(0.001,-0.000,-0.001) 最终目标=(0.056,1.599,-0.245) 指令位置=(0.056,1.599,nan) 指令速度=(0.000,0.000,0.000) 指令加速度=(0.000,0.000,nan) 滚转角=0.04度 俯仰角=-0.01度
10:08:02.688298 [轨迹] 序号=2498 单调时间=4897.468296 时间=4897.468 模式=OFFBOARD 起飞状态=未执行起飞 水平控制=位置保持 类型掩码=3520 实际位置NED=(0.047,1.640,-0.246) 实际速度=(0.000,-0.000,-0.001) 最终目标=(0.056,1.599,-0.245) 指令位置=(0.056,1.599,nan) 指令速度=(0.000,0.000,0.000) 指令加速度=(0.000,0.000,nan) 滚转角=0.04度 俯仰角=-0.01度
10:08:02.791315 [轨迹] 序号=2499 单调时间=4897.571324 时间=4897.571 模式=OFFBOARD 起飞状态=未执行起飞 水平控制=位置保持 类型掩码=3520 实际位置NED=(0.047,1.640,-0.246) 实际速度=(0.000,-0.000,-0.001) 最终目标=(0.056,1.599,-0.245) 指令位置=(0.056,1.599,nan) 指令速度=(0.000,0.000,0.000) 指令加速度=(0.000,0.000,nan) 滚转角=0.04度 俯仰角=-0.01度
10:08:02.894727 [轨迹] 序号=2500 单调时间=4897.674622 时间=4897.675 模式=OFFBOARD 起飞状态=未执行起飞 水平控制=位置保持 类型掩码=3520 实际位置NED=(0.047,1.640,-0.246) 实际速度=(0.000,-0.000,-0.000) 最终目标=(0.056,1.599,-0.245) 指令位置=(0.056,1.599,nan) 指令速度=(0.000,0.000,0.000) 指令加速度=(0.000,0.000,nan) 滚转角=0.04度 俯仰角=-0.01度
10:08:02.998725 [轨迹] 序号=2501 单调时间=4897.778713 时间=4897.779 模式=OFFBOARD 起飞状态=未执行起飞 水平控制=位置保持 类型掩码=3520 实际位置NED=(0.047,1.640,-0.246) 实际速度=(0.000,-0.000,-0.000) 最终目标=(0.056,1.599,-0.245) 指令位置=(0.056,1.599,nan) 指令速度=(0.000,0.000,0.000) 指令加速度=(0.000,0.000,nan) 滚转角=0.04度 俯仰角=-0.01度
10:08:03.104024 [轨迹] 序号=2502 单调时间=4897.883738 时间=4897.884 模式=OFFBOARD 起飞状态=未执行起飞 水平控制=位置保持 类型掩码=3520 实际位置NED=(0.047,1.640,-0.246) 实际速度=(0.000,-0.000,-0.000) 最终目标=(0.056,1.599,-0.245) 指令位置=(0.056,1.599,nan) 指令速度=(0.000,0.000,0.000) 指令加速度=(0.000,0.000,nan) 滚转角=0.04度 俯仰角=-0.01度
10:08:03.207352 [轨迹] 序号=2503 单调时间=4897.987270 时间=4897.987 模式=OFFBOARD 起飞状态=未执行起飞 水平控制=位置保持 类型掩码=3520 实际位置NED=(0.047,1.640,-0.246) 实际速度=(0.000,-0.000,-0.000) 最终目标=(0.056,1.599,-0.245) 指令位置=(0.056,1.599,nan) 指令速度=(0.000,0.000,0.000) 指令加速度=(0.000,0.000,nan) 滚转角=0.04度 俯仰角=-0.01度
10:08:03.311851 [轨迹] 序号=2504 单调时间=4898.091747 时间=4898.092 模式=OFFBOARD 起飞状态=未执行起飞 水平控制=位置保持 类型掩码=3520 实际位置NED=(0.047,1.640,-0.246) 实际速度=(0.000,-0.000,-0.000) 最终目标=(0.056,1.599,-0.245) 指令位置=(0.056,1.599,nan) 指令速度=(0.000,0.000,0.000) 指令加速度=(0.000,0.000,nan) 滚转角=0.04度 俯仰角=-0.01度
10:08:03.415257 [轨迹] 序号=2505 单调时间=4898.195188 时间=4898.195 模式=OFFBOARD 起飞状态=未执行起飞 水平控制=位置保持 类型掩码=3520 实际位置NED=(0.047,1.640,-0.246) 实际速度=(0.000,-0.000,-0.000) 最终目标=(0.056,1.599,-0.245) 指令位置=(0.056,1.599,nan) 指令速度=(0.000,0.000,0.000) 指令加速度=(0.000,0.000,nan) 滚转角=0.04度 俯仰角=-0.01度
10:08:03.518534 [轨迹] 序号=2506 单调时间=4898.298393 时间=4898.298 模式=OFFBOARD 起飞状态=未执行起飞 水平控制=位置保持 类型掩码=3520 实际位置NED=(0.047,1.640,-0.246) 实际速度=(0.000,-0.000,0.000) 最终目标=(0.056,1.599,-0.245) 指令位置=(0.056,1.599,nan) 指令速度=(0.000,0.000,0.000) 指令加速度=(0.000,0.000,nan) 滚转角=0.04度 俯仰角=-0.01度
10:08:03.621338 [轨迹] 序号=2507 单调时间=4898.401415 时间=4898.401 模式=OFFBOARD 起飞状态=未执行起飞 水平控制=位置保持 类型掩码=3520 实际位置NED=(0.047,1.640,-0.246) 实际速度=(0.000,-0.000,0.000) 最终目标=(0.056,1.599,-0.245) 指令位置=(0.056,1.599,nan) 指令速度=(0.000,0.000,0.000) 指令加速度=(0.000,0.000,nan) 滚转角=0.04度 俯仰角=-0.01度
10:08:03.725659 [轨迹] 序号=2508 单调时间=4898.505441 时间=4898.505 模式=OFFBOARD 起飞状态=未执行起飞 水平控制=位置保持 类型掩码=3520 实际位置NED=(0.047,1.640,-0.245) 实际速度=(0.000,-0.000,-0.000) 最终目标=(0.056,1.599,-0.245) 指令位置=(0.056,1.599,nan) 指令速度=(0.000,0.000,0.000) 指令加速度=(0.000,0.000,nan) 滚转角=0.04度 俯仰角=-0.01度
10:08:03.828654 [轨迹] 序号=2509 单调时间=4898.608598 时间=4898.609 模式=OFFBOARD 起飞状态=未执行起飞 水平控制=位置保持 类型掩码=3520 实际位置NED=(0.047,1.640,-0.245) 实际速度=(0.000,-0.000,-0.000) 最终目标=(0.056,1.599,-0.245) 指令位置=(0.056,1.599,nan) 指令速度=(0.000,0.000,0.000) 指令加速度=(0.000,0.000,nan) 滚转角=0.04度 俯仰角=-0.01度
10:08:03.931768 [轨迹] 序号=2510 单调时间=4898.711615 时间=4898.712 模式=OFFBOARD 起飞状态=未执行起飞 水平控制=位置保持 类型掩码=3520 实际位置NED=(0.047,1.640,-0.245) 实际速度=(0.000,-0.000,0.000) 最终目标=(0.056,1.599,-0.245) 指令位置=(0.056,1.599,nan) 指令速度=(0.000,0.000,0.000) 指令加速度=(0.000,0.000,nan) 滚转角=0.04度 俯仰角=-0.01度
10:08:04.034829 [轨迹] 序号=2511 单调时间=4898.814759 时间=4898.815 模式=OFFBOARD 起飞状态=未执行起飞 水平控制=位置保持 类型掩码=3520 实际位置NED=(0.047,1.640,-0.245) 实际速度=(-0.000,-0.000,0.000) 最终目标=(0.056,1.599,-0.245) 指令位置=(0.056,1.599,nan) 指令速度=(0.000,0.000,0.000) 指令加速度=(0.000,0.000,nan) 滚转角=0.04度 俯仰角=-0.01度
10:08:04.138054 [轨迹] 序号=2512 单调时间=4898.917964 时间=4898.918 模式=OFFBOARD 起飞状态=未执行起飞 水平控制=位置保持 类型掩码=3520 实际位置NED=(0.047,1.640,-0.245) 实际速度=(-0.000,-0.000,0.000) 最终目标=(0.056,1.599,-0.245) 指令位置=(0.056,1.599,nan) 指令速度=(0.000,0.000,0.000) 指令加速度=(0.000,0.000,nan) 滚转角=0.04度 俯仰角=-0.01度
10:08:04.241893 [轨迹] 序号=2513 单调时间=4899.021714 时间=4899.022 模式=OFFBOARD 起飞状态=未执行起飞 水平控制=位置保持 类型掩码=3520 实际位置NED=(0.047,1.640,-0.245) 实际速度=(-0.000,-0.000,0.000) 最终目标=(0.056,1.599,-0.245) 指令位置=(0.056,1.599,nan) 指令速度=(0.000,0.000,0.000) 指令加速度=(0.000,0.000,nan) 滚转角=0.04度 俯仰角=-0.01度
10:08:04.343375 [轨迹] 序号=2514 单调时间=4899.123280 时间=4899.123 模式=OFFBOARD 起飞状态=未执行起飞 水平控制=位置保持 类型掩码=3520 实际位置NED=(0.047,1.640,-0.245) 实际速度=(-0.000,-0.000,0.000) 最终目标=(0.056,1.599,-0.245) 指令位置=(0.056,1.599,nan) 指令速度=(0.000,0.000,0.000) 指令加速度=(0.000,0.000,nan) 滚转角=0.04度 俯仰角=-0.01度
10:08:04.447000 [轨迹] 序号=2515 单调时间=4899.226821 时间=4899.227 模式=OFFBOARD 起飞状态=未执行起飞 水平控制=位置保持 类型掩码=3520 实际位置NED=(0.047,1.640,-0.245) 实际速度=(-0.000,-0.000,0.001) 最终目标=(0.056,1.599,-0.245) 指令位置=(0.056,1.599,nan) 指令速度=(0.000,0.000,0.000) 指令加速度=(0.000,0.000,nan) 滚转角=0.04度 俯仰角=-0.01度
10:08:04.549816 [轨迹] 序号=2516 单调时间=4899.329755 时间=4899.330 模式=OFFBOARD 起飞状态=未执行起飞 水平控制=位置保持 类型掩码=3520 实际位置NED=(0.047,1.640,-0.245) 实际速度=(-0.000,-0.000,0.001) 最终目标=(0.056,1.599,-0.245) 指令位置=(0.056,1.599,nan) 指令速度=(0.000,0.000,0.000) 指令加速度=(0.000,0.000,nan) 滚转角=0.04度 俯仰角=-0.01度
10:08:04.653234 [轨迹] 序号=2517 单调时间=4899.433196 时间=4899.433 模式=OFFBOARD 起飞状态=未执行起飞 水平控制=位置保持 类型掩码=3520 实际位置NED=(0.047,1.640,-0.245) 实际速度=(-0.000,-0.000,0.001) 最终目标=(0.056,1.599,-0.245) 指令位置=(0.056,1.599,nan) 指令速度=(0.000,0.000,0.000) 指令加速度=(0.000,0.000,nan) 滚转角=0.04度 俯仰角=-0.02度
10:08:04.756348 [轨迹] 序号=2518 单调时间=4899.536183 时间=4899.536 模式=OFFBOARD 起飞状态=未执行起飞 水平控制=位置保持 类型掩码=3520 实际位置NED=(0.047,1.640,-0.245) 实际速度=(-0.000,-0.000,0.001) 最终目标=(0.056,1.599,-0.245) 指令位置=(0.056,1.599,nan) 指令速度=(0.000,0.000,0.000) 指令加速度=(0.000,0.000,nan) 滚转角=0.04度 俯仰角=-0.01度
10:08:04.859715 [轨迹] 序号=2519 单调时间=4899.639546 时间=4899.640 模式=OFFBOARD 起飞状态=未执行起飞 水平控制=位置保持 类型掩码=3520 实际位置NED=(0.046,1.640,-0.245) 实际速度=(-0.000,-0.000,0.001) 最终目标=(0.056,1.599,-0.245) 指令位置=(0.056,1.599,nan) 指令速度=(0.000,0.000,0.000) 指令加速度=(0.000,0.000,nan) 滚转角=0.04度 俯仰角=-0.02度
10:08:04.962617 [轨迹] 序号=2520 单调时间=4899.742673 时间=4899.743 模式=OFFBOARD 起飞状态=未执行起飞 水平控制=位置保持 类型掩码=3520 实际位置NED=(0.046,1.640,-0.245) 实际速度=(-0.000,-0.000,0.001) 最终目标=(0.056,1.599,-0.245) 指令位置=(0.056,1.599,nan) 指令速度=(0.000,0.000,0.000) 指令加速度=(0.000,0.000,nan) 滚转角=0.04度 俯仰角=-0.02度
10:08:05.065466 [轨迹] 序号=2521 单调时间=4899.845553 时间=4899.846 模式=OFFBOARD 起飞状态=未执行起飞 水平控制=位置保持 类型掩码=3520 实际位置NED=(0.046,1.640,-0.245) 实际速度=(-0.000,-0.000,0.001) 最终目标=(0.056,1.599,-0.245) 指令位置=(0.056,1.599,nan) 指令速度=(0.000,0.000,0.000) 指令加速度=(0.000,0.000,nan) 滚转角=0.04度 俯仰角=-0.01度
10:08:05.168343 [轨迹] 序号=2522 单调时间=4899.948296 时间=4899.948 模式=OFFBOARD 起飞状态=未执行起飞 水平控制=位置保持 类型掩码=3520 实际位置NED=(0.046,1.640,-0.244) 实际速度=(-0.000,-0.000,0.001) 最终目标=(0.056,1.599,-0.245) 指令位置=(0.056,1.599,nan) 指令速度=(0.000,0.000,0.000) 指令加速度=(0.000,0.000,nan) 滚转角=0.04度 俯仰角=-0.01度
10:08:05.271485 [轨迹] 序号=2523 单调时间=4900.051371 时间=4900.051 模式=OFFBOARD 起飞状态=未执行起飞 水平控制=位置保持 类型掩码=3520 实际位置NED=(0.046,1.640,-0.244) 实际速度=(-0.000,-0.000,0.001) 最终目标=(0.056,1.599,-0.245) 指令位置=(0.056,1.599,nan) 指令速度=(0.000,0.000,0.000) 指令加速度=(0.000,0.000,nan) 滚转角=0.04度 俯仰角=-0.02度
10:08:05.374456 [轨迹] 序号=2524 单调时间=4900.154379 时间=4900.154 模式=OFFBOARD 起飞状态=未执行起飞 水平控制=位置保持 类型掩码=3520 实际位置NED=(0.046,1.640,-0.244) 实际速度=(-0.000,-0.000,0.001) 最终目标=(0.056,1.599,-0.245) 指令位置=(0.056,1.599,nan) 指令速度=(0.000,0.000,0.000) 指令加速度=(0.000,0.000,nan) 滚转角=0.04度 俯仰角=-0.01度
10:08:05.478444 [轨迹] 序号=2525 单调时间=4900.258385 时间=4900.258 模式=OFFBOARD 起飞状态=未执行起飞 水平控制=位置保持 类型掩码=3520 实际位置NED=(0.046,1.640,-0.244) 实际速度=(-0.000,-0.000,0.001) 最终目标=(0.056,1.599,-0.245) 指令位置=(0.056,1.599,nan) 指令速度=(0.000,0.000,0.000) 指令加速度=(0.000,0.000,nan) 滚转角=0.04度 俯仰角=-0.01度
10:08:05.582052 [轨迹] 序号=2526 单调时间=4900.361984 时间=4900.362 模式=OFFBOARD 起飞状态=未执行起飞 水平控制=位置保持 类型掩码=3520 实际位置NED=(0.046,1.640,-0.244) 实际速度=(-0.000,-0.000,0.001) 最终目标=(0.056,1.599,-0.245) 指令位置=(0.056,1.599,nan) 指令速度=(0.000,0.000,0.000) 指令加速度=(0.000,0.000,nan) 滚转角=0.04度 俯仰角=-0.01度
10:08:05.686317 [轨迹] 序号=2527 单调时间=4900.466239 时间=4900.466 模式=OFFBOARD 起飞状态=未执行起飞 水平控制=位置保持 类型掩码=3520 实际位置NED=(0.046,1.640,-0.244) 实际速度=(-0.000,-0.000,0.001) 最终目标=(0.056,1.599,-0.245) 指令位置=(0.056,1.599,nan) 指令速度=(0.000,0.000,0.000) 指令加速度=(0.000,0.000,nan) 滚转角=0.04度 俯仰角=-0.01度
10:08:05.789968 [轨迹] 序号=2528 单调时间=4900.569934 时间=4900.570 模式=OFFBOARD 起飞状态=未执行起飞 水平控制=位置保持 类型掩码=3520 实际位置NED=(0.046,1.640,-0.244) 实际速度=(-0.000,-0.001,0.001) 最终目标=(0.056,1.599,-0.245) 指令位置=(0.056,1.599,nan) 指令速度=(0.000,0.000,0.000) 指令加速度=(0.000,0.000,nan) 滚转角=0.04度 俯仰角=-0.02度
10:08:05.893032 [轨迹] 序号=2529 单调时间=4900.672893 时间=4900.673 模式=OFFBOARD 起飞状态=未执行起飞 水平控制=位置保持 类型掩码=3520 实际位置NED=(0.046,1.640,-0.244) 实际速度=(-0.000,-0.001,0.001) 最终目标=(0.056,1.599,-0.245) 指令位置=(0.056,1.599,nan) 指令速度=(0.000,0.000,0.000) 指令加速度=(0.000,0.000,nan) 滚转角=0.04度 俯仰角=-0.01度
10:08:05.995796 [轨迹] 序号=2530 单调时间=4900.775392 时间=4900.775 模式=OFFBOARD 起飞状态=未执行起飞 水平控制=位置保持 类型掩码=3520 实际位置NED=(0.046,1.640,-0.244) 实际速度=(-0.000,-0.001,0.001) 最终目标=(0.056,1.599,-0.245) 指令位置=(0.056,1.599,nan) 指令速度=(0.000,0.000,0.000) 指令加速度=(0.000,0.000,nan) 滚转角=0.04度 俯仰角=-0.01度
10:08:06.098546 [轨迹] 序号=2531 单调时间=4900.878475 时间=4900.878 模式=OFFBOARD 起飞状态=未执行起飞 水平控制=位置保持 类型掩码=3520 实际位置NED=(0.046,1.640,-0.244) 实际速度=(-0.000,-0.001,0.001) 最终目标=(0.056,1.599,-0.245) 指令位置=(0.056,1.599,nan) 指令速度=(0.000,0.000,0.000) 指令加速度=(0.000,0.000,nan) 滚转角=0.04度 俯仰角=-0.01度
10:08:06.201288 [轨迹] 序号=2532 单调时间=4900.981207 时间=4900.981 模式=OFFBOARD 起飞状态=未执行起飞 水平控制=位置保持 类型掩码=3520 实际位置NED=(0.046,1.640,-0.244) 实际速度=(-0.000,-0.001,0.001) 最终目标=(0.056,1.599,-0.245) 指令位置=(0.056,1.599,nan) 指令速度=(0.000,0.000,0.000) 指令加速度=(0.000,0.000,nan) 滚转角=0.04度 俯仰角=-0.01度
10:08:06.304398 [轨迹] 序号=2533 单调时间=4901.084177 时间=4901.084 模式=OFFBOARD 起飞状态=未执行起飞 水平控制=位置保持 类型掩码=3520 实际位置NED=(0.046,1.640,-0.244) 实际速度=(-0.000,-0.001,0.001) 最终目标=(0.056,1.599,-0.245) 指令位置=(0.056,1.599,nan) 指令速度=(0.000,0.000,0.000) 指令加速度=(0.000,0.000,nan) 滚转角=0.04度 俯仰角=-0.01度
10:08:06.404726 [轨迹] 序号=2534 单调时间=4901.184259 时间=4901.184 模式=OFFBOARD 起飞状态=未执行起飞 水平控制=位置保持 类型掩码=3520 实际位置NED=(0.046,1.640,-0.244) 实际速度=(-0.000,-0.001,0.001) 最终目标=(0.056,1.599,-0.245) 指令位置=(0.056,1.599,nan) 指令速度=(0.000,0.000,0.000) 指令加速度=(0.000,0.000,nan) 滚转角=0.04度 俯仰角=-0.01度
10:08:06.509473 [轨迹] 序号=2535 单调时间=4901.289195 时间=4901.289 模式=OFFBOARD 起飞状态=未执行起飞 水平控制=位置保持 类型掩码=3520 实际位置NED=(0.046,1.640,-0.244) 实际速度=(-0.000,-0.001,0.001) 最终目标=(0.056,1.599,-0.245) 指令位置=(0.056,1.599,nan) 指令速度=(0.000,0.000,0.000) 指令加速度=(0.000,0.000,nan) 滚转角=0.04度 俯仰角=-0.01度
10:08:06.612673 [轨迹] 序号=2536 单调时间=4901.392647 时间=4901.393 模式=OFFBOARD 起飞状态=未执行起飞 水平控制=位置保持 类型掩码=3520 实际位置NED=(0.046,1.640,-0.244) 实际速度=(-0.000,-0.001,0.001) 最终目标=(0.056,1.599,-0.245) 指令位置=(0.056,1.599,nan) 指令速度=(0.000,0.000,0.000) 指令加速度=(0.000,0.000,nan) 滚转角=0.04度 俯仰角=-0.01度
10:08:06.715999 [轨迹] 序号=2537 单调时间=4901.495860 时间=4901.496 模式=OFFBOARD 起飞状态=未执行起飞 水平控制=位置保持 类型掩码=3520 实际位置NED=(0.046,1.640,-0.244) 实际速度=(-0.000,-0.001,0.001) 最终目标=(0.056,1.599,-0.245) 指令位置=(0.056,1.599,nan) 指令速度=(0.000,0.000,0.000) 指令加速度=(0.000,0.000,nan) 滚转角=0.04度 俯仰角=-0.01度
10:08:06.819417 [轨迹] 序号=2538 单调时间=4901.599203 时间=4901.599 模式=OFFBOARD 起飞状态=未执行起飞 水平控制=位置保持 类型掩码=3520 实际位置NED=(0.046,1.640,-0.244) 实际速度=(-0.000,-0.000,0.000) 最终目标=(0.056,1.599,-0.245) 指令位置=(0.056,1.599,nan) 指令速度=(0.000,0.000,0.000) 指令加速度=(0.000,0.000,nan) 滚转角=0.04度 俯仰角=-0.01度
10:08:06.922526 [轨迹] 序号=2539 单调时间=4901.702283 时间=4901.702 模式=OFFBOARD 起飞状态=未执行起飞 水平控制=位置保持 类型掩码=3520 实际位置NED=(0.046,1.640,-0.244) 实际速度=(-0.000,-0.001,0.000) 最终目标=(0.056,1.599,-0.245) 指令位置=(0.056,1.599,nan) 指令速度=(0.000,0.000,0.000) 指令加速度=(0.000,0.000,nan) 滚转角=0.04度 俯仰角=-0.01度
10:08:07.026905 [轨迹] 序号=2540 单调时间=4901.806767 时间=4901.807 模式=OFFBOARD 起飞状态=未执行起飞 水平控制=位置保持 类型掩码=3520 实际位置NED=(0.046,1.640,-0.244) 实际速度=(-0.000,-0.001,0.001) 最终目标=(0.056,1.599,-0.245) 指令位置=(0.056,1.599,nan) 指令速度=(0.000,0.000,0.000) 指令加速度=(0.000,0.000,nan) 滚转角=0.04度 俯仰角=-0.01度
10:08:07.129896 [轨迹] 序号=2541 单调时间=4901.909832 时间=4901.910 模式=OFFBOARD 起飞状态=未执行起飞 水平控制=位置保持 类型掩码=3520 实际位置NED=(0.046,1.640,-0.244) 实际速度=(-0.000,-0.001,0.001) 最终目标=(0.056,1.599,-0.245) 指令位置=(0.056,1.599,nan) 指令速度=(0.000,0.000,0.000) 指令加速度=(0.000,0.000,nan) 滚转角=0.04度 俯仰角=-0.01度
10:08:07.232846 [轨迹] 序号=2542 单调时间=4902.012689 时间=4902.013 模式=OFFBOARD 起飞状态=未执行起飞 水平控制=位置保持 类型掩码=3520 实际位置NED=(0.046,1.640,-0.244) 实际速度=(-0.000,-0.001,0.001) 最终目标=(0.056,1.599,-0.245) 指令位置=(0.056,1.599,nan) 指令速度=(0.000,0.000,0.000) 指令加速度=(0.000,0.000,nan) 滚转角=0.04度 俯仰角=-0.02度
10:08:07.336062 [轨迹] 序号=2543 单调时间=4902.115940 时间=4902.116 模式=OFFBOARD 起飞状态=未执行起飞 水平控制=位置保持 类型掩码=3520 实际位置NED=(0.046,1.640,-0.244) 实际速度=(-0.000,-0.001,0.001) 最终目标=(0.056,1.599,-0.245) 指令位置=(0.056,1.599,nan) 指令速度=(0.000,0.000,0.000) 指令加速度=(0.000,0.000,nan) 滚转角=0.05度 俯仰角=-0.02度
10:08:07.439128 [轨迹] 序号=2544 单调时间=4902.219073 时间=4902.219 模式=OFFBOARD 起飞状态=未执行起飞 水平控制=位置保持 类型掩码=3520 实际位置NED=(0.046,1.640,-0.244) 实际速度=(-0.000,-0.001,0.001) 最终目标=(0.056,1.599,-0.245) 指令位置=(0.056,1.599,nan) 指令速度=(0.000,0.000,0.000) 指令加速度=(0.000,0.000,nan) 滚转角=0.05度 俯仰角=-0.02度
10:08:07.539805 [轨迹] 序号=2545 单调时间=4902.319599 时间=4902.320 模式=OFFBOARD 起飞状态=未执行起飞 水平控制=位置保持 类型掩码=3520 实际位置NED=(0.046,1.640,-0.244) 实际速度=(-0.000,-0.000,0.001) 最终目标=(0.056,1.599,-0.245) 指令位置=(0.056,1.599,nan) 指令速度=(0.000,0.000,0.000) 指令加速度=(0.000,0.000,nan) 滚转角=0.04度 俯仰角=-0.02度
10:08:07.643454 [轨迹] 序号=2546 单调时间=4902.423433 时间=4902.423 模式=OFFBOARD 起飞状态=未执行起飞 水平控制=位置保持 类型掩码=3520 实际位置NED=(0.046,1.640,-0.244) 实际速度=(-0.000,-0.000,0.001) 最终目标=(0.056,1.599,-0.245) 指令位置=(0.056,1.599,nan) 指令速度=(0.000,0.000,0.000) 指令加速度=(0.000,0.000,nan) 滚转角=0.05度 俯仰角=-0.02度
10:08:07.746526 [轨迹] 序号=2547 单调时间=4902.526455 时间=4902.526 模式=OFFBOARD 起飞状态=未执行起飞 水平控制=位置保持 类型掩码=3520 实际位置NED=(0.046,1.640,-0.244) 实际速度=(-0.001,-0.000,0.001) 最终目标=(0.056,1.599,-0.245) 指令位置=(0.056,1.599,nan) 指令速度=(0.000,0.000,0.000) 指令加速度=(0.000,0.000,nan) 滚转角=0.05度 俯仰角=-0.02度
10:08:07.849976 [轨迹] 序号=2548 单调时间=4902.629910 时间=4902.630 模式=OFFBOARD 起飞状态=未执行起飞 水平控制=位置保持 类型掩码=3520 实际位置NED=(0.046,1.640,-0.244) 实际速度=(-0.001,-0.000,0.001) 最终目标=(0.056,1.599,-0.245) 指令位置=(0.056,1.599,nan) 指令速度=(0.000,0.000,0.000) 指令加速度=(0.000,0.000,nan) 滚转角=0.05度 俯仰角=-0.02度
10:08:07.952884 [轨迹] 序号=2549 单调时间=4902.732780 时间=4902.733 模式=OFFBOARD 起飞状态=未执行起飞 水平控制=位置保持 类型掩码=3520 实际位置NED=(0.046,1.640,-0.244) 实际速度=(-0.001,-0.000,0.001) 最终目标=(0.056,1.599,-0.245) 指令位置=(0.056,1.599,nan) 指令速度=(0.000,0.000,0.000) 指令加速度=(0.000,0.000,nan) 滚转角=0.05度 俯仰角=-0.02度
10:08:08.057286 [轨迹] 序号=2550 单调时间=4902.837290 时间=4902.837 模式=OFFBOARD 起飞状态=未执行起飞 水平控制=位置保持 类型掩码=3520 实际位置NED=(0.046,1.640,-0.244) 实际速度=(-0.001,-0.000,0.001) 最终目标=(0.056,1.599,-0.245) 指令位置=(0.056,1.599,nan) 指令速度=(0.000,0.000,0.000) 指令加速度=(0.000,0.000,nan) 滚转角=0.05度 俯仰角=-0.02度
10:08:08.160557 [轨迹] 序号=2551 单调时间=4902.940524 时间=4902.941 模式=OFFBOARD 起飞状态=未执行起飞 水平控制=位置保持 类型掩码=3520 实际位置NED=(0.046,1.640,-0.244) 实际速度=(-0.001,-0.001,0.001) 最终目标=(0.056,1.599,-0.245) 指令位置=(0.056,1.599,nan) 指令速度=(0.000,0.000,0.000) 指令加速度=(0.000,0.000,nan) 滚转角=0.05度 俯仰角=-0.02度
10:08:08.263770 [轨迹] 序号=2552 单调时间=4903.043440 时间=4903.043 模式=OFFBOARD 起飞状态=未执行起飞 水平控制=位置保持 类型掩码=3520 实际位置NED=(0.046,1.640,-0.244) 实际速度=(-0.000,-0.000,0.001) 最终目标=(0.056,1.599,-0.245) 指令位置=(0.056,1.599,nan) 指令速度=(0.000,0.000,0.000) 指令加速度=(0.000,0.000,nan) 滚转角=0.05度 俯仰角=-0.02度
10:08:08.366670 [轨迹] 序号=2553 单调时间=4903.146694 时间=4903.147 模式=OFFBOARD 起飞状态=未执行起飞 水平控制=位置保持 类型掩码=3520 实际位置NED=(0.046,1.640,-0.244) 实际速度=(-0.001,-0.000,0.001) 最终目标=(0.056,1.599,-0.245) 指令位置=(0.056,1.599,nan) 指令速度=(0.000,0.000,0.000) 指令加速度=(0.000,0.000,nan) 滚转角=0.05度 俯仰角=-0.02度
10:08:08.470272 [轨迹] 序号=2554 单调时间=4903.250153 时间=4903.250 模式=OFFBOARD 起飞状态=未执行起飞 水平控制=位置保持 类型掩码=3520 实际位置NED=(0.046,1.640,-0.244) 实际速度=(-0.001,-0.001,0.001) 最终目标=(0.056,1.599,-0.245) 指令位置=(0.056,1.599,nan) 指令速度=(0.000,0.000,0.000) 指令加速度=(0.000,0.000,nan) 滚转角=0.05度 俯仰角=-0.02度
10:08:08.573664 [轨迹] 序号=2555 单调时间=4903.353445 时间=4903.353 模式=OFFBOARD 起飞状态=未执行起飞 水平控制=位置保持 类型掩码=3520 实际位置NED=(0.046,1.640,-0.244) 实际速度=(-0.000,-0.001,0.001) 最终目标=(0.056,1.599,-0.245) 指令位置=(0.056,1.599,nan) 指令速度=(0.000,0.000,0.000) 指令加速度=(0.000,0.000,nan) 滚转角=0.05度 俯仰角=-0.01度
10:08:08.676617 [轨迹] 序号=2556 单调时间=4903.456677 时间=4903.457 模式=OFFBOARD 起飞状态=未执行起飞 水平控制=位置保持 类型掩码=3520 实际位置NED=(0.046,1.640,-0.244) 实际速度=(-0.000,-0.001,0.001) 最终目标=(0.056,1.599,-0.245) 指令位置=(0.056,1.599,nan) 指令速度=(0.000,0.000,0.000) 指令加速度=(0.000,0.000,nan) 滚转角=0.05度 俯仰角=-0.01度
10:08:08.779593 [轨迹] 序号=2557 单调时间=4903.559308 时间=4903.559 模式=OFFBOARD 起飞状态=未执行起飞 水平控制=位置保持 类型掩码=3520 实际位置NED=(0.046,1.640,-0.244) 实际速度=(-0.000,-0.001,0.001) 最终目标=(0.056,1.599,-0.245) 指令位置=(0.056,1.599,nan) 指令速度=(0.000,0.000,0.000) 指令加速度=(0.000,0.000,nan) 滚转角=0.05度 俯仰角=-0.01度
10:08:08.883057 [轨迹] 序号=2558 单调时间=4903.662780 时间=4903.663 模式=OFFBOARD 起飞状态=未执行起飞 水平控制=位置保持 类型掩码=3520 实际位置NED=(0.046,1.640,-0.244) 实际速度=(-0.000,-0.001,0.001) 最终目标=(0.056,1.599,-0.245) 指令位置=(0.056,1.599,nan) 指令速度=(0.000,0.000,0.000) 指令加速度=(0.000,0.000,nan) 滚转角=0.05度 俯仰角=-0.01度
10:08:08.985844 [轨迹] 序号=2559 单调时间=4903.765848 时间=4903.766 模式=OFFBOARD 起飞状态=未执行起飞 水平控制=位置保持 类型掩码=3520 实际位置NED=(0.046,1.640,-0.244) 实际速度=(-0.000,-0.000,0.002) 最终目标=(0.056,1.599,-0.245) 指令位置=(0.056,1.599,nan) 指令速度=(0.000,0.000,0.000) 指令加速度=(0.000,0.000,nan) 滚转角=0.05度 俯仰角=-0.01度
10:08:09.088770 [轨迹] 序号=2560 单调时间=4903.868674 时间=4903.869 模式=OFFBOARD 起飞状态=未执行起飞 水平控制=位置保持 类型掩码=3520 实际位置NED=(0.046,1.640,-0.244) 实际速度=(-0.000,-0.000,0.001) 最终目标=(0.056,1.599,-0.245) 指令位置=(0.056,1.599,nan) 指令速度=(0.000,0.000,0.000) 指令加速度=(0.000,0.000,nan) 滚转角=0.05度 俯仰角=-0.01度
10:08:09.192157 [轨迹] 序号=2561 单调时间=4903.972029 时间=4903.972 模式=OFFBOARD 起飞状态=未执行起飞 水平控制=位置保持 类型掩码=3520 实际位置NED=(0.046,1.640,-0.244) 实际速度=(-0.000,-0.000,0.001) 最终目标=(0.056,1.599,-0.245) 指令位置=(0.056,1.599,nan) 指令速度=(0.000,0.000,0.000) 指令加速度=(0.000,0.000,nan) 滚转角=0.05度 俯仰角=-0.01度
10:08:09.295937 [轨迹] 序号=2562 单调时间=4904.075665 时间=4904.076 模式=OFFBOARD 起飞状态=未执行起飞 水平控制=位置保持 类型掩码=3520 实际位置NED=(0.046,1.640,-0.244) 实际速度=(-0.000,-0.000,0.001) 最终目标=(0.056,1.599,-0.245) 指令位置=(0.056,1.599,nan) 指令速度=(0.000,0.000,0.000) 指令加速度=(0.000,0.000,nan) 滚转角=0.04度 俯仰角=-0.01度
10:08:09.399308 [轨迹] 序号=2563 单调时间=4904.179270 时间=4904.179 模式=OFFBOARD 起飞状态=未执行起飞 水平控制=位置保持 类型掩码=3520 实际位置NED=(0.046,1.640,-0.244) 实际速度=(-0.000,0.000,0.001) 最终目标=(0.056,1.599,-0.245) 指令位置=(0.056,1.599,nan) 指令速度=(0.000,0.000,0.000) 指令加速度=(0.000,0.000,nan) 滚转角=0.04度 俯仰角=-0.02度
10:08:09.504855 [轨迹] 序号=2564 单调时间=4904.284131 时间=4904.284 模式=OFFBOARD 起飞状态=未执行起飞 水平控制=位置保持 类型掩码=3520 实际位置NED=(0.046,1.640,-0.244) 实际速度=(-0.000,0.000,0.001) 最终目标=(0.056,1.599,-0.245) 指令位置=(0.056,1.599,nan) 指令速度=(0.000,0.000,0.000) 指令加速度=(0.000,0.000,nan) 滚转角=0.04度 俯仰角=-0.02度
10:08:09.606431 [轨迹] 序号=2565 单调时间=4904.386183 时间=4904.386 模式=OFFBOARD 起飞状态=未执行起飞 水平控制=位置保持 类型掩码=3520 实际位置NED=(0.046,1.640,-0.244) 实际速度=(-0.000,0.000,0.001) 最终目标=(0.056,1.599,-0.245) 指令位置=(0.056,1.599,nan) 指令速度=(0.000,0.000,0.000) 指令加速度=(0.000,0.000,nan) 滚转角=0.04度 俯仰角=-0.02度
10:08:09.711330 [轨迹] 序号=2566 单调时间=4904.491262 时间=4904.491 模式=OFFBOARD 起飞状态=未执行起飞 水平控制=位置保持 类型掩码=3520 实际位置NED=(0.046,1.640,-0.244) 实际速度=(-0.000,0.000,0.001) 最终目标=(0.056,1.599,-0.245) 指令位置=(0.056,1.599,nan) 指令速度=(0.000,0.000,0.000) 指令加速度=(0.000,0.000,nan) 滚转角=0.04度 俯仰角=-0.02度
10:08:09.815142 [轨迹] 序号=2567 单调时间=4904.595040 时间=4904.595 模式=OFFBOARD 起飞状态=未执行起飞 水平控制=位置保持 类型掩码=3520 实际位置NED=(0.046,1.640,-0.244) 实际速度=(-0.000,0.000,0.001) 最终目标=(0.056,1.599,-0.245) 指令位置=(0.056,1.599,nan) 指令速度=(0.000,0.000,0.000) 指令加速度=(0.000,0.000,nan) 滚转角=0.04度 俯仰角=-0.02度
10:08:09.918575 [轨迹] 序号=2568 单调时间=4904.698385 时间=4904.698 模式=OFFBOARD 起飞状态=未执行起飞 水平控制=位置保持 类型掩码=3520 实际位置NED=(0.046,1.640,-0.244) 实际速度=(-0.000,0.000,0.001) 最终目标=(0.056,1.599,-0.245) 指令位置=(0.056,1.599,nan) 指令速度=(0.000,0.000,0.000) 指令加速度=(0.000,0.000,nan) 滚转角=0.04度 俯仰角=-0.02度
10:08:10.021768 [轨迹] 序号=2569 单调时间=4904.801793 时间=4904.802 模式=OFFBOARD 起飞状态=未执行起飞 水平控制=位置保持 类型掩码=3520 实际位置NED=(0.046,1.640,-0.244) 实际速度=(-0.000,0.000,0.001) 最终目标=(0.056,1.599,-0.245) 指令位置=(0.056,1.599,nan) 指令速度=(0.000,0.000,0.000) 指令加速度=(0.000,0.000,nan) 滚转角=0.04度 俯仰角=-0.02度
10:08:10.124727 [轨迹] 序号=2570 单调时间=4904.904683 时间=4904.905 模式=OFFBOARD 起飞状态=未执行起飞 水平控制=位置保持 类型掩码=3520 实际位置NED=(0.046,1.640,-0.244) 实际速度=(-0.000,0.000,0.001) 最终目标=(0.056,1.599,-0.245) 指令位置=(0.056,1.599,nan) 指令速度=(0.000,0.000,0.000) 指令加速度=(0.000,0.000,nan) 滚转角=0.04度 俯仰角=-0.02度
10:08:10.227872 [轨迹] 序号=2571 单调时间=4905.007708 时间=4905.008 模式=OFFBOARD 起飞状态=未执行起飞 水平控制=位置保持 类型掩码=3520 实际位置NED=(0.046,1.641,-0.244) 实际速度=(-0.000,0.000,0.001) 最终目标=(0.056,1.599,-0.245) 指令位置=(0.056,1.599,nan) 指令速度=(0.000,0.000,0.000) 指令加速度=(0.000,0.000,nan) 滚转角=0.04度 俯仰角=-0.02度
10:08:10.331038 [轨迹] 序号=2572 单调时间=4905.110881 时间=4905.111 模式=OFFBOARD 起飞状态=未执行起飞 水平控制=位置保持 类型掩码=3520 实际位置NED=(0.046,1.641,-0.244) 实际速度=(-0.000,0.001,0.001) 最终目标=(0.056,1.599,-0.245) 指令位置=(0.056,1.599,nan) 指令速度=(0.000,0.000,0.000) 指令加速度=(0.000,0.000,nan) 滚转角=0.04度 俯仰角=-0.02度
10:08:10.434660 [轨迹] 序号=2573 单调时间=4905.214115 时间=4905.214 模式=OFFBOARD 起飞状态=未执行起飞 水平控制=位置保持 类型掩码=3520 实际位置NED=(0.046,1.641,-0.244) 实际速度=(-0.000,0.001,0.001) 最终目标=(0.056,1.599,-0.245) 指令位置=(0.056,1.599,nan) 指令速度=(0.000,0.000,0.000) 指令加速度=(0.000,0.000,nan) 滚转角=0.04度 俯仰角=-0.02度
10:08:10.538426 [轨迹] 序号=2574 单调时间=4905.318289 时间=4905.318 模式=OFFBOARD 起飞状态=未执行起飞 水平控制=位置保持 类型掩码=3520 实际位置NED=(0.046,1.641,-0.244) 实际速度=(-0.000,0.001,0.001) 最终目标=(0.056,1.599,-0.245) 指令位置=(0.056,1.599,nan) 指令速度=(0.000,0.000,0.000) 指令加速度=(0.000,0.000,nan) 滚转角=0.04度 俯仰角=-0.02度
10:08:10.641591 [轨迹] 序号=2575 单调时间=4905.421377 时间=4905.421 模式=OFFBOARD 起飞状态=未执行起飞 水平控制=位置保持 类型掩码=3520 实际位置NED=(0.046,1.641,-0.244) 实际速度=(-0.000,0.001,0.001) 最终目标=(0.056,1.599,-0.245) 指令位置=(0.056,1.599,nan) 指令速度=(0.000,0.000,0.000) 指令加速度=(0.000,0.000,nan) 滚转角=0.04度 俯仰角=-0.02度
10:08:10.744609 [轨迹] 序号=2576 单调时间=4905.524516 时间=4905.525 模式=OFFBOARD 起飞状态=未执行起飞 水平控制=位置保持 类型掩码=3520 实际位置NED=(0.046,1.641,-0.244) 实际速度=(-0.000,0.001,0.001) 最终目标=(0.056,1.599,-0.245) 指令位置=(0.056,1.599,nan) 指令速度=(0.000,0.000,0.000) 指令加速度=(0.000,0.000,nan) 滚转角=0.04度 俯仰角=-0.02度
10:08:10.847969 [轨迹] 序号=2577 单调时间=4905.627838 时间=4905.628 模式=OFFBOARD 起飞状态=未执行起飞 水平控制=位置保持 类型掩码=3520 实际位置NED=(0.046,1.641,-0.244) 实际速度=(-0.000,0.001,0.001) 最终目标=(0.056,1.599,-0.245) 指令位置=(0.056,1.599,nan) 指令速度=(0.000,0.000,0.000) 指令加速度=(0.000,0.000,nan) 滚转角=0.04度 俯仰角=-0.02度
10:08:10.954112 [轨迹] 序号=2578 单调时间=4905.733955 时间=4905.734 模式=OFFBOARD 起飞状态=未执行起飞 水平控制=位置保持 类型掩码=3520 实际位置NED=(0.046,1.641,-0.244) 实际速度=(-0.000,0.001,0.001) 最终目标=(0.056,1.599,-0.245) 指令位置=(0.056,1.599,nan) 指令速度=(0.000,0.000,0.000) 指令加速度=(0.000,0.000,nan) 滚转角=0.04度 俯仰角=-0.02度
10:08:11.057832 [轨迹] 序号=2579 单调时间=4905.837896 时间=4905.838 模式=OFFBOARD 起飞状态=未执行起飞 水平控制=位置保持 类型掩码=3520 实际位置NED=(0.046,1.641,-0.244) 实际速度=(-0.000,0.001,0.001) 最终目标=(0.056,1.599,-0.245) 指令位置=(0.056,1.599,nan) 指令速度=(0.000,0.000,0.000) 指令加速度=(0.000,0.000,nan) 滚转角=0.04度 俯仰角=-0.02度
10:08:11.160590 [轨迹] 序号=2580 单调时间=4905.940613 时间=4905.941 模式=OFFBOARD 起飞状态=未执行起飞 水平控制=位置保持 类型掩码=3520 实际位置NED=(0.046,1.641,-0.244) 实际速度=(-0.000,0.001,0.000) 最终目标=(0.056,1.599,-0.245) 指令位置=(0.056,1.599,nan) 指令速度=(0.000,0.000,0.000) 指令加速度=(0.000,0.000,nan) 滚转角=0.04度 俯仰角=-0.02度
10:08:11.263638 [轨迹] 序号=2581 单调时间=4906.043466 时间=4906.043 模式=OFFBOARD 起飞状态=未执行起飞 水平控制=位置保持 类型掩码=3520 实际位置NED=(0.046,1.641,-0.244) 实际速度=(-0.000,0.001,0.000) 最终目标=(0.056,1.599,-0.245) 指令位置=(0.056,1.599,nan) 指令速度=(0.000,0.000,0.000) 指令加速度=(0.000,0.000,nan) 滚转角=0.04度 俯仰角=-0.02度
10:08:11.367179 [轨迹] 序号=2582 单调时间=4906.146725 时间=4906.147 模式=OFFBOARD 起飞状态=未执行起飞 水平控制=位置保持 类型掩码=3520 实际位置NED=(0.046,1.641,-0.244) 实际速度=(-0.000,0.001,0.000) 最终目标=(0.056,1.599,-0.245) 指令位置=(0.056,1.599,nan) 指令速度=(0.000,0.000,0.000) 指令加速度=(0.000,0.000,nan) 滚转角=0.04度 俯仰角=-0.02度
10:08:11.471539 [轨迹] 序号=2583 单调时间=4906.251427 时间=4906.251 模式=OFFBOARD 起飞状态=未执行起飞 水平控制=位置保持 类型掩码=3520 实际位置NED=(0.046,1.641,-0.244) 实际速度=(-0.000,0.000,0.000) 最终目标=(0.056,1.599,-0.245) 指令位置=(0.056,1.599,nan) 指令速度=(0.000,0.000,0.000) 指令加速度=(0.000,0.000,nan) 滚转角=0.04度 俯仰角=-0.02度
10:08:11.574756 [轨迹] 序号=2584 单调时间=4906.354767 时间=4906.355 模式=OFFBOARD 起飞状态=未执行起飞 水平控制=位置保持 类型掩码=3520 实际位置NED=(0.046,1.641,-0.244) 实际速度=(-0.000,0.000,-0.000) 最终目标=(0.056,1.599,-0.245) 指令位置=(0.056,1.599,nan) 指令速度=(0.000,0.000,0.000) 指令加速度=(0.000,0.000,nan) 滚转角=0.04度 俯仰角=-0.02度
10:08:11.677915 [轨迹] 序号=2585 单调时间=4906.457908 时间=4906.458 模式=OFFBOARD 起飞状态=未执行起飞 水平控制=位置保持 类型掩码=3520 实际位置NED=(0.046,1.641,-0.245) 实际速度=(-0.000,0.000,-0.000) 最终目标=(0.056,1.599,-0.245) 指令位置=(0.056,1.599,nan) 指令速度=(0.000,0.000,0.000) 指令加速度=(0.000,0.000,nan) 滚转角=0.04度 俯仰角=-0.02度
10:08:11.780884 [轨迹] 序号=2586 单调时间=4906.560769 时间=4906.561 模式=OFFBOARD 起飞状态=未执行起飞 水平控制=位置保持 类型掩码=3520 实际位置NED=(0.046,1.641,-0.245) 实际速度=(-0.000,0.000,-0.000) 最终目标=(0.056,1.599,-0.245) 指令位置=(0.056,1.599,nan) 指令速度=(0.000,0.000,0.000) 指令加速度=(0.000,0.000,nan) 滚转角=0.04度 俯仰角=-0.02度
10:08:11.884548 [轨迹] 序号=2587 单调时间=4906.664368 时间=4906.664 模式=OFFBOARD 起飞状态=未执行起飞 水平控制=位置保持 类型掩码=3520 实际位置NED=(0.046,1.641,-0.245) 实际速度=(-0.000,0.000,-0.000) 最终目标=(0.056,1.599,-0.245) 指令位置=(0.056,1.599,nan) 指令速度=(0.000,0.000,0.000) 指令加速度=(0.000,0.000,nan) 滚转角=0.04度 俯仰角=-0.01度
10:08:11.987363 [轨迹] 序号=2588 单调时间=4906.767399 时间=4906.767 模式=OFFBOARD 起飞状态=未执行起飞 水平控制=位置保持 类型掩码=3520 实际位置NED=(0.046,1.641,-0.245) 实际速度=(-0.000,0.000,-0.000) 最终目标=(0.056,1.599,-0.245) 指令位置=(0.056,1.599,nan) 指令速度=(0.000,0.000,0.000) 指令加速度=(0.000,0.000,nan) 滚转角=0.04度 俯仰角=-0.01度
10:08:12.092240 [轨迹] 序号=2589 单调时间=4906.872283 时间=4906.872 模式=OFFBOARD 起飞状态=未执行起飞 水平控制=位置保持 类型掩码=3520 实际位置NED=(0.046,1.641,-0.245) 实际速度=(-0.000,0.000,-0.001) 最终目标=(0.056,1.599,-0.245) 指令位置=(0.056,1.599,nan) 指令速度=(0.000,0.000,0.000) 指令加速度=(0.000,0.000,nan) 滚转角=0.04度 俯仰角=-0.01度
10:08:12.194995 [轨迹] 序号=2590 单调时间=4906.974932 时间=4906.975 模式=OFFBOARD 起飞状态=未执行起飞 水平控制=位置保持 类型掩码=3520 实际位置NED=(0.046,1.641,-0.245) 实际速度=(-0.000,-0.000,-0.001) 最终目标=(0.056,1.599,-0.245) 指令位置=(0.056,1.599,nan) 指令速度=(0.000,0.000,0.000) 指令加速度=(0.000,0.000,nan) 滚转角=0.04度 俯仰角=-0.01度
10:08:12.298135 [轨迹] 序号=2591 单调时间=4907.078010 时间=4907.078 模式=OFFBOARD 起飞状态=未执行起飞 水平控制=位置保持 类型掩码=3520 实际位置NED=(0.046,1.641,-0.245) 实际速度=(0.000,-0.000,-0.001) 最终目标=(0.056,1.599,-0.245) 指令位置=(0.056,1.599,nan) 指令速度=(0.000,0.000,0.000) 指令加速度=(0.000,0.000,nan) 滚转角=0.04度 俯仰角=-0.01度
10:08:12.401909 [轨迹] 序号=2592 单调时间=4907.181659 时间=4907.182 模式=OFFBOARD 起飞状态=未执行起飞 水平控制=位置保持 类型掩码=3520 实际位置NED=(0.046,1.641,-0.245) 实际速度=(0.000,-0.000,-0.001) 最终目标=(0.056,1.599,-0.245) 指令位置=(0.056,1.599,nan) 指令速度=(0.000,0.000,0.000) 指令加速度=(0.000,0.000,nan) 滚转角=0.04度 俯仰角=-0.01度
10:08:12.505210 [轨迹] 序号=2593 单调时间=4907.284953 时间=4907.285 模式=OFFBOARD 起飞状态=未执行起飞 水平控制=位置保持 类型掩码=3520 实际位置NED=(0.046,1.641,-0.245) 实际速度=(0.000,-0.000,-0.001) 最终目标=(0.056,1.599,-0.245) 指令位置=(0.056,1.599,nan) 指令速度=(0.000,0.000,0.000) 指令加速度=(0.000,0.000,nan) 滚转角=0.04度 俯仰角=-0.01度
10:08:12.608408 [轨迹] 序号=2594 单调时间=4907.388024 时间=4907.388 模式=OFFBOARD 起飞状态=未执行起飞 水平控制=位置保持 类型掩码=3520 实际位置NED=(0.046,1.641,-0.245) 实际速度=(0.000,-0.000,-0.001) 最终目标=(0.056,1.599,-0.245) 指令位置=(0.056,1.599,nan) 指令速度=(0.000,0.000,0.000) 指令加速度=(0.000,0.000,nan) 滚转角=0.04度 俯仰角=-0.01度
10:08:12.711900 [轨迹] 序号=2595 单调时间=4907.491720 时间=4907.492 模式=OFFBOARD 起飞状态=未执行起飞 水平控制=位置保持 类型掩码=3520 实际位置NED=(0.046,1.641,-0.246) 实际速度=(0.000,-0.000,-0.001) 最终目标=(0.056,1.599,-0.245) 指令位置=(0.056,1.599,nan) 指令速度=(0.000,0.000,0.000) 指令加速度=(0.000,0.000,nan) 滚转角=0.04度 俯仰角=-0.01度
10:08:12.815506 [轨迹] 序号=2596 单调时间=4907.595582 时间=4907.596 模式=OFFBOARD 起飞状态=未执行起飞 水平控制=位置保持 类型掩码=3520 实际位置NED=(0.046,1.641,-0.246) 实际速度=(0.000,-0.000,-0.001) 最终目标=(0.056,1.599,-0.245) 指令位置=(0.056,1.599,nan) 指令速度=(0.000,0.000,0.000) 指令加速度=(0.000,0.000,nan) 滚转角=0.04度 俯仰角=-0.01度
10:08:12.918637 [轨迹] 序号=2597 单调时间=4907.698421 时间=4907.698 模式=OFFBOARD 起飞状态=未执行起飞 水平控制=位置保持 类型掩码=3520 实际位置NED=(0.046,1.641,-0.246) 实际速度=(0.000,-0.000,-0.001) 最终目标=(0.056,1.599,-0.245) 指令位置=(0.056,1.599,nan) 指令速度=(0.000,0.000,0.000) 指令加速度=(0.000,0.000,nan) 滚转角=0.04度 俯仰角=-0.01度
10:08:13.021770 [轨迹] 序号=2598 单调时间=4907.801603 时间=4907.802 模式=OFFBOARD 起飞状态=未执行起飞 水平控制=位置保持 类型掩码=3520 实际位置NED=(0.046,1.641,-0.246) 实际速度=(0.000,-0.000,-0.001) 最终目标=(0.056,1.599,-0.245) 指令位置=(0.056,1.599,nan) 指令速度=(0.000,0.000,0.000) 指令加速度=(0.000,0.000,nan) 滚转角=0.04度 俯仰角=-0.01度
10:08:13.125415 [轨迹] 序号=2599 单调时间=4907.904746 时间=4907.905 模式=OFFBOARD 起飞状态=未执行起飞 水平控制=位置保持 类型掩码=3520 实际位置NED=(0.046,1.641,-0.246) 实际速度=(0.000,-0.000,-0.001) 最终目标=(0.056,1.599,-0.245) 指令位置=(0.056,1.599,nan) 指令速度=(0.000,0.000,0.000) 指令加速度=(0.000,0.000,nan) 滚转角=0.04度 俯仰角=-0.02度
10:08:13.228493 [轨迹] 序号=2600 单调时间=4908.008422 时间=4908.008 模式=OFFBOARD 起飞状态=未执行起飞 水平控制=位置保持 类型掩码=3520 实际位置NED=(0.046,1.641,-0.246) 实际速度=(0.000,-0.000,-0.001) 最终目标=(0.056,1.599,-0.245) 指令位置=(0.056,1.599,nan) 指令速度=(0.000,0.000,0.000) 指令加速度=(0.000,0.000,nan) 滚转角=0.04度 俯仰角=-0.02度
10:08:13.332109 [轨迹] 序号=2601 单调时间=4908.111922 时间=4908.112 模式=OFFBOARD 起飞状态=未执行起飞 水平控制=位置保持 类型掩码=3520 实际位置NED=(0.046,1.641,-0.246) 实际速度=(0.000,-0.000,-0.001) 最终目标=(0.056,1.599,-0.245) 指令位置=(0.056,1.599,nan) 指令速度=(0.000,0.000,0.000) 指令加速度=(0.000,0.000,nan) 滚转角=0.04度 俯仰角=-0.01度
10:08:13.435399 [轨迹] 序号=2602 单调时间=4908.215244 时间=4908.215 模式=OFFBOARD 起飞状态=未执行起飞 水平控制=位置保持 类型掩码=3520 实际位置NED=(0.046,1.641,-0.246) 实际速度=(0.000,-0.000,-0.001) 最终目标=(0.056,1.599,-0.245) 指令位置=(0.056,1.599,nan) 指令速度=(0.000,0.000,0.000) 指令加速度=(0.000,0.000,nan) 滚转角=0.04度 俯仰角=-0.02度
10:08:13.539815 [轨迹] 序号=2603 单调时间=4908.319578 时间=4908.320 模式=OFFBOARD 起飞状态=未执行起飞 水平控制=位置保持 类型掩码=3520 实际位置NED=(0.046,1.641,-0.246) 实际速度=(0.000,-0.000,-0.001) 最终目标=(0.056,1.599,-0.245) 指令位置=(0.056,1.599,nan) 指令速度=(0.000,0.000,0.000) 指令加速度=(0.000,0.000,nan) 滚转角=0.04度 俯仰角=-0.02度
10:08:13.642739 [轨迹] 序号=2604 单调时间=4908.422613 时间=4908.423 模式=OFFBOARD 起飞状态=未执行起飞 水平控制=位置保持 类型掩码=3520 实际位置NED=(0.046,1.641,-0.246) 实际速度=(0.000,-0.000,-0.001) 最终目标=(0.056,1.599,-0.245) 指令位置=(0.056,1.599,nan) 指令速度=(0.000,0.000,0.000) 指令加速度=(0.000,0.000,nan) 滚转角=0.04度 俯仰角=-0.02度
10:08:13.746293 [轨迹] 序号=2605 单调时间=4908.525587 时间=4908.526 模式=OFFBOARD 起飞状态=未执行起飞 水平控制=位置保持 类型掩码=3520 实际位置NED=(0.046,1.641,-0.246) 实际速度=(0.000,-0.000,-0.001) 最终目标=(0.056,1.599,-0.245) 指令位置=(0.056,1.599,nan) 指令速度=(0.000,0.000,0.000) 指令加速度=(0.000,0.000,nan) 滚转角=0.04度 俯仰角=-0.02度
10:08:13.850944 [轨迹] 序号=2606 单调时间=4908.630210 时间=4908.630 模式=OFFBOARD 起飞状态=未执行起飞 水平控制=位置保持 类型掩码=3520 实际位置NED=(0.046,1.641,-0.246) 实际速度=(0.000,-0.000,-0.001) 最终目标=(0.056,1.599,-0.245) 指令位置=(0.056,1.599,nan) 指令速度=(0.000,0.000,0.000) 指令加速度=(0.000,0.000,nan) 滚转角=0.04度 俯仰角=-0.02度
10:08:13.954634 [轨迹] 序号=2607 单调时间=4908.734368 时间=4908.734 模式=OFFBOARD 起飞状态=未执行起飞 水平控制=位置保持 类型掩码=3520 实际位置NED=(0.046,1.641,-0.246) 实际速度=(0.000,-0.000,-0.001) 最终目标=(0.056,1.599,-0.245) 指令位置=(0.056,1.599,nan) 指令速度=(0.000,0.000,0.000) 指令加速度=(0.000,0.000,nan) 滚转角=0.04度 俯仰角=-0.02度
10:08:14.055831 [轨迹] 序号=2608 单调时间=4908.835732 时间=4908.836 模式=OFFBOARD 起飞状态=未执行起飞 水平控制=位置保持 类型掩码=3520 实际位置NED=(0.046,1.641,-0.246) 实际速度=(0.000,-0.000,-0.001) 最终目标=(0.056,1.599,-0.245) 指令位置=(0.056,1.599,nan) 指令速度=(0.000,0.000,0.000) 指令加速度=(0.000,0.000,nan) 滚转角=0.04度 俯仰角=-0.02度
10:08:14.159274 [轨迹] 序号=2609 单调时间=4908.939354 时间=4908.939 模式=OFFBOARD 起飞状态=未执行起飞 水平控制=位置保持 类型掩码=3520 实际位置NED=(0.046,1.641,-0.246) 实际速度=(0.000,0.000,-0.001) 最终目标=(0.056,1.599,-0.245) 指令位置=(0.056,1.599,nan) 指令速度=(0.000,0.000,0.000) 指令加速度=(0.000,0.000,nan) 滚转角=0.04度 俯仰角=-0.02度
10:08:14.262281 [轨迹] 序号=2610 单调时间=4909.042189 时间=4909.042 模式=OFFBOARD 起飞状态=未执行起飞 水平控制=位置保持 类型掩码=3520 实际位置NED=(0.046,1.641,-0.246) 实际速度=(0.000,-0.000,-0.001) 最终目标=(0.056,1.599,-0.245) 指令位置=(0.056,1.599,nan) 指令速度=(0.000,0.000,0.000) 指令加速度=(0.000,0.000,nan) 滚转角=0.04度 俯仰角=-0.02度
10:08:14.365350 [轨迹] 序号=2611 单调时间=4909.145204 时间=4909.145 模式=OFFBOARD 起飞状态=未执行起飞 水平控制=位置保持 类型掩码=3520 实际位置NED=(0.046,1.641,-0.246) 实际速度=(0.000,-0.000,-0.001) 最终目标=(0.056,1.599,-0.245) 指令位置=(0.056,1.599,nan) 指令速度=(0.000,0.000,0.000) 指令加速度=(0.000,0.000,nan) 滚转角=0.04度 俯仰角=-0.02度
10:08:14.468718 [轨迹] 序号=2612 单调时间=4909.248563 时间=4909.249 模式=OFFBOARD 起飞状态=未执行起飞 水平控制=位置保持 类型掩码=3520 实际位置NED=(0.046,1.641,-0.246) 实际速度=(0.000,0.000,-0.001) 最终目标=(0.056,1.599,-0.245) 指令位置=(0.056,1.599,nan) 指令速度=(0.000,0.000,0.000) 指令加速度=(0.000,0.000,nan) 滚转角=0.04度 俯仰角=-0.02度
10:08:14.572076 [轨迹] 序号=2613 单调时间=4909.351654 时间=4909.352 模式=OFFBOARD 起飞状态=未执行起飞 水平控制=位置保持 类型掩码=3520 实际位置NED=(0.046,1.642,-0.246) 实际速度=(0.000,0.000,-0.001) 最终目标=(0.056,1.599,-0.245) 指令位置=(0.056,1.599,nan) 指令速度=(0.000,0.000,0.000) 指令加速度=(0.000,0.000,nan) 滚转角=0.05度 俯仰角=-0.02度
10:08:14.675004 [轨迹] 序号=2614 单调时间=4909.454971 时间=4909.455 模式=OFFBOARD 起飞状态=未执行起飞 水平控制=位置保持 类型掩码=3520 实际位置NED=(0.046,1.642,-0.246) 实际速度=(0.000,0.000,-0.001) 最终目标=(0.056,1.599,-0.245) 指令位置=(0.056,1.599,nan) 指令速度=(0.000,0.000,0.000) 指令加速度=(0.000,0.000,nan) 滚转角=0.04度 俯仰角=-0.02度
10:08:14.779372 [轨迹] 序号=2615 单调时间=4909.559070 时间=4909.559 模式=OFFBOARD 起飞状态=未执行起飞 水平控制=位置保持 类型掩码=3520 实际位置NED=(0.046,1.642,-0.246) 实际速度=(0.000,0.000,-0.001) 最终目标=(0.056,1.599,-0.245) 指令位置=(0.056,1.599,nan) 指令速度=(0.000,0.000,0.000) 指令加速度=(0.000,0.000,nan) 滚转角=0.04度 俯仰角=-0.02度
10:08:14.883397 [轨迹] 序号=2616 单调时间=4909.663383 时间=4909.663 模式=OFFBOARD 起飞状态=未执行起飞 水平控制=位置保持 类型掩码=3520 实际位置NED=(0.046,1.642,-0.246) 实际速度=(0.000,0.000,-0.001) 最终目标=(0.056,1.599,-0.245) 指令位置=(0.056,1.599,nan) 指令速度=(0.000,0.000,0.000) 指令加速度=(0.000,0.000,nan) 滚转角=0.04度 俯仰角=-0.02度
10:08:14.987398 [轨迹] 序号=2617 单调时间=4909.767297 时间=4909.767 模式=OFFBOARD 起飞状态=未执行起飞 水平控制=位置保持 类型掩码=3520 实际位置NED=(0.046,1.642,-0.246) 实际速度=(0.000,0.000,-0.001) 最终目标=(0.056,1.599,-0.245) 指令位置=(0.056,1.599,nan) 指令速度=(0.000,0.000,0.000) 指令加速度=(0.000,0.000,nan) 滚转角=0.04度 俯仰角=-0.02度
10:08:15.090413 [轨迹] 序号=2618 单调时间=4909.870253 时间=4909.870 模式=OFFBOARD 起飞状态=未执行起飞 水平控制=位置保持 类型掩码=3520 实际位置NED=(0.046,1.642,-0.246) 实际速度=(0.000,0.000,-0.001) 最终目标=(0.056,1.599,-0.245) 指令位置=(0.056,1.599,nan) 指令速度=(0.000,0.000,0.000) 指令加速度=(0.000,0.000,nan) 滚转角=0.04度 俯仰角=-0.02度
10:08:15.193769 [轨迹] 序号=2619 单调时间=4909.973678 时间=4909.974 模式=OFFBOARD 起飞状态=未执行起飞 水平控制=位置保持 类型掩码=3520 实际位置NED=(0.046,1.642,-0.246) 实际速度=(0.000,0.000,-0.001) 最终目标=(0.056,1.599,-0.245) 指令位置=(0.056,1.599,nan) 指令速度=(0.000,0.000,0.000) 指令加速度=(0.000,0.000,nan) 滚转角=0.04度 俯仰角=-0.02度
10:08:15.296933 [轨迹] 序号=2620 单调时间=4910.076811 时间=4910.077 模式=OFFBOARD 起飞状态=未执行起飞 水平控制=位置保持 类型掩码=3520 实际位置NED=(0.046,1.642,-0.246) 实际速度=(0.000,0.000,-0.001) 最终目标=(0.056,1.599,-0.245) 指令位置=(0.056,1.599,nan) 指令速度=(0.000,0.000,0.000) 指令加速度=(0.000,0.000,nan) 滚转角=0.04度 俯仰角=-0.02度
10:08:15.399971 [轨迹] 序号=2621 单调时间=4910.179759 时间=4910.180 模式=OFFBOARD 起飞状态=未执行起飞 水平控制=位置保持 类型掩码=3520 实际位置NED=(0.046,1.642,-0.246) 实际速度=(0.000,0.000,-0.001) 最终目标=(0.056,1.599,-0.245) 指令位置=(0.056,1.599,nan) 指令速度=(0.000,0.000,0.000) 指令加速度=(0.000,0.000,nan) 滚转角=0.04度 俯仰角=-0.02度
10:08:15.503841 [轨迹] 序号=2622 单调时间=4910.283289 时间=4910.283 模式=OFFBOARD 起飞状态=未执行起飞 水平控制=位置保持 类型掩码=3520 实际位置NED=(0.046,1.642,-0.246) 实际速度=(0.000,0.000,-0.001) 最终目标=(0.056,1.599,-0.245) 指令位置=(0.056,1.599,nan) 指令速度=(0.000,0.000,0.000) 指令加速度=(0.000,0.000,nan) 滚转角=0.04度 俯仰角=-0.01度
10:08:15.606944 [轨迹] 序号=2623 单调时间=4910.387021 时间=4910.387 模式=OFFBOARD 起飞状态=未执行起飞 水平控制=位置保持 类型掩码=3520 实际位置NED=(0.046,1.642,-0.246) 实际速度=(0.000,-0.000,-0.000) 最终目标=(0.056,1.599,-0.245) 指令位置=(0.056,1.599,nan) 指令速度=(0.000,0.000,0.000) 指令加速度=(0.000,0.000,nan) 滚转角=0.04度 俯仰角=-0.01度
10:08:15.711587 [轨迹] 序号=2624 单调时间=4910.491167 时间=4910.491 模式=OFFBOARD 起飞状态=未执行起飞 水平控制=位置保持 类型掩码=3520 实际位置NED=(0.046,1.642,-0.246) 实际速度=(-0.000,-0.000,-0.000) 最终目标=(0.056,1.599,-0.245) 指令位置=(0.056,1.599,nan) 指令速度=(0.000,0.000,0.000) 指令加速度=(0.000,0.000,nan) 滚转角=0.04度 俯仰角=-0.01度
10:08:15.814731 [轨迹] 序号=2625 单调时间=4910.594888 时间=4910.595 模式=OFFBOARD 起飞状态=未执行起飞 水平控制=位置保持 类型掩码=3520 实际位置NED=(0.046,1.642,-0.246) 实际速度=(-0.000,-0.000,-0.000) 最终目标=(0.056,1.599,-0.245) 指令位置=(0.056,1.599,nan) 指令速度=(0.000,0.000,0.000) 指令加速度=(0.000,0.000,nan) 滚转角=0.04度 俯仰角=-0.01度
10:08:15.918731 [轨迹] 序号=2626 单调时间=4910.698659 时间=4910.699 模式=OFFBOARD 起飞状态=未执行起飞 水平控制=位置保持 类型掩码=3520 实际位置NED=(0.046,1.642,-0.246) 实际速度=(-0.000,-0.000,-0.000) 最终目标=(0.056,1.599,-0.245) 指令位置=(0.056,1.599,nan) 指令速度=(0.000,0.000,0.000) 指令加速度=(0.000,0.000,nan) 滚转角=0.04度 俯仰角=-0.02度
10:08:16.022345 [轨迹] 序号=2627 单调时间=4910.802001 时间=4910.802 模式=OFFBOARD 起飞状态=未执行起飞 水平控制=位置保持 类型掩码=3520 实际位置NED=(0.046,1.642,-0.246) 实际速度=(0.000,-0.000,-0.000) 最终目标=(0.056,1.599,-0.245) 指令位置=(0.056,1.599,nan) 指令速度=(0.000,0.000,0.000) 指令加速度=(0.000,0.000,nan) 滚转角=0.04度 俯仰角=-0.02度
10:08:16.125324 [轨迹] 序号=2628 单调时间=4910.905182 时间=4910.905 模式=OFFBOARD 起飞状态=未执行起飞 水平控制=位置保持 类型掩码=3520 实际位置NED=(0.046,1.642,-0.245) 实际速度=(0.000,0.000,-0.000) 最终目标=(0.056,1.599,-0.245) 指令位置=(0.056,1.599,nan) 指令速度=(0.000,0.000,0.000) 指令加速度=(0.000,0.000,nan) 滚转角=0.04度 俯仰角=-0.01度
10:08:16.229913 [轨迹] 序号=2629 单调时间=4911.009707 时间=4911.010 模式=OFFBOARD 起飞状态=未执行起飞 水平控制=位置保持 类型掩码=3520 实际位置NED=(0.046,1.642,-0.245) 实际速度=(0.000,0.000,0.000) 最终目标=(0.056,1.599,-0.245) 指令位置=(0.056,1.599,nan) 指令速度=(0.000,0.000,0.000) 指令加速度=(0.000,0.000,nan) 滚转角=0.04度 俯仰角=-0.02度
10:08:16.333190 [轨迹] 序号=2630 单调时间=4911.112858 时间=4911.113 模式=OFFBOARD 起飞状态=未执行起飞 水平控制=位置保持 类型掩码=3520 实际位置NED=(0.046,1.642,-0.245) 实际速度=(-0.000,0.000,0.000) 最终目标=(0.056,1.599,-0.245) 指令位置=(0.056,1.599,nan) 指令速度=(0.000,0.000,0.000) 指令加速度=(0.000,0.000,nan) 滚转角=0.04度 俯仰角=-0.02度
10:08:16.436902 [轨迹] 序号=2631 单调时间=4911.216953 时间=4911.217 模式=OFFBOARD 起飞状态=未执行起飞 水平控制=位置保持 类型掩码=3520 实际位置NED=(0.046,1.642,-0.245) 实际速度=(0.000,0.000,0.000) 最终目标=(0.056,1.599,-0.245) 指令位置=(0.056,1.599,nan) 指令速度=(0.000,0.000,0.000) 指令加速度=(0.000,0.000,nan) 滚转角=0.05度 俯仰角=-0.02度
10:08:16.542128 [轨迹] 序号=2632 单调时间=4911.317992 时间=4911.318 模式=OFFBOARD 起飞状态=未执行起飞 水平控制=位置保持 类型掩码=3520 实际位置NED=(0.046,1.642,-0.245) 实际速度=(-0.000,0.000,0.001) 最终目标=(0.056,1.599,-0.245) 指令位置=(0.056,1.599,nan) 指令速度=(0.000,0.000,0.000) 指令加速度=(0.000,0.000,nan) 滚转角=0.05度 俯仰角=-0.02度
10:08:16.640073 [轨迹] 序号=2633 单调时间=4911.420060 时间=4911.420 模式=OFFBOARD 起飞状态=未执行起飞 水平控制=位置保持 类型掩码=3520 实际位置NED=(0.046,1.642,-0.245) 实际速度=(-0.000,-0.000,0.001) 最终目标=(0.056,1.599,-0.245) 指令位置=(0.056,1.599,nan) 指令速度=(0.000,0.000,0.000) 指令加速度=(0.000,0.000,nan) 滚转角=0.05度 俯仰角=-0.02度
10:08:16.743702 [轨迹] 序号=2634 单调时间=4911.523654 时间=4911.524 模式=OFFBOARD 起飞状态=未执行起飞 水平控制=位置保持 类型掩码=3520 实际位置NED=(0.046,1.642,-0.245) 实际速度=(0.000,0.000,0.001) 最终目标=(0.056,1.599,-0.245) 指令位置=(0.056,1.599,nan) 指令速度=(0.000,0.000,0.000) 指令加速度=(0.000,0.000,nan) 滚转角=0.05度 俯仰角=-0.02度
10:08:16.846719 [轨迹] 序号=2635 单调时间=4911.626811 时间=4911.627 模式=OFFBOARD 起飞状态=未执行起飞 水平控制=位置保持 类型掩码=3520 实际位置NED=(0.046,1.642,-0.245) 实际速度=(0.000,-0.000,0.001) 最终目标=(0.056,1.599,-0.245) 指令位置=(0.056,1.599,nan) 指令速度=(0.000,0.000,0.000) 指令加速度=(0.000,0.000,nan) 滚转角=0.04度 俯仰角=-0.02度
10:08:16.950001 [轨迹] 序号=2636 单调时间=4911.729857 时间=4911.730 模式=OFFBOARD 起飞状态=未执行起飞 水平控制=位置保持 类型掩码=3520 实际位置NED=(0.046,1.642,-0.245) 实际速度=(0.000,0.000,0.001) 最终目标=(0.056,1.599,-0.245) 指令位置=(0.056,1.599,nan) 指令速度=(0.000,0.000,0.000) 指令加速度=(0.000,0.000,nan) 滚转角=0.04度 俯仰角=-0.02度
10:08:17.053549 [轨迹] 序号=2637 单调时间=4911.833410 时间=4911.833 模式=OFFBOARD 起飞状态=未执行起飞 水平控制=位置保持 类型掩码=3520 实际位置NED=(0.046,1.642,-0.245) 实际速度=(0.000,0.000,0.001) 最终目标=(0.056,1.599,-0.245) 指令位置=(0.056,1.599,nan) 指令速度=(0.000,0.000,0.000) 指令加速度=(0.000,0.000,nan) 滚转角=0.04度 俯仰角=-0.02度
10:08:17.158746 [轨迹] 序号=2638 单调时间=4911.938391 时间=4911.938 模式=OFFBOARD 起飞状态=未执行起飞 水平控制=位置保持 类型掩码=3520 实际位置NED=(0.046,1.642,-0.245) 实际速度=(-0.000,0.000,0.001) 最终目标=(0.056,1.599,-0.245) 指令位置=(0.056,1.599,nan) 指令速度=(0.000,0.000,0.000) 指令加速度=(0.000,0.000,nan) 滚转角=0.04度 俯仰角=-0.02度
10:08:17.263321 [轨迹] 序号=2639 单调时间=4912.043230 时间=4912.043 模式=OFFBOARD 起飞状态=未执行起飞 水平控制=位置保持 类型掩码=3520 实际位置NED=(0.046,1.642,-0.244) 实际速度=(-0.000,0.000,0.001) 最终目标=(0.056,1.599,-0.245) 指令位置=(0.056,1.599,nan) 指令速度=(0.000,0.000,0.000) 指令加速度=(0.000,0.000,nan) 滚转角=0.05度 俯仰角=-0.02度
10:08:17.368150 [轨迹] 序号=2640 单调时间=4912.148061 时间=4912.148 模式=OFFBOARD 起飞状态=未执行起飞 水平控制=位置保持 类型掩码=3520 实际位置NED=(0.046,1.642,-0.244) 实际速度=(-0.000,0.000,0.001) 最终目标=(0.056,1.599,-0.245) 指令位置=(0.056,1.599,nan) 指令速度=(0.000,0.000,0.000) 指令加速度=(0.000,0.000,nan) 滚转角=0.04度 俯仰角=-0.02度
10:08:17.472169 [轨迹] 序号=2641 单调时间=4912.251998 时间=4912.252 模式=OFFBOARD 起飞状态=未执行起飞 水平控制=位置保持 类型掩码=3520 实际位置NED=(0.046,1.642,-0.244) 实际速度=(-0.000,0.000,0.002) 最终目标=(0.056,1.599,-0.245) 指令位置=(0.056,1.599,nan) 指令速度=(0.000,0.000,0.000) 指令加速度=(0.000,0.000,nan) 滚转角=0.04度 俯仰角=-0.02度
10:08:17.576266 [轨迹] 序号=2642 单调时间=4912.356186 时间=4912.356 模式=OFFBOARD 起飞状态=未执行起飞 水平控制=位置保持 类型掩码=3520 实际位置NED=(0.046,1.642,-0.244) 实际速度=(-0.000,0.001,0.002) 最终目标=(0.056,1.599,-0.245) 指令位置=(0.056,1.599,nan) 指令速度=(0.000,0.000,0.000) 指令加速度=(0.000,0.000,nan) 滚转角=0.04度 俯仰角=-0.02度
10:08:17.680676 [轨迹] 序号=2643 单调时间=4912.460342 时间=4912.460 模式=OFFBOARD 起飞状态=未执行起飞 水平控制=位置保持 类型掩码=3520 实际位置NED=(0.046,1.642,-0.244) 实际速度=(0.000,0.001,0.002) 最终目标=(0.056,1.599,-0.245) 指令位置=(0.056,1.599,nan) 指令速度=(0.000,0.000,0.000) 指令加速度=(0.000,0.000,nan) 滚转角=0.04度 俯仰角=-0.02度
10:08:17.784405 [轨迹] 序号=2644 单调时间=4912.564366 时间=4912.564 模式=OFFBOARD 起飞状态=未执行起飞 水平控制=位置保持 类型掩码=3520 实际位置NED=(0.046,1.642,-0.244) 实际速度=(0.000,0.001,0.002) 最终目标=(0.056,1.599,-0.245) 指令位置=(0.056,1.599,nan) 指令速度=(0.000,0.000,0.000) 指令加速度=(0.000,0.000,nan) 滚转角=0.04度 俯仰角=-0.02度
10:08:17.888510 [轨迹] 序号=2645 单调时间=4912.668435 时间=4912.668 模式=OFFBOARD 起飞状态=未执行起飞 水平控制=位置保持 类型掩码=3520 实际位置NED=(0.046,1.642,-0.244) 实际速度=(0.000,0.001,0.002) 最终目标=(0.056,1.599,-0.245) 指令位置=(0.056,1.599,nan) 指令速度=(0.000,0.000,0.000) 指令加速度=(0.000,0.000,nan) 滚转角=0.04度 俯仰角=-0.02度
10:08:17.992677 [轨迹] 序号=2646 单调时间=4912.772482 时间=4912.772 模式=OFFBOARD 起飞状态=未执行起飞 水平控制=位置保持 类型掩码=3520 实际位置NED=(0.046,1.642,-0.244) 实际速度=(-0.000,0.000,0.002) 最终目标=(0.056,1.599,-0.245) 指令位置=(0.056,1.599,nan) 指令速度=(0.000,0.000,0.000) 指令加速度=(0.000,0.000,nan) 滚转角=0.04度 俯仰角=-0.02度
10:08:18.096628 [轨迹] 序号=2647 单调时间=4912.876457 时间=4912.876 模式=OFFBOARD 起飞状态=未执行起飞 水平控制=位置保持 类型掩码=3520 实际位置NED=(0.046,1.642,-0.243) 实际速度=(-0.000,0.000,0.002) 最终目标=(0.056,1.599,-0.245) 指令位置=(0.056,1.599,nan) 指令速度=(0.000,0.000,0.000) 指令加速度=(0.000,0.000,nan) 滚转角=0.04度 俯仰角=-0.02度
10:08:18.200825 [轨迹] 序号=2648 单调时间=4912.980680 时间=4912.981 模式=OFFBOARD 起飞状态=未执行起飞 水平控制=位置保持 类型掩码=3520 实际位置NED=(0.046,1.642,-0.243) 实际速度=(-0.000,0.000,0.002) 最终目标=(0.056,1.599,-0.245) 指令位置=(0.056,1.599,nan) 指令速度=(0.000,0.000,0.000) 指令加速度=(0.000,0.000,nan) 滚转角=0.04度 俯仰角=-0.02度
10:08:18.304938 [轨迹] 序号=2649 单调时间=4913.084639 时间=4913.085 模式=OFFBOARD 起飞状态=未执行起飞 水平控制=位置保持 类型掩码=3520 实际位置NED=(0.046,1.642,-0.243) 实际速度=(-0.000,0.000,0.002) 最终目标=(0.056,1.599,-0.245) 指令位置=(0.056,1.599,nan) 指令速度=(0.000,0.000,0.000) 指令加速度=(0.000,0.000,nan) 滚转角=0.04度 俯仰角=-0.02度
10:08:18.409537 [轨迹] 序号=2650 单调时间=4913.188914 时间=4913.189 模式=OFFBOARD 起飞状态=未执行起飞 水平控制=位置保持 类型掩码=3520 实际位置NED=(0.046,1.642,-0.243) 实际速度=(-0.000,0.000,0.002) 最终目标=(0.056,1.599,-0.245) 指令位置=(0.056,1.599,nan) 指令速度=(0.000,0.000,0.000) 指令加速度=(0.000,0.000,nan) 滚转角=0.04度 俯仰角=-0.02度
10:08:18.513404 [轨迹] 序号=2651 单调时间=4913.293223 时间=4913.293 模式=OFFBOARD 起飞状态=未执行起飞 水平控制=位置保持 类型掩码=3520 实际位置NED=(0.046,1.642,-0.243) 实际速度=(-0.000,0.000,0.002) 最终目标=(0.056,1.599,-0.245) 指令位置=(0.056,1.599,nan) 指令速度=(0.000,0.000,0.000) 指令加速度=(0.000,0.000,nan) 滚转角=0.04度 俯仰角=-0.02度
10:08:18.617295 [轨迹] 序号=2652 单调时间=4913.396997 时间=4913.397 模式=OFFBOARD 起飞状态=未执行起飞 水平控制=位置保持 类型掩码=3520 实际位置NED=(0.046,1.642,-0.243) 实际速度=(-0.000,0.000,0.002) 最终目标=(0.056,1.599,-0.245) 指令位置=(0.056,1.599,nan) 指令速度=(0.000,0.000,0.000) 指令加速度=(0.000,0.000,nan) 滚转角=0.04度 俯仰角=-0.02度
10:08:18.721317 [轨迹] 序号=2653 单调时间=4913.501253 时间=4913.501 模式=OFFBOARD 起飞状态=未执行起飞 水平控制=位置保持 类型掩码=3520 实际位置NED=(0.046,1.642,-0.243) 实际速度=(0.000,0.000,0.002) 最终目标=(0.056,1.599,-0.245) 指令位置=(0.056,1.599,nan) 指令速度=(0.000,0.000,0.000) 指令加速度=(0.000,0.000,nan) 滚转角=0.04度 俯仰角=-0.02度
10:08:18.825203 [轨迹] 序号=2654 单调时间=4913.605188 时间=4913.605 模式=OFFBOARD 起飞状态=未执行起飞 水平控制=位置保持 类型掩码=3520 实际位置NED=(0.046,1.642,-0.243) 实际速度=(0.000,0.000,0.002) 最终目标=(0.056,1.599,-0.245) 指令位置=(0.056,1.599,nan) 指令速度=(0.000,0.000,0.000) 指令加速度=(0.000,0.000,nan) 滚转角=0.04度 俯仰角=-0.02度
10:08:18.929430 [轨迹] 序号=2655 单调时间=4913.709303 时间=4913.709 模式=OFFBOARD 起飞状态=未执行起飞 水平控制=位置保持 类型掩码=3520 实际位置NED=(0.046,1.642,-0.243) 实际速度=(0.000,0.000,0.002) 最终目标=(0.056,1.599,-0.245) 指令位置=(0.056,1.599,nan) 指令速度=(0.000,0.000,0.000) 指令加速度=(0.000,0.000,nan) 滚转角=0.04度 俯仰角=-0.02度
10:08:19.033722 [轨迹] 序号=2656 单调时间=4913.813336 时间=4913.813 模式=OFFBOARD 起飞状态=未执行起飞 水平控制=位置保持 类型掩码=3520 实际位置NED=(0.046,1.642,-0.243) 实际速度=(0.000,0.000,0.002) 最终目标=(0.056,1.599,-0.245) 指令位置=(0.056,1.599,nan) 指令速度=(0.000,0.000,0.000) 指令加速度=(0.000,0.000,nan) 滚转角=0.04度 俯仰角=-0.02度
10:08:19.133476 [轨迹] 序号=2657 单调时间=4913.913339 时间=4913.913 模式=OFFBOARD 起飞状态=未执行起飞 水平控制=位置保持 类型掩码=3520 实际位置NED=(0.046,1.642,-0.243) 实际速度=(0.000,0.000,0.002) 最终目标=(0.056,1.599,-0.245) 指令位置=(0.056,1.599,nan) 指令速度=(0.000,0.000,0.000) 指令加速度=(0.000,0.000,nan) 滚转角=0.04度 俯仰角=-0.02度
10:08:19.238165 [轨迹] 序号=2658 单调时间=4914.017978 时间=4914.018 模式=OFFBOARD 起飞状态=未执行起飞 水平控制=位置保持 类型掩码=3520 实际位置NED=(0.046,1.642,-0.243) 实际速度=(0.000,0.000,0.002) 最终目标=(0.056,1.599,-0.245) 指令位置=(0.056,1.599,nan) 指令速度=(0.000,0.000,0.000) 指令加速度=(0.000,0.000,nan) 滚转角=0.04度 俯仰角=-0.02度
10:08:19.338677 [轨迹] 序号=2659 单调时间=4914.118774 时间=4914.119 模式=OFFBOARD 起飞状态=未执行起飞 水平控制=位置保持 类型掩码=3520 实际位置NED=(0.046,1.642,-0.243) 实际速度=(0.000,0.000,0.002) 最终目标=(0.056,1.599,-0.245) 指令位置=(0.056,1.599,nan) 指令速度=(0.000,0.000,0.000) 指令加速度=(0.000,0.000,nan) 滚转角=0.04度 俯仰角=-0.02度
10:08:19.442559 [轨迹] 序号=2660 单调时间=4914.222284 时间=4914.222 模式=OFFBOARD 起飞状态=未执行起飞 水平控制=位置保持 类型掩码=3520 实际位置NED=(0.046,1.642,-0.243) 实际速度=(0.000,0.000,0.002) 最终目标=(0.056,1.599,-0.245) 指令位置=(0.056,1.599,nan) 指令速度=(0.000,0.000,0.000) 指令加速度=(0.000,0.000,nan) 滚转角=0.04度 俯仰角=-0.02度
10:08:19.543811 [轨迹] 序号=2661 单调时间=4914.323654 时间=4914.324 模式=OFFBOARD 起飞状态=未执行起飞 水平控制=位置保持 类型掩码=3520 实际位置NED=(0.046,1.642,-0.243) 实际速度=(0.000,0.000,0.002) 最终目标=(0.056,1.599,-0.245) 指令位置=(0.056,1.599,nan) 指令速度=(0.000,0.000,0.000) 指令加速度=(0.000,0.000,nan) 滚转角=0.04度 俯仰角=-0.02度
10:08:19.648000 [轨迹] 序号=2662 单调时间=4914.427881 时间=4914.428 模式=OFFBOARD 起飞状态=未执行起飞 水平控制=位置保持 类型掩码=3520 实际位置NED=(0.046,1.642,-0.243) 实际速度=(0.000,0.000,0.002) 最终目标=(0.056,1.599,-0.245) 指令位置=(0.056,1.599,nan) 指令速度=(0.000,0.000,0.000) 指令加速度=(0.000,0.000,nan) 滚转角=0.04度 俯仰角=-0.02度
10:08:19.751985 [轨迹] 序号=2663 单调时间=4914.531810 时间=4914.532 模式=OFFBOARD 起飞状态=未执行起飞 水平控制=位置保持 类型掩码=3520 实际位置NED=(0.046,1.642,-0.243) 实际速度=(0.000,0.000,0.002) 最终目标=(0.056,1.599,-0.245) 指令位置=(0.056,1.599,nan) 指令速度=(0.000,0.000,0.000) 指令加速度=(0.000,0.000,nan) 滚转角=0.04度 俯仰角=-0.02度
10:08:19.855123 [轨迹] 序号=2664 单调时间=4914.634937 时间=4914.635 模式=OFFBOARD 起飞状态=未执行起飞 水平控制=位置保持 类型掩码=3520 实际位置NED=(0.046,1.642,-0.243) 实际速度=(0.000,0.000,0.002) 最终目标=(0.056,1.599,-0.245) 指令位置=(0.056,1.599,nan) 指令速度=(0.000,0.000,0.000) 指令加速度=(0.000,0.000,nan) 滚转角=0.04度 俯仰角=-0.02度
10:08:19.959329 [轨迹] 序号=2665 单调时间=4914.739230 时间=4914.739 模式=OFFBOARD 起飞状态=未执行起飞 水平控制=位置保持 类型掩码=3520 实际位置NED=(0.046,1.642,-0.243) 实际速度=(0.000,0.000,0.002) 最终目标=(0.056,1.599,-0.245) 指令位置=(0.056,1.599,nan) 指令速度=(0.000,0.000,0.000) 指令加速度=(0.000,0.000,nan) 滚转角=0.04度 俯仰角=-0.02度
10:08:20.062951 [轨迹] 序号=2666 单调时间=4914.842854 时间=4914.843 模式=OFFBOARD 起飞状态=未执行起飞 水平控制=位置保持 类型掩码=3520 实际位置NED=(0.046,1.642,-0.243) 实际速度=(0.000,0.000,0.002) 最终目标=(0.056,1.599,-0.245) 指令位置=(0.056,1.599,nan) 指令速度=(0.000,0.000,0.000) 指令加速度=(0.000,0.000,nan) 滚转角=0.04度 俯仰角=-0.02度
10:08:20.167901 [轨迹] 序号=2667 单调时间=4914.947652 时间=4914.948 模式=OFFBOARD 起飞状态=未执行起飞 水平控制=位置保持 类型掩码=3520 实际位置NED=(0.046,1.642,-0.243) 实际速度=(0.000,0.000,0.002) 最终目标=(0.056,1.599,-0.245) 指令位置=(0.056,1.599,nan) 指令速度=(0.000,0.000,0.000) 指令加速度=(0.000,0.000,nan) 滚转角=0.04度 俯仰角=-0.02度
10:08:20.268282 [轨迹] 序号=2668 单调时间=4915.048130 时间=4915.048 模式=OFFBOARD 起飞状态=未执行起飞 水平控制=位置保持 类型掩码=3520 实际位置NED=(0.046,1.642,-0.243) 实际速度=(0.000,0.000,0.002) 最终目标=(0.056,1.599,-0.245) 指令位置=(0.056,1.599,nan) 指令速度=(0.000,0.000,0.000) 指令加速度=(0.000,0.000,nan) 滚转角=0.04度 俯仰角=-0.02度
10:08:20.372014 [轨迹] 序号=2669 单调时间=4915.151766 时间=4915.152 模式=OFFBOARD 起飞状态=未执行起飞 水平控制=位置保持 类型掩码=3520 实际位置NED=(0.046,1.642,-0.243) 实际速度=(0.000,-0.000,0.002) 最终目标=(0.056,1.599,-0.245) 指令位置=(0.056,1.599,nan) 指令速度=(0.000,0.000,0.000) 指令加速度=(0.000,0.000,nan) 滚转角=0.05度 俯仰角=-0.02度
10:08:20.476339 [轨迹] 序号=2670 单调时间=4915.256184 时间=4915.256 模式=OFFBOARD 起飞状态=未执行起飞 水平控制=位置保持 类型掩码=3520 实际位置NED=(0.046,1.642,-0.243) 实际速度=(-0.000,0.000,0.002) 最终目标=(0.056,1.599,-0.245) 指令位置=(0.056,1.599,nan) 指令速度=(0.000,0.000,0.000) 指令加速度=(0.000,0.000,nan) 滚转角=0.04度 俯仰角=-0.02度
10:08:20.580657 [轨迹] 序号=2671 单调时间=4915.360280 时间=4915.360 模式=OFFBOARD 起飞状态=未执行起飞 水平控制=位置保持 类型掩码=3520 实际位置NED=(0.046,1.642,-0.243) 实际速度=(-0.000,-0.000,0.002) 最终目标=(0.056,1.599,-0.245) 指令位置=(0.056,1.599,nan) 指令速度=(0.000,0.000,0.000) 指令加速度=(0.000,0.000,nan) 滚转角=0.04度 俯仰角=-0.02度
10:08:20.684723 [轨迹] 序号=2672 单调时间=4915.464645 时间=4915.465 模式=OFFBOARD 起飞状态=未执行起飞 水平控制=位置保持 类型掩码=3520 实际位置NED=(0.046,1.642,-0.243) 实际速度=(-0.000,0.000,0.002) 最终目标=(0.056,1.599,-0.245) 指令位置=(0.056,1.599,nan) 指令速度=(0.000,0.000,0.000) 指令加速度=(0.000,0.000,nan) 滚转角=0.04度 俯仰角=-0.02度
10:08:20.788197 [轨迹] 序号=2673 单调时间=4915.568115 时间=4915.568 模式=OFFBOARD 起飞状态=未执行起飞 水平控制=位置保持 类型掩码=3520 实际位置NED=(0.046,1.642,-0.243) 实际速度=(-0.000,-0.000,0.002) 最终目标=(0.056,1.599,-0.245) 指令位置=(0.056,1.599,nan) 指令速度=(0.000,0.000,0.000) 指令加速度=(0.000,0.000,nan) 滚转角=0.04度 俯仰角=-0.02度
10:08:20.892160 [轨迹] 序号=2674 单调时间=4915.672133 时间=4915.672 模式=OFFBOARD 起飞状态=未执行起飞 水平控制=位置保持 类型掩码=3520 实际位置NED=(0.046,1.642,-0.243) 实际速度=(-0.000,-0.000,0.002) 最终目标=(0.056,1.599,-0.245) 指令位置=(0.056,1.599,nan) 指令速度=(0.000,0.000,0.000) 指令加速度=(0.000,0.000,nan) 滚转角=0.04度 俯仰角=-0.02度
10:08:20.995912 [轨迹] 序号=2675 单调时间=4915.775853 时间=4915.776 模式=OFFBOARD 起飞状态=未执行起飞 水平控制=位置保持 类型掩码=3520 实际位置NED=(0.046,1.642,-0.243) 实际速度=(-0.000,-0.000,0.002) 最终目标=(0.056,1.599,-0.245) 指令位置=(0.056,1.599,nan) 指令速度=(0.000,0.000,0.000) 指令加速度=(0.000,0.000,nan) 滚转角=0.04度 俯仰角=-0.02度
10:08:21.099868 [轨迹] 序号=2676 单调时间=4915.879635 时间=4915.880 模式=OFFBOARD 起飞状态=未执行起飞 水平控制=位置保持 类型掩码=3520 实际位置NED=(0.046,1.642,-0.243) 实际速度=(-0.000,-0.000,0.002) 最终目标=(0.056,1.599,-0.245) 指令位置=(0.056,1.599,nan) 指令速度=(0.000,0.000,0.000) 指令加速度=(0.000,0.000,nan) 滚转角=0.04度 俯仰角=-0.02度
10:08:21.204090 [轨迹] 序号=2677 单调时间=4915.983979 时间=4915.984 模式=OFFBOARD 起飞状态=未执行起飞 水平控制=位置保持 类型掩码=3520 实际位置NED=(0.046,1.642,-0.243) 实际速度=(-0.000,-0.000,0.002) 最终目标=(0.056,1.599,-0.245) 指令位置=(0.056,1.599,nan) 指令速度=(0.000,0.000,0.000) 指令加速度=(0.000,0.000,nan) 滚转角=0.04度 俯仰角=-0.02度
10:08:21.307752 [轨迹] 序号=2678 单调时间=4916.087611 时间=4916.088 模式=OFFBOARD 起飞状态=未执行起飞 水平控制=位置保持 类型掩码=3520 实际位置NED=(0.046,1.642,-0.243) 实际速度=(-0.000,-0.000,0.002) 最终目标=(0.056,1.599,-0.245) 指令位置=(0.056,1.599,nan) 指令速度=(0.000,0.000,0.000) 指令加速度=(0.000,0.000,nan) 滚转角=0.04度 俯仰角=-0.02度
10:08:21.411825 [轨迹] 序号=2679 单调时间=4916.191621 时间=4916.192 模式=OFFBOARD 起飞状态=未执行起飞 水平控制=位置保持 类型掩码=3520 实际位置NED=(0.046,1.642,-0.243) 实际速度=(-0.000,-0.000,0.002) 最终目标=(0.056,1.599,-0.245) 指令位置=(0.056,1.599,nan) 指令速度=(0.000,0.000,0.000) 指令加速度=(0.000,0.000,nan) 滚转角=0.04度 俯仰角=-0.02度
10:08:21.517055 [轨迹] 序号=2680 单调时间=4916.296478 时间=4916.296 模式=OFFBOARD 起飞状态=未执行起飞 水平控制=位置保持 类型掩码=3520 实际位置NED=(0.046,1.642,-0.243) 实际速度=(-0.000,0.000,0.002) 最终目标=(0.056,1.599,-0.245) 指令位置=(0.056,1.599,nan) 指令速度=(0.000,0.000,0.000) 指令加速度=(0.000,0.000,nan) 滚转角=0.04度 俯仰角=-0.02度
10:08:21.621040 [轨迹] 序号=2681 单调时间=4916.400945 时间=4916.401 模式=OFFBOARD 起飞状态=未执行起飞 水平控制=位置保持 类型掩码=3520 实际位置NED=(0.046,1.643,-0.243) 实际速度=(-0.000,0.000,0.002) 最终目标=(0.056,1.599,-0.245) 指令位置=(0.056,1.599,nan) 指令速度=(0.000,0.000,0.000) 指令加速度=(0.000,0.000,nan) 滚转角=0.05度 俯仰角=-0.02度
10:08:21.725008 [轨迹] 序号=2682 单调时间=4916.504888 时间=4916.505 模式=OFFBOARD 起飞状态=未执行起飞 水平控制=位置保持 类型掩码=3520 实际位置NED=(0.046,1.643,-0.243) 实际速度=(-0.000,0.000,0.002) 最终目标=(0.056,1.599,-0.245) 指令位置=(0.056,1.599,nan) 指令速度=(0.000,0.000,0.000) 指令加速度=(0.000,0.000,nan) 滚转角=0.05度 俯仰角=-0.02度
10:08:21.828402 [轨迹] 序号=2683 单调时间=4916.608345 时间=4916.608 模式=OFFBOARD 起飞状态=未执行起飞 水平控制=位置保持 类型掩码=3520 实际位置NED=(0.046,1.643,-0.243) 实际速度=(-0.000,0.000,0.002) 最终目标=(0.056,1.599,-0.245) 指令位置=(0.056,1.599,nan) 指令速度=(0.000,0.000,0.000) 指令加速度=(0.000,0.000,nan) 滚转角=0.05度 俯仰角=-0.02度
10:08:21.932557 [轨迹] 序号=2684 单调时间=4916.712441 时间=4916.712 模式=OFFBOARD 起飞状态=未执行起飞 水平控制=位置保持 类型掩码=3520 实际位置NED=(0.046,1.643,-0.243) 实际速度=(0.000,0.000,0.001) 最终目标=(0.056,1.599,-0.245) 指令位置=(0.056,1.599,nan) 指令速度=(0.000,0.000,0.000) 指令加速度=(0.000,0.000,nan) 滚转角=0.05度 俯仰角=-0.02度
10:08:22.036227 [轨迹] 序号=2685 单调时间=4916.816139 时间=4916.816 模式=OFFBOARD 起飞状态=未执行起飞 水平控制=位置保持 类型掩码=3520 实际位置NED=(0.046,1.643,-0.243) 实际速度=(0.000,0.000,0.001) 最终目标=(0.056,1.599,-0.245) 指令位置=(0.056,1.599,nan) 指令速度=(0.000,0.000,0.000) 指令加速度=(0.000,0.000,nan) 滚转角=0.05度 俯仰角=-0.02度
10:08:22.139748 [轨迹] 序号=2686 单调时间=4916.919661 时间=4916.920 模式=OFFBOARD 起飞状态=未执行起飞 水平控制=位置保持 类型掩码=3520 实际位置NED=(0.046,1.643,-0.243) 实际速度=(0.000,0.000,0.001) 最终目标=(0.056,1.599,-0.245) 指令位置=(0.056,1.599,nan) 指令速度=(0.000,0.000,0.000) 指令加速度=(0.000,0.000,nan) 滚转角=0.04度 俯仰角=-0.02度
10:08:22.244083 [轨迹] 序号=2687 单调时间=4917.023978 时间=4917.024 模式=OFFBOARD 起飞状态=未执行起飞 水平控制=位置保持 类型掩码=3520 实际位置NED=(0.046,1.643,-0.243) 实际速度=(0.000,0.000,0.001) 最终目标=(0.056,1.599,-0.245) 指令位置=(0.056,1.599,nan) 指令速度=(0.000,0.000,0.000) 指令加速度=(0.000,0.000,nan) 滚转角=0.04度 俯仰角=-0.02度
10:08:22.347911 [轨迹] 序号=2688 单调时间=4917.127578 时间=4917.128 模式=OFFBOARD 起飞状态=未执行起飞 水平控制=位置保持 类型掩码=3520 实际位置NED=(0.046,1.643,-0.243) 实际速度=(-0.000,-0.000,0.001) 最终目标=(0.056,1.599,-0.245) 指令位置=(0.056,1.599,nan) 指令速度=(0.000,0.000,0.000) 指令加速度=(0.000,0.000,nan) 滚转角=0.04度 俯仰角=-0.02度
10:08:22.451114 [轨迹] 序号=2689 单调时间=4917.231138 时间=4917.231 模式=OFFBOARD 起飞状态=未执行起飞 水平控制=位置保持 类型掩码=3520 实际位置NED=(0.046,1.643,-0.243) 实际速度=(-0.000,-0.000,0.001) 最终目标=(0.056,1.599,-0.245) 指令位置=(0.056,1.599,nan) 指令速度=(0.000,0.000,0.000) 指令加速度=(0.000,0.000,nan) 滚转角=0.04度 俯仰角=-0.02度
10:08:22.554910 [轨迹] 序号=2690 单调时间=4917.335003 时间=4917.335 模式=OFFBOARD 起飞状态=未执行起飞 水平控制=位置保持 类型掩码=3520 实际位置NED=(0.046,1.643,-0.243) 实际速度=(-0.000,-0.000,0.001) 最终目标=(0.056,1.599,-0.245) 指令位置=(0.056,1.599,nan) 指令速度=(0.000,0.000,0.000) 指令加速度=(0.000,0.000,nan) 滚转角=0.04度 俯仰角=-0.02度
10:08:22.658733 [轨迹] 序号=2691 单调时间=4917.438631 时间=4917.439 模式=OFFBOARD 起飞状态=未执行起飞 水平控制=位置保持 类型掩码=3520 实际位置NED=(0.046,1.643,-0.244) 实际速度=(-0.000,-0.000,0.001) 最终目标=(0.056,1.599,-0.245) 指令位置=(0.056,1.599,nan) 指令速度=(0.000,0.000,0.000) 指令加速度=(0.000,0.000,nan) 滚转角=0.04度 俯仰角=-0.02度
10:08:22.762615 [轨迹] 序号=2692 单调时间=4917.542441 时间=4917.542 模式=OFFBOARD 起飞状态=未执行起飞 水平控制=位置保持 类型掩码=3520 实际位置NED=(0.046,1.643,-0.244) 实际速度=(-0.000,-0.000,0.001) 最终目标=(0.056,1.599,-0.245) 指令位置=(0.056,1.599,nan) 指令速度=(0.000,0.000,0.000) 指令加速度=(0.000,0.000,nan) 滚转角=0.04度 俯仰角=-0.02度
10:08:22.866247 [轨迹] 序号=2693 单调时间=4917.646142 时间=4917.646 模式=OFFBOARD 起飞状态=未执行起飞 水平控制=位置保持 类型掩码=3520 实际位置NED=(0.046,1.643,-0.244) 实际速度=(-0.000,-0.000,0.001) 最终目标=(0.056,1.599,-0.245) 指令位置=(0.056,1.599,nan) 指令速度=(0.000,0.000,0.000) 指令加速度=(0.000,0.000,nan) 滚转角=0.04度 俯仰角=-0.02度
10:08:22.970341 [轨迹] 序号=2694 单调时间=4917.749777 时间=4917.750 模式=OFFBOARD 起飞状态=未执行起飞 水平控制=位置保持 类型掩码=3520 实际位置NED=(0.046,1.643,-0.244) 实际速度=(-0.000,-0.000,0.001) 最终目标=(0.056,1.599,-0.245) 指令位置=(0.056,1.599,nan) 指令速度=(0.000,0.000,0.000) 指令加速度=(0.000,0.000,nan) 滚转角=0.05度 俯仰角=-0.02度
10:08:23.074225 [轨迹] 序号=2695 单调时间=4917.854217 时间=4917.854 模式=OFFBOARD 起飞状态=未执行起飞 水平控制=位置保持 类型掩码=3520 实际位置NED=(0.046,1.643,-0.244) 实际速度=(-0.000,-0.000,0.000) 最终目标=(0.056,1.599,-0.245) 指令位置=(0.056,1.599,nan) 指令速度=(0.000,0.000,0.000) 指令加速度=(0.000,0.000,nan) 滚转角=0.05度 俯仰角=-0.02度
10:08:23.178760 [轨迹] 序号=2696 单调时间=4917.958701 时间=4917.959 模式=OFFBOARD 起飞状态=未执行起飞 水平控制=位置保持 类型掩码=3520 实际位置NED=(0.046,1.643,-0.244) 实际速度=(-0.000,-0.000,0.000) 最终目标=(0.056,1.599,-0.245) 指令位置=(0.056,1.599,nan) 指令速度=(0.000,0.000,0.000) 指令加速度=(0.000,0.000,nan) 滚转角=0.05度 俯仰角=-0.02度
10:08:23.281918 [轨迹] 序号=2697 单调时间=4918.061882 时间=4918.062 模式=OFFBOARD 起飞状态=未执行起飞 水平控制=位置保持 类型掩码=3520 实际位置NED=(0.046,1.643,-0.244) 实际速度=(-0.000,-0.000,0.000) 最终目标=(0.056,1.599,-0.245) 指令位置=(0.056,1.599,nan) 指令速度=(0.000,0.000,0.000) 指令加速度=(0.000,0.000,nan) 滚转角=0.05度 俯仰角=-0.02度
10:08:23.385298 [轨迹] 序号=2698 单调时间=4918.165228 时间=4918.165 模式=OFFBOARD 起飞状态=未执行起飞 水平控制=位置保持 类型掩码=3520 实际位置NED=(0.046,1.643,-0.244) 实际速度=(-0.000,-0.000,0.000) 最终目标=(0.056,1.599,-0.245) 指令位置=(0.056,1.599,nan) 指令速度=(0.000,0.000,0.000) 指令加速度=(0.000,0.000,nan) 滚转角=0.05度 俯仰角=-0.02度
10:08:23.489613 [轨迹] 序号=2699 单调时间=4918.269401 时间=4918.269 模式=OFFBOARD 起飞状态=未执行起飞 水平控制=位置保持 类型掩码=3520 实际位置NED=(0.046,1.643,-0.244) 实际速度=(-0.000,-0.000,0.000) 最终目标=(0.056,1.599,-0.245) 指令位置=(0.056,1.599,nan) 指令速度=(0.000,0.000,0.000) 指令加速度=(0.000,0.000,nan) 滚转角=0.05度 俯仰角=-0.02度
10:08:23.593006 [轨迹] 序号=2700 单调时间=4918.372810 时间=4918.373 模式=OFFBOARD 起飞状态=未执行起飞 水平控制=位置保持 类型掩码=3520 实际位置NED=(0.046,1.643,-0.244) 实际速度=(-0.000,-0.000,0.000) 最终目标=(0.056,1.599,-0.245) 指令位置=(0.056,1.599,nan) 指令速度=(0.000,0.000,0.000) 指令加速度=(0.000,0.000,nan) 滚转角=0.05度 俯仰角=-0.02度
10:08:23.696173 [轨迹] 序号=2701 单调时间=4918.476086 时间=4918.476 模式=OFFBOARD 起飞状态=未执行起飞 水平控制=位置保持 类型掩码=3520 实际位置NED=(0.046,1.643,-0.244) 实际速度=(-0.000,-0.000,0.000) 最终目标=(0.056,1.599,-0.245) 指令位置=(0.056,1.599,nan) 指令速度=(0.000,0.000,0.000) 指令加速度=(0.000,0.000,nan) 滚转角=0.05度 俯仰角=-0.02度
10:08:23.799899 [轨迹] 序号=2702 单调时间=4918.579789 时间=4918.580 模式=OFFBOARD 起飞状态=未执行起飞 水平控制=位置保持 类型掩码=3520 实际位置NED=(0.046,1.643,-0.244) 实际速度=(-0.000,-0.000,0.000) 最终目标=(0.056,1.599,-0.245) 指令位置=(0.056,1.599,nan) 指令速度=(0.000,0.000,0.000) 指令加速度=(0.000,0.000,nan) 滚转角=0.05度 俯仰角=-0.02度
10:08:23.903849 [轨迹] 序号=2703 单调时间=4918.683732 时间=4918.684 模式=OFFBOARD 起飞状态=未执行起飞 水平控制=位置保持 类型掩码=3520 实际位置NED=(0.046,1.643,-0.244) 实际速度=(-0.000,-0.000,0.000) 最终目标=(0.056,1.599,-0.245) 指令位置=(0.056,1.599,nan) 指令速度=(0.000,0.000,0.000) 指令加速度=(0.000,0.000,nan) 滚转角=0.05度 俯仰角=-0.02度
10:08:24.007054 [轨迹] 序号=2704 单调时间=4918.786988 时间=4918.787 模式=OFFBOARD 起飞状态=未执行起飞 水平控制=位置保持 类型掩码=3520 实际位置NED=(0.046,1.643,-0.244) 实际速度=(-0.000,-0.000,-0.000) 最终目标=(0.056,1.599,-0.245) 指令位置=(0.056,1.599,nan) 指令速度=(0.000,0.000,0.000) 指令加速度=(0.000,0.000,nan) 滚转角=0.05度 俯仰角=-0.02度
10:08:24.113291 [轨迹] 序号=2705 单调时间=4918.893111 时间=4918.893 模式=OFFBOARD 起飞状态=未执行起飞 水平控制=位置保持 类型掩码=3520 实际位置NED=(0.046,1.643,-0.245) 实际速度=(-0.000,-0.000,0.000) 最终目标=(0.056,1.599,-0.245) 指令位置=(0.056,1.599,nan) 指令速度=(0.000,0.000,0.000) 指令加速度=(0.000,0.000,nan) 滚转角=0.05度 俯仰角=-0.02度
10:08:24.213556 [轨迹] 序号=2706 单调时间=4918.993588 时间=4918.994 模式=OFFBOARD 起飞状态=未执行起飞 水平控制=位置保持 类型掩码=3520 实际位置NED=(0.046,1.643,-0.245) 实际速度=(-0.000,0.000,0.000) 最终目标=(0.056,1.599,-0.245) 指令位置=(0.056,1.599,nan) 指令速度=(0.000,0.000,0.000) 指令加速度=(0.000,0.000,nan) 滚转角=0.05度 俯仰角=-0.02度
10:08:24.317127 [轨迹] 序号=2707 单调时间=4919.097057 时间=4919.097 模式=OFFBOARD 起飞状态=未执行起飞 水平控制=位置保持 类型掩码=3520 实际位置NED=(0.046,1.643,-0.245) 实际速度=(-0.000,-0.000,0.000) 最终目标=(0.056,1.599,-0.245) 指令位置=(0.056,1.599,nan) 指令速度=(0.000,0.000,0.000) 指令加速度=(0.000,0.000,nan) 滚转角=0.05度 俯仰角=-0.02度
10:08:24.420371 [轨迹] 序号=2708 单调时间=4919.200369 时间=4919.200 模式=OFFBOARD 起飞状态=未执行起飞 水平控制=位置保持 类型掩码=3520 实际位置NED=(0.046,1.643,-0.245) 实际速度=(-0.000,-0.000,0.000) 最终目标=(0.056,1.599,-0.245) 指令位置=(0.056,1.599,nan) 指令速度=(0.000,0.000,0.000) 指令加速度=(0.000,0.000,nan) 滚转角=0.05度 俯仰角=-0.02度
10:08:24.523801 [轨迹] 序号=2709 单调时间=4919.303687 时间=4919.304 模式=OFFBOARD 起飞状态=未执行起飞 水平控制=位置保持 类型掩码=3520 实际位置NED=(0.047,1.643,-0.245) 实际速度=(0.000,-0.000,0.000) 最终目标=(0.056,1.599,-0.245) 指令位置=(0.056,1.599,nan) 指令速度=(0.000,0.000,0.000) 指令加速度=(0.000,0.000,nan) 滚转角=0.05度 俯仰角=-0.02度
10:08:24.627778 [轨迹] 序号=2710 单调时间=4919.407641 时间=4919.408 模式=OFFBOARD 起飞状态=未执行起飞 水平控制=位置保持 类型掩码=3520 实际位置NED=(0.047,1.643,-0.245) 实际速度=(0.000,-0.000,0.000) 最终目标=(0.056,1.599,-0.245) 指令位置=(0.056,1.599,nan) 指令速度=(0.000,0.000,0.000) 指令加速度=(0.000,0.000,nan) 滚转角=0.05度 俯仰角=-0.02度
10:08:24.727787 [轨迹] 序号=2711 单调时间=4919.507652 时间=4919.508 模式=OFFBOARD 起飞状态=未执行起飞 水平控制=位置保持 类型掩码=3520 实际位置NED=(0.047,1.643,-0.245) 实际速度=(0.000,-0.000,0.000) 最终目标=(0.056,1.599,-0.245) 指令位置=(0.056,1.599,nan) 指令速度=(0.000,0.000,0.000) 指令加速度=(0.000,0.000,nan) 滚转角=0.05度 俯仰角=-0.02度
10:08:24.830755 [轨迹] 序号=2712 单调时间=4919.610844 时间=4919.611 模式=OFFBOARD 起飞状态=未执行起飞 水平控制=位置保持 类型掩码=3520 实际位置NED=(0.047,1.643,-0.245) 实际速度=(-0.000,-0.000,0.000) 最终目标=(0.056,1.599,-0.245) 指令位置=(0.056,1.599,nan) 指令速度=(0.000,0.000,0.000) 指令加速度=(0.000,0.000,nan) 滚转角=0.05度 俯仰角=-0.02度
10:08:24.934827 [轨迹] 序号=2713 单调时间=4919.714630 时间=4919.715 模式=OFFBOARD 起飞状态=未执行起飞 水平控制=位置保持 类型掩码=3520 实际位置NED=(0.047,1.643,-0.245) 实际速度=(-0.000,0.000,0.000) 最终目标=(0.056,1.599,-0.245) 指令位置=(0.056,1.599,nan) 指令速度=(0.000,0.000,0.000) 指令加速度=(0.000,0.000,nan) 滚转角=0.05度 俯仰角=-0.02度
10:08:25.038582 [轨迹] 序号=2714 单调时间=4919.818392 时间=4919.818 模式=OFFBOARD 起飞状态=未执行起飞 水平控制=位置保持 类型掩码=3520 实际位置NED=(0.047,1.643,-0.245) 实际速度=(-0.000,0.000,0.000) 最终目标=(0.056,1.599,-0.245) 指令位置=(0.056,1.599,nan) 指令速度=(0.000,0.000,0.000) 指令加速度=(0.000,0.000,nan) 滚转角=0.05度 俯仰角=-0.02度
10:08:25.142499 [轨迹] 序号=2715 单调时间=4919.922346 时间=4919.922 模式=OFFBOARD 起飞状态=未执行起飞 水平控制=位置保持 类型掩码=3520 实际位置NED=(0.047,1.643,-0.244) 实际速度=(-0.001,0.000,0.000) 最终目标=(0.056,1.599,-0.245) 指令位置=(0.056,1.599,nan) 指令速度=(0.000,0.000,0.000) 指令加速度=(0.000,0.000,nan) 滚转角=0.05度 俯仰角=-0.02度
10:08:25.242531 [轨迹] 序号=2716 单调时间=4920.022454 时间=4920.022 模式=OFFBOARD 起飞状态=未执行起飞 水平控制=位置保持 类型掩码=3520 实际位置NED=(0.047,1.643,-0.244) 实际速度=(-0.001,0.000,0.001) 最终目标=(0.056,1.599,-0.245) 指令位置=(0.056,1.599,nan) 指令速度=(0.000,0.000,0.000) 指令加速度=(0.000,0.000,nan) 滚转角=0.05度 俯仰角=-0.02度
10:08:25.345743 [轨迹] 序号=2717 单调时间=4920.125732 时间=4920.126 模式=OFFBOARD 起飞状态=未执行起飞 水平控制=位置保持 类型掩码=3520 实际位置NED=(0.047,1.643,-0.244) 实际速度=(-0.001,0.000,0.001) 最终目标=(0.056,1.599,-0.245) 指令位置=(0.056,1.599,nan) 指令速度=(0.000,0.000,0.000) 指令加速度=(0.000,0.000,nan) 滚转角=0.05度 俯仰角=-0.02度
10:08:25.448976 [轨迹] 序号=2718 单调时间=4920.228999 时间=4920.229 模式=OFFBOARD 起飞状态=未执行起飞 水平控制=位置保持 类型掩码=3520 实际位置NED=(0.047,1.643,-0.244) 实际速度=(-0.001,0.000,0.000) 最终目标=(0.056,1.599,-0.245) 指令位置=(0.056,1.599,nan) 指令速度=(0.000,0.000,0.000) 指令加速度=(0.000,0.000,nan) 滚转角=0.05度 俯仰角=-0.02度
10:08:25.552214 [轨迹] 序号=2719 单调时间=4920.332188 时间=4920.332 模式=OFFBOARD 起飞状态=未执行起飞 水平控制=位置保持 类型掩码=3520 实际位置NED=(0.047,1.643,-0.244) 实际速度=(-0.001,0.000,0.000) 最终目标=(0.056,1.599,-0.245) 指令位置=(0.056,1.599,nan) 指令速度=(0.000,0.000,0.000) 指令加速度=(0.000,0.000,nan) 滚转角=0.05度 俯仰角=-0.02度
10:08:25.655477 [轨迹] 序号=2720 单调时间=4920.435369 时间=4920.435 模式=OFFBOARD 起飞状态=未执行起飞 水平控制=位置保持 类型掩码=3520 实际位置NED=(0.047,1.643,-0.244) 实际速度=(-0.001,0.000,0.000) 最终目标=(0.056,1.599,-0.245) 指令位置=(0.056,1.599,nan) 指令速度=(0.000,0.000,0.000) 指令加速度=(0.000,0.000,nan) 滚转角=0.05度 俯仰角=-0.02度
10:08:25.758812 [轨迹] 序号=2721 单调时间=4920.538781 时间=4920.539 模式=OFFBOARD 起飞状态=未执行起飞 水平控制=位置保持 类型掩码=3520 实际位置NED=(0.047,1.643,-0.244) 实际速度=(-0.000,0.000,0.000) 最终目标=(0.056,1.599,-0.245) 指令位置=(0.056,1.599,nan) 指令速度=(0.000,0.000,0.000) 指令加速度=(0.000,0.000,nan) 滚转角=0.05度 俯仰角=-0.02度
10:08:25.862171 [轨迹] 序号=2722 单调时间=4920.642143 时间=4920.642 模式=OFFBOARD 起飞状态=未执行起飞 水平控制=位置保持 类型掩码=3520 实际位置NED=(0.047,1.643,-0.244) 实际速度=(-0.000,0.000,0.000) 最终目标=(0.056,1.599,-0.245) 指令位置=(0.056,1.599,nan) 指令速度=(0.000,0.000,0.000) 指令加速度=(0.000,0.000,nan) 滚转角=0.05度 俯仰角=-0.02度
10:08:25.966001 [轨迹] 序号=2723 单调时间=4920.745787 时间=4920.746 模式=OFFBOARD 起飞状态=未执行起飞 水平控制=位置保持 类型掩码=3520 实际位置NED=(0.047,1.643,-0.244) 实际速度=(-0.000,0.000,0.000) 最终目标=(0.056,1.599,-0.245) 指令位置=(0.056,1.599,nan) 指令速度=(0.000,0.000,0.000) 指令加速度=(0.000,0.000,nan) 滚转角=0.05度 俯仰角=-0.02度
10:08:26.070663 [轨迹] 序号=2724 单调时间=4920.850464 时间=4920.850 模式=OFFBOARD 起飞状态=未执行起飞 水平控制=位置保持 类型掩码=3520 实际位置NED=(0.047,1.643,-0.244) 实际速度=(-0.000,0.000,0.000) 最终目标=(0.056,1.599,-0.245) 指令位置=(0.056,1.599,nan) 指令速度=(0.000,0.000,0.000) 指令加速度=(0.000,0.000,nan) 滚转角=0.05度 俯仰角=-0.02度
10:08:26.174830 [轨迹] 序号=2725 单调时间=4920.954654 时间=4920.955 模式=OFFBOARD 起飞状态=未执行起飞 水平控制=位置保持 类型掩码=3520 实际位置NED=(0.047,1.643,-0.244) 实际速度=(-0.000,0.000,0.000) 最终目标=(0.056,1.599,-0.245) 指令位置=(0.056,1.599,nan) 指令速度=(0.000,0.000,0.000) 指令加速度=(0.000,0.000,nan) 滚转角=0.05度 俯仰角=-0.02度
10:08:26.278816 [轨迹] 序号=2726 单调时间=4921.058550 时间=4921.059 模式=OFFBOARD 起飞状态=未执行起飞 水平控制=位置保持 类型掩码=3520 实际位置NED=(0.047,1.643,-0.244) 实际速度=(-0.000,0.000,0.000) 最终目标=(0.056,1.599,-0.245) 指令位置=(0.056,1.599,nan) 指令速度=(0.000,0.000,0.000) 指令加速度=(0.000,0.000,nan) 滚转角=0.05度 俯仰角=-0.02度
10:08:26.382839 [轨迹] 序号=2727 单调时间=4921.162731 时间=4921.163 模式=OFFBOARD 起飞状态=未执行起飞 水平控制=位置保持 类型掩码=3520 实际位置NED=(0.047,1.643,-0.244) 实际速度=(-0.000,0.000,0.000) 最终目标=(0.056,1.599,-0.245) 指令位置=(0.056,1.599,nan) 指令速度=(0.000,0.000,0.000) 指令加速度=(0.000,0.000,nan) 滚转角=0.05度 俯仰角=-0.02度
10:08:26.486248 [轨迹] 序号=2728 单调时间=4921.266214 时间=4921.266 模式=OFFBOARD 起飞状态=未执行起飞 水平控制=位置保持 类型掩码=3520 实际位置NED=(0.047,1.643,-0.244) 实际速度=(-0.000,0.000,0.000) 最终目标=(0.056,1.599,-0.245) 指令位置=(0.056,1.599,nan) 指令速度=(0.000,0.000,0.000) 指令加速度=(0.000,0.000,nan) 滚转角=0.05度 俯仰角=-0.02度
10:08:26.589954 [轨迹] 序号=2729 单调时间=4921.369703 时间=4921.370 模式=OFFBOARD 起飞状态=未执行起飞 水平控制=位置保持 类型掩码=3520 实际位置NED=(0.047,1.643,-0.244) 实际速度=(-0.000,0.000,0.000) 最终目标=(0.056,1.599,-0.245) 指令位置=(0.056,1.599,nan) 指令速度=(0.000,0.000,0.000) 指令加速度=(0.000,0.000,nan) 滚转角=0.05度 俯仰角=-0.02度
10:08:26.693952 [轨迹] 序号=2730 单调时间=4921.473649 时间=4921.474 模式=OFFBOARD 起飞状态=未执行起飞 水平控制=位置保持 类型掩码=3520 实际位置NED=(0.047,1.643,-0.244) 实际速度=(-0.000,0.000,0.000) 最终目标=(0.056,1.599,-0.245) 指令位置=(0.056,1.599,nan) 指令速度=(0.000,0.000,0.000) 指令加速度=(0.000,0.000,nan) 滚转角=0.05度 俯仰角=-0.02度
10:08:26.801005 [轨迹] 序号=2731 单调时间=4921.578042 时间=4921.578 模式=OFFBOARD 起飞状态=未执行起飞 水平控制=位置保持 类型掩码=3520 实际位置NED=(0.047,1.643,-0.244) 实际速度=(-0.000,0.000,0.000) 最终目标=(0.056,1.599,-0.245) 指令位置=(0.056,1.599,nan) 指令速度=(0.000,0.000,0.000) 指令加速度=(0.000,0.000,nan) 滚转角=0.05度 俯仰角=-0.02度
10:08:26.900225 [轨迹] 序号=2732 单调时间=4921.680212 时间=4921.680 模式=OFFBOARD 起飞状态=未执行起飞 水平控制=位置保持 类型掩码=3520 实际位置NED=(0.047,1.643,-0.244) 实际速度=(-0.000,0.000,0.000) 最终目标=(0.056,1.599,-0.245) 指令位置=(0.056,1.599,nan) 指令速度=(0.000,0.000,0.000) 指令加速度=(0.000,0.000,nan) 滚转角=0.05度 俯仰角=-0.02度
10:08:27.003644 [轨迹] 序号=2733 单调时间=4921.783558 时间=4921.784 模式=OFFBOARD 起飞状态=未执行起飞 水平控制=位置保持 类型掩码=3520 实际位置NED=(0.047,1.643,-0.244) 实际速度=(-0.000,0.000,0.000) 最终目标=(0.056,1.599,-0.245) 指令位置=(0.056,1.599,nan) 指令速度=(0.000,0.000,0.000) 指令加速度=(0.000,0.000,nan) 滚转角=0.05度 俯仰角=-0.02度
10:08:27.107204 [轨迹] 序号=2734 单调时间=4921.887099 时间=4921.887 模式=OFFBOARD 起飞状态=未执行起飞 水平控制=位置保持 类型掩码=3520 实际位置NED=(0.047,1.643,-0.244) 实际速度=(-0.000,0.000,0.000) 最终目标=(0.056,1.599,-0.245) 指令位置=(0.056,1.599,nan) 指令速度=(0.000,0.000,0.000) 指令加速度=(0.000,0.000,nan) 滚转角=0.05度 俯仰角=-0.02度
10:08:27.210787 [轨迹] 序号=2735 单调时间=4921.990686 时间=4921.991 模式=OFFBOARD 起飞状态=未执行起飞 水平控制=位置保持 类型掩码=3520 实际位置NED=(0.047,1.643,-0.244) 实际速度=(-0.000,0.000,0.000) 最终目标=(0.056,1.599,-0.245) 指令位置=(0.056,1.599,nan) 指令速度=(0.000,0.000,0.000) 指令加速度=(0.000,0.000,nan) 滚转角=0.05度 俯仰角=-0.02度
10:08:27.314280 [轨迹] 序号=2736 单调时间=4922.094151 时间=4922.094 模式=OFFBOARD 起飞状态=未执行起飞 水平控制=位置保持 类型掩码=3520 实际位置NED=(0.047,1.643,-0.244) 实际速度=(-0.000,0.000,0.000) 最终目标=(0.056,1.599,-0.245) 指令位置=(0.056,1.599,nan) 指令速度=(0.000,0.000,0.000) 指令加速度=(0.000,0.000,nan) 滚转角=0.05度 俯仰角=-0.02度
10:08:27.417696 [轨迹] 序号=2737 单调时间=4922.197586 时间=4922.198 模式=OFFBOARD 起飞状态=未执行起飞 水平控制=位置保持 类型掩码=3520 实际位置NED=(0.047,1.643,-0.244) 实际速度=(-0.000,0.000,0.000) 最终目标=(0.056,1.599,-0.245) 指令位置=(0.056,1.599,nan) 指令速度=(0.000,0.000,0.000) 指令加速度=(0.000,0.000,nan) 滚转角=0.05度 俯仰角=-0.02度
10:08:27.520677 [轨迹] 序号=2738 单调时间=4922.300585 时间=4922.301 模式=OFFBOARD 起飞状态=未执行起飞 水平控制=位置保持 类型掩码=3520 实际位置NED=(0.047,1.643,-0.244) 实际速度=(-0.000,0.000,0.000) 最终目标=(0.056,1.599,-0.245) 指令位置=(0.056,1.599,nan) 指令速度=(0.000,0.000,0.000) 指令加速度=(0.000,0.000,nan) 滚转角=0.05度 俯仰角=-0.02度
10:08:27.624344 [轨迹] 序号=2739 单调时间=4922.404195 时间=4922.404 模式=OFFBOARD 起飞状态=未执行起飞 水平控制=位置保持 类型掩码=3520 实际位置NED=(0.047,1.643,-0.244) 实际速度=(-0.000,0.000,0.000) 最终目标=(0.056,1.599,-0.245) 指令位置=(0.056,1.599,nan) 指令速度=(0.000,0.000,0.000) 指令加速度=(0.000,0.000,nan) 滚转角=0.05度 俯仰角=-0.02度
10:08:27.727397 [轨迹] 序号=2740 单调时间=4922.507217 时间=4922.507 模式=OFFBOARD 起飞状态=未执行起飞 水平控制=位置保持 类型掩码=3520 实际位置NED=(0.047,1.643,-0.244) 实际速度=(-0.000,0.000,0.000) 最终目标=(0.056,1.599,-0.245) 指令位置=(0.056,1.599,nan) 指令速度=(0.000,0.000,0.000) 指令加速度=(0.000,0.000,nan) 滚转角=0.05度 俯仰角=-0.02度
10:08:27.830780 [轨迹] 序号=2741 单调时间=4922.610779 时间=4922.611 模式=OFFBOARD 起飞状态=未执行起飞 水平控制=位置保持 类型掩码=3520 实际位置NED=(0.047,1.643,-0.244) 实际速度=(-0.000,0.000,0.000) 最终目标=(0.056,1.599,-0.245) 指令位置=(0.056,1.599,nan) 指令速度=(0.000,0.000,0.000) 指令加速度=(0.000,0.000,nan) 滚转角=0.05度 俯仰角=-0.02度
10:08:27 [信息] PX4 UDP连接已断开
10:08:28 [信息] V3上位机已关闭
